section,dataset,model,condition,endpoint,scope,seed,value_pp
main_pgd,thubenchmark,eegnet,madry,PGD,full_test,42,77.52808988764045
main_pgd,thubenchmark,eegnet,madry,PGD,full_test,43,80.0
main_pgd,thubenchmark,eegnet,madry,PGD,full_test,44,78.33333333333333
main_pgd,thubenchmark,eegnet,madry,PGD,full_test,45,78.45238095238095
main_pgd,thubenchmark,eegnet,madry,PGD,full_test,46,78.92857142857143
main_pgd,thubenchmark,eegnet,trades,PGD,full_test,42,67.79026217228464
main_pgd,thubenchmark,eegnet,trades,PGD,full_test,43,66.66666666666666
main_pgd,thubenchmark,eegnet,trades,PGD,full_test,44,66.30952380952381
main_pgd,thubenchmark,eegnet,trades,PGD,full_test,45,67.26190476190477
main_pgd,thubenchmark,eegnet,trades,PGD,full_test,46,67.14285714285714
main_pgd,thubenchmark,eegnet,fbf,PGD,full_test,42,55.93008739076155
main_pgd,thubenchmark,eegnet,fbf,PGD,full_test,43,56.904761904761905
main_pgd,thubenchmark,eegnet,fbf,PGD,full_test,44,53.095238095238095
main_pgd,thubenchmark,eegnet,fbf,PGD,full_test,45,57.97619047619048
main_pgd,thubenchmark,eegnet,fbf,PGD,full_test,46,58.214285714285715
main_pgd,thubenchmark,eegnet,ea_forward,PGD,full_test,42,30.087390761548065
main_pgd,thubenchmark,eegnet,ea_forward,PGD,full_test,43,31.547619047619047
main_pgd,thubenchmark,eegnet,ea_forward,PGD,full_test,44,29.761904761904763
main_pgd,thubenchmark,eegnet,ea_forward,PGD,full_test,45,32.976190476190474
main_pgd,thubenchmark,eegnet,ea_forward,PGD,full_test,46,30.0
main_pgd,thubenchmark,eegnet,RPCF+TNP-r25,PGD,subset_n512,42,83.203125
main_pgd,thubenchmark,eegnet,RPCF+TNP-r25,PGD,subset_n512,43,82.2265625
main_pgd,thubenchmark,eegnet,RPCF+TNP-r25,PGD,subset_n512,44,80.6640625
main_pgd,thubenchmark,eegnet,RPCF+TNP-r25,PGD,subset_n512,45,80.859375
main_pgd,thubenchmark,eegnet,RPCF+TNP-r25,PGD,subset_n512,46,82.8125
main_pgd,thubenchmark,eegnet,RPCF+TNP-r30,PGD,subset_n512,42,81.640625
main_pgd,thubenchmark,eegnet,RPCF+TNP-r30,PGD,subset_n512,43,82.6171875
main_pgd,thubenchmark,eegnet,RPCF+TNP-r30,PGD,subset_n512,44,80.46875
main_pgd,thubenchmark,eegnet,RPCF+TNP-r30,PGD,subset_n512,45,80.078125
main_pgd,thubenchmark,eegnet,RPCF+TNP-r30,PGD,subset_n512,46,82.2265625
main_pgd,thubenchmark,deepconvnet,madry,PGD,full_test,42,76.2796504369538
main_pgd,thubenchmark,deepconvnet,madry,PGD,full_test,43,76.54761904761904
main_pgd,thubenchmark,deepconvnet,madry,PGD,full_test,44,74.16666666666667
main_pgd,thubenchmark,deepconvnet,madry,PGD,full_test,45,75.47619047619048
main_pgd,thubenchmark,deepconvnet,madry,PGD,full_test,46,78.57142857142857
main_pgd,thubenchmark,deepconvnet,trades,PGD,full_test,42,70.91136079900124
main_pgd,thubenchmark,deepconvnet,trades,PGD,full_test,43,61.78571428571429
main_pgd,thubenchmark,deepconvnet,trades,PGD,full_test,44,66.19047619047619
main_pgd,thubenchmark,deepconvnet,trades,PGD,full_test,45,67.38095238095238
main_pgd,thubenchmark,deepconvnet,trades,PGD,full_test,46,66.30952380952381
main_pgd,thubenchmark,deepconvnet,fbf,PGD,full_test,42,52.68414481897628
main_pgd,thubenchmark,deepconvnet,fbf,PGD,full_test,43,51.3095238095238
main_pgd,thubenchmark,deepconvnet,fbf,PGD,full_test,44,59.285714285714285
main_pgd,thubenchmark,deepconvnet,fbf,PGD,full_test,45,56.19047619047619
main_pgd,thubenchmark,deepconvnet,fbf,PGD,full_test,46,57.61904761904761
main_pgd,thubenchmark,deepconvnet,ea_forward,PGD,full_test,42,8.614232209737828
main_pgd,thubenchmark,deepconvnet,ea_forward,PGD,full_test,43,7.6190476190476195
main_pgd,thubenchmark,deepconvnet,ea_forward,PGD,full_test,44,7.6190476190476195
main_pgd,thubenchmark,deepconvnet,ea_forward,PGD,full_test,45,7.976190476190475
main_pgd,thubenchmark,deepconvnet,ea_forward,PGD,full_test,46,7.6190476190476195
main_pgd,thubenchmark,deepconvnet,RPCF+TNP-r25,PGD,subset_n512,42,79.4921875
main_pgd,thubenchmark,deepconvnet,RPCF+TNP-r25,PGD,subset_n512,43,78.515625
main_pgd,thubenchmark,deepconvnet,RPCF+TNP-r25,PGD,subset_n512,44,79.296875
main_pgd,thubenchmark,deepconvnet,RPCF+TNP-r25,PGD,subset_n512,45,76.171875
main_pgd,thubenchmark,deepconvnet,RPCF+TNP-r25,PGD,subset_n512,46,80.078125
main_pgd,thubenchmark,deepconvnet,RPCF+TNP-r30,PGD,subset_n512,42,78.3203125
main_pgd,thubenchmark,deepconvnet,RPCF+TNP-r30,PGD,subset_n512,43,78.7109375
main_pgd,thubenchmark,deepconvnet,RPCF+TNP-r30,PGD,subset_n512,44,78.7109375
main_pgd,thubenchmark,deepconvnet,RPCF+TNP-r30,PGD,subset_n512,45,76.171875
main_pgd,thubenchmark,deepconvnet,RPCF+TNP-r30,PGD,subset_n512,46,79.1015625
main_pgd,thubenchmark,tsception,madry,PGD,full_test,42,41.8227215980025
main_pgd,thubenchmark,tsception,madry,PGD,full_test,43,40.0
main_pgd,thubenchmark,tsception,madry,PGD,full_test,44,38.095238095238095
main_pgd,thubenchmark,tsception,madry,PGD,full_test,45,44.52380952380952
main_pgd,thubenchmark,tsception,madry,PGD,full_test,46,37.5
main_pgd,thubenchmark,tsception,trades,PGD,full_test,42,7.240948813982522
main_pgd,thubenchmark,tsception,trades,PGD,full_test,43,10.476190476190476
main_pgd,thubenchmark,tsception,trades,PGD,full_test,44,8.452380952380953
main_pgd,thubenchmark,tsception,trades,PGD,full_test,45,11.190476190476192
main_pgd,thubenchmark,tsception,trades,PGD,full_test,46,11.071428571428571
main_pgd,thubenchmark,tsception,fbf,PGD,full_test,42,2.746566791510612
main_pgd,thubenchmark,tsception,fbf,PGD,full_test,43,7.380952380952381
main_pgd,thubenchmark,tsception,fbf,PGD,full_test,44,7.5
main_pgd,thubenchmark,tsception,fbf,PGD,full_test,45,5.714285714285714
main_pgd,thubenchmark,tsception,fbf,PGD,full_test,46,5.0
main_pgd,thubenchmark,tsception,ea_forward,PGD,full_test,42,1.6229712858926344
main_pgd,thubenchmark,tsception,ea_forward,PGD,full_test,43,1.5476190476190477
main_pgd,thubenchmark,tsception,ea_forward,PGD,full_test,44,2.142857142857143
main_pgd,thubenchmark,tsception,ea_forward,PGD,full_test,45,1.6666666666666667
main_pgd,thubenchmark,tsception,ea_forward,PGD,full_test,46,1.7857142857142856
main_pgd,thubenchmark,tsception,RPCF+TNP-r25,PGD,subset_n512,42,45.8984375
main_pgd,thubenchmark,tsception,RPCF+TNP-r25,PGD,subset_n512,43,46.875
main_pgd,thubenchmark,tsception,RPCF+TNP-r25,PGD,subset_n512,44,44.53125
main_pgd,thubenchmark,tsception,RPCF+TNP-r25,PGD,subset_n512,45,47.4609375
main_pgd,thubenchmark,tsception,RPCF+TNP-r25,PGD,subset_n512,46,47.0703125
main_pgd,thubenchmark,tsception,RPCF+TNP-r30,PGD,subset_n512,42,45.703125
main_pgd,thubenchmark,tsception,RPCF+TNP-r30,PGD,subset_n512,43,45.1171875
main_pgd,thubenchmark,tsception,RPCF+TNP-r30,PGD,subset_n512,44,43.75
main_pgd,thubenchmark,tsception,RPCF+TNP-r30,PGD,subset_n512,45,45.1171875
main_pgd,thubenchmark,tsception,RPCF+TNP-r30,PGD,subset_n512,46,45.8984375
main_pgd,thubenchmark,atcnet,madry,PGD,full_test,42,88.26466916354558
main_pgd,thubenchmark,atcnet,madry,PGD,full_test,43,85.11904761904762
main_pgd,thubenchmark,atcnet,madry,PGD,full_test,44,84.64285714285714
main_pgd,thubenchmark,atcnet,madry,PGD,full_test,45,85.71428571428571
main_pgd,thubenchmark,atcnet,madry,PGD,full_test,46,86.90476190476191
main_pgd,thubenchmark,atcnet,trades,PGD,full_test,42,81.64794007490637
main_pgd,thubenchmark,atcnet,trades,PGD,full_test,43,77.97619047619048
main_pgd,thubenchmark,atcnet,trades,PGD,full_test,44,80.71428571428572
main_pgd,thubenchmark,atcnet,trades,PGD,full_test,45,77.02380952380953
main_pgd,thubenchmark,atcnet,trades,PGD,full_test,46,76.66666666666667
main_pgd,thubenchmark,atcnet,fbf,PGD,full_test,42,72.65917602996255
main_pgd,thubenchmark,atcnet,fbf,PGD,full_test,43,68.57142857142857
main_pgd,thubenchmark,atcnet,fbf,PGD,full_test,44,69.64285714285714
main_pgd,thubenchmark,atcnet,fbf,PGD,full_test,45,70.23809523809523
main_pgd,thubenchmark,atcnet,fbf,PGD,full_test,46,70.5952380952381
main_pgd,thubenchmark,atcnet,ea_forward,PGD,full_test,42,28.714107365792756
main_pgd,thubenchmark,atcnet,ea_forward,PGD,full_test,43,27.26190476190476
main_pgd,thubenchmark,atcnet,ea_forward,PGD,full_test,44,27.857142857142858
main_pgd,thubenchmark,atcnet,ea_forward,PGD,full_test,45,0.0
main_pgd,thubenchmark,atcnet,ea_forward,PGD,full_test,46,29.28571428571429
main_pgd,thubenchmark,atcnet,RPCF+TNP-r25,PGD,subset_n512,42,85.7421875
main_pgd,thubenchmark,atcnet,RPCF+TNP-r25,PGD,subset_n512,43,84.765625
main_pgd,thubenchmark,atcnet,RPCF+TNP-r25,PGD,subset_n512,44,84.375
main_pgd,thubenchmark,atcnet,RPCF+TNP-r25,PGD,subset_n512,45,82.2265625
main_pgd,thubenchmark,atcnet,RPCF+TNP-r25,PGD,subset_n512,46,84.5703125
main_pgd,thubenchmark,atcnet,RPCF+TNP-r30,PGD,subset_n512,42,86.1328125
main_pgd,thubenchmark,atcnet,RPCF+TNP-r30,PGD,subset_n512,43,85.7421875
main_pgd,thubenchmark,atcnet,RPCF+TNP-r30,PGD,subset_n512,44,84.5703125
main_pgd,thubenchmark,atcnet,RPCF+TNP-r30,PGD,subset_n512,45,82.8125
main_pgd,thubenchmark,atcnet,RPCF+TNP-r30,PGD,subset_n512,46,84.5703125
main_pgd,thubenchmark,conformer,madry,PGD,full_test,42,75.15605493133583
main_pgd,thubenchmark,conformer,madry,PGD,full_test,43,76.90476190476191
main_pgd,thubenchmark,conformer,madry,PGD,full_test,44,73.69047619047619
main_pgd,thubenchmark,conformer,madry,PGD,full_test,45,77.26190476190476
main_pgd,thubenchmark,conformer,madry,PGD,full_test,46,75.0
main_pgd,thubenchmark,conformer,trades,PGD,full_test,42,41.19850187265918
main_pgd,thubenchmark,conformer,trades,PGD,full_test,43,57.97619047619048
main_pgd,thubenchmark,conformer,trades,PGD,full_test,44,55.952380952380956
main_pgd,thubenchmark,conformer,trades,PGD,full_test,45,67.38095238095238
main_pgd,thubenchmark,conformer,trades,PGD,full_test,46,65.5952380952381
main_pgd,thubenchmark,conformer,fbf,PGD,full_test,42,57.42821473158551
main_pgd,thubenchmark,conformer,fbf,PGD,full_test,43,65.11904761904762
main_pgd,thubenchmark,conformer,fbf,PGD,full_test,44,50.357142857142854
main_pgd,thubenchmark,conformer,fbf,PGD,full_test,45,51.3095238095238
main_pgd,thubenchmark,conformer,fbf,PGD,full_test,46,61.54761904761905
main_pgd,thubenchmark,conformer,ea_forward,PGD,full_test,42,14.981273408239701
main_pgd,thubenchmark,conformer,ea_forward,PGD,full_test,43,16.547619047619047
main_pgd,thubenchmark,conformer,ea_forward,PGD,full_test,44,2.0238095238095237
main_pgd,thubenchmark,conformer,ea_forward,PGD,full_test,45,0.4761904761904762
main_pgd,thubenchmark,conformer,ea_forward,PGD,full_test,46,17.976190476190474
main_pgd,thubenchmark,conformer,RPCF+TNP-r25,PGD,subset_n512,42,79.296875
main_pgd,thubenchmark,conformer,RPCF+TNP-r25,PGD,subset_n512,43,80.46875
main_pgd,thubenchmark,conformer,RPCF+TNP-r25,PGD,subset_n512,44,77.734375
main_pgd,thubenchmark,conformer,RPCF+TNP-r25,PGD,subset_n512,45,75.5859375
main_pgd,thubenchmark,conformer,RPCF+TNP-r25,PGD,subset_n512,46,79.1015625
main_pgd,thubenchmark,conformer,RPCF+TNP-r30,PGD,subset_n512,42,78.515625
main_pgd,thubenchmark,conformer,RPCF+TNP-r30,PGD,subset_n512,43,79.296875
main_pgd,thubenchmark,conformer,RPCF+TNP-r30,PGD,subset_n512,44,78.515625
main_pgd,thubenchmark,conformer,RPCF+TNP-r30,PGD,subset_n512,45,76.171875
main_pgd,thubenchmark,conformer,RPCF+TNP-r30,PGD,subset_n512,46,78.90625
main_pgd,thubenchmark,tcnet,madry,PGD,full_test,42,46.81647940074906
main_pgd,thubenchmark,tcnet,madry,PGD,full_test,43,52.61904761904762
main_pgd,thubenchmark,tcnet,madry,PGD,full_test,44,52.61904761904762
main_pgd,thubenchmark,tcnet,madry,PGD,full_test,45,46.42857142857143
main_pgd,thubenchmark,tcnet,madry,PGD,full_test,46,52.142857142857146
main_pgd,thubenchmark,tcnet,trades,PGD,full_test,42,21.5980024968789
main_pgd,thubenchmark,tcnet,trades,PGD,full_test,43,24.88095238095238
main_pgd,thubenchmark,tcnet,trades,PGD,full_test,44,23.095238095238095
main_pgd,thubenchmark,tcnet,trades,PGD,full_test,45,26.30952380952381
main_pgd,thubenchmark,tcnet,trades,PGD,full_test,46,27.857142857142858
main_pgd,thubenchmark,tcnet,fbf,PGD,full_test,42,22.47191011235955
main_pgd,thubenchmark,tcnet,fbf,PGD,full_test,43,27.500000000000004
main_pgd,thubenchmark,tcnet,fbf,PGD,full_test,44,22.5
main_pgd,thubenchmark,tcnet,fbf,PGD,full_test,45,24.047619047619047
main_pgd,thubenchmark,tcnet,fbf,PGD,full_test,46,24.047619047619047
main_pgd,thubenchmark,tcnet,ea_forward,PGD,full_test,42,0.0
main_pgd,thubenchmark,tcnet,ea_forward,PGD,full_test,43,0.0
main_pgd,thubenchmark,tcnet,ea_forward,PGD,full_test,44,0.0
main_pgd,thubenchmark,tcnet,ea_forward,PGD,full_test,45,0.0
main_pgd,thubenchmark,tcnet,ea_forward,PGD,full_test,46,0.0
main_pgd,thubenchmark,tcnet,RPCF+TNP-r25,PGD,subset_n512,42,58.7890625
main_pgd,thubenchmark,tcnet,RPCF+TNP-r25,PGD,subset_n512,43,63.28125
main_pgd,thubenchmark,tcnet,RPCF+TNP-r25,PGD,subset_n512,44,57.2265625
main_pgd,thubenchmark,tcnet,RPCF+TNP-r25,PGD,subset_n512,45,55.6640625
main_pgd,thubenchmark,tcnet,RPCF+TNP-r25,PGD,subset_n512,46,58.984375
main_pgd,thubenchmark,tcnet,RPCF+TNP-r30,PGD,subset_n512,42,58.984375
main_pgd,thubenchmark,tcnet,RPCF+TNP-r30,PGD,subset_n512,43,63.28125
main_pgd,thubenchmark,tcnet,RPCF+TNP-r30,PGD,subset_n512,44,56.640625
main_pgd,thubenchmark,tcnet,RPCF+TNP-r30,PGD,subset_n512,45,53.3203125
main_pgd,thubenchmark,tcnet,RPCF+TNP-r30,PGD,subset_n512,46,57.6171875
main_pgd,seediv,eegnet,madry,PGD,full_test,42,29.243027888446214
main_pgd,seediv,eegnet,madry,PGD,full_test,43,29.933598937583
main_pgd,seediv,eegnet,madry,PGD,full_test,44,23.213811420982736
main_pgd,seediv,eegnet,madry,PGD,full_test,45,26.13545816733068
main_pgd,seediv,eegnet,madry,PGD,full_test,46,21.40770252324037
main_pgd,seediv,eegnet,trades,PGD,full_test,42,2.0717131474103585
main_pgd,seediv,eegnet,trades,PGD,full_test,43,2.0185922974767596
main_pgd,seediv,eegnet,trades,PGD,full_test,44,1.7264276228419653
main_pgd,seediv,eegnet,trades,PGD,full_test,45,1.859229747675963
main_pgd,seediv,eegnet,trades,PGD,full_test,46,1.859229747675963
main_pgd,seediv,eegnet,fbf,PGD,full_test,42,11.367861885790173
main_pgd,seediv,eegnet,fbf,PGD,full_test,43,9.05710491367862
main_pgd,seediv,eegnet,fbf,PGD,full_test,44,9.588313413014609
main_pgd,seediv,eegnet,fbf,PGD,full_test,45,9.136786188579018
main_pgd,seediv,eegnet,fbf,PGD,full_test,46,10.650730411686588
main_pgd,seediv,eegnet,ea_forward,PGD,full_test,42,27.11819389110226
main_pgd,seediv,eegnet,ea_forward,PGD,full_test,43,15.086321381142099
main_pgd,seediv,eegnet,ea_forward,PGD,full_test,44,19.9734395750332
main_pgd,seediv,eegnet,ea_forward,PGD,full_test,45,25.763612217795483
main_pgd,seediv,eegnet,ea_forward,PGD,full_test,46,21.062416998671978
main_pgd,seediv,eegnet,RPCF+TNP-r25,PGD,subset_n512,42,28.7109375
main_pgd,seediv,eegnet,RPCF+TNP-r25,PGD,subset_n512,43,31.0546875
main_pgd,seediv,eegnet,RPCF+TNP-r25,PGD,subset_n512,44,27.5390625
main_pgd,seediv,eegnet,RPCF+TNP-r25,PGD,subset_n512,45,33.7890625
main_pgd,seediv,eegnet,RPCF+TNP-r25,PGD,subset_n512,46,30.2734375
main_pgd,seediv,eegnet,RPCF+TNP-r30,PGD,subset_n512,42,27.5390625
main_pgd,seediv,eegnet,RPCF+TNP-r30,PGD,subset_n512,43,30.859375
main_pgd,seediv,eegnet,RPCF+TNP-r30,PGD,subset_n512,44,26.3671875
main_pgd,seediv,eegnet,RPCF+TNP-r30,PGD,subset_n512,45,32.421875
main_pgd,seediv,eegnet,RPCF+TNP-r30,PGD,subset_n512,46,30.46875
main_pgd,seediv,deepconvnet,madry,PGD,full_test,42,23.08100929614874
main_pgd,seediv,deepconvnet,madry,PGD,full_test,43,23.53253652058433
main_pgd,seediv,deepconvnet,madry,PGD,full_test,44,21.221779548472774
main_pgd,seediv,deepconvnet,madry,PGD,full_test,45,24.276228419654714
main_pgd,seediv,deepconvnet,madry,PGD,full_test,46,24.54183266932271
main_pgd,seediv,deepconvnet,trades,PGD,full_test,42,0.9296148738379815
main_pgd,seediv,deepconvnet,trades,PGD,full_test,43,0.9296148738379815
main_pgd,seediv,deepconvnet,trades,PGD,full_test,44,0.5312084993359893
main_pgd,seediv,deepconvnet,trades,PGD,full_test,45,0.7702523240371846
main_pgd,seediv,deepconvnet,trades,PGD,full_test,46,1.0092961487383798
main_pgd,seediv,deepconvnet,fbf,PGD,full_test,42,4.276228419654714
main_pgd,seediv,deepconvnet,fbf,PGD,full_test,43,4.276228419654714
main_pgd,seediv,deepconvnet,fbf,PGD,full_test,44,3.0810092961487383
main_pgd,seediv,deepconvnet,fbf,PGD,full_test,45,5.551128818061089
main_pgd,seediv,deepconvnet,fbf,PGD,full_test,46,3.5856573705179287
main_pgd,seediv,deepconvnet,ea_forward,PGD,full_test,42,10.916334661354583
main_pgd,seediv,deepconvnet,ea_forward,PGD,full_test,43,12.855245683930944
main_pgd,seediv,deepconvnet,ea_forward,PGD,full_test,44,13.731739707835326
main_pgd,seediv,deepconvnet,ea_forward,PGD,full_test,45,14.369189907038512
main_pgd,seediv,deepconvnet,ea_forward,PGD,full_test,46,10.119521912350598
main_pgd,seediv,deepconvnet,RPCF+TNP-r25,PGD,subset_n512,42,22.0703125
main_pgd,seediv,deepconvnet,RPCF+TNP-r25,PGD,subset_n512,43,26.3671875
main_pgd,seediv,deepconvnet,RPCF+TNP-r25,PGD,subset_n512,44,23.828125
main_pgd,seediv,deepconvnet,RPCF+TNP-r25,PGD,subset_n512,45,25.78125
main_pgd,seediv,deepconvnet,RPCF+TNP-r25,PGD,subset_n512,46,25.78125
main_pgd,seediv,deepconvnet,RPCF+TNP-r30,PGD,subset_n512,42,22.8515625
main_pgd,seediv,deepconvnet,RPCF+TNP-r30,PGD,subset_n512,43,25.78125
main_pgd,seediv,deepconvnet,RPCF+TNP-r30,PGD,subset_n512,44,24.0234375
main_pgd,seediv,deepconvnet,RPCF+TNP-r30,PGD,subset_n512,45,25.5859375
main_pgd,seediv,deepconvnet,RPCF+TNP-r30,PGD,subset_n512,46,25.5859375
main_pgd,seediv,tsception,madry,PGD,full_test,42,33.75830013280213
main_pgd,seediv,tsception,madry,PGD,full_test,43,33.54581673306773
main_pgd,seediv,tsception,madry,PGD,full_test,44,32.80212483399734
main_pgd,seediv,tsception,madry,PGD,full_test,45,34.9003984063745
main_pgd,seediv,tsception,madry,PGD,full_test,46,34.68791500664011
main_pgd,seediv,tsception,trades,PGD,full_test,42,0.4780876494023904
main_pgd,seediv,tsception,trades,PGD,full_test,43,0.37184594953519257
main_pgd,seediv,tsception,trades,PGD,full_test,44,0.5046480743691899
main_pgd,seediv,tsception,trades,PGD,full_test,45,0.4249667994687915
main_pgd,seediv,tsception,trades,PGD,full_test,46,0.6640106241699867
main_pgd,seediv,tsception,fbf,PGD,full_test,42,3.2934926958831343
main_pgd,seediv,tsception,fbf,PGD,full_test,43,3.054448871181939
main_pgd,seediv,tsception,fbf,PGD,full_test,44,3.5059760956175303
main_pgd,seediv,tsception,fbf,PGD,full_test,45,3.691899070385126
main_pgd,seediv,tsception,fbf,PGD,full_test,46,4.249667994687915
main_pgd,seediv,tsception,ea_forward,PGD,full_test,42,26.693227091633464
main_pgd,seediv,tsception,ea_forward,PGD,full_test,43,27.091633466135455
main_pgd,seediv,tsception,ea_forward,PGD,full_test,44,27.03851261620186
main_pgd,seediv,tsception,ea_forward,PGD,full_test,45,27.171314741035857
main_pgd,seediv,tsception,ea_forward,PGD,full_test,46,27.25099601593626
main_pgd,seediv,tsception,RPCF+TNP-r25,PGD,subset_n512,42,34.765625
main_pgd,seediv,tsception,RPCF+TNP-r25,PGD,subset_n512,43,34.1796875
main_pgd,seediv,tsception,RPCF+TNP-r25,PGD,subset_n512,44,33.203125
main_pgd,seediv,tsception,RPCF+TNP-r25,PGD,subset_n512,45,41.015625
main_pgd,seediv,tsception,RPCF+TNP-r25,PGD,subset_n512,46,34.9609375
main_pgd,seediv,tsception,RPCF+TNP-r30,PGD,subset_n512,42,33.59375
main_pgd,seediv,tsception,RPCF+TNP-r30,PGD,subset_n512,43,34.9609375
main_pgd,seediv,tsception,RPCF+TNP-r30,PGD,subset_n512,44,31.8359375
main_pgd,seediv,tsception,RPCF+TNP-r30,PGD,subset_n512,45,41.2109375
main_pgd,seediv,tsception,RPCF+TNP-r30,PGD,subset_n512,46,35.7421875
main_pgd,seediv,atcnet,madry,PGD,full_test,42,28.286852589641438
main_pgd,seediv,atcnet,madry,PGD,full_test,43,29.482071713147413
main_pgd,seediv,atcnet,madry,PGD,full_test,44,29.136786188579016
main_pgd,seediv,atcnet,madry,PGD,full_test,45,30.092961487383796
main_pgd,seediv,atcnet,madry,PGD,full_test,46,27.649402390438247
main_pgd,seediv,atcnet,trades,PGD,full_test,42,1.8061088977423638
main_pgd,seediv,atcnet,trades,PGD,full_test,43,2.098273572377158
main_pgd,seediv,atcnet,trades,PGD,full_test,44,1.5139442231075697
main_pgd,seediv,atcnet,trades,PGD,full_test,45,2.0185922974767596
main_pgd,seediv,atcnet,trades,PGD,full_test,46,1.9389110225763613
main_pgd,seediv,atcnet,fbf,PGD,full_test,42,6.00265604249668
main_pgd,seediv,atcnet,fbf,PGD,full_test,43,6.374501992031872
main_pgd,seediv,atcnet,fbf,PGD,full_test,44,5.126162018592297
main_pgd,seediv,atcnet,fbf,PGD,full_test,45,6.108897742363878
main_pgd,seediv,atcnet,fbf,PGD,full_test,46,6.162018592297477
main_pgd,seediv,atcnet,ea_forward,PGD,full_test,42,6.932270916334661
main_pgd,seediv,atcnet,ea_forward,PGD,full_test,43,22.257636122177953
main_pgd,seediv,atcnet,ea_forward,PGD,full_test,44,13.97078353253652
main_pgd,seediv,atcnet,ea_forward,PGD,full_test,45,19.46879150066401
main_pgd,seediv,atcnet,ea_forward,PGD,full_test,46,21.142098273572376
main_pgd,seediv,atcnet,RPCF+TNP-r25,PGD,subset_n512,42,29.296875
main_pgd,seediv,atcnet,RPCF+TNP-r25,PGD,subset_n512,43,31.25
main_pgd,seediv,atcnet,RPCF+TNP-r25,PGD,subset_n512,44,31.8359375
main_pgd,seediv,atcnet,RPCF+TNP-r25,PGD,subset_n512,45,33.59375
main_pgd,seediv,atcnet,RPCF+TNP-r25,PGD,subset_n512,46,29.296875
main_pgd,seediv,atcnet,RPCF+TNP-r30,PGD,subset_n512,42,29.4921875
main_pgd,seediv,atcnet,RPCF+TNP-r30,PGD,subset_n512,43,30.078125
main_pgd,seediv,atcnet,RPCF+TNP-r30,PGD,subset_n512,44,31.640625
main_pgd,seediv,atcnet,RPCF+TNP-r30,PGD,subset_n512,45,33.3984375
main_pgd,seediv,atcnet,RPCF+TNP-r30,PGD,subset_n512,46,29.8828125
main_pgd,seediv,conformer,madry,PGD,full_test,42,35.776892430278885
main_pgd,seediv,conformer,madry,PGD,full_test,43,35.484727755644094
main_pgd,seediv,conformer,madry,PGD,full_test,44,33.86454183266932
main_pgd,seediv,conformer,madry,PGD,full_test,45,34.953519256308105
main_pgd,seediv,conformer,madry,PGD,full_test,46,35.776892430278885
main_pgd,seediv,conformer,trades,PGD,full_test,42,26.00265604249668
main_pgd,seediv,conformer,trades,PGD,full_test,43,24.355909694555113
main_pgd,seediv,conformer,trades,PGD,full_test,44,17.768924302788843
main_pgd,seediv,conformer,trades,PGD,full_test,45,17.928286852589643
main_pgd,seediv,conformer,trades,PGD,full_test,46,36.44090305444887
main_pgd,seediv,conformer,fbf,PGD,full_test,42,6.507304116865869
main_pgd,seediv,conformer,fbf,PGD,full_test,43,4.143426294820717
main_pgd,seediv,conformer,fbf,PGD,full_test,44,4.169986719787517
main_pgd,seediv,conformer,fbf,PGD,full_test,45,6.268260292164675
main_pgd,seediv,conformer,fbf,PGD,full_test,46,5.816733067729084
main_pgd,seediv,conformer,ea_forward,PGD,full_test,42,16.759628154050464
main_pgd,seediv,conformer,ea_forward,PGD,full_test,43,20.50464807436919
main_pgd,seediv,conformer,ea_forward,PGD,full_test,44,12.53652058432935
main_pgd,seediv,conformer,ea_forward,PGD,full_test,45,16.706507304116865
main_pgd,seediv,conformer,ea_forward,PGD,full_test,46,19.229747675962816
main_pgd,seediv,conformer,RPCF+TNP-r25,PGD,subset_n512,42,42.96875
main_pgd,seediv,conformer,RPCF+TNP-r25,PGD,subset_n512,43,40.8203125
main_pgd,seediv,conformer,RPCF+TNP-r25,PGD,subset_n512,44,43.5546875
main_pgd,seediv,conformer,RPCF+TNP-r25,PGD,subset_n512,45,46.484375
main_pgd,seediv,conformer,RPCF+TNP-r25,PGD,subset_n512,46,44.140625
main_pgd,seediv,conformer,RPCF+TNP-r30,PGD,subset_n512,42,43.1640625
main_pgd,seediv,conformer,RPCF+TNP-r30,PGD,subset_n512,43,40.625
main_pgd,seediv,conformer,RPCF+TNP-r30,PGD,subset_n512,44,41.9921875
main_pgd,seediv,conformer,RPCF+TNP-r30,PGD,subset_n512,45,46.09375
main_pgd,seediv,conformer,RPCF+TNP-r30,PGD,subset_n512,46,49.609375
main_pgd,seediv,tcnet,madry,PGD,full_test,42,31.95219123505976
main_pgd,seediv,tcnet,madry,PGD,full_test,43,32.56308100929615
main_pgd,seediv,tcnet,madry,PGD,full_test,44,31.79282868525896
main_pgd,seediv,tcnet,madry,PGD,full_test,45,32.191235059760956
main_pgd,seediv,tcnet,madry,PGD,full_test,46,32.40371845949535
main_pgd,seediv,tcnet,trades,PGD,full_test,42,0.4780876494023904
main_pgd,seediv,tcnet,trades,PGD,full_test,43,0.3452855245683931
main_pgd,seediv,tcnet,trades,PGD,full_test,44,0.2390438247011952
main_pgd,seediv,tcnet,trades,PGD,full_test,45,0.8233731739707836
main_pgd,seediv,tcnet,trades,PGD,full_test,46,0.18592297476759628
main_pgd,seediv,tcnet,fbf,PGD,full_test,42,7.144754316069058
main_pgd,seediv,tcnet,fbf,PGD,full_test,43,7.277556440903055
main_pgd,seediv,tcnet,fbf,PGD,full_test,44,6.454183266932271
main_pgd,seediv,tcnet,fbf,PGD,full_test,45,6.507304116865869
main_pgd,seediv,tcnet,fbf,PGD,full_test,46,5.551128818061089
main_pgd,seediv,tcnet,ea_forward,PGD,full_test,42,17.689243027888445
main_pgd,seediv,tcnet,ea_forward,PGD,full_test,43,20.159362549800797
main_pgd,seediv,tcnet,ea_forward,PGD,full_test,44,19.681274900398407
main_pgd,seediv,tcnet,ea_forward,PGD,full_test,45,24.9933598937583
main_pgd,seediv,tcnet,ea_forward,PGD,full_test,46,14.342629482071715
main_pgd,seediv,tcnet,RPCF+TNP-r25,PGD,subset_n512,42,31.25
main_pgd,seediv,tcnet,RPCF+TNP-r25,PGD,subset_n512,43,32.03125
main_pgd,seediv,tcnet,RPCF+TNP-r25,PGD,subset_n512,44,32.421875
main_pgd,seediv,tcnet,RPCF+TNP-r25,PGD,subset_n512,45,33.203125
main_pgd,seediv,tcnet,RPCF+TNP-r30,PGD,subset_n512,42,31.8359375
main_pgd,seediv,tcnet,RPCF+TNP-r30,PGD,subset_n512,43,32.2265625
main_pgd,seediv,tcnet,RPCF+TNP-r30,PGD,subset_n512,44,32.03125
main_pgd,seediv,tcnet,RPCF+TNP-r30,PGD,subset_n512,45,33.59375
main_pgd,bciciv2a,eegnet,madry,PGD,full_test,42,31.800766283524908
main_pgd,bciciv2a,eegnet,madry,PGD,full_test,43,26.81992337164751
main_pgd,bciciv2a,eegnet,madry,PGD,full_test,44,27.203065134099617
main_pgd,bciciv2a,eegnet,madry,PGD,full_test,45,32.37547892720307
main_pgd,bciciv2a,eegnet,madry,PGD,full_test,46,32.56704980842912
main_pgd,bciciv2a,eegnet,trades,PGD,full_test,42,4.980842911877394
main_pgd,bciciv2a,eegnet,trades,PGD,full_test,43,3.4482758620689653
main_pgd,bciciv2a,eegnet,trades,PGD,full_test,44,3.8314176245210727
main_pgd,bciciv2a,eegnet,trades,PGD,full_test,45,3.8314176245210727
main_pgd,bciciv2a,eegnet,trades,PGD,full_test,46,3.6398467432950192
main_pgd,bciciv2a,eegnet,fbf,PGD,full_test,42,6.513409961685824
main_pgd,bciciv2a,eegnet,fbf,PGD,full_test,43,7.854406130268199
main_pgd,bciciv2a,eegnet,fbf,PGD,full_test,44,6.130268199233716
main_pgd,bciciv2a,eegnet,fbf,PGD,full_test,45,7.088122605363985
main_pgd,bciciv2a,eegnet,fbf,PGD,full_test,46,7.471264367816093
main_pgd,bciciv2a,eegnet,ea_forward,PGD,full_test,42,0.0
main_pgd,bciciv2a,eegnet,ea_forward,PGD,full_test,43,0.0
main_pgd,bciciv2a,eegnet,ea_forward,PGD,full_test,44,0.0
main_pgd,bciciv2a,eegnet,ea_forward,PGD,full_test,45,0.0
main_pgd,bciciv2a,eegnet,ea_forward,PGD,full_test,46,0.0
main_pgd,bciciv2a,deepconvnet,madry,PGD,full_test,42,15.900383141762454
main_pgd,bciciv2a,deepconvnet,madry,PGD,full_test,43,18.96551724137931
main_pgd,bciciv2a,deepconvnet,madry,PGD,full_test,44,16.85823754789272
main_pgd,bciciv2a,deepconvnet,madry,PGD,full_test,45,19.731800766283524
main_pgd,bciciv2a,deepconvnet,madry,PGD,full_test,46,14.559386973180077
main_pgd,bciciv2a,deepconvnet,trades,PGD,full_test,42,4.21455938697318
main_pgd,bciciv2a,deepconvnet,trades,PGD,full_test,43,5.747126436781609
main_pgd,bciciv2a,deepconvnet,trades,PGD,full_test,44,5.172413793103448
main_pgd,bciciv2a,deepconvnet,trades,PGD,full_test,45,3.8314176245210727
main_pgd,bciciv2a,deepconvnet,trades,PGD,full_test,46,6.513409961685824
main_pgd,bciciv2a,deepconvnet,fbf,PGD,full_test,42,8.620689655172415
main_pgd,bciciv2a,deepconvnet,fbf,PGD,full_test,43,11.302681992337165
main_pgd,bciciv2a,deepconvnet,fbf,PGD,full_test,44,9.386973180076629
main_pgd,bciciv2a,deepconvnet,fbf,PGD,full_test,45,9.003831417624522
main_pgd,bciciv2a,deepconvnet,fbf,PGD,full_test,46,13.984674329501914
main_pgd,bciciv2a,deepconvnet,ea_forward,PGD,full_test,42,0.0
main_pgd,bciciv2a,deepconvnet,ea_forward,PGD,full_test,43,0.0
main_pgd,bciciv2a,deepconvnet,ea_forward,PGD,full_test,44,0.0
main_pgd,bciciv2a,deepconvnet,ea_forward,PGD,full_test,45,0.0
main_pgd,bciciv2a,deepconvnet,ea_forward,PGD,full_test,46,0.0
main_pgd,bciciv2a,tsception,madry,PGD,full_test,42,26.62835249042146
main_pgd,bciciv2a,tsception,madry,PGD,full_test,43,23.371647509578544
main_pgd,bciciv2a,tsception,madry,PGD,full_test,44,26.436781609195403
main_pgd,bciciv2a,tsception,madry,PGD,full_test,45,25.478927203065133
main_pgd,bciciv2a,tsception,madry,PGD,full_test,46,23.754789272030653
main_pgd,bciciv2a,tsception,trades,PGD,full_test,42,0.38314176245210724
main_pgd,bciciv2a,tsception,trades,PGD,full_test,43,0.38314176245210724
main_pgd,bciciv2a,tsception,trades,PGD,full_test,44,0.0
main_pgd,bciciv2a,tsception,trades,PGD,full_test,45,0.0
main_pgd,bciciv2a,tsception,trades,PGD,full_test,46,0.19157088122605362
main_pgd,bciciv2a,tsception,fbf,PGD,full_test,42,7.662835249042145
main_pgd,bciciv2a,tsception,fbf,PGD,full_test,43,3.8314176245210727
main_pgd,bciciv2a,tsception,fbf,PGD,full_test,44,2.490421455938697
main_pgd,bciciv2a,tsception,fbf,PGD,full_test,45,1.9157088122605364
main_pgd,bciciv2a,tsception,fbf,PGD,full_test,46,6.704980842911877
main_pgd,bciciv2a,tsception,ea_forward,PGD,full_test,42,26.62835249042146
main_pgd,bciciv2a,tsception,ea_forward,PGD,full_test,43,23.946360153256705
main_pgd,bciciv2a,tsception,ea_forward,PGD,full_test,44,21.839080459770116
main_pgd,bciciv2a,tsception,ea_forward,PGD,full_test,45,23.563218390804597
main_pgd,bciciv2a,tsception,ea_forward,PGD,full_test,46,23.563218390804597
main_pgd,bciciv2a,atcnet,madry,PGD,full_test,42,26.81992337164751
main_pgd,bciciv2a,atcnet,madry,PGD,full_test,43,26.053639846743295
main_pgd,bciciv2a,atcnet,madry,PGD,full_test,44,25.67049808429119
main_pgd,bciciv2a,atcnet,madry,PGD,full_test,45,23.371647509578544
main_pgd,bciciv2a,atcnet,madry,PGD,full_test,46,25.287356321839084
main_pgd,bciciv2a,atcnet,trades,PGD,full_test,42,1.9157088122605364
main_pgd,bciciv2a,atcnet,trades,PGD,full_test,43,0.7662835249042145
main_pgd,bciciv2a,atcnet,trades,PGD,full_test,44,1.532567049808429
main_pgd,bciciv2a,atcnet,trades,PGD,full_test,45,1.3409961685823755
main_pgd,bciciv2a,atcnet,trades,PGD,full_test,46,1.1494252873563218
main_pgd,bciciv2a,atcnet,fbf,PGD,full_test,42,6.704980842911877
main_pgd,bciciv2a,atcnet,fbf,PGD,full_test,43,9.961685823754788
main_pgd,bciciv2a,atcnet,fbf,PGD,full_test,44,6.513409961685824
main_pgd,bciciv2a,atcnet,fbf,PGD,full_test,45,9.770114942528735
main_pgd,bciciv2a,atcnet,fbf,PGD,full_test,46,9.770114942528735
main_pgd,bciciv2a,atcnet,ea_forward,PGD,full_test,42,0.0
main_pgd,bciciv2a,atcnet,ea_forward,PGD,full_test,43,0.19157088122605362
main_pgd,bciciv2a,atcnet,ea_forward,PGD,full_test,44,1.7241379310344827
main_pgd,bciciv2a,atcnet,ea_forward,PGD,full_test,45,9.770114942528735
main_pgd,bciciv2a,atcnet,ea_forward,PGD,full_test,46,0.0
main_pgd,bciciv2a,conformer,madry,PGD,full_test,42,21.839080459770116
main_pgd,bciciv2a,conformer,madry,PGD,full_test,43,18.773946360153257
main_pgd,bciciv2a,conformer,madry,PGD,full_test,44,18.96551724137931
main_pgd,bciciv2a,conformer,madry,PGD,full_test,45,21.455938697318008
main_pgd,bciciv2a,conformer,madry,PGD,full_test,46,22.988505747126435
main_pgd,bciciv2a,conformer,trades,PGD,full_test,42,3.065134099616858
main_pgd,bciciv2a,conformer,trades,PGD,full_test,43,5.747126436781609
main_pgd,bciciv2a,conformer,trades,PGD,full_test,44,2.681992337164751
main_pgd,bciciv2a,conformer,trades,PGD,full_test,45,6.513409961685824
main_pgd,bciciv2a,conformer,trades,PGD,full_test,46,4.789272030651341
main_pgd,bciciv2a,conformer,fbf,PGD,full_test,42,10.53639846743295
main_pgd,bciciv2a,conformer,fbf,PGD,full_test,43,11.877394636015326
main_pgd,bciciv2a,conformer,fbf,PGD,full_test,44,14.367816091954023
main_pgd,bciciv2a,conformer,fbf,PGD,full_test,45,11.302681992337165
main_pgd,bciciv2a,conformer,fbf,PGD,full_test,46,12.643678160919542
main_pgd,bciciv2a,conformer,ea_forward,PGD,full_test,42,0.38314176245210724
main_pgd,bciciv2a,conformer,ea_forward,PGD,full_test,43,0.0
main_pgd,bciciv2a,conformer,ea_forward,PGD,full_test,44,26.436781609195403
main_pgd,bciciv2a,conformer,ea_forward,PGD,full_test,45,3.4482758620689653
main_pgd,bciciv2a,conformer,ea_forward,PGD,full_test,46,2.681992337164751
main_pgd,bciciv2a,tcnet,madry,PGD,full_test,42,8.812260536398467
main_pgd,bciciv2a,tcnet,madry,PGD,full_test,43,30.268199233716476
main_pgd,bciciv2a,tcnet,madry,PGD,full_test,44,6.513409961685824
main_pgd,bciciv2a,tcnet,madry,PGD,full_test,45,8.42911877394636
main_pgd,bciciv2a,tcnet,madry,PGD,full_test,46,26.245210727969347
main_pgd,bciciv2a,tcnet,trades,PGD,full_test,42,4.789272030651341
main_pgd,bciciv2a,tcnet,trades,PGD,full_test,43,3.8314176245210727
main_pgd,bciciv2a,tcnet,trades,PGD,full_test,44,4.789272030651341
main_pgd,bciciv2a,tcnet,trades,PGD,full_test,45,3.8314176245210727
main_pgd,bciciv2a,tcnet,trades,PGD,full_test,46,4.789272030651341
main_pgd,bciciv2a,tcnet,fbf,PGD,full_test,42,13.409961685823754
main_pgd,bciciv2a,tcnet,fbf,PGD,full_test,43,11.302681992337165
main_pgd,bciciv2a,tcnet,fbf,PGD,full_test,44,13.409961685823754
main_pgd,bciciv2a,tcnet,fbf,PGD,full_test,45,12.643678160919542
main_pgd,bciciv2a,tcnet,fbf,PGD,full_test,46,13.793103448275861
main_pgd,bciciv2a,tcnet,ea_forward,PGD,full_test,42,0.0
main_pgd,bciciv2a,tcnet,ea_forward,PGD,full_test,43,0.0
main_pgd,bciciv2a,tcnet,ea_forward,PGD,full_test,44,0.0
main_pgd,bciciv2a,tcnet,ea_forward,PGD,full_test,45,0.0
main_pgd,bciciv2a,tcnet,ea_forward,PGD,full_test,46,0.0
main_mean4,thubenchmark,eegnet,madry,Mean4,full_test,42,58.1772784019975
main_mean4,thubenchmark,eegnet,madry,Mean4,full_test,43,59.851190476190474
main_mean4,thubenchmark,eegnet,madry,Mean4,full_test,44,58.75
main_mean4,thubenchmark,eegnet,madry,Mean4,full_test,45,58.958333333333336
main_mean4,thubenchmark,eegnet,madry,Mean4,full_test,46,59.19642857142857
main_mean4,thubenchmark,eegnet,trades,Mean4,full_test,42,51.186017478152316
main_mean4,thubenchmark,eegnet,trades,Mean4,full_test,43,50.44642857142857
main_mean4,thubenchmark,eegnet,trades,Mean4,full_test,44,50.148809523809526
main_mean4,thubenchmark,eegnet,trades,Mean4,full_test,45,51.19047619047619
main_mean4,thubenchmark,eegnet,trades,Mean4,full_test,46,50.863095238095234
main_mean4,thubenchmark,eegnet,fbf,Mean4,full_test,42,42.79026217228464
main_mean4,thubenchmark,eegnet,fbf,Mean4,full_test,43,43.36309523809524
main_mean4,thubenchmark,eegnet,fbf,Mean4,full_test,44,41.101190476190474
main_mean4,thubenchmark,eegnet,fbf,Mean4,full_test,45,44.19642857142858
main_mean4,thubenchmark,eegnet,fbf,Mean4,full_test,46,44.226190476190474
main_mean4,thubenchmark,eegnet,ea_forward,Mean4,full_test,42,27.746566791510606
main_mean4,thubenchmark,eegnet,ea_forward,Mean4,full_test,43,28.154761904761905
main_mean4,thubenchmark,eegnet,ea_forward,Mean4,full_test,44,27.41071428571428
main_mean4,thubenchmark,eegnet,ea_forward,Mean4,full_test,45,29.166666666666664
main_mean4,thubenchmark,eegnet,ea_forward,Mean4,full_test,46,27.67857142857143
main_mean4,thubenchmark,eegnet,RPCF+TNP-r25,Mean4,subset_n512,42,69.384765625
main_mean4,thubenchmark,eegnet,RPCF+TNP-r25,Mean4,subset_n512,43,69.189453125
main_mean4,thubenchmark,eegnet,RPCF+TNP-r25,Mean4,subset_n512,44,66.845703125
main_mean4,thubenchmark,eegnet,RPCF+TNP-r25,Mean4,subset_n512,45,67.578125
main_mean4,thubenchmark,eegnet,RPCF+TNP-r25,Mean4,subset_n512,46,68.5546875
main_mean4,thubenchmark,eegnet,RPCF+TNP-r30,Mean4,subset_n512,42,67.1875
main_mean4,thubenchmark,eegnet,RPCF+TNP-r30,Mean4,subset_n512,43,67.3828125
main_mean4,thubenchmark,eegnet,RPCF+TNP-r30,Mean4,subset_n512,44,65.0390625
main_mean4,thubenchmark,eegnet,RPCF+TNP-r30,Mean4,subset_n512,45,64.794921875
main_mean4,thubenchmark,eegnet,RPCF+TNP-r30,Mean4,subset_n512,46,66.11328125
main_mean4,thubenchmark,deepconvnet,madry,Mean4,full_test,42,57.39700374531835
main_mean4,thubenchmark,deepconvnet,madry,Mean4,full_test,43,58.06547619047618
main_mean4,thubenchmark,deepconvnet,madry,Mean4,full_test,44,56.13095238095238
main_mean4,thubenchmark,deepconvnet,madry,Mean4,full_test,45,57.05357142857142
main_mean4,thubenchmark,deepconvnet,madry,Mean4,full_test,46,59.464285714285715
main_mean4,thubenchmark,deepconvnet,trades,Mean4,full_test,42,53.87016229712859
main_mean4,thubenchmark,deepconvnet,trades,Mean4,full_test,43,47.351190476190474
main_mean4,thubenchmark,deepconvnet,trades,Mean4,full_test,44,50.476190476190474
main_mean4,thubenchmark,deepconvnet,trades,Mean4,full_test,45,51.25000000000001
main_mean4,thubenchmark,deepconvnet,trades,Mean4,full_test,46,50.68452380952381
main_mean4,thubenchmark,deepconvnet,fbf,Mean4,full_test,42,41.07365792759051
main_mean4,thubenchmark,deepconvnet,fbf,Mean4,full_test,43,40.50595238095238
main_mean4,thubenchmark,deepconvnet,fbf,Mean4,full_test,44,45.65476190476191
main_mean4,thubenchmark,deepconvnet,fbf,Mean4,full_test,45,43.541666666666664
main_mean4,thubenchmark,deepconvnet,fbf,Mean4,full_test,46,44.55357142857142
main_mean4,thubenchmark,deepconvnet,ea_forward,Mean4,full_test,42,16.88514357053683
main_mean4,thubenchmark,deepconvnet,ea_forward,Mean4,full_test,43,15.56547619047619
main_mean4,thubenchmark,deepconvnet,ea_forward,Mean4,full_test,44,15.148809523809526
main_mean4,thubenchmark,deepconvnet,ea_forward,Mean4,full_test,45,16.428571428571427
main_mean4,thubenchmark,deepconvnet,ea_forward,Mean4,full_test,46,15.68452380952381
main_mean4,thubenchmark,deepconvnet,RPCF+TNP-r25,Mean4,subset_n512,42,61.62109375
main_mean4,thubenchmark,deepconvnet,RPCF+TNP-r25,Mean4,subset_n512,43,60.7421875
main_mean4,thubenchmark,deepconvnet,RPCF+TNP-r25,Mean4,subset_n512,44,61.328125
main_mean4,thubenchmark,deepconvnet,RPCF+TNP-r25,Mean4,subset_n512,45,60.107421875
main_mean4,thubenchmark,deepconvnet,RPCF+TNP-r25,Mean4,subset_n512,46,61.279296875
main_mean4,thubenchmark,deepconvnet,RPCF+TNP-r30,Mean4,subset_n512,42,60.3515625
main_mean4,thubenchmark,deepconvnet,RPCF+TNP-r30,Mean4,subset_n512,43,60.107421875
main_mean4,thubenchmark,deepconvnet,RPCF+TNP-r30,Mean4,subset_n512,44,60.44921875
main_mean4,thubenchmark,deepconvnet,RPCF+TNP-r30,Mean4,subset_n512,45,59.228515625
main_mean4,thubenchmark,deepconvnet,RPCF+TNP-r30,Mean4,subset_n512,46,60.595703125
main_mean4,thubenchmark,tsception,madry,Mean4,full_test,42,32.74032459425718
main_mean4,thubenchmark,tsception,madry,Mean4,full_test,43,30.446428571428573
main_mean4,thubenchmark,tsception,madry,Mean4,full_test,44,30.08928571428571
main_mean4,thubenchmark,tsception,madry,Mean4,full_test,45,34.88095238095238
main_mean4,thubenchmark,tsception,madry,Mean4,full_test,46,29.345238095238095
main_mean4,thubenchmark,tsception,trades,Mean4,full_test,42,7.459425717852684
main_mean4,thubenchmark,tsception,trades,Mean4,full_test,43,9.345238095238095
main_mean4,thubenchmark,tsception,trades,Mean4,full_test,44,8.452380952380953
main_mean4,thubenchmark,tsception,trades,Mean4,full_test,45,10.327380952380953
main_mean4,thubenchmark,tsception,trades,Mean4,full_test,46,10.208333333333334
main_mean4,thubenchmark,tsception,fbf,Mean4,full_test,42,4.2446941323345815
main_mean4,thubenchmark,tsception,fbf,Mean4,full_test,43,6.7559523809523805
main_mean4,thubenchmark,tsception,fbf,Mean4,full_test,44,8.095238095238095
main_mean4,thubenchmark,tsception,fbf,Mean4,full_test,45,6.101190476190476
main_mean4,thubenchmark,tsception,fbf,Mean4,full_test,46,5.744047619047619
main_mean4,thubenchmark,tsception,ea_forward,Mean4,full_test,42,1.6229712858926344
main_mean4,thubenchmark,tsception,ea_forward,Mean4,full_test,43,1.5476190476190477
main_mean4,thubenchmark,tsception,ea_forward,Mean4,full_test,44,2.142857142857143
main_mean4,thubenchmark,tsception,ea_forward,Mean4,full_test,45,1.6964285714285714
main_mean4,thubenchmark,tsception,ea_forward,Mean4,full_test,46,1.7857142857142856
main_mean4,thubenchmark,tsception,RPCF+TNP-r25,Mean4,subset_n512,42,42.1875
main_mean4,thubenchmark,tsception,RPCF+TNP-r25,Mean4,subset_n512,43,40.283203125
main_mean4,thubenchmark,tsception,RPCF+TNP-r25,Mean4,subset_n512,44,38.96484375
main_mean4,thubenchmark,tsception,RPCF+TNP-r25,Mean4,subset_n512,45,40.8203125
main_mean4,thubenchmark,tsception,RPCF+TNP-r25,Mean4,subset_n512,46,41.259765625
main_mean4,thubenchmark,tsception,RPCF+TNP-r30,Mean4,subset_n512,42,38.96484375
main_mean4,thubenchmark,tsception,RPCF+TNP-r30,Mean4,subset_n512,43,38.037109375
main_mean4,thubenchmark,tsception,RPCF+TNP-r30,Mean4,subset_n512,44,37.20703125
main_mean4,thubenchmark,tsception,RPCF+TNP-r30,Mean4,subset_n512,45,37.890625
main_mean4,thubenchmark,tsception,RPCF+TNP-r30,Mean4,subset_n512,46,38.037109375
main_mean4,thubenchmark,atcnet,madry,Mean4,full_test,42,66.2609238451935
main_mean4,thubenchmark,atcnet,madry,Mean4,full_test,43,64.01785714285714
main_mean4,thubenchmark,atcnet,madry,Mean4,full_test,44,63.482142857142854
main_mean4,thubenchmark,atcnet,madry,Mean4,full_test,45,64.10714285714285
main_mean4,thubenchmark,atcnet,madry,Mean4,full_test,46,65.23809523809524
main_mean4,thubenchmark,atcnet,trades,Mean4,full_test,42,61.67290886392009
main_mean4,thubenchmark,atcnet,trades,Mean4,full_test,43,59.13690476190476
main_mean4,thubenchmark,atcnet,trades,Mean4,full_test,44,61.25000000000001
main_mean4,thubenchmark,atcnet,trades,Mean4,full_test,45,58.42261904761905
main_mean4,thubenchmark,atcnet,trades,Mean4,full_test,46,58.00595238095239
main_mean4,thubenchmark,atcnet,fbf,Mean4,full_test,42,55.0561797752809
main_mean4,thubenchmark,atcnet,fbf,Mean4,full_test,43,52.29166666666667
main_mean4,thubenchmark,atcnet,fbf,Mean4,full_test,44,52.88690476190476
main_mean4,thubenchmark,atcnet,fbf,Mean4,full_test,45,53.482142857142854
main_mean4,thubenchmark,atcnet,fbf,Mean4,full_test,46,53.6904761904762
main_mean4,thubenchmark,atcnet,ea_forward,Mean4,full_test,42,30.212234706616726
main_mean4,thubenchmark,atcnet,ea_forward,Mean4,full_test,43,29.82142857142857
main_mean4,thubenchmark,atcnet,ea_forward,Mean4,full_test,44,30.654761904761905
main_mean4,thubenchmark,atcnet,ea_forward,Mean4,full_test,45,0.7142857142857143
main_mean4,thubenchmark,atcnet,ea_forward,Mean4,full_test,46,31.071428571428573
main_mean4,thubenchmark,atcnet,RPCF+TNP-r25,Mean4,subset_n512,42,75.29296875
main_mean4,thubenchmark,atcnet,RPCF+TNP-r25,Mean4,subset_n512,43,69.873046875
main_mean4,thubenchmark,atcnet,RPCF+TNP-r25,Mean4,subset_n512,44,73.53515625
main_mean4,thubenchmark,atcnet,RPCF+TNP-r25,Mean4,subset_n512,45,71.923828125
main_mean4,thubenchmark,atcnet,RPCF+TNP-r25,Mean4,subset_n512,46,71.923828125
main_mean4,thubenchmark,atcnet,RPCF+TNP-r30,Mean4,subset_n512,42,72.412109375
main_mean4,thubenchmark,atcnet,RPCF+TNP-r30,Mean4,subset_n512,43,68.603515625
main_mean4,thubenchmark,atcnet,RPCF+TNP-r30,Mean4,subset_n512,44,70.703125
main_mean4,thubenchmark,atcnet,RPCF+TNP-r30,Mean4,subset_n512,45,69.580078125
main_mean4,thubenchmark,atcnet,RPCF+TNP-r30,Mean4,subset_n512,46,69.62890625
main_mean4,thubenchmark,conformer,madry,Mean4,full_test,42,57.42821473158551
main_mean4,thubenchmark,conformer,madry,Mean4,full_test,43,58.60119047619048
main_mean4,thubenchmark,conformer,madry,Mean4,full_test,44,56.63690476190476
main_mean4,thubenchmark,conformer,madry,Mean4,full_test,45,58.779761904761905
main_mean4,thubenchmark,conformer,madry,Mean4,full_test,46,56.547619047619044
main_mean4,thubenchmark,conformer,trades,Mean4,full_test,42,39.107365792759055
main_mean4,thubenchmark,conformer,trades,Mean4,full_test,43,46.011904761904766
main_mean4,thubenchmark,conformer,trades,Mean4,full_test,44,44.07738095238095
main_mean4,thubenchmark,conformer,trades,Mean4,full_test,45,52.023809523809526
main_mean4,thubenchmark,conformer,trades,Mean4,full_test,46,51.01190476190476
main_mean4,thubenchmark,conformer,fbf,Mean4,full_test,42,44.22596754057429
main_mean4,thubenchmark,conformer,fbf,Mean4,full_test,43,47.38095238095238
main_mean4,thubenchmark,conformer,fbf,Mean4,full_test,44,39.970238095238095
main_mean4,thubenchmark,conformer,fbf,Mean4,full_test,45,40.89285714285714
main_mean4,thubenchmark,conformer,fbf,Mean4,full_test,46,45.714285714285715
main_mean4,thubenchmark,conformer,ea_forward,Mean4,full_test,42,23.345817727840203
main_mean4,thubenchmark,conformer,ea_forward,Mean4,full_test,43,23.065476190476193
main_mean4,thubenchmark,conformer,ea_forward,Mean4,full_test,44,2.0238095238095237
main_mean4,thubenchmark,conformer,ea_forward,Mean4,full_test,45,0.5357142857142857
main_mean4,thubenchmark,conformer,ea_forward,Mean4,full_test,46,24.761904761904763
main_mean4,thubenchmark,conformer,RPCF+TNP-r25,Mean4,subset_n512,42,65.91796875
main_mean4,thubenchmark,conformer,RPCF+TNP-r25,Mean4,subset_n512,43,66.11328125
main_mean4,thubenchmark,conformer,RPCF+TNP-r25,Mean4,subset_n512,44,64.84375
main_mean4,thubenchmark,conformer,RPCF+TNP-r25,Mean4,subset_n512,45,65.33203125
main_mean4,thubenchmark,conformer,RPCF+TNP-r25,Mean4,subset_n512,46,66.552734375
main_mean4,thubenchmark,conformer,RPCF+TNP-r30,Mean4,subset_n512,42,64.0625
main_mean4,thubenchmark,conformer,RPCF+TNP-r30,Mean4,subset_n512,43,63.96484375
main_mean4,thubenchmark,conformer,RPCF+TNP-r30,Mean4,subset_n512,44,63.525390625
main_mean4,thubenchmark,conformer,RPCF+TNP-r30,Mean4,subset_n512,45,63.18359375
main_mean4,thubenchmark,conformer,RPCF+TNP-r30,Mean4,subset_n512,46,64.404296875
main_mean4,thubenchmark,tcnet,madry,Mean4,full_test,42,36.36079900124844
main_mean4,thubenchmark,tcnet,madry,Mean4,full_test,43,39.07738095238095
main_mean4,thubenchmark,tcnet,madry,Mean4,full_test,44,39.58333333333333
main_mean4,thubenchmark,tcnet,madry,Mean4,full_test,45,34.9404761904762
main_mean4,thubenchmark,tcnet,madry,Mean4,full_test,46,39.64285714285714
main_mean4,thubenchmark,tcnet,trades,Mean4,full_test,42,19.756554307116104
main_mean4,thubenchmark,tcnet,trades,Mean4,full_test,43,21.845238095238095
main_mean4,thubenchmark,tcnet,trades,Mean4,full_test,44,21.160714285714285
main_mean4,thubenchmark,tcnet,trades,Mean4,full_test,45,23.898809523809526
main_mean4,thubenchmark,tcnet,trades,Mean4,full_test,46,25.44642857142857
main_mean4,thubenchmark,tcnet,fbf,Mean4,full_test,42,21.34831460674157
main_mean4,thubenchmark,tcnet,fbf,Mean4,full_test,43,23.839285714285715
main_mean4,thubenchmark,tcnet,fbf,Mean4,full_test,44,22.351190476190478
main_mean4,thubenchmark,tcnet,fbf,Mean4,full_test,45,22.410714285714285
main_mean4,thubenchmark,tcnet,fbf,Mean4,full_test,46,22.827380952380953
main_mean4,thubenchmark,tcnet,ea_forward,Mean4,full_test,42,0.5617977528089888
main_mean4,thubenchmark,tcnet,ea_forward,Mean4,full_test,43,1.3392857142857142
main_mean4,thubenchmark,tcnet,ea_forward,Mean4,full_test,44,0.9821428571428571
main_mean4,thubenchmark,tcnet,ea_forward,Mean4,full_test,45,0.35714285714285715
main_mean4,thubenchmark,tcnet,ea_forward,Mean4,full_test,46,0.4166666666666667
main_mean4,thubenchmark,tcnet,RPCF+TNP-r25,Mean4,subset_n512,42,47.216796875
main_mean4,thubenchmark,tcnet,RPCF+TNP-r25,Mean4,subset_n512,43,50.29296875
main_mean4,thubenchmark,tcnet,RPCF+TNP-r25,Mean4,subset_n512,44,47.021484375
main_mean4,thubenchmark,tcnet,RPCF+TNP-r25,Mean4,subset_n512,45,43.115234375
main_mean4,thubenchmark,tcnet,RPCF+TNP-r25,Mean4,subset_n512,46,47.607421875
main_mean4,thubenchmark,tcnet,RPCF+TNP-r30,Mean4,subset_n512,42,46.728515625
main_mean4,thubenchmark,tcnet,RPCF+TNP-r30,Mean4,subset_n512,43,49.51171875
main_mean4,thubenchmark,tcnet,RPCF+TNP-r30,Mean4,subset_n512,44,44.775390625
main_mean4,thubenchmark,tcnet,RPCF+TNP-r30,Mean4,subset_n512,45,41.650390625
main_mean4,thubenchmark,tcnet,RPCF+TNP-r30,Mean4,subset_n512,46,45.60546875
main_mean4,seediv,eegnet,madry,Mean4,full_test,42,21.573705179282868
main_mean4,seediv,eegnet,madry,Mean4,full_test,43,22.09827357237716
main_mean4,seediv,eegnet,madry,Mean4,full_test,44,18.59229747675963
main_mean4,seediv,eegnet,madry,Mean4,full_test,45,19.42231075697211
main_mean4,seediv,eegnet,madry,Mean4,full_test,46,17.09827357237716
main_mean4,seediv,eegnet,trades,Mean4,full_test,42,1.5405046480743692
main_mean4,seediv,eegnet,trades,Mean4,full_test,43,1.5205843293492696
main_mean4,seediv,eegnet,trades,Mean4,full_test,44,1.3213811420982735
main_mean4,seediv,eegnet,trades,Mean4,full_test,45,1.5073041168658698
main_mean4,seediv,eegnet,trades,Mean4,full_test,46,1.4741035856573703
main_mean4,seediv,eegnet,fbf,Mean4,full_test,42,8.160690571049138
main_mean4,seediv,eegnet,fbf,Mean4,full_test,43,6.460823373173971
main_mean4,seediv,eegnet,fbf,Mean4,full_test,44,6.799468791500664
main_mean4,seediv,eegnet,fbf,Mean4,full_test,45,6.613545816733067
main_mean4,seediv,eegnet,fbf,Mean4,full_test,46,7.6826029216467475
main_mean4,seediv,eegnet,ea_forward,Mean4,full_test,42,22.64276228419655
main_mean4,seediv,eegnet,ea_forward,Mean4,full_test,43,13.432934926958831
main_mean4,seediv,eegnet,ea_forward,Mean4,full_test,44,16.05577689243028
main_mean4,seediv,eegnet,ea_forward,Mean4,full_test,45,21.686586985391767
main_mean4,seediv,eegnet,ea_forward,Mean4,full_test,46,16.806108897742362
main_mean4,seediv,eegnet,RPCF+TNP-r25,Mean4,subset_n512,42,23.095703125
main_mean4,seediv,eegnet,RPCF+TNP-r25,Mean4,subset_n512,43,24.951171875
main_mean4,seediv,eegnet,RPCF+TNP-r25,Mean4,subset_n512,44,22.65625
main_mean4,seediv,eegnet,RPCF+TNP-r25,Mean4,subset_n512,45,27.24609375
main_mean4,seediv,eegnet,RPCF+TNP-r25,Mean4,subset_n512,46,24.8046875
main_mean4,seediv,eegnet,RPCF+TNP-r30,Mean4,subset_n512,42,21.875
main_mean4,seediv,eegnet,RPCF+TNP-r30,Mean4,subset_n512,43,24.31640625
main_mean4,seediv,eegnet,RPCF+TNP-r30,Mean4,subset_n512,44,21.240234375
main_mean4,seediv,eegnet,RPCF+TNP-r30,Mean4,subset_n512,45,25.9765625
main_mean4,seediv,eegnet,RPCF+TNP-r30,Mean4,subset_n512,46,24.169921875
main_mean4,seediv,deepconvnet,madry,Mean4,full_test,42,16.97875166002656
main_mean4,seediv,deepconvnet,madry,Mean4,full_test,43,17.377158034528552
main_mean4,seediv,deepconvnet,madry,Mean4,full_test,44,15.624169986719789
main_mean4,seediv,deepconvnet,madry,Mean4,full_test,45,17.94820717131474
main_mean4,seediv,deepconvnet,madry,Mean4,full_test,46,18.14077025232404
main_mean4,seediv,deepconvnet,trades,Mean4,full_test,42,0.8698539176626826
main_mean4,seediv,deepconvnet,trades,Mean4,full_test,43,0.8233731739707835
main_mean4,seediv,deepconvnet,trades,Mean4,full_test,44,0.6308100929614874
main_mean4,seediv,deepconvnet,trades,Mean4,full_test,45,0.7237715803452855
main_mean4,seediv,deepconvnet,trades,Mean4,full_test,46,0.9628154050464808
main_mean4,seediv,deepconvnet,fbf,Mean4,full_test,42,3.240371845949535
main_mean4,seediv,deepconvnet,fbf,Mean4,full_test,43,3.386454183266932
main_mean4,seediv,deepconvnet,fbf,Mean4,full_test,44,2.6958831341301464
main_mean4,seediv,deepconvnet,fbf,Mean4,full_test,45,4.236387782204516
main_mean4,seediv,deepconvnet,fbf,Mean4,full_test,46,3.0212483399734396
main_mean4,seediv,deepconvnet,ea_forward,Mean4,full_test,42,11.102257636122179
main_mean4,seediv,deepconvnet,ea_forward,Mean4,full_test,43,13.333333333333334
main_mean4,seediv,deepconvnet,ea_forward,Mean4,full_test,44,13.784860557768924
main_mean4,seediv,deepconvnet,ea_forward,Mean4,full_test,45,14.435590969455511
main_mean4,seediv,deepconvnet,ea_forward,Mean4,full_test,46,11.102257636122177
main_mean4,seediv,deepconvnet,RPCF+TNP-r25,Mean4,subset_n512,42,20.263671875
main_mean4,seediv,deepconvnet,RPCF+TNP-r25,Mean4,subset_n512,43,23.193359375
main_mean4,seediv,deepconvnet,RPCF+TNP-r25,Mean4,subset_n512,44,22.998046875
main_mean4,seediv,deepconvnet,RPCF+TNP-r25,Mean4,subset_n512,45,22.55859375
main_mean4,seediv,deepconvnet,RPCF+TNP-r25,Mean4,subset_n512,46,21.728515625
main_mean4,seediv,deepconvnet,RPCF+TNP-r30,Mean4,subset_n512,42,19.53125
main_mean4,seediv,deepconvnet,RPCF+TNP-r30,Mean4,subset_n512,43,21.630859375
main_mean4,seediv,deepconvnet,RPCF+TNP-r30,Mean4,subset_n512,44,21.533203125
main_mean4,seediv,deepconvnet,RPCF+TNP-r30,Mean4,subset_n512,45,21.728515625
main_mean4,seediv,deepconvnet,RPCF+TNP-r30,Mean4,subset_n512,46,20.556640625
main_mean4,seediv,tsception,madry,Mean4,full_test,42,24.847277556440904
main_mean4,seediv,tsception,madry,Mean4,full_test,43,24.56175298804781
main_mean4,seediv,tsception,madry,Mean4,full_test,44,23.95086321381142
main_mean4,seediv,tsception,madry,Mean4,full_test,45,25.55112881806109
main_mean4,seediv,tsception,madry,Mean4,full_test,46,25.378486055776893
main_mean4,seediv,tsception,trades,Mean4,full_test,42,0.49800796812749004
main_mean4,seediv,tsception,trades,Mean4,full_test,43,0.46480743691899074
main_mean4,seediv,tsception,trades,Mean4,full_test,44,0.5112881806108898
main_mean4,seediv,tsception,trades,Mean4,full_test,45,0.41832669322709165
main_mean4,seediv,tsception,trades,Mean4,full_test,46,0.7237715803452855
main_mean4,seediv,tsception,fbf,Mean4,full_test,42,3.1474103585657374
main_mean4,seediv,tsception,fbf,Mean4,full_test,43,3.0146082337317397
main_mean4,seediv,tsception,fbf,Mean4,full_test,44,3.0876494023904386
main_mean4,seediv,tsception,fbf,Mean4,full_test,45,3.4794156706507304
main_mean4,seediv,tsception,fbf,Mean4,full_test,46,3.7583001328021246
main_mean4,seediv,tsception,ea_forward,Mean4,full_test,42,26.693227091633464
main_mean4,seediv,tsception,ea_forward,Mean4,full_test,43,27.091633466135455
main_mean4,seediv,tsception,ea_forward,Mean4,full_test,44,27.03851261620186
main_mean4,seediv,tsception,ea_forward,Mean4,full_test,45,27.197875166002657
main_mean4,seediv,tsception,ea_forward,Mean4,full_test,46,27.25099601593626
main_mean4,seediv,tsception,RPCF+TNP-r25,Mean4,subset_n512,42,27.978515625
main_mean4,seediv,tsception,RPCF+TNP-r25,Mean4,subset_n512,43,27.734375
main_mean4,seediv,tsception,RPCF+TNP-r25,Mean4,subset_n512,44,27.24609375
main_mean4,seediv,tsception,RPCF+TNP-r25,Mean4,subset_n512,45,33.88671875
main_mean4,seediv,tsception,RPCF+TNP-r25,Mean4,subset_n512,46,27.978515625
main_mean4,seediv,tsception,RPCF+TNP-r30,Mean4,subset_n512,42,26.5625
main_mean4,seediv,tsception,RPCF+TNP-r30,Mean4,subset_n512,43,27.5390625
main_mean4,seediv,tsception,RPCF+TNP-r30,Mean4,subset_n512,44,25.5859375
main_mean4,seediv,tsception,RPCF+TNP-r30,Mean4,subset_n512,45,31.8359375
main_mean4,seediv,tsception,RPCF+TNP-r30,Mean4,subset_n512,46,27.83203125
main_mean4,seediv,atcnet,madry,Mean4,full_test,42,20.803452855245684
main_mean4,seediv,atcnet,madry,Mean4,full_test,43,21.600265604249667
main_mean4,seediv,atcnet,madry,Mean4,full_test,44,21.54714475431607
main_mean4,seediv,atcnet,madry,Mean4,full_test,45,22.078353253652057
main_mean4,seediv,atcnet,madry,Mean4,full_test,46,20.312084993359893
main_mean4,seediv,atcnet,trades,Mean4,full_test,42,1.7596281540504646
main_mean4,seediv,atcnet,trades,Mean4,full_test,43,1.9654714475431607
main_mean4,seediv,atcnet,trades,Mean4,full_test,44,1.407702523240372
main_mean4,seediv,atcnet,trades,Mean4,full_test,45,1.952191235059761
main_mean4,seediv,atcnet,trades,Mean4,full_test,46,1.7928286852589643
main_mean4,seediv,atcnet,fbf,Mean4,full_test,42,4.9535192563081
main_mean4,seediv,atcnet,fbf,Mean4,full_test,43,5.252324037184595
main_mean4,seediv,atcnet,fbf,Mean4,full_test,44,4.289508632138114
main_mean4,seediv,atcnet,fbf,Mean4,full_test,45,5.079681274900398
main_mean4,seediv,atcnet,fbf,Mean4,full_test,46,4.8804780876494025
main_mean4,seediv,atcnet,ea_forward,Mean4,full_test,42,9.143426294820717
main_mean4,seediv,atcnet,ea_forward,Mean4,full_test,43,20.91633466135458
main_mean4,seediv,atcnet,ea_forward,Mean4,full_test,44,13.718459495351926
main_mean4,seediv,atcnet,ea_forward,Mean4,full_test,45,18.897742363877825
main_mean4,seediv,atcnet,ea_forward,Mean4,full_test,46,20.916334661354583
main_mean4,seediv,atcnet,RPCF+TNP-r25,Mean4,subset_n512,42,24.658203125
main_mean4,seediv,atcnet,RPCF+TNP-r25,Mean4,subset_n512,43,26.220703125
main_mean4,seediv,atcnet,RPCF+TNP-r25,Mean4,subset_n512,44,27.24609375
main_mean4,seediv,atcnet,RPCF+TNP-r25,Mean4,subset_n512,45,27.685546875
main_mean4,seediv,atcnet,RPCF+TNP-r25,Mean4,subset_n512,46,22.802734375
main_mean4,seediv,atcnet,RPCF+TNP-r30,Mean4,subset_n512,42,23.828125
main_mean4,seediv,atcnet,RPCF+TNP-r30,Mean4,subset_n512,43,25.0
main_mean4,seediv,atcnet,RPCF+TNP-r30,Mean4,subset_n512,44,26.513671875
main_mean4,seediv,atcnet,RPCF+TNP-r30,Mean4,subset_n512,45,26.513671875
main_mean4,seediv,atcnet,RPCF+TNP-r30,Mean4,subset_n512,46,22.65625
main_mean4,seediv,conformer,madry,Mean4,full_test,42,27.470119521912352
main_mean4,seediv,conformer,madry,Mean4,full_test,43,37.48339973439575
main_mean4,seediv,conformer,madry,Mean4,full_test,44,34.535192563081004
main_mean4,seediv,conformer,madry,Mean4,full_test,45,32.08499335989376
main_mean4,seediv,conformer,madry,Mean4,full_test,46,34.9003984063745
main_mean4,seediv,conformer,trades,Mean4,full_test,42,21.095617529880478
main_mean4,seediv,conformer,trades,Mean4,full_test,43,20.199203187250998
main_mean4,seediv,conformer,trades,Mean4,full_test,44,17.151394422310755
main_mean4,seediv,conformer,trades,Mean4,full_test,45,14.342629482071715
main_mean4,seediv,conformer,trades,Mean4,full_test,46,23.220451527224434
main_mean4,seediv,conformer,fbf,Mean4,full_test,42,6.633466135458168
main_mean4,seediv,conformer,fbf,Mean4,full_test,43,9.375830013280211
main_mean4,seediv,conformer,fbf,Mean4,full_test,44,6.241699867197875
main_mean4,seediv,conformer,fbf,Mean4,full_test,45,8.55909694555113
main_mean4,seediv,conformer,fbf,Mean4,full_test,46,8.47941567065073
main_mean4,seediv,conformer,ea_forward,Mean4,full_test,42,22.330677290836654
main_mean4,seediv,conformer,ea_forward,Mean4,full_test,43,21.620185922974766
main_mean4,seediv,conformer,ea_forward,Mean4,full_test,44,15.305444887118194
main_mean4,seediv,conformer,ea_forward,Mean4,full_test,45,23.393094289508632
main_mean4,seediv,conformer,ea_forward,Mean4,full_test,46,21.35458167330677
main_mean4,seediv,conformer,RPCF+TNP-r25,Mean4,subset_n512,42,39.697265625
main_mean4,seediv,conformer,RPCF+TNP-r25,Mean4,subset_n512,43,41.015625
main_mean4,seediv,conformer,RPCF+TNP-r25,Mean4,subset_n512,44,44.140625
main_mean4,seediv,conformer,RPCF+TNP-r25,Mean4,subset_n512,45,44.140625
main_mean4,seediv,conformer,RPCF+TNP-r25,Mean4,subset_n512,46,43.408203125
main_mean4,seediv,conformer,RPCF+TNP-r30,Mean4,subset_n512,42,38.818359375
main_mean4,seediv,conformer,RPCF+TNP-r30,Mean4,subset_n512,43,41.796875
main_mean4,seediv,conformer,RPCF+TNP-r30,Mean4,subset_n512,44,44.3359375
main_mean4,seediv,conformer,RPCF+TNP-r30,Mean4,subset_n512,45,44.140625
main_mean4,seediv,conformer,RPCF+TNP-r30,Mean4,subset_n512,46,46.875
main_mean4,seediv,tcnet,madry,Mean4,full_test,42,23.771580345285525
main_mean4,seediv,tcnet,madry,Mean4,full_test,43,24.614873837981406
main_mean4,seediv,tcnet,madry,Mean4,full_test,44,23.64541832669323
main_mean4,seediv,tcnet,madry,Mean4,full_test,45,23.857901726427624
main_mean4,seediv,tcnet,madry,Mean4,full_test,46,23.93094289508632
main_mean4,seediv,tcnet,trades,Mean4,full_test,42,0.8432934926958833
main_mean4,seediv,tcnet,trades,Mean4,full_test,43,0.6042496679946879
main_mean4,seediv,tcnet,trades,Mean4,full_test,44,0.5976095617529881
main_mean4,seediv,tcnet,trades,Mean4,full_test,45,1.155378486055777
main_mean4,seediv,tcnet,trades,Mean4,full_test,46,0.45152722443559096
main_mean4,seediv,tcnet,fbf,Mean4,full_test,42,6.666666666666667
main_mean4,seediv,tcnet,fbf,Mean4,full_test,43,6.673306772908366
main_mean4,seediv,tcnet,fbf,Mean4,full_test,44,6.108897742363878
main_mean4,seediv,tcnet,fbf,Mean4,full_test,45,6.4077025232403715
main_mean4,seediv,tcnet,fbf,Mean4,full_test,46,5.411686586985391
main_mean4,seediv,tcnet,ea_forward,Mean4,full_test,42,16.759628154050464
main_mean4,seediv,tcnet,ea_forward,Mean4,full_test,43,17.138114209827357
main_mean4,seediv,tcnet,ea_forward,Mean4,full_test,44,17.901726427622844
main_mean4,seediv,tcnet,ea_forward,Mean4,full_test,45,25.35856573705179
main_mean4,seediv,tcnet,ea_forward,Mean4,full_test,46,19.03054448871182
main_mean4,seediv,tcnet,RPCF+TNP-r25,Mean4,subset_n512,42,27.392578125
main_mean4,seediv,tcnet,RPCF+TNP-r25,Mean4,subset_n512,43,28.80859375
main_mean4,seediv,tcnet,RPCF+TNP-r25,Mean4,subset_n512,44,28.125
main_mean4,seediv,tcnet,RPCF+TNP-r25,Mean4,subset_n512,45,29.345703125
main_mean4,seediv,tcnet,RPCF+TNP-r30,Mean4,subset_n512,42,27.783203125
main_mean4,seediv,tcnet,RPCF+TNP-r30,Mean4,subset_n512,43,27.685546875
main_mean4,seediv,tcnet,RPCF+TNP-r30,Mean4,subset_n512,44,26.318359375
main_mean4,seediv,tcnet,RPCF+TNP-r30,Mean4,subset_n512,45,28.41796875
main_mean4,bciciv2a,eegnet,madry,Mean4,full_test,42,23.084291187739463
main_mean4,bciciv2a,eegnet,madry,Mean4,full_test,43,19.396551724137932
main_mean4,bciciv2a,eegnet,madry,Mean4,full_test,44,20.019157088122604
main_mean4,bciciv2a,eegnet,madry,Mean4,full_test,45,23.70689655172414
main_mean4,bciciv2a,eegnet,madry,Mean4,full_test,46,23.61111111111111
main_mean4,bciciv2a,eegnet,trades,Mean4,full_test,42,3.9272030651340994
main_mean4,bciciv2a,eegnet,trades,Mean4,full_test,43,2.8256704980842913
main_mean4,bciciv2a,eegnet,trades,Mean4,full_test,44,3.0172413793103448
main_mean4,bciciv2a,eegnet,trades,Mean4,full_test,45,3.065134099616858
main_mean4,bciciv2a,eegnet,trades,Mean4,full_test,46,2.7298850574712645
main_mean4,bciciv2a,eegnet,fbf,Mean4,full_test,42,4.789272030651341
main_mean4,bciciv2a,eegnet,fbf,Mean4,full_test,43,6.178160919540229
main_mean4,bciciv2a,eegnet,fbf,Mean4,full_test,44,4.789272030651341
main_mean4,bciciv2a,eegnet,fbf,Mean4,full_test,45,5.747126436781609
main_mean4,bciciv2a,eegnet,fbf,Mean4,full_test,46,5.747126436781609
main_mean4,bciciv2a,eegnet,ea_forward,Mean4,full_test,42,6.369731800766283
main_mean4,bciciv2a,eegnet,ea_forward,Mean4,full_test,43,7.231800766283525
main_mean4,bciciv2a,eegnet,ea_forward,Mean4,full_test,44,4.21455938697318
main_mean4,bciciv2a,eegnet,ea_forward,Mean4,full_test,45,3.8314176245210727
main_mean4,bciciv2a,eegnet,ea_forward,Mean4,full_test,46,5.076628352490421
main_mean4,bciciv2a,deepconvnet,madry,Mean4,full_test,42,11.542145593869732
main_mean4,bciciv2a,deepconvnet,madry,Mean4,full_test,43,13.745210727969347
main_mean4,bciciv2a,deepconvnet,madry,Mean4,full_test,44,12.547892720306514
main_mean4,bciciv2a,deepconvnet,madry,Mean4,full_test,45,14.511494252873563
main_mean4,bciciv2a,deepconvnet,madry,Mean4,full_test,46,10.727969348659004
main_mean4,bciciv2a,deepconvnet,trades,Mean4,full_test,42,3.1609195402298855
main_mean4,bciciv2a,deepconvnet,trades,Mean4,full_test,43,4.645593869731801
main_mean4,bciciv2a,deepconvnet,trades,Mean4,full_test,44,4.022988505747127
main_mean4,bciciv2a,deepconvnet,trades,Mean4,full_test,45,3.0172413793103448
main_mean4,bciciv2a,deepconvnet,trades,Mean4,full_test,46,5.411877394636015
main_mean4,bciciv2a,deepconvnet,fbf,Mean4,full_test,42,6.609195402298851
main_mean4,bciciv2a,deepconvnet,fbf,Mean4,full_test,43,8.381226053639846
main_mean4,bciciv2a,deepconvnet,fbf,Mean4,full_test,44,7.136015325670499
main_mean4,bciciv2a,deepconvnet,fbf,Mean4,full_test,45,7.040229885057471
main_mean4,bciciv2a,deepconvnet,fbf,Mean4,full_test,46,10.584291187739463
main_mean4,bciciv2a,deepconvnet,ea_forward,Mean4,full_test,42,1.388888888888889
main_mean4,bciciv2a,deepconvnet,ea_forward,Mean4,full_test,43,1.4846743295019158
main_mean4,bciciv2a,deepconvnet,ea_forward,Mean4,full_test,44,0.9578544061302682
main_mean4,bciciv2a,deepconvnet,ea_forward,Mean4,full_test,45,3.6398467432950192
main_mean4,bciciv2a,deepconvnet,ea_forward,Mean4,full_test,46,1.3888888888888888
main_mean4,bciciv2a,tsception,madry,Mean4,full_test,42,26.580459770114945
main_mean4,bciciv2a,tsception,madry,Mean4,full_test,43,23.563218390804597
main_mean4,bciciv2a,tsception,madry,Mean4,full_test,44,24.61685823754789
main_mean4,bciciv2a,tsception,madry,Mean4,full_test,45,22.365900383141764
main_mean4,bciciv2a,tsception,madry,Mean4,full_test,46,18.342911877394634
main_mean4,bciciv2a,tsception,trades,Mean4,full_test,42,0.38314176245210724
main_mean4,bciciv2a,tsception,trades,Mean4,full_test,43,0.9099616858237548
main_mean4,bciciv2a,tsception,trades,Mean4,full_test,44,0.814176245210728
main_mean4,bciciv2a,tsception,trades,Mean4,full_test,45,0.19157088122605362
main_mean4,bciciv2a,tsception,trades,Mean4,full_test,46,0.38314176245210724
main_mean4,bciciv2a,tsception,fbf,Mean4,full_test,42,5.268199233716475
main_mean4,bciciv2a,tsception,fbf,Mean4,full_test,43,3.8793103448275854
main_mean4,bciciv2a,tsception,fbf,Mean4,full_test,44,2.9693486590038316
main_mean4,bciciv2a,tsception,fbf,Mean4,full_test,45,1.9636015325670497
main_mean4,bciciv2a,tsception,fbf,Mean4,full_test,46,5.124521072796935
main_mean4,bciciv2a,tsception,ea_forward,Mean4,full_test,42,26.340996168582375
main_mean4,bciciv2a,tsception,ea_forward,Mean4,full_test,43,23.946360153256705
main_mean4,bciciv2a,tsception,ea_forward,Mean4,full_test,44,21.839080459770116
main_mean4,bciciv2a,tsception,ea_forward,Mean4,full_test,45,23.563218390804597
main_mean4,bciciv2a,tsception,ea_forward,Mean4,full_test,46,23.563218390804597
main_mean4,bciciv2a,atcnet,madry,Mean4,full_test,42,19.731800766283524
main_mean4,bciciv2a,atcnet,madry,Mean4,full_test,43,18.917624521072796
main_mean4,bciciv2a,atcnet,madry,Mean4,full_test,44,18.86973180076628
main_mean4,bciciv2a,atcnet,madry,Mean4,full_test,45,17.576628352490424
main_mean4,bciciv2a,atcnet,madry,Mean4,full_test,46,18.486590038314176
main_mean4,bciciv2a,atcnet,trades,Mean4,full_test,42,1.532567049808429
main_mean4,bciciv2a,atcnet,trades,Mean4,full_test,43,0.9578544061302682
main_mean4,bciciv2a,atcnet,trades,Mean4,full_test,44,1.4846743295019158
main_mean4,bciciv2a,atcnet,trades,Mean4,full_test,45,1.293103448275862
main_mean4,bciciv2a,atcnet,trades,Mean4,full_test,46,1.2452107279693487
main_mean4,bciciv2a,atcnet,fbf,Mean4,full_test,42,5.411877394636015
main_mean4,bciciv2a,atcnet,fbf,Mean4,full_test,43,7.710727969348659
main_mean4,bciciv2a,atcnet,fbf,Mean4,full_test,44,5.028735632183908
main_mean4,bciciv2a,atcnet,fbf,Mean4,full_test,45,7.998084291187739
main_mean4,bciciv2a,atcnet,fbf,Mean4,full_test,46,8.14176245210728
main_mean4,bciciv2a,atcnet,ea_forward,Mean4,full_test,42,6.17816091954023
main_mean4,bciciv2a,atcnet,ea_forward,Mean4,full_test,43,10.632183908045977
main_mean4,bciciv2a,atcnet,ea_forward,Mean4,full_test,44,12.404214559386974
main_mean4,bciciv2a,atcnet,ea_forward,Mean4,full_test,45,15.948275862068966
main_mean4,bciciv2a,atcnet,ea_forward,Mean4,full_test,46,3.9750957854406135
main_mean4,bciciv2a,conformer,madry,Mean4,full_test,42,18.63026819923372
main_mean4,bciciv2a,conformer,madry,Mean4,full_test,43,16.379310344827587
main_mean4,bciciv2a,conformer,madry,Mean4,full_test,44,19.492337164750957
main_mean4,bciciv2a,conformer,madry,Mean4,full_test,45,19.157088122605366
main_mean4,bciciv2a,conformer,madry,Mean4,full_test,46,17.720306513409962
main_mean4,bciciv2a,conformer,trades,Mean4,full_test,42,4.789272030651341
main_mean4,bciciv2a,conformer,trades,Mean4,full_test,43,5.986590038314176
main_mean4,bciciv2a,conformer,trades,Mean4,full_test,44,5.411877394636015
main_mean4,bciciv2a,conformer,trades,Mean4,full_test,45,5.363984674329501
main_mean4,bciciv2a,conformer,trades,Mean4,full_test,46,4.454022988505748
main_mean4,bciciv2a,conformer,fbf,Mean4,full_test,42,9.961685823754788
main_mean4,bciciv2a,conformer,fbf,Mean4,full_test,43,9.291187739463602
main_mean4,bciciv2a,conformer,fbf,Mean4,full_test,44,13.745210727969347
main_mean4,bciciv2a,conformer,fbf,Mean4,full_test,45,9.434865900383143
main_mean4,bciciv2a,conformer,fbf,Mean4,full_test,46,10.488505747126437
main_mean4,bciciv2a,conformer,ea_forward,Mean4,full_test,42,12.5
main_mean4,bciciv2a,conformer,ea_forward,Mean4,full_test,43,7.183908045977011
main_mean4,bciciv2a,conformer,ea_forward,Mean4,full_test,44,19.82758620689655
main_mean4,bciciv2a,conformer,ea_forward,Mean4,full_test,45,15.373563218390803
main_mean4,bciciv2a,conformer,ea_forward,Mean4,full_test,46,6.082375478927203
main_mean4,bciciv2a,tcnet,madry,Mean4,full_test,42,6.8486590038314175
main_mean4,bciciv2a,tcnet,madry,Mean4,full_test,43,22.940613026819925
main_mean4,bciciv2a,tcnet,madry,Mean4,full_test,44,4.980842911877394
main_mean4,bciciv2a,tcnet,madry,Mean4,full_test,45,6.321839080459771
main_mean4,bciciv2a,tcnet,madry,Mean4,full_test,46,19.97126436781609
main_mean4,bciciv2a,tcnet,trades,Mean4,full_test,42,4.501915708812261
main_mean4,bciciv2a,tcnet,trades,Mean4,full_test,43,4.262452107279693
main_mean4,bciciv2a,tcnet,trades,Mean4,full_test,44,4.789272030651341
main_mean4,bciciv2a,tcnet,trades,Mean4,full_test,45,4.166666666666666
main_mean4,bciciv2a,tcnet,trades,Mean4,full_test,46,4.693486590038314
main_mean4,bciciv2a,tcnet,fbf,Mean4,full_test,42,11.781609195402298
main_mean4,bciciv2a,tcnet,fbf,Mean4,full_test,43,9.865900383141762
main_mean4,bciciv2a,tcnet,fbf,Mean4,full_test,44,11.685823754789272
main_mean4,bciciv2a,tcnet,fbf,Mean4,full_test,45,10.967432950191572
main_mean4,bciciv2a,tcnet,fbf,Mean4,full_test,46,12.164750957854405
main_mean4,bciciv2a,tcnet,ea_forward,Mean4,full_test,42,4.454022988505748
main_mean4,bciciv2a,tcnet,ea_forward,Mean4,full_test,43,10.632183908045977
main_mean4,bciciv2a,tcnet,ea_forward,Mean4,full_test,44,3.9272030651340994
main_mean4,bciciv2a,tcnet,ea_forward,Mean4,full_test,45,4.118773946360153
main_mean4,bciciv2a,tcnet,ea_forward,Mean4,full_test,46,9.051724137931034
main_linf3,thubenchmark,eegnet,madry,MeanLinf3,full_test,42,77.56970453599668
main_linf3,thubenchmark,eegnet,madry,MeanLinf3,full_test,43,79.8015873015873
main_linf3,thubenchmark,eegnet,madry,MeanLinf3,full_test,44,78.33333333333333
main_linf3,thubenchmark,eegnet,madry,MeanLinf3,full_test,45,78.61111111111111
main_linf3,thubenchmark,eegnet,madry,MeanLinf3,full_test,46,78.92857142857143
main_linf3,thubenchmark,eegnet,trades,MeanLinf3,full_test,42,68.24802330420307
main_linf3,thubenchmark,eegnet,trades,MeanLinf3,full_test,43,67.26190476190476
main_linf3,thubenchmark,eegnet,trades,MeanLinf3,full_test,44,66.86507936507937
main_linf3,thubenchmark,eegnet,trades,MeanLinf3,full_test,45,68.25396825396825
main_linf3,thubenchmark,eegnet,trades,MeanLinf3,full_test,46,67.81746031746032
main_linf3,thubenchmark,eegnet,fbf,MeanLinf3,full_test,42,57.053682896379534
main_linf3,thubenchmark,eegnet,fbf,MeanLinf3,full_test,43,57.81746031746031
main_linf3,thubenchmark,eegnet,fbf,MeanLinf3,full_test,44,54.801587301587304
main_linf3,thubenchmark,eegnet,fbf,MeanLinf3,full_test,45,58.92857142857143
main_linf3,thubenchmark,eegnet,fbf,MeanLinf3,full_test,46,58.96825396825397
main_linf3,thubenchmark,eegnet,ea_forward,MeanLinf3,full_test,42,36.995422388680815
main_linf3,thubenchmark,eegnet,ea_forward,MeanLinf3,full_test,43,37.53968253968254
main_linf3,thubenchmark,eegnet,ea_forward,MeanLinf3,full_test,44,36.547619047619044
main_linf3,thubenchmark,eegnet,ea_forward,MeanLinf3,full_test,45,38.88888888888889
main_linf3,thubenchmark,eegnet,ea_forward,MeanLinf3,full_test,46,36.904761904761905
main_linf3,thubenchmark,eegnet,RPCF+TNP-r25,MeanLinf3,subset_n512,42,83.3984375
main_linf3,thubenchmark,eegnet,RPCF+TNP-r25,MeanLinf3,subset_n512,43,83.07291666666666
main_linf3,thubenchmark,eegnet,RPCF+TNP-r25,MeanLinf3,subset_n512,44,81.18489583333334
main_linf3,thubenchmark,eegnet,RPCF+TNP-r25,MeanLinf3,subset_n512,45,80.59895833333334
main_linf3,thubenchmark,eegnet,RPCF+TNP-r25,MeanLinf3,subset_n512,46,82.55208333333334
main_linf3,thubenchmark,eegnet,RPCF+TNP-r30,MeanLinf3,subset_n512,42,82.8125
main_linf3,thubenchmark,eegnet,RPCF+TNP-r30,MeanLinf3,subset_n512,43,83.0078125
main_linf3,thubenchmark,eegnet,RPCF+TNP-r30,MeanLinf3,subset_n512,44,80.92447916666666
main_linf3,thubenchmark,eegnet,RPCF+TNP-r30,MeanLinf3,subset_n512,45,79.81770833333334
main_linf3,thubenchmark,eegnet,RPCF+TNP-r30,MeanLinf3,subset_n512,46,82.55208333333334
main_linf3,thubenchmark,deepconvnet,madry,MeanLinf3,full_test,42,76.52933832709114
main_linf3,thubenchmark,deepconvnet,madry,MeanLinf3,full_test,43,77.42063492063491
main_linf3,thubenchmark,deepconvnet,madry,MeanLinf3,full_test,44,74.84126984126985
main_linf3,thubenchmark,deepconvnet,madry,MeanLinf3,full_test,45,76.07142857142857
main_linf3,thubenchmark,deepconvnet,madry,MeanLinf3,full_test,46,79.28571428571428
main_linf3,thubenchmark,deepconvnet,trades,MeanLinf3,full_test,42,71.82688306283812
main_linf3,thubenchmark,deepconvnet,trades,MeanLinf3,full_test,43,63.13492063492063
main_linf3,thubenchmark,deepconvnet,trades,MeanLinf3,full_test,44,67.30158730158729
main_linf3,thubenchmark,deepconvnet,trades,MeanLinf3,full_test,45,68.33333333333333
main_linf3,thubenchmark,deepconvnet,trades,MeanLinf3,full_test,46,67.57936507936509
main_linf3,thubenchmark,deepconvnet,fbf,MeanLinf3,full_test,42,54.76487723678735
main_linf3,thubenchmark,deepconvnet,fbf,MeanLinf3,full_test,43,54.007936507936506
main_linf3,thubenchmark,deepconvnet,fbf,MeanLinf3,full_test,44,60.87301587301588
main_linf3,thubenchmark,deepconvnet,fbf,MeanLinf3,full_test,45,58.05555555555556
main_linf3,thubenchmark,deepconvnet,fbf,MeanLinf3,full_test,46,59.404761904761905
main_linf3,thubenchmark,deepconvnet,ea_forward,MeanLinf3,full_test,42,22.51352476071577
main_linf3,thubenchmark,deepconvnet,ea_forward,MeanLinf3,full_test,43,20.753968253968257
main_linf3,thubenchmark,deepconvnet,ea_forward,MeanLinf3,full_test,44,20.1984126984127
main_linf3,thubenchmark,deepconvnet,ea_forward,MeanLinf3,full_test,45,21.904761904761905
main_linf3,thubenchmark,deepconvnet,ea_forward,MeanLinf3,full_test,46,20.912698412698415
main_linf3,thubenchmark,deepconvnet,RPCF+TNP-r25,MeanLinf3,subset_n512,42,79.6875
main_linf3,thubenchmark,deepconvnet,RPCF+TNP-r25,MeanLinf3,subset_n512,43,80.01302083333334
main_linf3,thubenchmark,deepconvnet,RPCF+TNP-r25,MeanLinf3,subset_n512,44,80.46875
main_linf3,thubenchmark,deepconvnet,RPCF+TNP-r25,MeanLinf3,subset_n512,45,77.5390625
main_linf3,thubenchmark,deepconvnet,RPCF+TNP-r25,MeanLinf3,subset_n512,46,80.53385416666666
main_linf3,thubenchmark,deepconvnet,RPCF+TNP-r30,MeanLinf3,subset_n512,42,79.62239583333334
main_linf3,thubenchmark,deepconvnet,RPCF+TNP-r30,MeanLinf3,subset_n512,43,79.81770833333334
main_linf3,thubenchmark,deepconvnet,RPCF+TNP-r30,MeanLinf3,subset_n512,44,80.078125
main_linf3,thubenchmark,deepconvnet,RPCF+TNP-r30,MeanLinf3,subset_n512,45,77.5390625
main_linf3,thubenchmark,deepconvnet,RPCF+TNP-r30,MeanLinf3,subset_n512,46,80.20833333333334
main_linf3,thubenchmark,tsception,madry,MeanLinf3,full_test,42,43.570536828963796
main_linf3,thubenchmark,tsception,madry,MeanLinf3,full_test,43,40.595238095238095
main_linf3,thubenchmark,tsception,madry,MeanLinf3,full_test,44,40.03968253968254
main_linf3,thubenchmark,tsception,madry,MeanLinf3,full_test,45,46.388888888888886
main_linf3,thubenchmark,tsception,madry,MeanLinf3,full_test,46,39.08730158730159
main_linf3,thubenchmark,tsception,trades,MeanLinf3,full_test,42,9.654598418643362
main_linf3,thubenchmark,tsception,trades,MeanLinf3,full_test,43,12.222222222222221
main_linf3,thubenchmark,tsception,trades,MeanLinf3,full_test,44,10.912698412698413
main_linf3,thubenchmark,tsception,trades,MeanLinf3,full_test,45,13.412698412698413
main_linf3,thubenchmark,tsception,trades,MeanLinf3,full_test,46,13.531746031746032
main_linf3,thubenchmark,tsception,fbf,MeanLinf3,full_test,42,4.535996670828131
main_linf3,thubenchmark,tsception,fbf,MeanLinf3,full_test,43,8.69047619047619
main_linf3,thubenchmark,tsception,fbf,MeanLinf3,full_test,44,9.761904761904763
main_linf3,thubenchmark,tsception,fbf,MeanLinf3,full_test,45,7.579365079365079
main_linf3,thubenchmark,tsception,fbf,MeanLinf3,full_test,46,7.420634920634921
main_linf3,thubenchmark,tsception,ea_forward,MeanLinf3,full_test,42,1.6229712858926344
main_linf3,thubenchmark,tsception,ea_forward,MeanLinf3,full_test,43,1.5476190476190477
main_linf3,thubenchmark,tsception,ea_forward,MeanLinf3,full_test,44,2.142857142857143
main_linf3,thubenchmark,tsception,ea_forward,MeanLinf3,full_test,45,1.7063492063492063
main_linf3,thubenchmark,tsception,ea_forward,MeanLinf3,full_test,46,1.7857142857142856
main_linf3,thubenchmark,tsception,RPCF+TNP-r25,MeanLinf3,subset_n512,42,49.93489583333333
main_linf3,thubenchmark,tsception,RPCF+TNP-r25,MeanLinf3,subset_n512,43,48.76302083333333
main_linf3,thubenchmark,tsception,RPCF+TNP-r25,MeanLinf3,subset_n512,44,46.74479166666667
main_linf3,thubenchmark,tsception,RPCF+TNP-r25,MeanLinf3,subset_n512,45,48.6328125
main_linf3,thubenchmark,tsception,RPCF+TNP-r25,MeanLinf3,subset_n512,46,50.1953125
main_linf3,thubenchmark,tsception,RPCF+TNP-r30,MeanLinf3,subset_n512,42,48.2421875
main_linf3,thubenchmark,tsception,RPCF+TNP-r30,MeanLinf3,subset_n512,43,47.13541666666667
main_linf3,thubenchmark,tsception,RPCF+TNP-r30,MeanLinf3,subset_n512,44,45.8984375
main_linf3,thubenchmark,tsception,RPCF+TNP-r30,MeanLinf3,subset_n512,45,46.61458333333333
main_linf3,thubenchmark,tsception,RPCF+TNP-r30,MeanLinf3,subset_n512,46,47.72135416666667
main_linf3,thubenchmark,atcnet,madry,MeanLinf3,full_test,42,88.34789846025801
main_linf3,thubenchmark,atcnet,madry,MeanLinf3,full_test,43,85.35714285714285
main_linf3,thubenchmark,atcnet,madry,MeanLinf3,full_test,44,84.64285714285714
main_linf3,thubenchmark,atcnet,madry,MeanLinf3,full_test,45,85.47619047619047
main_linf3,thubenchmark,atcnet,madry,MeanLinf3,full_test,46,86.98412698412699
main_linf3,thubenchmark,atcnet,trades,MeanLinf3,full_test,42,82.18893050353725
main_linf3,thubenchmark,atcnet,trades,MeanLinf3,full_test,43,78.76984126984127
main_linf3,thubenchmark,atcnet,trades,MeanLinf3,full_test,44,81.66666666666667
main_linf3,thubenchmark,atcnet,trades,MeanLinf3,full_test,45,77.89682539682539
main_linf3,thubenchmark,atcnet,trades,MeanLinf3,full_test,46,77.34126984126985
main_linf3,thubenchmark,atcnet,fbf,MeanLinf3,full_test,42,73.40823970037454
main_linf3,thubenchmark,atcnet,fbf,MeanLinf3,full_test,43,69.72222222222221
main_linf3,thubenchmark,atcnet,fbf,MeanLinf3,full_test,44,70.51587301587301
main_linf3,thubenchmark,atcnet,fbf,MeanLinf3,full_test,45,71.30952380952381
main_linf3,thubenchmark,atcnet,fbf,MeanLinf3,full_test,46,71.58730158730158
main_linf3,thubenchmark,atcnet,ea_forward,MeanLinf3,full_test,42,40.28297960882231
main_linf3,thubenchmark,atcnet,ea_forward,MeanLinf3,full_test,43,39.76190476190476
main_linf3,thubenchmark,atcnet,ea_forward,MeanLinf3,full_test,44,40.87301587301587
main_linf3,thubenchmark,atcnet,ea_forward,MeanLinf3,full_test,45,0.35714285714285715
main_linf3,thubenchmark,atcnet,ea_forward,MeanLinf3,full_test,46,41.42857142857142
main_linf3,thubenchmark,atcnet,RPCF+TNP-r25,MeanLinf3,subset_n512,42,87.04427083333334
main_linf3,thubenchmark,atcnet,RPCF+TNP-r25,MeanLinf3,subset_n512,43,85.48177083333334
main_linf3,thubenchmark,atcnet,RPCF+TNP-r25,MeanLinf3,subset_n512,44,85.02604166666666
main_linf3,thubenchmark,atcnet,RPCF+TNP-r25,MeanLinf3,subset_n512,45,83.7890625
main_linf3,thubenchmark,atcnet,RPCF+TNP-r25,MeanLinf3,subset_n512,46,85.61197916666666
main_linf3,thubenchmark,atcnet,RPCF+TNP-r30,MeanLinf3,subset_n512,42,87.56510416666666
main_linf3,thubenchmark,atcnet,RPCF+TNP-r30,MeanLinf3,subset_n512,43,86.26302083333334
main_linf3,thubenchmark,atcnet,RPCF+TNP-r30,MeanLinf3,subset_n512,44,85.22135416666666
main_linf3,thubenchmark,atcnet,RPCF+TNP-r30,MeanLinf3,subset_n512,45,83.65885416666666
main_linf3,thubenchmark,atcnet,RPCF+TNP-r30,MeanLinf3,subset_n512,46,85.48177083333334
main_linf3,thubenchmark,conformer,madry,MeanLinf3,full_test,42,76.57095297544736
main_linf3,thubenchmark,conformer,madry,MeanLinf3,full_test,43,78.13492063492063
main_linf3,thubenchmark,conformer,madry,MeanLinf3,full_test,44,75.51587301587301
main_linf3,thubenchmark,conformer,madry,MeanLinf3,full_test,45,78.37301587301587
main_linf3,thubenchmark,conformer,madry,MeanLinf3,full_test,46,75.39682539682539
main_linf3,thubenchmark,conformer,trades,MeanLinf3,full_test,42,52.10153974198918
main_linf3,thubenchmark,conformer,trades,MeanLinf3,full_test,43,61.349206349206355
main_linf3,thubenchmark,conformer,trades,MeanLinf3,full_test,44,58.76984126984127
main_linf3,thubenchmark,conformer,trades,MeanLinf3,full_test,45,69.36507936507937
main_linf3,thubenchmark,conformer,trades,MeanLinf3,full_test,46,68.01587301587301
main_linf3,thubenchmark,conformer,fbf,MeanLinf3,full_test,42,58.96795672076571
main_linf3,thubenchmark,conformer,fbf,MeanLinf3,full_test,43,63.17460317460317
main_linf3,thubenchmark,conformer,fbf,MeanLinf3,full_test,44,53.29365079365079
main_linf3,thubenchmark,conformer,fbf,MeanLinf3,full_test,45,54.52380952380952
main_linf3,thubenchmark,conformer,fbf,MeanLinf3,full_test,46,60.952380952380956
main_linf3,thubenchmark,conformer,ea_forward,MeanLinf3,full_test,42,31.127756970453603
main_linf3,thubenchmark,conformer,ea_forward,MeanLinf3,full_test,43,30.753968253968257
main_linf3,thubenchmark,conformer,ea_forward,MeanLinf3,full_test,44,2.0238095238095237
main_linf3,thubenchmark,conformer,ea_forward,MeanLinf3,full_test,45,0.7142857142857143
main_linf3,thubenchmark,conformer,ea_forward,MeanLinf3,full_test,46,33.01587301587301
main_linf3,thubenchmark,conformer,RPCF+TNP-r25,MeanLinf3,subset_n512,42,79.42708333333334
main_linf3,thubenchmark,conformer,RPCF+TNP-r25,MeanLinf3,subset_n512,43,80.72916666666666
main_linf3,thubenchmark,conformer,RPCF+TNP-r25,MeanLinf3,subset_n512,44,78.84114583333334
main_linf3,thubenchmark,conformer,RPCF+TNP-r25,MeanLinf3,subset_n512,45,77.27864583333334
main_linf3,thubenchmark,conformer,RPCF+TNP-r25,MeanLinf3,subset_n512,46,80.40364583333334
main_linf3,thubenchmark,conformer,RPCF+TNP-r30,MeanLinf3,subset_n512,42,79.03645833333334
main_linf3,thubenchmark,conformer,RPCF+TNP-r30,MeanLinf3,subset_n512,43,80.20833333333334
main_linf3,thubenchmark,conformer,RPCF+TNP-r30,MeanLinf3,subset_n512,44,79.03645833333334
main_linf3,thubenchmark,conformer,RPCF+TNP-r30,MeanLinf3,subset_n512,45,77.01822916666666
main_linf3,thubenchmark,conformer,RPCF+TNP-r30,MeanLinf3,subset_n512,46,80.14322916666666
main_linf3,thubenchmark,tcnet,madry,MeanLinf3,full_test,42,47.2742405326675
main_linf3,thubenchmark,tcnet,madry,MeanLinf3,full_test,43,51.34920634920634
main_linf3,thubenchmark,tcnet,madry,MeanLinf3,full_test,44,51.507936507936506
main_linf3,thubenchmark,tcnet,madry,MeanLinf3,full_test,45,45.5952380952381
main_linf3,thubenchmark,tcnet,madry,MeanLinf3,full_test,46,51.507936507936506
main_linf3,thubenchmark,tcnet,trades,MeanLinf3,full_test,42,24.594257178526842
main_linf3,thubenchmark,tcnet,trades,MeanLinf3,full_test,43,27.420634920634924
main_linf3,thubenchmark,tcnet,trades,MeanLinf3,full_test,44,26.30952380952381
main_linf3,thubenchmark,tcnet,trades,MeanLinf3,full_test,45,29.682539682539684
main_linf3,thubenchmark,tcnet,trades,MeanLinf3,full_test,46,31.071428571428573
main_linf3,thubenchmark,tcnet,fbf,MeanLinf3,full_test,42,26.508531002913028
main_linf3,thubenchmark,tcnet,fbf,MeanLinf3,full_test,43,29.88095238095238
main_linf3,thubenchmark,tcnet,fbf,MeanLinf3,full_test,44,26.42857142857143
main_linf3,thubenchmark,tcnet,fbf,MeanLinf3,full_test,45,27.61904761904762
main_linf3,thubenchmark,tcnet,fbf,MeanLinf3,full_test,46,27.500000000000004
main_linf3,thubenchmark,tcnet,ea_forward,MeanLinf3,full_test,42,0.04161464835622139
main_linf3,thubenchmark,tcnet,ea_forward,MeanLinf3,full_test,43,0.9126984126984126
main_linf3,thubenchmark,tcnet,ea_forward,MeanLinf3,full_test,44,0.9523809523809524
main_linf3,thubenchmark,tcnet,ea_forward,MeanLinf3,full_test,45,0.15873015873015872
main_linf3,thubenchmark,tcnet,ea_forward,MeanLinf3,full_test,46,0.11904761904761905
main_linf3,thubenchmark,tcnet,RPCF+TNP-r25,MeanLinf3,subset_n512,42,60.15625
main_linf3,thubenchmark,tcnet,RPCF+TNP-r25,MeanLinf3,subset_n512,43,64.77864583333334
main_linf3,thubenchmark,tcnet,RPCF+TNP-r25,MeanLinf3,subset_n512,44,59.5703125
main_linf3,thubenchmark,tcnet,RPCF+TNP-r25,MeanLinf3,subset_n512,45,55.078125
main_linf3,thubenchmark,tcnet,RPCF+TNP-r25,MeanLinf3,subset_n512,46,60.15625
main_linf3,thubenchmark,tcnet,RPCF+TNP-r30,MeanLinf3,subset_n512,42,60.026041666666664
main_linf3,thubenchmark,tcnet,RPCF+TNP-r30,MeanLinf3,subset_n512,43,64.51822916666666
main_linf3,thubenchmark,tcnet,RPCF+TNP-r30,MeanLinf3,subset_n512,44,57.552083333333336
main_linf3,thubenchmark,tcnet,RPCF+TNP-r30,MeanLinf3,subset_n512,45,53.841145833333336
main_linf3,thubenchmark,tcnet,RPCF+TNP-r30,MeanLinf3,subset_n512,46,58.7890625
main_linf3,seediv,eegnet,madry,MeanLinf3,full_test,42,28.764940239043824
main_linf3,seediv,eegnet,madry,MeanLinf3,full_test,43,29.46436476316954
main_linf3,seediv,eegnet,madry,MeanLinf3,full_test,44,22.49667994687915
main_linf3,seediv,eegnet,madry,MeanLinf3,full_test,45,25.285524568393093
main_linf3,seediv,eegnet,madry,MeanLinf3,full_test,46,20.371845949535192
main_linf3,seediv,eegnet,trades,MeanLinf3,full_test,42,2.045152722443559
main_linf3,seediv,eegnet,trades,MeanLinf3,full_test,43,2.0185922974767596
main_linf3,seediv,eegnet,trades,MeanLinf3,full_test,44,1.7529880478087652
main_linf3,seediv,eegnet,trades,MeanLinf3,full_test,45,2.0097388224878268
main_linf3,seediv,eegnet,trades,MeanLinf3,full_test,46,1.9654714475431607
main_linf3,seediv,eegnet,fbf,MeanLinf3,full_test,42,10.88092076139885
main_linf3,seediv,eegnet,fbf,MeanLinf3,full_test,43,8.60557768924303
main_linf3,seediv,eegnet,fbf,MeanLinf3,full_test,44,9.065958388667553
main_linf3,seediv,eegnet,fbf,MeanLinf3,full_test,45,8.818061088977423
main_linf3,seediv,eegnet,fbf,MeanLinf3,full_test,46,10.243470562195663
main_linf3,seediv,eegnet,ea_forward,MeanLinf3,full_test,42,27.11819389110226
main_linf3,seediv,eegnet,ea_forward,MeanLinf3,full_test,43,17.751217352810976
main_linf3,seediv,eegnet,ea_forward,MeanLinf3,full_test,44,19.85834440017707
main_linf3,seediv,eegnet,ea_forward,MeanLinf3,full_test,45,26.347941567065075
main_linf3,seediv,eegnet,ea_forward,MeanLinf3,full_test,46,22.408145196989818
main_linf3,seediv,eegnet,RPCF+TNP-r25,MeanLinf3,subset_n512,42,30.078125
main_linf3,seediv,eegnet,RPCF+TNP-r25,MeanLinf3,subset_n512,43,32.421875
main_linf3,seediv,eegnet,RPCF+TNP-r25,MeanLinf3,subset_n512,44,28.776041666666668
main_linf3,seediv,eegnet,RPCF+TNP-r25,MeanLinf3,subset_n512,45,35.15625
main_linf3,seediv,eegnet,RPCF+TNP-r25,MeanLinf3,subset_n512,46,32.35677083333333
main_linf3,seediv,eegnet,RPCF+TNP-r30,MeanLinf3,subset_n512,42,29.1015625
main_linf3,seediv,eegnet,RPCF+TNP-r30,MeanLinf3,subset_n512,43,32.35677083333333
main_linf3,seediv,eegnet,RPCF+TNP-r30,MeanLinf3,subset_n512,44,27.669270833333332
main_linf3,seediv,eegnet,RPCF+TNP-r30,MeanLinf3,subset_n512,45,33.91927083333333
main_linf3,seediv,eegnet,RPCF+TNP-r30,MeanLinf3,subset_n512,46,31.966145833333332
main_linf3,seediv,deepconvnet,madry,MeanLinf3,full_test,42,22.60292164674635
main_linf3,seediv,deepconvnet,madry,MeanLinf3,full_test,43,23.107569721115535
main_linf3,seediv,deepconvnet,madry,MeanLinf3,full_test,44,20.805666223992915
main_linf3,seediv,deepconvnet,madry,MeanLinf3,full_test,45,23.886675520141655
main_linf3,seediv,deepconvnet,madry,MeanLinf3,full_test,46,24.12571934484285
main_linf3,seediv,deepconvnet,trades,MeanLinf3,full_test,42,1.1243913235945109
main_linf3,seediv,deepconvnet,trades,MeanLinf3,full_test,43,1.0978308986277112
main_linf3,seediv,deepconvnet,trades,MeanLinf3,full_test,44,0.7436918990703851
main_linf3,seediv,deepconvnet,trades,MeanLinf3,full_test,45,0.9473218238158477
main_linf3,seediv,deepconvnet,trades,MeanLinf3,full_test,46,1.2660469234174414
main_linf3,seediv,deepconvnet,fbf,MeanLinf3,full_test,42,4.32049579459938
main_linf3,seediv,deepconvnet,fbf,MeanLinf3,full_test,43,4.506418769366976
main_linf3,seediv,deepconvnet,fbf,MeanLinf3,full_test,44,3.5856573705179278
main_linf3,seediv,deepconvnet,fbf,MeanLinf3,full_test,45,5.648517042939354
main_linf3,seediv,deepconvnet,fbf,MeanLinf3,full_test,46,4.0194776449756535
main_linf3,seediv,deepconvnet,ea_forward,MeanLinf3,full_test,42,14.77644975652944
main_linf3,seediv,deepconvnet,ea_forward,MeanLinf3,full_test,43,17.768924302788843
main_linf3,seediv,deepconvnet,ea_forward,MeanLinf3,full_test,44,18.362107127047366
main_linf3,seediv,deepconvnet,ea_forward,MeanLinf3,full_test,45,19.247454625940684
main_linf3,seediv,deepconvnet,ea_forward,MeanLinf3,full_test,46,14.36033643204958
main_linf3,seediv,deepconvnet,RPCF+TNP-r25,MeanLinf3,subset_n512,42,24.21875
main_linf3,seediv,deepconvnet,RPCF+TNP-r25,MeanLinf3,subset_n512,43,27.9296875
main_linf3,seediv,deepconvnet,RPCF+TNP-r25,MeanLinf3,subset_n512,44,26.041666666666668
main_linf3,seediv,deepconvnet,RPCF+TNP-r25,MeanLinf3,subset_n512,45,27.1484375
main_linf3,seediv,deepconvnet,RPCF+TNP-r25,MeanLinf3,subset_n512,46,27.604166666666668
main_linf3,seediv,deepconvnet,RPCF+TNP-r30,MeanLinf3,subset_n512,42,23.828125
main_linf3,seediv,deepconvnet,RPCF+TNP-r30,MeanLinf3,subset_n512,43,26.822916666666668
main_linf3,seediv,deepconvnet,RPCF+TNP-r30,MeanLinf3,subset_n512,44,25.520833333333332
main_linf3,seediv,deepconvnet,RPCF+TNP-r30,MeanLinf3,subset_n512,45,26.7578125
main_linf3,seediv,deepconvnet,RPCF+TNP-r30,MeanLinf3,subset_n512,46,26.888020833333332
main_linf3,seediv,tsception,madry,MeanLinf3,full_test,42,32.89065958388668
main_linf3,seediv,tsception,madry,MeanLinf3,full_test,43,32.74015050907481
main_linf3,seediv,tsception,madry,MeanLinf3,full_test,44,31.85480301018149
main_linf3,seediv,tsception,madry,MeanLinf3,full_test,45,33.97078353253652
main_linf3,seediv,tsception,madry,MeanLinf3,full_test,46,33.76715360779106
main_linf3,seediv,tsception,trades,MeanLinf3,full_test,42,0.6640106241699867
main_linf3,seediv,tsception,trades,MeanLinf3,full_test,43,0.619743249225321
main_linf3,seediv,tsception,trades,MeanLinf3,full_test,44,0.6551571491810536
main_linf3,seediv,tsception,trades,MeanLinf3,full_test,45,0.5577689243027889
main_linf3,seediv,tsception,trades,MeanLinf3,full_test,46,0.9561752988047808
main_linf3,seediv,tsception,fbf,MeanLinf3,full_test,42,4.152279769809651
main_linf3,seediv,tsception,fbf,MeanLinf3,full_test,43,4.01062416998672
main_linf3,seediv,tsception,fbf,MeanLinf3,full_test,44,4.046038069942453
main_linf3,seediv,tsception,fbf,MeanLinf3,full_test,45,4.550686144311642
main_linf3,seediv,tsception,fbf,MeanLinf3,full_test,46,5.011066843736167
main_linf3,seediv,tsception,ea_forward,MeanLinf3,full_test,42,26.693227091633464
main_linf3,seediv,tsception,ea_forward,MeanLinf3,full_test,43,27.091633466135455
main_linf3,seediv,tsception,ea_forward,MeanLinf3,full_test,44,27.03851261620186
main_linf3,seediv,tsception,ea_forward,MeanLinf3,full_test,45,27.18902169101372
main_linf3,seediv,tsception,ea_forward,MeanLinf3,full_test,46,27.25099601593626
main_linf3,seediv,tsception,RPCF+TNP-r25,MeanLinf3,subset_n512,42,35.87239583333333
main_linf3,seediv,tsception,RPCF+TNP-r25,MeanLinf3,subset_n512,43,35.9375
main_linf3,seediv,tsception,RPCF+TNP-r25,MeanLinf3,subset_n512,44,34.50520833333333
main_linf3,seediv,tsception,RPCF+TNP-r25,MeanLinf3,subset_n512,45,42.96875
main_linf3,seediv,tsception,RPCF+TNP-r25,MeanLinf3,subset_n512,46,36.71875
main_linf3,seediv,tsception,RPCF+TNP-r30,MeanLinf3,subset_n512,42,34.89583333333333
main_linf3,seediv,tsception,RPCF+TNP-r30,MeanLinf3,subset_n512,43,36.00260416666667
main_linf3,seediv,tsception,RPCF+TNP-r30,MeanLinf3,subset_n512,44,33.65885416666667
main_linf3,seediv,tsception,RPCF+TNP-r30,MeanLinf3,subset_n512,45,41.92708333333333
main_linf3,seediv,tsception,RPCF+TNP-r30,MeanLinf3,subset_n512,46,37.04427083333333
main_linf3,seediv,atcnet,madry,MeanLinf3,full_test,42,27.702523240371846
main_linf3,seediv,atcnet,madry,MeanLinf3,full_test,43,28.738379814077025
main_linf3,seediv,atcnet,madry,MeanLinf3,full_test,44,28.463922089420095
main_linf3,seediv,atcnet,madry,MeanLinf3,full_test,45,29.42895086321381
main_linf3,seediv,atcnet,madry,MeanLinf3,full_test,46,27.056219566179724
main_linf3,seediv,atcnet,trades,MeanLinf3,full_test,42,2.231075697211155
main_linf3,seediv,atcnet,trades,MeanLinf3,full_test,43,2.611775121735281
main_linf3,seediv,atcnet,trades,MeanLinf3,full_test,44,1.8680832226648962
main_linf3,seediv,atcnet,trades,MeanLinf3,full_test,45,2.5940681717574146
main_linf3,seediv,atcnet,trades,MeanLinf3,full_test,46,2.363877822045153
main_linf3,seediv,atcnet,fbf,MeanLinf3,full_test,42,6.604692341744133
main_linf3,seediv,atcnet,fbf,MeanLinf3,full_test,43,6.994245241257194
main_linf3,seediv,atcnet,fbf,MeanLinf3,full_test,44,5.710491367861885
main_linf3,seediv,atcnet,fbf,MeanLinf3,full_test,45,6.772908366533864
main_linf3,seediv,atcnet,fbf,MeanLinf3,full_test,46,6.507304116865869
main_linf3,seediv,atcnet,ea_forward,MeanLinf3,full_test,42,11.465250110668437
main_linf3,seediv,atcnet,ea_forward,MeanLinf3,full_test,43,24.869411243913234
main_linf3,seediv,atcnet,ea_forward,MeanLinf3,full_test,44,16.750774679061532
main_linf3,seediv,atcnet,ea_forward,MeanLinf3,full_test,45,23.824701195219124
main_linf3,seediv,atcnet,ea_forward,MeanLinf3,full_test,46,25.489154493138557
main_linf3,seediv,atcnet,RPCF+TNP-r25,MeanLinf3,subset_n512,42,31.380208333333332
main_linf3,seediv,atcnet,RPCF+TNP-r25,MeanLinf3,subset_n512,43,33.52864583333333
main_linf3,seediv,atcnet,RPCF+TNP-r25,MeanLinf3,subset_n512,44,33.7890625
main_linf3,seediv,atcnet,RPCF+TNP-r25,MeanLinf3,subset_n512,45,35.87239583333333
main_linf3,seediv,atcnet,RPCF+TNP-r25,MeanLinf3,subset_n512,46,30.2734375
main_linf3,seediv,atcnet,RPCF+TNP-r30,MeanLinf3,subset_n512,42,31.4453125
main_linf3,seediv,atcnet,RPCF+TNP-r30,MeanLinf3,subset_n512,43,32.68229166666667
main_linf3,seediv,atcnet,RPCF+TNP-r30,MeanLinf3,subset_n512,44,33.65885416666667
main_linf3,seediv,atcnet,RPCF+TNP-r30,MeanLinf3,subset_n512,45,34.765625
main_linf3,seediv,atcnet,RPCF+TNP-r30,MeanLinf3,subset_n512,46,30.208333333333332
main_linf3,seediv,conformer,madry,MeanLinf3,full_test,42,35.900841080123946
main_linf3,seediv,conformer,madry,MeanLinf3,full_test,43,35.62638335546702
main_linf3,seediv,conformer,madry,MeanLinf3,full_test,44,33.59008410801239
main_linf3,seediv,conformer,madry,MeanLinf3,full_test,45,34.72332890659584
main_linf3,seediv,conformer,madry,MeanLinf3,full_test,46,35.73262505533422
main_linf3,seediv,conformer,trades,MeanLinf3,full_test,42,22.39043824701195
main_linf3,seediv,conformer,trades,MeanLinf3,full_test,43,21.549358123063303
main_linf3,seediv,conformer,trades,MeanLinf3,full_test,44,17.866312527667112
main_linf3,seediv,conformer,trades,MeanLinf3,full_test,45,16.13103142983621
main_linf3,seediv,conformer,trades,MeanLinf3,full_test,46,26.5958388667552
main_linf3,seediv,conformer,fbf,MeanLinf3,full_test,42,8.012394864984508
main_linf3,seediv,conformer,fbf,MeanLinf3,full_test,43,6.666666666666667
main_linf3,seediv,conformer,fbf,MeanLinf3,full_test,44,6.250553342186809
main_linf3,seediv,conformer,fbf,MeanLinf3,full_test,45,8.065515714918105
main_linf3,seediv,conformer,fbf,MeanLinf3,full_test,46,7.85303231518371
main_linf3,seediv,conformer,ea_forward,MeanLinf3,full_test,42,21.930057547587428
main_linf3,seediv,conformer,ea_forward,MeanLinf3,full_test,43,24.63922089420097
main_linf3,seediv,conformer,ea_forward,MeanLinf3,full_test,44,16.139884904825145
main_linf3,seediv,conformer,ea_forward,MeanLinf3,full_test,45,23.691899070385126
main_linf3,seediv,conformer,ea_forward,MeanLinf3,full_test,46,23.904382470119522
main_linf3,seediv,conformer,RPCF+TNP-r25,MeanLinf3,subset_n512,42,44.01041666666667
main_linf3,seediv,conformer,RPCF+TNP-r25,MeanLinf3,subset_n512,43,42.12239583333333
main_linf3,seediv,conformer,RPCF+TNP-r25,MeanLinf3,subset_n512,44,44.40104166666667
main_linf3,seediv,conformer,RPCF+TNP-r25,MeanLinf3,subset_n512,45,47.00520833333333
main_linf3,seediv,conformer,RPCF+TNP-r25,MeanLinf3,subset_n512,46,45.57291666666667
main_linf3,seediv,conformer,RPCF+TNP-r30,MeanLinf3,subset_n512,42,44.921875
main_linf3,seediv,conformer,RPCF+TNP-r30,MeanLinf3,subset_n512,43,42.96875
main_linf3,seediv,conformer,RPCF+TNP-r30,MeanLinf3,subset_n512,44,44.7265625
main_linf3,seediv,conformer,RPCF+TNP-r30,MeanLinf3,subset_n512,45,48.11197916666667
main_linf3,seediv,conformer,RPCF+TNP-r30,MeanLinf3,subset_n512,46,50.911458333333336
main_linf3,seediv,tcnet,madry,MeanLinf3,full_test,42,31.6688800354139
main_linf3,seediv,tcnet,madry,MeanLinf3,full_test,43,32.129260734838425
main_linf3,seediv,tcnet,madry,MeanLinf3,full_test,44,31.465250110668435
main_linf3,seediv,tcnet,madry,MeanLinf3,full_test,45,31.7220008853475
main_linf3,seediv,tcnet,madry,MeanLinf3,full_test,46,31.810535635236832
main_linf3,seediv,tcnet,trades,MeanLinf3,full_test,42,0.84108012394865
main_linf3,seediv,tcnet,trades,MeanLinf3,full_test,43,0.48694112439132364
main_linf3,seediv,tcnet,trades,MeanLinf3,full_test,44,0.5400619743249225
main_linf3,seediv,tcnet,trades,MeanLinf3,full_test,45,1.17751217352811
main_linf3,seediv,tcnet,trades,MeanLinf3,full_test,46,0.45152722443559096
main_linf3,seediv,tcnet,fbf,MeanLinf3,full_test,42,8.711819389110225
main_linf3,seediv,tcnet,fbf,MeanLinf3,full_test,43,8.658698539176626
main_linf3,seediv,tcnet,fbf,MeanLinf3,full_test,44,7.932713590084109
main_linf3,seediv,tcnet,fbf,MeanLinf3,full_test,45,8.233731739707835
main_linf3,seediv,tcnet,fbf,MeanLinf3,full_test,46,6.914563966356795
main_linf3,seediv,tcnet,ea_forward,MeanLinf3,full_test,42,21.434262948207174
main_linf3,seediv,tcnet,ea_forward,MeanLinf3,full_test,43,22.558654271801682
main_linf3,seediv,tcnet,ea_forward,MeanLinf3,full_test,44,22.390438247011954
main_linf3,seediv,tcnet,ea_forward,MeanLinf3,full_test,45,26.33908809207614
main_linf3,seediv,tcnet,ea_forward,MeanLinf3,full_test,46,19.93802567507747
main_linf3,seediv,tcnet,RPCF+TNP-r25,MeanLinf3,subset_n512,42,31.705729166666668
main_linf3,seediv,tcnet,RPCF+TNP-r25,MeanLinf3,subset_n512,43,32.94270833333333
main_linf3,seediv,tcnet,RPCF+TNP-r25,MeanLinf3,subset_n512,44,33.33333333333333
main_linf3,seediv,tcnet,RPCF+TNP-r25,MeanLinf3,subset_n512,45,34.11458333333333
main_linf3,seediv,tcnet,RPCF+TNP-r30,MeanLinf3,subset_n512,42,33.46354166666667
main_linf3,seediv,tcnet,RPCF+TNP-r30,MeanLinf3,subset_n512,43,32.94270833333333
main_linf3,seediv,tcnet,RPCF+TNP-r30,MeanLinf3,subset_n512,44,32.87760416666667
main_linf3,seediv,tcnet,RPCF+TNP-r30,MeanLinf3,subset_n512,45,35.02604166666667
main_linf3,bciciv2a,eegnet,madry,MeanLinf3,full_test,42,30.779054916985952
main_linf3,bciciv2a,eegnet,madry,MeanLinf3,full_test,43,25.862068965517242
main_linf3,bciciv2a,eegnet,madry,MeanLinf3,full_test,44,26.69220945083014
main_linf3,bciciv2a,eegnet,madry,MeanLinf3,full_test,45,31.48148148148148
main_linf3,bciciv2a,eegnet,madry,MeanLinf3,full_test,46,31.481481481481477
main_linf3,bciciv2a,eegnet,trades,MeanLinf3,full_test,42,5.236270753512132
main_linf3,bciciv2a,eegnet,trades,MeanLinf3,full_test,43,3.767560664112388
main_linf3,bciciv2a,eegnet,trades,MeanLinf3,full_test,44,4.022988505747127
main_linf3,bciciv2a,eegnet,trades,MeanLinf3,full_test,45,4.08684546615581
main_linf3,bciciv2a,eegnet,trades,MeanLinf3,full_test,46,3.6398467432950192
main_linf3,bciciv2a,eegnet,fbf,MeanLinf3,full_test,42,6.385696040868455
main_linf3,bciciv2a,eegnet,fbf,MeanLinf3,full_test,43,8.237547892720306
main_linf3,bciciv2a,eegnet,fbf,MeanLinf3,full_test,44,6.385696040868455
main_linf3,bciciv2a,eegnet,fbf,MeanLinf3,full_test,45,7.662835249042145
main_linf3,bciciv2a,eegnet,fbf,MeanLinf3,full_test,46,7.662835249042146
main_linf3,bciciv2a,eegnet,ea_forward,MeanLinf3,full_test,42,0.25542784163473814
main_linf3,bciciv2a,eegnet,ea_forward,MeanLinf3,full_test,43,0.19157088122605362
main_linf3,bciciv2a,eegnet,ea_forward,MeanLinf3,full_test,44,0.0
main_linf3,bciciv2a,eegnet,ea_forward,MeanLinf3,full_test,45,0.06385696040868453
main_linf3,bciciv2a,eegnet,ea_forward,MeanLinf3,full_test,46,0.06385696040868453
main_linf3,bciciv2a,deepconvnet,madry,MeanLinf3,full_test,42,15.389527458492976
main_linf3,bciciv2a,deepconvnet,madry,MeanLinf3,full_test,43,18.326947637292466
main_linf3,bciciv2a,deepconvnet,madry,MeanLinf3,full_test,44,16.730523627075353
main_linf3,bciciv2a,deepconvnet,madry,MeanLinf3,full_test,45,19.34865900383142
main_linf3,bciciv2a,deepconvnet,madry,MeanLinf3,full_test,46,14.303959131545337
main_linf3,bciciv2a,deepconvnet,trades,MeanLinf3,full_test,42,4.21455938697318
main_linf3,bciciv2a,deepconvnet,trades,MeanLinf3,full_test,43,6.194125159642401
main_linf3,bciciv2a,deepconvnet,trades,MeanLinf3,full_test,44,5.363984674329502
main_linf3,bciciv2a,deepconvnet,trades,MeanLinf3,full_test,45,4.022988505747127
main_linf3,bciciv2a,deepconvnet,trades,MeanLinf3,full_test,46,7.215836526181353
main_linf3,bciciv2a,deepconvnet,fbf,MeanLinf3,full_test,42,8.812260536398469
main_linf3,bciciv2a,deepconvnet,fbf,MeanLinf3,full_test,43,11.174968071519796
main_linf3,bciciv2a,deepconvnet,fbf,MeanLinf3,full_test,44,9.514687100893997
main_linf3,bciciv2a,deepconvnet,fbf,MeanLinf3,full_test,45,9.386973180076629
main_linf3,bciciv2a,deepconvnet,fbf,MeanLinf3,full_test,46,14.112388250319285
main_linf3,bciciv2a,deepconvnet,ea_forward,MeanLinf3,full_test,42,1.8518518518518516
main_linf3,bciciv2a,deepconvnet,ea_forward,MeanLinf3,full_test,43,1.979565772669221
main_linf3,bciciv2a,deepconvnet,ea_forward,MeanLinf3,full_test,44,1.2771392081736908
main_linf3,bciciv2a,deepconvnet,ea_forward,MeanLinf3,full_test,45,2.937420178799489
main_linf3,bciciv2a,deepconvnet,ea_forward,MeanLinf3,full_test,46,1.8518518518518516
main_linf3,bciciv2a,tsception,madry,MeanLinf3,full_test,42,26.62835249042146
main_linf3,bciciv2a,tsception,madry,MeanLinf3,full_test,43,23.243933588761177
main_linf3,bciciv2a,tsception,madry,MeanLinf3,full_test,44,25.798212005108557
main_linf3,bciciv2a,tsception,madry,MeanLinf3,full_test,45,25.095785440613028
main_linf3,bciciv2a,tsception,madry,MeanLinf3,full_test,46,23.49936143039591
main_linf3,bciciv2a,tsception,trades,MeanLinf3,full_test,42,0.5108556832694763
main_linf3,bciciv2a,tsception,trades,MeanLinf3,full_test,43,0.6385696040868454
main_linf3,bciciv2a,tsception,trades,MeanLinf3,full_test,44,0.06385696040868453
main_linf3,bciciv2a,tsception,trades,MeanLinf3,full_test,45,0.19157088122605362
main_linf3,bciciv2a,tsception,trades,MeanLinf3,full_test,46,0.3192848020434227
main_linf3,bciciv2a,tsception,fbf,MeanLinf3,full_test,42,6.449553001277139
main_linf3,bciciv2a,tsception,fbf,MeanLinf3,full_test,43,4.150702426564496
main_linf3,bciciv2a,tsception,fbf,MeanLinf3,full_test,44,2.937420178799489
main_linf3,bciciv2a,tsception,fbf,MeanLinf3,full_test,45,2.1711366538952745
main_linf3,bciciv2a,tsception,fbf,MeanLinf3,full_test,46,5.938697318007663
main_linf3,bciciv2a,tsception,ea_forward,MeanLinf3,full_test,42,26.62835249042146
main_linf3,bciciv2a,tsception,ea_forward,MeanLinf3,full_test,43,23.946360153256705
main_linf3,bciciv2a,tsception,ea_forward,MeanLinf3,full_test,44,21.839080459770116
main_linf3,bciciv2a,tsception,ea_forward,MeanLinf3,full_test,45,23.563218390804597
main_linf3,bciciv2a,tsception,ea_forward,MeanLinf3,full_test,46,23.563218390804597
main_linf3,bciciv2a,atcnet,madry,MeanLinf3,full_test,42,26.245210727969347
main_linf3,bciciv2a,atcnet,madry,MeanLinf3,full_test,43,24.968071519795657
main_linf3,bciciv2a,atcnet,madry,MeanLinf3,full_test,44,25.15964240102171
main_linf3,bciciv2a,atcnet,madry,MeanLinf3,full_test,45,23.243933588761177
main_linf3,bciciv2a,atcnet,madry,MeanLinf3,full_test,46,24.393358876117496
main_linf3,bciciv2a,atcnet,trades,MeanLinf3,full_test,42,1.9795657726692208
main_linf3,bciciv2a,atcnet,trades,MeanLinf3,full_test,43,0.8939974457215836
main_linf3,bciciv2a,atcnet,trades,MeanLinf3,full_test,44,1.9157088122605364
main_linf3,bciciv2a,atcnet,trades,MeanLinf3,full_test,45,1.5325670498084292
main_linf3,bciciv2a,atcnet,trades,MeanLinf3,full_test,46,1.4687100893997445
main_linf3,bciciv2a,atcnet,fbf,MeanLinf3,full_test,42,7.0242656449553
main_linf3,bciciv2a,atcnet,fbf,MeanLinf3,full_test,43,10.153256704980842
main_linf3,bciciv2a,atcnet,fbf,MeanLinf3,full_test,44,6.704980842911877
main_linf3,bciciv2a,atcnet,fbf,MeanLinf3,full_test,45,10.089399744572159
main_linf3,bciciv2a,atcnet,fbf,MeanLinf3,full_test,46,10.66411238825032
main_linf3,bciciv2a,atcnet,ea_forward,MeanLinf3,full_test,42,3.065134099616858
main_linf3,bciciv2a,atcnet,ea_forward,MeanLinf3,full_test,43,5.747126436781609
main_linf3,bciciv2a,atcnet,ea_forward,MeanLinf3,full_test,44,10.089399744572159
main_linf3,bciciv2a,atcnet,ea_forward,MeanLinf3,full_test,45,12.452107279693486
main_linf3,bciciv2a,atcnet,ea_forward,MeanLinf3,full_test,46,3.1928480204342273
main_linf3,bciciv2a,conformer,madry,MeanLinf3,full_test,42,20.817369093231164
main_linf3,bciciv2a,conformer,madry,MeanLinf3,full_test,43,18.901660280970624
main_linf3,bciciv2a,conformer,madry,MeanLinf3,full_test,44,18.837803320561942
main_linf3,bciciv2a,conformer,madry,MeanLinf3,full_test,45,20.753512132822475
main_linf3,bciciv2a,conformer,madry,MeanLinf3,full_test,46,22.158365261813536
main_linf3,bciciv2a,conformer,trades,MeanLinf3,full_test,42,4.406130268199234
main_linf3,bciciv2a,conformer,trades,MeanLinf3,full_test,43,6.449553001277139
main_linf3,bciciv2a,conformer,trades,MeanLinf3,full_test,44,3.4482758620689653
main_linf3,bciciv2a,conformer,trades,MeanLinf3,full_test,45,7.088122605363985
main_linf3,bciciv2a,conformer,trades,MeanLinf3,full_test,46,5.810983397190294
main_linf3,bciciv2a,conformer,fbf,MeanLinf3,full_test,42,11.621966794380588
main_linf3,bciciv2a,conformer,fbf,MeanLinf3,full_test,43,12.005108556832694
main_linf3,bciciv2a,conformer,fbf,MeanLinf3,full_test,44,13.282247765006385
main_linf3,bciciv2a,conformer,fbf,MeanLinf3,full_test,45,12.324393358876119
main_linf3,bciciv2a,conformer,fbf,MeanLinf3,full_test,46,12.962962962962965
main_linf3,bciciv2a,conformer,ea_forward,MeanLinf3,full_test,42,4.022988505747127
main_linf3,bciciv2a,conformer,ea_forward,MeanLinf3,full_test,43,0.8301404853128991
main_linf3,bciciv2a,conformer,ea_forward,MeanLinf3,full_test,44,26.436781609195403
main_linf3,bciciv2a,conformer,ea_forward,MeanLinf3,full_test,45,11.494252873563218
main_linf3,bciciv2a,conformer,ea_forward,MeanLinf3,full_test,46,6.832694763729247
main_linf3,bciciv2a,tcnet,madry,MeanLinf3,full_test,42,8.812260536398467
main_linf3,bciciv2a,tcnet,madry,MeanLinf3,full_test,43,29.948914431673053
main_linf3,bciciv2a,tcnet,madry,MeanLinf3,full_test,44,6.194125159642401
main_linf3,bciciv2a,tcnet,madry,MeanLinf3,full_test,45,8.237547892720306
main_linf3,bciciv2a,tcnet,madry,MeanLinf3,full_test,46,26.053639846743295
main_linf3,bciciv2a,tcnet,trades,MeanLinf3,full_test,42,5.555555555555555
main_linf3,bciciv2a,tcnet,trades,MeanLinf3,full_test,43,5.044699872286079
main_linf3,bciciv2a,tcnet,trades,MeanLinf3,full_test,44,5.300127713920817
main_linf3,bciciv2a,tcnet,trades,MeanLinf3,full_test,45,5.044699872286079
main_linf3,bciciv2a,tcnet,trades,MeanLinf3,full_test,46,5.938697318007663
main_linf3,bciciv2a,tcnet,fbf,MeanLinf3,full_test,42,14.367816091954023
main_linf3,bciciv2a,tcnet,fbf,MeanLinf3,full_test,43,12.196679438058748
main_linf3,bciciv2a,tcnet,fbf,MeanLinf3,full_test,44,13.92081736909323
main_linf3,bciciv2a,tcnet,fbf,MeanLinf3,full_test,45,13.729246487867178
main_linf3,bciciv2a,tcnet,fbf,MeanLinf3,full_test,46,14.8786717752235
main_linf3,bciciv2a,tcnet,ea_forward,MeanLinf3,full_test,42,2.10727969348659
main_linf3,bciciv2a,tcnet,ea_forward,MeanLinf3,full_test,43,7.343550446998723
main_linf3,bciciv2a,tcnet,ea_forward,MeanLinf3,full_test,44,1.6602809706257982
main_linf3,bciciv2a,tcnet,ea_forward,MeanLinf3,full_test,45,1.9795657726692208
main_linf3,bciciv2a,tcnet,ea_forward,MeanLinf3,full_test,46,3.9591315453384417
ablation,thubenchmark,eegnet,A-r25,PGD,subset_n512,42,77.34375
ablation,thubenchmark,eegnet,A-r25,PGD,subset_n512,43,80.2734375
ablation,thubenchmark,eegnet,A-r25,PGD,subset_n512,44,76.953125
ablation,thubenchmark,eegnet,A-r25,PGD,subset_n512,45,76.5625
ablation,thubenchmark,eegnet,A-r25,PGD,subset_n512,46,77.9296875
ablation,thubenchmark,eegnet,B-r25,PGD,subset_n512,42,78.3203125
ablation,thubenchmark,eegnet,B-r25,PGD,subset_n512,43,80.6640625
ablation,thubenchmark,eegnet,B-r25,PGD,subset_n512,44,76.171875
ablation,thubenchmark,eegnet,B-r25,PGD,subset_n512,45,76.171875
ablation,thubenchmark,eegnet,B-r25,PGD,subset_n512,46,78.125
ablation,thubenchmark,eegnet,C-r25,PGD,subset_n512,42,80.46875
ablation,thubenchmark,eegnet,C-r25,PGD,subset_n512,43,79.4921875
ablation,thubenchmark,eegnet,C-r25,PGD,subset_n512,44,79.1015625
ablation,thubenchmark,eegnet,C-r25,PGD,subset_n512,45,78.7109375
ablation,thubenchmark,eegnet,C-r25,PGD,subset_n512,46,77.9296875
ablation,thubenchmark,eegnet,D-r25,PGD,subset_n512,42,83.203125
ablation,thubenchmark,eegnet,D-r25,PGD,subset_n512,43,82.2265625
ablation,thubenchmark,eegnet,D-r25,PGD,subset_n512,44,80.6640625
ablation,thubenchmark,eegnet,D-r25,PGD,subset_n512,45,80.859375
ablation,thubenchmark,eegnet,D-r25,PGD,subset_n512,46,82.8125
ablation_delta,thubenchmark,eegnet,B−A-r25,PGD,subset_n512,42,0.9765625
ablation_delta,thubenchmark,eegnet,B−A-r25,PGD,subset_n512,43,0.390625
ablation_delta,thubenchmark,eegnet,B−A-r25,PGD,subset_n512,44,-0.78125
ablation_delta,thubenchmark,eegnet,B−A-r25,PGD,subset_n512,45,-0.390625
ablation_delta,thubenchmark,eegnet,B−A-r25,PGD,subset_n512,46,0.1953125
ablation_delta,thubenchmark,eegnet,D−C-r25,PGD,subset_n512,42,2.734375
ablation_delta,thubenchmark,eegnet,D−C-r25,PGD,subset_n512,43,2.734375
ablation_delta,thubenchmark,eegnet,D−C-r25,PGD,subset_n512,44,1.5625
ablation_delta,thubenchmark,eegnet,D−C-r25,PGD,subset_n512,45,2.1484375
ablation_delta,thubenchmark,eegnet,D−C-r25,PGD,subset_n512,46,4.8828125
ablation_delta,thubenchmark,eegnet,D−B-r25,PGD,subset_n512,42,4.8828125
ablation_delta,thubenchmark,eegnet,D−B-r25,PGD,subset_n512,43,1.5625
ablation_delta,thubenchmark,eegnet,D−B-r25,PGD,subset_n512,44,4.4921875
ablation_delta,thubenchmark,eegnet,D−B-r25,PGD,subset_n512,45,4.6875
ablation_delta,thubenchmark,eegnet,D−B-r25,PGD,subset_n512,46,4.6875
ablation,thubenchmark,deepconvnet,A-r25,PGD,subset_n512,42,75.9765625
ablation,thubenchmark,deepconvnet,A-r25,PGD,subset_n512,43,77.734375
ablation,thubenchmark,deepconvnet,A-r25,PGD,subset_n512,44,75.0
ablation,thubenchmark,deepconvnet,A-r25,PGD,subset_n512,45,73.2421875
ablation,thubenchmark,deepconvnet,A-r25,PGD,subset_n512,46,77.1484375
ablation,thubenchmark,deepconvnet,B-r25,PGD,subset_n512,42,77.9296875
ablation,thubenchmark,deepconvnet,B-r25,PGD,subset_n512,43,76.5625
ablation,thubenchmark,deepconvnet,B-r25,PGD,subset_n512,44,77.1484375
ablation,thubenchmark,deepconvnet,B-r25,PGD,subset_n512,45,74.609375
ablation,thubenchmark,deepconvnet,B-r25,PGD,subset_n512,46,77.734375
ablation,thubenchmark,deepconvnet,C-r25,PGD,subset_n512,42,78.90625
ablation,thubenchmark,deepconvnet,C-r25,PGD,subset_n512,43,78.7109375
ablation,thubenchmark,deepconvnet,C-r25,PGD,subset_n512,44,78.515625
ablation,thubenchmark,deepconvnet,C-r25,PGD,subset_n512,45,76.953125
ablation,thubenchmark,deepconvnet,C-r25,PGD,subset_n512,46,79.8828125
ablation,thubenchmark,deepconvnet,D-r25,PGD,subset_n512,42,79.4921875
ablation,thubenchmark,deepconvnet,D-r25,PGD,subset_n512,43,78.515625
ablation,thubenchmark,deepconvnet,D-r25,PGD,subset_n512,44,79.296875
ablation,thubenchmark,deepconvnet,D-r25,PGD,subset_n512,45,76.171875
ablation,thubenchmark,deepconvnet,D-r25,PGD,subset_n512,46,80.078125
ablation_delta,thubenchmark,deepconvnet,B−A-r25,PGD,subset_n512,42,1.953125
ablation_delta,thubenchmark,deepconvnet,B−A-r25,PGD,subset_n512,43,-1.171875
ablation_delta,thubenchmark,deepconvnet,B−A-r25,PGD,subset_n512,44,2.1484375
ablation_delta,thubenchmark,deepconvnet,B−A-r25,PGD,subset_n512,45,1.3671875
ablation_delta,thubenchmark,deepconvnet,B−A-r25,PGD,subset_n512,46,0.5859375
ablation_delta,thubenchmark,deepconvnet,D−C-r25,PGD,subset_n512,42,0.5859375
ablation_delta,thubenchmark,deepconvnet,D−C-r25,PGD,subset_n512,43,-0.1953125
ablation_delta,thubenchmark,deepconvnet,D−C-r25,PGD,subset_n512,44,0.78125
ablation_delta,thubenchmark,deepconvnet,D−C-r25,PGD,subset_n512,45,-0.78125
ablation_delta,thubenchmark,deepconvnet,D−C-r25,PGD,subset_n512,46,0.1953125
ablation_delta,thubenchmark,deepconvnet,D−B-r25,PGD,subset_n512,42,1.5625
ablation_delta,thubenchmark,deepconvnet,D−B-r25,PGD,subset_n512,43,1.953125
ablation_delta,thubenchmark,deepconvnet,D−B-r25,PGD,subset_n512,44,2.1484375
ablation_delta,thubenchmark,deepconvnet,D−B-r25,PGD,subset_n512,45,1.5625
ablation_delta,thubenchmark,deepconvnet,D−B-r25,PGD,subset_n512,46,2.34375
ablation,thubenchmark,tsception,A-r25,PGD,subset_n512,42,41.2109375
ablation,thubenchmark,tsception,A-r25,PGD,subset_n512,43,40.4296875
ablation,thubenchmark,tsception,A-r25,PGD,subset_n512,44,38.28125
ablation,thubenchmark,tsception,A-r25,PGD,subset_n512,45,42.578125
ablation,thubenchmark,tsception,A-r25,PGD,subset_n512,46,37.3046875
ablation,thubenchmark,tsception,B-r25,PGD,subset_n512,42,35.7421875
ablation,thubenchmark,tsception,B-r25,PGD,subset_n512,43,36.9140625
ablation,thubenchmark,tsception,B-r25,PGD,subset_n512,44,34.5703125
ablation,thubenchmark,tsception,B-r25,PGD,subset_n512,45,39.84375
ablation,thubenchmark,tsception,B-r25,PGD,subset_n512,46,33.7890625
ablation,thubenchmark,tsception,C-r25,PGD,subset_n512,42,50.390625
ablation,thubenchmark,tsception,C-r25,PGD,subset_n512,43,47.65625
ablation,thubenchmark,tsception,C-r25,PGD,subset_n512,44,46.6796875
ablation,thubenchmark,tsception,C-r25,PGD,subset_n512,45,51.7578125
ablation,thubenchmark,tsception,C-r25,PGD,subset_n512,46,47.0703125
ablation,thubenchmark,tsception,D-r25,PGD,subset_n512,42,45.8984375
ablation,thubenchmark,tsception,D-r25,PGD,subset_n512,43,46.875
ablation,thubenchmark,tsception,D-r25,PGD,subset_n512,44,44.53125
ablation,thubenchmark,tsception,D-r25,PGD,subset_n512,45,47.4609375
ablation,thubenchmark,tsception,D-r25,PGD,subset_n512,46,47.0703125
ablation_delta,thubenchmark,tsception,B−A-r25,PGD,subset_n512,42,-5.46875
ablation_delta,thubenchmark,tsception,B−A-r25,PGD,subset_n512,43,-3.515625
ablation_delta,thubenchmark,tsception,B−A-r25,PGD,subset_n512,44,-3.7109375
ablation_delta,thubenchmark,tsception,B−A-r25,PGD,subset_n512,45,-2.734375
ablation_delta,thubenchmark,tsception,B−A-r25,PGD,subset_n512,46,-3.515625
ablation_delta,thubenchmark,tsception,D−C-r25,PGD,subset_n512,42,-4.4921875
ablation_delta,thubenchmark,tsception,D−C-r25,PGD,subset_n512,43,-0.78125
ablation_delta,thubenchmark,tsception,D−C-r25,PGD,subset_n512,44,-2.1484375
ablation_delta,thubenchmark,tsception,D−C-r25,PGD,subset_n512,45,-4.296875
ablation_delta,thubenchmark,tsception,D−C-r25,PGD,subset_n512,46,0.0
ablation_delta,thubenchmark,tsception,D−B-r25,PGD,subset_n512,42,10.15625
ablation_delta,thubenchmark,tsception,D−B-r25,PGD,subset_n512,43,9.9609375
ablation_delta,thubenchmark,tsception,D−B-r25,PGD,subset_n512,44,9.9609375
ablation_delta,thubenchmark,tsception,D−B-r25,PGD,subset_n512,45,7.6171875
ablation_delta,thubenchmark,tsception,D−B-r25,PGD,subset_n512,46,13.28125
ablation,thubenchmark,atcnet,A-r25,PGD,subset_n512,42,88.28125
ablation,thubenchmark,atcnet,A-r25,PGD,subset_n512,43,84.5703125
ablation,thubenchmark,atcnet,A-r25,PGD,subset_n512,44,86.328125
ablation,thubenchmark,atcnet,A-r25,PGD,subset_n512,45,83.984375
ablation,thubenchmark,atcnet,A-r25,PGD,subset_n512,46,85.546875
ablation,thubenchmark,atcnet,B-r25,PGD,subset_n512,42,88.671875
ablation,thubenchmark,atcnet,B-r25,PGD,subset_n512,43,86.71875
ablation,thubenchmark,atcnet,B-r25,PGD,subset_n512,44,85.3515625
ablation,thubenchmark,atcnet,B-r25,PGD,subset_n512,45,83.7890625
ablation,thubenchmark,atcnet,B-r25,PGD,subset_n512,46,85.3515625
ablation,thubenchmark,atcnet,C-r25,PGD,subset_n512,42,85.3515625
ablation,thubenchmark,atcnet,C-r25,PGD,subset_n512,43,81.25
ablation,thubenchmark,atcnet,C-r25,PGD,subset_n512,44,83.59375
ablation,thubenchmark,atcnet,C-r25,PGD,subset_n512,45,81.8359375
ablation,thubenchmark,atcnet,C-r25,PGD,subset_n512,46,82.8125
ablation,thubenchmark,atcnet,D-r25,PGD,subset_n512,42,85.7421875
ablation,thubenchmark,atcnet,D-r25,PGD,subset_n512,43,84.765625
ablation,thubenchmark,atcnet,D-r25,PGD,subset_n512,44,84.375
ablation,thubenchmark,atcnet,D-r25,PGD,subset_n512,45,82.2265625
ablation,thubenchmark,atcnet,D-r25,PGD,subset_n512,46,84.5703125
ablation_delta,thubenchmark,atcnet,B−A-r25,PGD,subset_n512,42,0.390625
ablation_delta,thubenchmark,atcnet,B−A-r25,PGD,subset_n512,43,2.1484375
ablation_delta,thubenchmark,atcnet,B−A-r25,PGD,subset_n512,44,-0.9765625
ablation_delta,thubenchmark,atcnet,B−A-r25,PGD,subset_n512,45,-0.1953125
ablation_delta,thubenchmark,atcnet,B−A-r25,PGD,subset_n512,46,-0.1953125
ablation_delta,thubenchmark,atcnet,D−C-r25,PGD,subset_n512,42,0.390625
ablation_delta,thubenchmark,atcnet,D−C-r25,PGD,subset_n512,43,3.515625
ablation_delta,thubenchmark,atcnet,D−C-r25,PGD,subset_n512,44,0.78125
ablation_delta,thubenchmark,atcnet,D−C-r25,PGD,subset_n512,45,0.390625
ablation_delta,thubenchmark,atcnet,D−C-r25,PGD,subset_n512,46,1.7578125
ablation_delta,thubenchmark,atcnet,D−B-r25,PGD,subset_n512,42,-2.9296875
ablation_delta,thubenchmark,atcnet,D−B-r25,PGD,subset_n512,43,-1.953125
ablation_delta,thubenchmark,atcnet,D−B-r25,PGD,subset_n512,44,-0.9765625
ablation_delta,thubenchmark,atcnet,D−B-r25,PGD,subset_n512,45,-1.5625
ablation_delta,thubenchmark,atcnet,D−B-r25,PGD,subset_n512,46,-0.78125
ablation,thubenchmark,conformer,A-r25,PGD,subset_n512,42,75.390625
ablation,thubenchmark,conformer,A-r25,PGD,subset_n512,43,76.953125
ablation,thubenchmark,conformer,A-r25,PGD,subset_n512,44,73.2421875
ablation,thubenchmark,conformer,A-r25,PGD,subset_n512,45,76.171875
ablation,thubenchmark,conformer,A-r25,PGD,subset_n512,46,74.8046875
ablation,thubenchmark,conformer,B-r25,PGD,subset_n512,42,73.6328125
ablation,thubenchmark,conformer,B-r25,PGD,subset_n512,43,75.78125
ablation,thubenchmark,conformer,B-r25,PGD,subset_n512,44,74.4140625
ablation,thubenchmark,conformer,B-r25,PGD,subset_n512,45,70.3125
ablation,thubenchmark,conformer,B-r25,PGD,subset_n512,46,76.953125
ablation,thubenchmark,conformer,C-r25,PGD,subset_n512,42,79.6875
ablation,thubenchmark,conformer,C-r25,PGD,subset_n512,43,80.46875
ablation,thubenchmark,conformer,C-r25,PGD,subset_n512,44,78.125
ablation,thubenchmark,conformer,C-r25,PGD,subset_n512,45,80.859375
ablation,thubenchmark,conformer,C-r25,PGD,subset_n512,46,76.171875
ablation,thubenchmark,conformer,D-r25,PGD,subset_n512,42,79.296875
ablation,thubenchmark,conformer,D-r25,PGD,subset_n512,43,80.46875
ablation,thubenchmark,conformer,D-r25,PGD,subset_n512,44,77.734375
ablation,thubenchmark,conformer,D-r25,PGD,subset_n512,45,75.5859375
ablation,thubenchmark,conformer,D-r25,PGD,subset_n512,46,79.1015625
ablation_delta,thubenchmark,conformer,B−A-r25,PGD,subset_n512,42,-1.7578125
ablation_delta,thubenchmark,conformer,B−A-r25,PGD,subset_n512,43,-1.171875
ablation_delta,thubenchmark,conformer,B−A-r25,PGD,subset_n512,44,1.171875
ablation_delta,thubenchmark,conformer,B−A-r25,PGD,subset_n512,45,-5.859375
ablation_delta,thubenchmark,conformer,B−A-r25,PGD,subset_n512,46,2.1484375
ablation_delta,thubenchmark,conformer,D−C-r25,PGD,subset_n512,42,-0.390625
ablation_delta,thubenchmark,conformer,D−C-r25,PGD,subset_n512,43,0.0
ablation_delta,thubenchmark,conformer,D−C-r25,PGD,subset_n512,44,-0.390625
ablation_delta,thubenchmark,conformer,D−C-r25,PGD,subset_n512,45,-5.2734375
ablation_delta,thubenchmark,conformer,D−C-r25,PGD,subset_n512,46,2.9296875
ablation_delta,thubenchmark,conformer,D−B-r25,PGD,subset_n512,42,5.6640625
ablation_delta,thubenchmark,conformer,D−B-r25,PGD,subset_n512,43,4.6875
ablation_delta,thubenchmark,conformer,D−B-r25,PGD,subset_n512,44,3.3203125
ablation_delta,thubenchmark,conformer,D−B-r25,PGD,subset_n512,45,5.2734375
ablation_delta,thubenchmark,conformer,D−B-r25,PGD,subset_n512,46,2.1484375
ablation,thubenchmark,tcnet,A-r25,PGD,subset_n512,42,47.65625
ablation,thubenchmark,tcnet,A-r25,PGD,subset_n512,43,53.90625
ablation,thubenchmark,tcnet,A-r25,PGD,subset_n512,44,52.34375
ablation,thubenchmark,tcnet,A-r25,PGD,subset_n512,45,43.75
ablation,thubenchmark,tcnet,A-r25,PGD,subset_n512,46,51.5625
ablation,thubenchmark,tcnet,B-r25,PGD,subset_n512,42,47.0703125
ablation,thubenchmark,tcnet,B-r25,PGD,subset_n512,43,52.5390625
ablation,thubenchmark,tcnet,B-r25,PGD,subset_n512,44,52.5390625
ablation,thubenchmark,tcnet,B-r25,PGD,subset_n512,45,46.2890625
ablation,thubenchmark,tcnet,B-r25,PGD,subset_n512,46,49.21875
ablation,thubenchmark,tcnet,C-r25,PGD,subset_n512,42,53.515625
ablation,thubenchmark,tcnet,C-r25,PGD,subset_n512,43,59.9609375
ablation,thubenchmark,tcnet,C-r25,PGD,subset_n512,44,58.984375
ablation,thubenchmark,tcnet,C-r25,PGD,subset_n512,45,50.390625
ablation,thubenchmark,tcnet,C-r25,PGD,subset_n512,46,58.3984375
ablation,thubenchmark,tcnet,D-r25,PGD,subset_n512,42,58.7890625
ablation,thubenchmark,tcnet,D-r25,PGD,subset_n512,43,63.28125
ablation,thubenchmark,tcnet,D-r25,PGD,subset_n512,44,57.2265625
ablation,thubenchmark,tcnet,D-r25,PGD,subset_n512,45,55.6640625
ablation,thubenchmark,tcnet,D-r25,PGD,subset_n512,46,58.984375
ablation_delta,thubenchmark,tcnet,B−A-r25,PGD,subset_n512,42,-0.5859375
ablation_delta,thubenchmark,tcnet,B−A-r25,PGD,subset_n512,43,-1.3671875
ablation_delta,thubenchmark,tcnet,B−A-r25,PGD,subset_n512,44,0.1953125
ablation_delta,thubenchmark,tcnet,B−A-r25,PGD,subset_n512,45,2.5390625
ablation_delta,thubenchmark,tcnet,B−A-r25,PGD,subset_n512,46,-2.34375
ablation_delta,thubenchmark,tcnet,D−C-r25,PGD,subset_n512,42,5.2734375
ablation_delta,thubenchmark,tcnet,D−C-r25,PGD,subset_n512,43,3.3203125
ablation_delta,thubenchmark,tcnet,D−C-r25,PGD,subset_n512,44,-1.7578125
ablation_delta,thubenchmark,tcnet,D−C-r25,PGD,subset_n512,45,5.2734375
ablation_delta,thubenchmark,tcnet,D−C-r25,PGD,subset_n512,46,0.5859375
ablation_delta,thubenchmark,tcnet,D−B-r25,PGD,subset_n512,42,11.71875
ablation_delta,thubenchmark,tcnet,D−B-r25,PGD,subset_n512,43,10.7421875
ablation_delta,thubenchmark,tcnet,D−B-r25,PGD,subset_n512,44,4.6875
ablation_delta,thubenchmark,tcnet,D−B-r25,PGD,subset_n512,45,9.375
ablation_delta,thubenchmark,tcnet,D−B-r25,PGD,subset_n512,46,9.765625
ablation,seediv,eegnet,A-r25,PGD,subset_n512,42,27.5390625
ablation,seediv,eegnet,A-r25,PGD,subset_n512,43,29.8828125
ablation,seediv,eegnet,A-r25,PGD,subset_n512,44,21.6796875
ablation,seediv,eegnet,A-r25,PGD,subset_n512,45,28.125
ablation,seediv,eegnet,A-r25,PGD,subset_n512,46,20.1171875
ablation,seediv,eegnet,B-r25,PGD,subset_n512,42,27.1484375
ablation,seediv,eegnet,B-r25,PGD,subset_n512,43,29.1015625
ablation,seediv,eegnet,B-r25,PGD,subset_n512,44,25.78125
ablation,seediv,eegnet,B-r25,PGD,subset_n512,45,31.640625
ablation,seediv,eegnet,B-r25,PGD,subset_n512,46,26.5625
ablation,seediv,eegnet,C-r25,PGD,subset_n512,42,28.125
ablation,seediv,eegnet,C-r25,PGD,subset_n512,43,31.640625
ablation,seediv,eegnet,C-r25,PGD,subset_n512,44,22.65625
ablation,seediv,eegnet,C-r25,PGD,subset_n512,45,28.7109375
ablation,seediv,eegnet,C-r25,PGD,subset_n512,46,20.8984375
ablation,seediv,eegnet,D-r25,PGD,subset_n512,42,28.7109375
ablation,seediv,eegnet,D-r25,PGD,subset_n512,43,31.0546875
ablation,seediv,eegnet,D-r25,PGD,subset_n512,44,27.5390625
ablation,seediv,eegnet,D-r25,PGD,subset_n512,45,33.7890625
ablation,seediv,eegnet,D-r25,PGD,subset_n512,46,30.2734375
ablation_delta,seediv,eegnet,B−A-r25,PGD,subset_n512,42,-0.390625
ablation_delta,seediv,eegnet,B−A-r25,PGD,subset_n512,43,-0.78125
ablation_delta,seediv,eegnet,B−A-r25,PGD,subset_n512,44,4.1015625
ablation_delta,seediv,eegnet,B−A-r25,PGD,subset_n512,45,3.515625
ablation_delta,seediv,eegnet,B−A-r25,PGD,subset_n512,46,6.4453125
ablation_delta,seediv,eegnet,D−C-r25,PGD,subset_n512,42,0.5859375
ablation_delta,seediv,eegnet,D−C-r25,PGD,subset_n512,43,-0.5859375
ablation_delta,seediv,eegnet,D−C-r25,PGD,subset_n512,44,4.8828125
ablation_delta,seediv,eegnet,D−C-r25,PGD,subset_n512,45,5.078125
ablation_delta,seediv,eegnet,D−C-r25,PGD,subset_n512,46,9.375
ablation_delta,seediv,eegnet,D−B-r25,PGD,subset_n512,42,1.5625
ablation_delta,seediv,eegnet,D−B-r25,PGD,subset_n512,43,1.953125
ablation_delta,seediv,eegnet,D−B-r25,PGD,subset_n512,44,1.7578125
ablation_delta,seediv,eegnet,D−B-r25,PGD,subset_n512,45,2.1484375
ablation_delta,seediv,eegnet,D−B-r25,PGD,subset_n512,46,3.7109375
ablation,seediv,deepconvnet,A-r25,PGD,subset_n512,42,22.4609375
ablation,seediv,deepconvnet,A-r25,PGD,subset_n512,43,21.6796875
ablation,seediv,deepconvnet,A-r25,PGD,subset_n512,44,20.3125
ablation,seediv,deepconvnet,A-r25,PGD,subset_n512,45,25.1953125
ablation,seediv,deepconvnet,A-r25,PGD,subset_n512,46,25.390625
ablation,seediv,deepconvnet,B-r25,PGD,subset_n512,42,18.75
ablation,seediv,deepconvnet,B-r25,PGD,subset_n512,43,20.8984375
ablation,seediv,deepconvnet,B-r25,PGD,subset_n512,44,18.75
ablation,seediv,deepconvnet,B-r25,PGD,subset_n512,45,20.3125
ablation,seediv,deepconvnet,B-r25,PGD,subset_n512,46,21.6796875
ablation,seediv,deepconvnet,C-r25,PGD,subset_n512,42,21.875
ablation,seediv,deepconvnet,C-r25,PGD,subset_n512,43,25.9765625
ablation,seediv,deepconvnet,C-r25,PGD,subset_n512,44,23.828125
ablation,seediv,deepconvnet,C-r25,PGD,subset_n512,45,27.5390625
ablation,seediv,deepconvnet,C-r25,PGD,subset_n512,46,28.125
ablation,seediv,deepconvnet,D-r25,PGD,subset_n512,42,22.0703125
ablation,seediv,deepconvnet,D-r25,PGD,subset_n512,43,26.3671875
ablation,seediv,deepconvnet,D-r25,PGD,subset_n512,44,23.828125
ablation,seediv,deepconvnet,D-r25,PGD,subset_n512,45,25.78125
ablation,seediv,deepconvnet,D-r25,PGD,subset_n512,46,25.78125
ablation_delta,seediv,deepconvnet,B−A-r25,PGD,subset_n512,42,-3.7109375
ablation_delta,seediv,deepconvnet,B−A-r25,PGD,subset_n512,43,-0.78125
ablation_delta,seediv,deepconvnet,B−A-r25,PGD,subset_n512,44,-1.5625
ablation_delta,seediv,deepconvnet,B−A-r25,PGD,subset_n512,45,-4.8828125
ablation_delta,seediv,deepconvnet,B−A-r25,PGD,subset_n512,46,-3.7109375
ablation_delta,seediv,deepconvnet,D−C-r25,PGD,subset_n512,42,0.1953125
ablation_delta,seediv,deepconvnet,D−C-r25,PGD,subset_n512,43,0.390625
ablation_delta,seediv,deepconvnet,D−C-r25,PGD,subset_n512,44,0.0
ablation_delta,seediv,deepconvnet,D−C-r25,PGD,subset_n512,45,-1.7578125
ablation_delta,seediv,deepconvnet,D−C-r25,PGD,subset_n512,46,-2.34375
ablation_delta,seediv,deepconvnet,D−B-r25,PGD,subset_n512,42,3.3203125
ablation_delta,seediv,deepconvnet,D−B-r25,PGD,subset_n512,43,5.46875
ablation_delta,seediv,deepconvnet,D−B-r25,PGD,subset_n512,44,5.078125
ablation_delta,seediv,deepconvnet,D−B-r25,PGD,subset_n512,45,5.46875
ablation_delta,seediv,deepconvnet,D−B-r25,PGD,subset_n512,46,4.1015625
ablation,seediv,tsception,A-r25,PGD,subset_n512,42,32.8125
ablation,seediv,tsception,A-r25,PGD,subset_n512,43,30.46875
ablation,seediv,tsception,A-r25,PGD,subset_n512,44,29.4921875
ablation,seediv,tsception,A-r25,PGD,subset_n512,45,36.9140625
ablation,seediv,tsception,A-r25,PGD,subset_n512,46,34.5703125
ablation,seediv,tsception,B-r25,PGD,subset_n512,42,32.03125
ablation,seediv,tsception,B-r25,PGD,subset_n512,43,31.25
ablation,seediv,tsception,B-r25,PGD,subset_n512,44,28.7109375
ablation,seediv,tsception,B-r25,PGD,subset_n512,45,35.9375
ablation,seediv,tsception,B-r25,PGD,subset_n512,46,31.8359375
ablation,seediv,tsception,C-r25,PGD,subset_n512,42,33.7890625
ablation,seediv,tsception,C-r25,PGD,subset_n512,43,36.1328125
ablation,seediv,tsception,C-r25,PGD,subset_n512,44,32.03125
ablation,seediv,tsception,C-r25,PGD,subset_n512,45,37.890625
ablation,seediv,tsception,C-r25,PGD,subset_n512,46,35.7421875
ablation,seediv,tsception,D-r25,PGD,subset_n512,42,34.765625
ablation,seediv,tsception,D-r25,PGD,subset_n512,43,34.1796875
ablation,seediv,tsception,D-r25,PGD,subset_n512,44,33.203125
ablation,seediv,tsception,D-r25,PGD,subset_n512,45,41.015625
ablation,seediv,tsception,D-r25,PGD,subset_n512,46,34.9609375
ablation_delta,seediv,tsception,B−A-r25,PGD,subset_n512,42,-0.78125
ablation_delta,seediv,tsception,B−A-r25,PGD,subset_n512,43,0.78125
ablation_delta,seediv,tsception,B−A-r25,PGD,subset_n512,44,-0.78125
ablation_delta,seediv,tsception,B−A-r25,PGD,subset_n512,45,-0.9765625
ablation_delta,seediv,tsception,B−A-r25,PGD,subset_n512,46,-2.734375
ablation_delta,seediv,tsception,D−C-r25,PGD,subset_n512,42,0.9765625
ablation_delta,seediv,tsception,D−C-r25,PGD,subset_n512,43,-1.953125
ablation_delta,seediv,tsception,D−C-r25,PGD,subset_n512,44,1.171875
ablation_delta,seediv,tsception,D−C-r25,PGD,subset_n512,45,3.125
ablation_delta,seediv,tsception,D−C-r25,PGD,subset_n512,46,-0.78125
ablation_delta,seediv,tsception,D−B-r25,PGD,subset_n512,42,2.734375
ablation_delta,seediv,tsception,D−B-r25,PGD,subset_n512,43,2.9296875
ablation_delta,seediv,tsception,D−B-r25,PGD,subset_n512,44,4.4921875
ablation_delta,seediv,tsception,D−B-r25,PGD,subset_n512,45,5.078125
ablation_delta,seediv,tsception,D−B-r25,PGD,subset_n512,46,3.125
ablation,seediv,atcnet,A-r25,PGD,subset_n512,42,28.7109375
ablation,seediv,atcnet,A-r25,PGD,subset_n512,43,28.7109375
ablation,seediv,atcnet,A-r25,PGD,subset_n512,44,28.90625
ablation,seediv,atcnet,A-r25,PGD,subset_n512,45,29.4921875
ablation,seediv,atcnet,A-r25,PGD,subset_n512,46,29.296875
ablation,seediv,atcnet,B-r25,PGD,subset_n512,42,27.734375
ablation,seediv,atcnet,B-r25,PGD,subset_n512,43,27.1484375
ablation,seediv,atcnet,B-r25,PGD,subset_n512,44,29.296875
ablation,seediv,atcnet,B-r25,PGD,subset_n512,45,30.6640625
ablation,seediv,atcnet,B-r25,PGD,subset_n512,46,28.515625
ablation,seediv,atcnet,C-r25,PGD,subset_n512,42,28.7109375
ablation,seediv,atcnet,C-r25,PGD,subset_n512,43,29.8828125
ablation,seediv,atcnet,C-r25,PGD,subset_n512,44,29.8828125
ablation,seediv,atcnet,C-r25,PGD,subset_n512,45,33.7890625
ablation,seediv,atcnet,C-r25,PGD,subset_n512,46,30.46875
ablation,seediv,atcnet,D-r25,PGD,subset_n512,42,29.296875
ablation,seediv,atcnet,D-r25,PGD,subset_n512,43,31.25
ablation,seediv,atcnet,D-r25,PGD,subset_n512,44,31.8359375
ablation,seediv,atcnet,D-r25,PGD,subset_n512,45,33.59375
ablation,seediv,atcnet,D-r25,PGD,subset_n512,46,29.296875
ablation_delta,seediv,atcnet,B−A-r25,PGD,subset_n512,42,-0.9765625
ablation_delta,seediv,atcnet,B−A-r25,PGD,subset_n512,43,-1.5625
ablation_delta,seediv,atcnet,B−A-r25,PGD,subset_n512,44,0.390625
ablation_delta,seediv,atcnet,B−A-r25,PGD,subset_n512,45,1.171875
ablation_delta,seediv,atcnet,B−A-r25,PGD,subset_n512,46,-0.78125
ablation_delta,seediv,atcnet,D−C-r25,PGD,subset_n512,42,0.5859375
ablation_delta,seediv,atcnet,D−C-r25,PGD,subset_n512,43,1.3671875
ablation_delta,seediv,atcnet,D−C-r25,PGD,subset_n512,44,1.953125
ablation_delta,seediv,atcnet,D−C-r25,PGD,subset_n512,45,-0.1953125
ablation_delta,seediv,atcnet,D−C-r25,PGD,subset_n512,46,-1.171875
ablation_delta,seediv,atcnet,D−B-r25,PGD,subset_n512,42,1.5625
ablation_delta,seediv,atcnet,D−B-r25,PGD,subset_n512,43,4.1015625
ablation_delta,seediv,atcnet,D−B-r25,PGD,subset_n512,44,2.5390625
ablation_delta,seediv,atcnet,D−B-r25,PGD,subset_n512,45,2.9296875
ablation_delta,seediv,atcnet,D−B-r25,PGD,subset_n512,46,0.78125
ablation,seediv,conformer,A-r25,PGD,subset_n512,42,34.765625
ablation,seediv,conformer,A-r25,PGD,subset_n512,43,30.2734375
ablation,seediv,conformer,A-r25,PGD,subset_n512,44,30.2734375
ablation,seediv,conformer,A-r25,PGD,subset_n512,45,34.5703125
ablation,seediv,conformer,A-r25,PGD,subset_n512,46,37.890625
ablation,seediv,conformer,B-r25,PGD,subset_n512,42,29.296875
ablation,seediv,conformer,B-r25,PGD,subset_n512,43,26.171875
ablation,seediv,conformer,B-r25,PGD,subset_n512,44,24.21875
ablation,seediv,conformer,B-r25,PGD,subset_n512,45,29.4921875
ablation,seediv,conformer,B-r25,PGD,subset_n512,46,30.078125
ablation,seediv,conformer,C-r25,PGD,subset_n512,42,35.3515625
ablation,seediv,conformer,C-r25,PGD,subset_n512,43,36.328125
ablation,seediv,conformer,C-r25,PGD,subset_n512,44,34.375
ablation,seediv,conformer,C-r25,PGD,subset_n512,45,42.578125
ablation,seediv,conformer,C-r25,PGD,subset_n512,46,37.3046875
ablation,seediv,conformer,D-r25,PGD,subset_n512,42,42.96875
ablation,seediv,conformer,D-r25,PGD,subset_n512,43,40.8203125
ablation,seediv,conformer,D-r25,PGD,subset_n512,44,43.5546875
ablation,seediv,conformer,D-r25,PGD,subset_n512,45,46.484375
ablation,seediv,conformer,D-r25,PGD,subset_n512,46,44.140625
ablation_delta,seediv,conformer,B−A-r25,PGD,subset_n512,42,-5.46875
ablation_delta,seediv,conformer,B−A-r25,PGD,subset_n512,43,-4.1015625
ablation_delta,seediv,conformer,B−A-r25,PGD,subset_n512,44,-6.0546875
ablation_delta,seediv,conformer,B−A-r25,PGD,subset_n512,45,-5.078125
ablation_delta,seediv,conformer,B−A-r25,PGD,subset_n512,46,-7.8125
ablation_delta,seediv,conformer,D−C-r25,PGD,subset_n512,42,7.6171875
ablation_delta,seediv,conformer,D−C-r25,PGD,subset_n512,43,4.4921875
ablation_delta,seediv,conformer,D−C-r25,PGD,subset_n512,44,9.1796875
ablation_delta,seediv,conformer,D−C-r25,PGD,subset_n512,45,3.90625
ablation_delta,seediv,conformer,D−C-r25,PGD,subset_n512,46,6.8359375
ablation_delta,seediv,conformer,D−B-r25,PGD,subset_n512,42,13.671875
ablation_delta,seediv,conformer,D−B-r25,PGD,subset_n512,43,14.6484375
ablation_delta,seediv,conformer,D−B-r25,PGD,subset_n512,44,19.3359375
ablation_delta,seediv,conformer,D−B-r25,PGD,subset_n512,45,16.9921875
ablation_delta,seediv,conformer,D−B-r25,PGD,subset_n512,46,14.0625
ablation,seediv,tcnet,A-r25,PGD,subset_n512,42,27.1484375
ablation,seediv,tcnet,A-r25,PGD,subset_n512,43,31.0546875
ablation,seediv,tcnet,A-r25,PGD,subset_n512,44,29.4921875
ablation,seediv,tcnet,A-r25,PGD,subset_n512,45,31.25
ablation,seediv,tcnet,A-r25,PGD,subset_n512,46,33.3984375
ablation,seediv,tcnet,B-r25,PGD,subset_n512,42,26.7578125
ablation,seediv,tcnet,B-r25,PGD,subset_n512,43,29.6875
ablation,seediv,tcnet,B-r25,PGD,subset_n512,44,28.515625
ablation,seediv,tcnet,B-r25,PGD,subset_n512,45,31.8359375
ablation,seediv,tcnet,C-r25,PGD,subset_n512,42,29.8828125
ablation,seediv,tcnet,C-r25,PGD,subset_n512,43,32.03125
ablation,seediv,tcnet,C-r25,PGD,subset_n512,44,32.8125
ablation,seediv,tcnet,C-r25,PGD,subset_n512,45,32.6171875
ablation,seediv,tcnet,C-r25,PGD,subset_n512,46,34.5703125
ablation,seediv,tcnet,D-r25,PGD,subset_n512,42,31.25
ablation,seediv,tcnet,D-r25,PGD,subset_n512,43,32.03125
ablation,seediv,tcnet,D-r25,PGD,subset_n512,44,32.421875
ablation,seediv,tcnet,D-r25,PGD,subset_n512,45,33.203125
ablation_delta,seediv,tcnet,B−A-r25,PGD,subset_n512,42,-0.390625
ablation_delta,seediv,tcnet,B−A-r25,PGD,subset_n512,43,-1.3671875
ablation_delta,seediv,tcnet,B−A-r25,PGD,subset_n512,44,-0.9765625
ablation_delta,seediv,tcnet,B−A-r25,PGD,subset_n512,45,0.5859375
ablation_delta,seediv,tcnet,D−C-r25,PGD,subset_n512,42,1.3671875
ablation_delta,seediv,tcnet,D−C-r25,PGD,subset_n512,43,0.0
ablation_delta,seediv,tcnet,D−C-r25,PGD,subset_n512,44,-0.390625
ablation_delta,seediv,tcnet,D−C-r25,PGD,subset_n512,45,0.5859375
ablation_delta,seediv,tcnet,D−B-r25,PGD,subset_n512,42,4.4921875
ablation_delta,seediv,tcnet,D−B-r25,PGD,subset_n512,43,2.34375
ablation_delta,seediv,tcnet,D−B-r25,PGD,subset_n512,44,3.90625
ablation_delta,seediv,tcnet,D−B-r25,PGD,subset_n512,45,1.3671875
ablation,thubenchmark,eegnet,A-r30,PGD,subset_n512,42,77.34375
ablation,thubenchmark,eegnet,A-r30,PGD,subset_n512,43,80.2734375
ablation,thubenchmark,eegnet,A-r30,PGD,subset_n512,44,76.953125
ablation,thubenchmark,eegnet,A-r30,PGD,subset_n512,45,76.5625
ablation,thubenchmark,eegnet,A-r30,PGD,subset_n512,46,77.9296875
ablation,thubenchmark,eegnet,B-r30,PGD,subset_n512,42,78.3203125
ablation,thubenchmark,eegnet,B-r30,PGD,subset_n512,43,80.6640625
ablation,thubenchmark,eegnet,B-r30,PGD,subset_n512,44,76.171875
ablation,thubenchmark,eegnet,B-r30,PGD,subset_n512,45,76.171875
ablation,thubenchmark,eegnet,B-r30,PGD,subset_n512,46,78.125
ablation,thubenchmark,eegnet,C-r30,PGD,subset_n512,42,82.03125
ablation,thubenchmark,eegnet,C-r30,PGD,subset_n512,43,81.0546875
ablation,thubenchmark,eegnet,C-r30,PGD,subset_n512,44,78.90625
ablation,thubenchmark,eegnet,C-r30,PGD,subset_n512,45,77.9296875
ablation,thubenchmark,eegnet,C-r30,PGD,subset_n512,46,77.5390625
ablation,thubenchmark,eegnet,D-r30,PGD,subset_n512,42,81.640625
ablation,thubenchmark,eegnet,D-r30,PGD,subset_n512,43,82.6171875
ablation,thubenchmark,eegnet,D-r30,PGD,subset_n512,44,80.46875
ablation,thubenchmark,eegnet,D-r30,PGD,subset_n512,45,80.078125
ablation,thubenchmark,eegnet,D-r30,PGD,subset_n512,46,82.2265625
ablation_delta,thubenchmark,eegnet,B−A-r30,PGD,subset_n512,42,0.9765625
ablation_delta,thubenchmark,eegnet,B−A-r30,PGD,subset_n512,43,0.390625
ablation_delta,thubenchmark,eegnet,B−A-r30,PGD,subset_n512,44,-0.78125
ablation_delta,thubenchmark,eegnet,B−A-r30,PGD,subset_n512,45,-0.390625
ablation_delta,thubenchmark,eegnet,B−A-r30,PGD,subset_n512,46,0.1953125
ablation_delta,thubenchmark,eegnet,D−C-r30,PGD,subset_n512,42,-0.390625
ablation_delta,thubenchmark,eegnet,D−C-r30,PGD,subset_n512,43,1.5625
ablation_delta,thubenchmark,eegnet,D−C-r30,PGD,subset_n512,44,1.5625
ablation_delta,thubenchmark,eegnet,D−C-r30,PGD,subset_n512,45,2.1484375
ablation_delta,thubenchmark,eegnet,D−C-r30,PGD,subset_n512,46,4.6875
ablation_delta,thubenchmark,eegnet,D−B-r30,PGD,subset_n512,42,3.3203125
ablation_delta,thubenchmark,eegnet,D−B-r30,PGD,subset_n512,43,1.953125
ablation_delta,thubenchmark,eegnet,D−B-r30,PGD,subset_n512,44,4.296875
ablation_delta,thubenchmark,eegnet,D−B-r30,PGD,subset_n512,45,3.90625
ablation_delta,thubenchmark,eegnet,D−B-r30,PGD,subset_n512,46,4.1015625
ablation,thubenchmark,deepconvnet,A-r30,PGD,subset_n512,42,75.9765625
ablation,thubenchmark,deepconvnet,A-r30,PGD,subset_n512,43,77.734375
ablation,thubenchmark,deepconvnet,A-r30,PGD,subset_n512,44,75.0
ablation,thubenchmark,deepconvnet,A-r30,PGD,subset_n512,45,73.2421875
ablation,thubenchmark,deepconvnet,A-r30,PGD,subset_n512,46,77.1484375
ablation,thubenchmark,deepconvnet,B-r30,PGD,subset_n512,42,77.9296875
ablation,thubenchmark,deepconvnet,B-r30,PGD,subset_n512,43,76.5625
ablation,thubenchmark,deepconvnet,B-r30,PGD,subset_n512,44,77.1484375
ablation,thubenchmark,deepconvnet,B-r30,PGD,subset_n512,45,74.609375
ablation,thubenchmark,deepconvnet,B-r30,PGD,subset_n512,46,77.734375
ablation,thubenchmark,deepconvnet,C-r30,PGD,subset_n512,42,78.7109375
ablation,thubenchmark,deepconvnet,C-r30,PGD,subset_n512,43,78.90625
ablation,thubenchmark,deepconvnet,C-r30,PGD,subset_n512,44,76.953125
ablation,thubenchmark,deepconvnet,C-r30,PGD,subset_n512,45,75.78125
ablation,thubenchmark,deepconvnet,C-r30,PGD,subset_n512,46,78.7109375
ablation,thubenchmark,deepconvnet,D-r30,PGD,subset_n512,42,78.3203125
ablation,thubenchmark,deepconvnet,D-r30,PGD,subset_n512,43,78.7109375
ablation,thubenchmark,deepconvnet,D-r30,PGD,subset_n512,44,78.7109375
ablation,thubenchmark,deepconvnet,D-r30,PGD,subset_n512,45,76.171875
ablation,thubenchmark,deepconvnet,D-r30,PGD,subset_n512,46,79.1015625
ablation_delta,thubenchmark,deepconvnet,B−A-r30,PGD,subset_n512,42,1.953125
ablation_delta,thubenchmark,deepconvnet,B−A-r30,PGD,subset_n512,43,-1.171875
ablation_delta,thubenchmark,deepconvnet,B−A-r30,PGD,subset_n512,44,2.1484375
ablation_delta,thubenchmark,deepconvnet,B−A-r30,PGD,subset_n512,45,1.3671875
ablation_delta,thubenchmark,deepconvnet,B−A-r30,PGD,subset_n512,46,0.5859375
ablation_delta,thubenchmark,deepconvnet,D−C-r30,PGD,subset_n512,42,-0.390625
ablation_delta,thubenchmark,deepconvnet,D−C-r30,PGD,subset_n512,43,-0.1953125
ablation_delta,thubenchmark,deepconvnet,D−C-r30,PGD,subset_n512,44,1.7578125
ablation_delta,thubenchmark,deepconvnet,D−C-r30,PGD,subset_n512,45,0.390625
ablation_delta,thubenchmark,deepconvnet,D−C-r30,PGD,subset_n512,46,0.390625
ablation_delta,thubenchmark,deepconvnet,D−B-r30,PGD,subset_n512,42,0.390625
ablation_delta,thubenchmark,deepconvnet,D−B-r30,PGD,subset_n512,43,2.1484375
ablation_delta,thubenchmark,deepconvnet,D−B-r30,PGD,subset_n512,44,1.5625
ablation_delta,thubenchmark,deepconvnet,D−B-r30,PGD,subset_n512,45,1.5625
ablation_delta,thubenchmark,deepconvnet,D−B-r30,PGD,subset_n512,46,1.3671875
ablation,thubenchmark,tsception,A-r30,PGD,subset_n512,42,41.2109375
ablation,thubenchmark,tsception,A-r30,PGD,subset_n512,43,40.4296875
ablation,thubenchmark,tsception,A-r30,PGD,subset_n512,44,38.28125
ablation,thubenchmark,tsception,A-r30,PGD,subset_n512,45,42.578125
ablation,thubenchmark,tsception,A-r30,PGD,subset_n512,46,37.3046875
ablation,thubenchmark,tsception,B-r30,PGD,subset_n512,42,35.7421875
ablation,thubenchmark,tsception,B-r30,PGD,subset_n512,43,36.9140625
ablation,thubenchmark,tsception,B-r30,PGD,subset_n512,44,34.5703125
ablation,thubenchmark,tsception,B-r30,PGD,subset_n512,45,39.84375
ablation,thubenchmark,tsception,B-r30,PGD,subset_n512,46,33.7890625
ablation,thubenchmark,tsception,C-r30,PGD,subset_n512,42,48.2421875
ablation,thubenchmark,tsception,C-r30,PGD,subset_n512,43,46.484375
ablation,thubenchmark,tsception,C-r30,PGD,subset_n512,44,46.2890625
ablation,thubenchmark,tsception,C-r30,PGD,subset_n512,45,49.4140625
ablation,thubenchmark,tsception,C-r30,PGD,subset_n512,46,44.921875
ablation,thubenchmark,tsception,D-r30,PGD,subset_n512,42,45.703125
ablation,thubenchmark,tsception,D-r30,PGD,subset_n512,43,45.1171875
ablation,thubenchmark,tsception,D-r30,PGD,subset_n512,44,43.75
ablation,thubenchmark,tsception,D-r30,PGD,subset_n512,45,45.1171875
ablation,thubenchmark,tsception,D-r30,PGD,subset_n512,46,45.8984375
ablation_delta,thubenchmark,tsception,B−A-r30,PGD,subset_n512,42,-5.46875
ablation_delta,thubenchmark,tsception,B−A-r30,PGD,subset_n512,43,-3.515625
ablation_delta,thubenchmark,tsception,B−A-r30,PGD,subset_n512,44,-3.7109375
ablation_delta,thubenchmark,tsception,B−A-r30,PGD,subset_n512,45,-2.734375
ablation_delta,thubenchmark,tsception,B−A-r30,PGD,subset_n512,46,-3.515625
ablation_delta,thubenchmark,tsception,D−C-r30,PGD,subset_n512,42,-2.5390625
ablation_delta,thubenchmark,tsception,D−C-r30,PGD,subset_n512,43,-1.3671875
ablation_delta,thubenchmark,tsception,D−C-r30,PGD,subset_n512,44,-2.5390625
ablation_delta,thubenchmark,tsception,D−C-r30,PGD,subset_n512,45,-4.296875
ablation_delta,thubenchmark,tsception,D−C-r30,PGD,subset_n512,46,0.9765625
ablation_delta,thubenchmark,tsception,D−B-r30,PGD,subset_n512,42,9.9609375
ablation_delta,thubenchmark,tsception,D−B-r30,PGD,subset_n512,43,8.203125
ablation_delta,thubenchmark,tsception,D−B-r30,PGD,subset_n512,44,9.1796875
ablation_delta,thubenchmark,tsception,D−B-r30,PGD,subset_n512,45,5.2734375
ablation_delta,thubenchmark,tsception,D−B-r30,PGD,subset_n512,46,12.109375
ablation,thubenchmark,atcnet,A-r30,PGD,subset_n512,42,88.28125
ablation,thubenchmark,atcnet,A-r30,PGD,subset_n512,43,84.5703125
ablation,thubenchmark,atcnet,A-r30,PGD,subset_n512,44,86.328125
ablation,thubenchmark,atcnet,A-r30,PGD,subset_n512,45,83.984375
ablation,thubenchmark,atcnet,A-r30,PGD,subset_n512,46,85.546875
ablation,thubenchmark,atcnet,B-r30,PGD,subset_n512,42,88.671875
ablation,thubenchmark,atcnet,B-r30,PGD,subset_n512,43,86.71875
ablation,thubenchmark,atcnet,B-r30,PGD,subset_n512,44,85.3515625
ablation,thubenchmark,atcnet,B-r30,PGD,subset_n512,45,83.7890625
ablation,thubenchmark,atcnet,B-r30,PGD,subset_n512,46,85.3515625
ablation,thubenchmark,atcnet,C-r30,PGD,subset_n512,42,85.15625
ablation,thubenchmark,atcnet,C-r30,PGD,subset_n512,43,82.421875
ablation,thubenchmark,atcnet,C-r30,PGD,subset_n512,44,84.1796875
ablation,thubenchmark,atcnet,C-r30,PGD,subset_n512,45,81.640625
ablation,thubenchmark,atcnet,C-r30,PGD,subset_n512,46,84.1796875
ablation,thubenchmark,atcnet,D-r30,PGD,subset_n512,42,86.1328125
ablation,thubenchmark,atcnet,D-r30,PGD,subset_n512,43,85.7421875
ablation,thubenchmark,atcnet,D-r30,PGD,subset_n512,44,84.5703125
ablation,thubenchmark,atcnet,D-r30,PGD,subset_n512,45,82.8125
ablation,thubenchmark,atcnet,D-r30,PGD,subset_n512,46,84.5703125
ablation_delta,thubenchmark,atcnet,B−A-r30,PGD,subset_n512,42,0.390625
ablation_delta,thubenchmark,atcnet,B−A-r30,PGD,subset_n512,43,2.1484375
ablation_delta,thubenchmark,atcnet,B−A-r30,PGD,subset_n512,44,-0.9765625
ablation_delta,thubenchmark,atcnet,B−A-r30,PGD,subset_n512,45,-0.1953125
ablation_delta,thubenchmark,atcnet,B−A-r30,PGD,subset_n512,46,-0.1953125
ablation_delta,thubenchmark,atcnet,D−C-r30,PGD,subset_n512,42,0.9765625
ablation_delta,thubenchmark,atcnet,D−C-r30,PGD,subset_n512,43,3.3203125
ablation_delta,thubenchmark,atcnet,D−C-r30,PGD,subset_n512,44,0.390625
ablation_delta,thubenchmark,atcnet,D−C-r30,PGD,subset_n512,45,1.171875
ablation_delta,thubenchmark,atcnet,D−C-r30,PGD,subset_n512,46,0.390625
ablation_delta,thubenchmark,atcnet,D−B-r30,PGD,subset_n512,42,-2.5390625
ablation_delta,thubenchmark,atcnet,D−B-r30,PGD,subset_n512,43,-0.9765625
ablation_delta,thubenchmark,atcnet,D−B-r30,PGD,subset_n512,44,-0.78125
ablation_delta,thubenchmark,atcnet,D−B-r30,PGD,subset_n512,45,-0.9765625
ablation_delta,thubenchmark,atcnet,D−B-r30,PGD,subset_n512,46,-0.78125
ablation,thubenchmark,conformer,A-r30,PGD,subset_n512,42,75.390625
ablation,thubenchmark,conformer,A-r30,PGD,subset_n512,43,76.953125
ablation,thubenchmark,conformer,A-r30,PGD,subset_n512,44,73.2421875
ablation,thubenchmark,conformer,A-r30,PGD,subset_n512,45,76.171875
ablation,thubenchmark,conformer,A-r30,PGD,subset_n512,46,74.8046875
ablation,thubenchmark,conformer,B-r30,PGD,subset_n512,42,73.6328125
ablation,thubenchmark,conformer,B-r30,PGD,subset_n512,43,75.78125
ablation,thubenchmark,conformer,B-r30,PGD,subset_n512,44,74.4140625
ablation,thubenchmark,conformer,B-r30,PGD,subset_n512,45,70.3125
ablation,thubenchmark,conformer,B-r30,PGD,subset_n512,46,76.953125
ablation,thubenchmark,conformer,C-r30,PGD,subset_n512,42,77.9296875
ablation,thubenchmark,conformer,C-r30,PGD,subset_n512,43,80.46875
ablation,thubenchmark,conformer,C-r30,PGD,subset_n512,44,76.953125
ablation,thubenchmark,conformer,C-r30,PGD,subset_n512,45,79.4921875
ablation,thubenchmark,conformer,C-r30,PGD,subset_n512,46,76.5625
ablation,thubenchmark,conformer,D-r30,PGD,subset_n512,42,78.515625
ablation,thubenchmark,conformer,D-r30,PGD,subset_n512,43,79.296875
ablation,thubenchmark,conformer,D-r30,PGD,subset_n512,44,78.515625
ablation,thubenchmark,conformer,D-r30,PGD,subset_n512,45,76.171875
ablation,thubenchmark,conformer,D-r30,PGD,subset_n512,46,78.90625
ablation_delta,thubenchmark,conformer,B−A-r30,PGD,subset_n512,42,-1.7578125
ablation_delta,thubenchmark,conformer,B−A-r30,PGD,subset_n512,43,-1.171875
ablation_delta,thubenchmark,conformer,B−A-r30,PGD,subset_n512,44,1.171875
ablation_delta,thubenchmark,conformer,B−A-r30,PGD,subset_n512,45,-5.859375
ablation_delta,thubenchmark,conformer,B−A-r30,PGD,subset_n512,46,2.1484375
ablation_delta,thubenchmark,conformer,D−C-r30,PGD,subset_n512,42,0.5859375
ablation_delta,thubenchmark,conformer,D−C-r30,PGD,subset_n512,43,-1.171875
ablation_delta,thubenchmark,conformer,D−C-r30,PGD,subset_n512,44,1.5625
ablation_delta,thubenchmark,conformer,D−C-r30,PGD,subset_n512,45,-3.3203125
ablation_delta,thubenchmark,conformer,D−C-r30,PGD,subset_n512,46,2.34375
ablation_delta,thubenchmark,conformer,D−B-r30,PGD,subset_n512,42,4.8828125
ablation_delta,thubenchmark,conformer,D−B-r30,PGD,subset_n512,43,3.515625
ablation_delta,thubenchmark,conformer,D−B-r30,PGD,subset_n512,44,4.1015625
ablation_delta,thubenchmark,conformer,D−B-r30,PGD,subset_n512,45,5.859375
ablation_delta,thubenchmark,conformer,D−B-r30,PGD,subset_n512,46,1.953125
ablation,thubenchmark,tcnet,A-r30,PGD,subset_n512,42,47.65625
ablation,thubenchmark,tcnet,A-r30,PGD,subset_n512,43,53.90625
ablation,thubenchmark,tcnet,A-r30,PGD,subset_n512,44,52.34375
ablation,thubenchmark,tcnet,A-r30,PGD,subset_n512,45,43.75
ablation,thubenchmark,tcnet,A-r30,PGD,subset_n512,46,51.5625
ablation,thubenchmark,tcnet,B-r30,PGD,subset_n512,42,47.0703125
ablation,thubenchmark,tcnet,B-r30,PGD,subset_n512,43,52.5390625
ablation,thubenchmark,tcnet,B-r30,PGD,subset_n512,44,52.5390625
ablation,thubenchmark,tcnet,B-r30,PGD,subset_n512,45,46.2890625
ablation,thubenchmark,tcnet,B-r30,PGD,subset_n512,46,49.21875
ablation,thubenchmark,tcnet,C-r30,PGD,subset_n512,42,53.3203125
ablation,thubenchmark,tcnet,C-r30,PGD,subset_n512,43,58.203125
ablation,thubenchmark,tcnet,C-r30,PGD,subset_n512,44,56.640625
ablation,thubenchmark,tcnet,C-r30,PGD,subset_n512,45,50.78125
ablation,thubenchmark,tcnet,C-r30,PGD,subset_n512,46,57.8125
ablation,thubenchmark,tcnet,D-r30,PGD,subset_n512,42,58.984375
ablation,thubenchmark,tcnet,D-r30,PGD,subset_n512,43,63.28125
ablation,thubenchmark,tcnet,D-r30,PGD,subset_n512,44,56.640625
ablation,thubenchmark,tcnet,D-r30,PGD,subset_n512,45,53.3203125
ablation,thubenchmark,tcnet,D-r30,PGD,subset_n512,46,57.6171875
ablation_delta,thubenchmark,tcnet,B−A-r30,PGD,subset_n512,42,-0.5859375
ablation_delta,thubenchmark,tcnet,B−A-r30,PGD,subset_n512,43,-1.3671875
ablation_delta,thubenchmark,tcnet,B−A-r30,PGD,subset_n512,44,0.1953125
ablation_delta,thubenchmark,tcnet,B−A-r30,PGD,subset_n512,45,2.5390625
ablation_delta,thubenchmark,tcnet,B−A-r30,PGD,subset_n512,46,-2.34375
ablation_delta,thubenchmark,tcnet,D−C-r30,PGD,subset_n512,42,5.6640625
ablation_delta,thubenchmark,tcnet,D−C-r30,PGD,subset_n512,43,5.078125
ablation_delta,thubenchmark,tcnet,D−C-r30,PGD,subset_n512,44,0.0
ablation_delta,thubenchmark,tcnet,D−C-r30,PGD,subset_n512,45,2.5390625
ablation_delta,thubenchmark,tcnet,D−C-r30,PGD,subset_n512,46,-0.1953125
ablation_delta,thubenchmark,tcnet,D−B-r30,PGD,subset_n512,42,11.9140625
ablation_delta,thubenchmark,tcnet,D−B-r30,PGD,subset_n512,43,10.7421875
ablation_delta,thubenchmark,tcnet,D−B-r30,PGD,subset_n512,44,4.1015625
ablation_delta,thubenchmark,tcnet,D−B-r30,PGD,subset_n512,45,7.03125
ablation_delta,thubenchmark,tcnet,D−B-r30,PGD,subset_n512,46,8.3984375
ablation,seediv,eegnet,A-r30,PGD,subset_n512,42,27.5390625
ablation,seediv,eegnet,A-r30,PGD,subset_n512,43,29.8828125
ablation,seediv,eegnet,A-r30,PGD,subset_n512,44,21.6796875
ablation,seediv,eegnet,A-r30,PGD,subset_n512,45,28.125
ablation,seediv,eegnet,A-r30,PGD,subset_n512,46,20.1171875
ablation,seediv,eegnet,B-r30,PGD,subset_n512,42,27.1484375
ablation,seediv,eegnet,B-r30,PGD,subset_n512,43,29.1015625
ablation,seediv,eegnet,B-r30,PGD,subset_n512,44,25.78125
ablation,seediv,eegnet,B-r30,PGD,subset_n512,45,31.640625
ablation,seediv,eegnet,B-r30,PGD,subset_n512,46,26.5625
ablation,seediv,eegnet,C-r30,PGD,subset_n512,42,27.9296875
ablation,seediv,eegnet,C-r30,PGD,subset_n512,43,30.6640625
ablation,seediv,eegnet,C-r30,PGD,subset_n512,44,22.8515625
ablation,seediv,eegnet,C-r30,PGD,subset_n512,45,29.4921875
ablation,seediv,eegnet,C-r30,PGD,subset_n512,46,20.5078125
ablation,seediv,eegnet,D-r30,PGD,subset_n512,42,27.5390625
ablation,seediv,eegnet,D-r30,PGD,subset_n512,43,30.859375
ablation,seediv,eegnet,D-r30,PGD,subset_n512,44,26.3671875
ablation,seediv,eegnet,D-r30,PGD,subset_n512,45,32.421875
ablation,seediv,eegnet,D-r30,PGD,subset_n512,46,30.46875
ablation_delta,seediv,eegnet,B−A-r30,PGD,subset_n512,42,-0.390625
ablation_delta,seediv,eegnet,B−A-r30,PGD,subset_n512,43,-0.78125
ablation_delta,seediv,eegnet,B−A-r30,PGD,subset_n512,44,4.1015625
ablation_delta,seediv,eegnet,B−A-r30,PGD,subset_n512,45,3.515625
ablation_delta,seediv,eegnet,B−A-r30,PGD,subset_n512,46,6.4453125
ablation_delta,seediv,eegnet,D−C-r30,PGD,subset_n512,42,-0.390625
ablation_delta,seediv,eegnet,D−C-r30,PGD,subset_n512,43,0.1953125
ablation_delta,seediv,eegnet,D−C-r30,PGD,subset_n512,44,3.515625
ablation_delta,seediv,eegnet,D−C-r30,PGD,subset_n512,45,2.9296875
ablation_delta,seediv,eegnet,D−C-r30,PGD,subset_n512,46,9.9609375
ablation_delta,seediv,eegnet,D−B-r30,PGD,subset_n512,42,0.390625
ablation_delta,seediv,eegnet,D−B-r30,PGD,subset_n512,43,1.7578125
ablation_delta,seediv,eegnet,D−B-r30,PGD,subset_n512,44,0.5859375
ablation_delta,seediv,eegnet,D−B-r30,PGD,subset_n512,45,0.78125
ablation_delta,seediv,eegnet,D−B-r30,PGD,subset_n512,46,3.90625
ablation,seediv,deepconvnet,A-r30,PGD,subset_n512,42,22.4609375
ablation,seediv,deepconvnet,A-r30,PGD,subset_n512,43,21.6796875
ablation,seediv,deepconvnet,A-r30,PGD,subset_n512,44,20.3125
ablation,seediv,deepconvnet,A-r30,PGD,subset_n512,45,25.1953125
ablation,seediv,deepconvnet,A-r30,PGD,subset_n512,46,25.390625
ablation,seediv,deepconvnet,B-r30,PGD,subset_n512,42,18.75
ablation,seediv,deepconvnet,B-r30,PGD,subset_n512,43,20.8984375
ablation,seediv,deepconvnet,B-r30,PGD,subset_n512,44,18.75
ablation,seediv,deepconvnet,B-r30,PGD,subset_n512,45,20.3125
ablation,seediv,deepconvnet,B-r30,PGD,subset_n512,46,21.6796875
ablation,seediv,deepconvnet,C-r30,PGD,subset_n512,42,23.6328125
ablation,seediv,deepconvnet,C-r30,PGD,subset_n512,43,25.78125
ablation,seediv,deepconvnet,C-r30,PGD,subset_n512,44,23.046875
ablation,seediv,deepconvnet,C-r30,PGD,subset_n512,45,26.5625
ablation,seediv,deepconvnet,C-r30,PGD,subset_n512,46,27.734375
ablation,seediv,deepconvnet,D-r30,PGD,subset_n512,42,22.8515625
ablation,seediv,deepconvnet,D-r30,PGD,subset_n512,43,25.78125
ablation,seediv,deepconvnet,D-r30,PGD,subset_n512,44,24.0234375
ablation,seediv,deepconvnet,D-r30,PGD,subset_n512,45,25.5859375
ablation,seediv,deepconvnet,D-r30,PGD,subset_n512,46,25.5859375
ablation_delta,seediv,deepconvnet,B−A-r30,PGD,subset_n512,42,-3.7109375
ablation_delta,seediv,deepconvnet,B−A-r30,PGD,subset_n512,43,-0.78125
ablation_delta,seediv,deepconvnet,B−A-r30,PGD,subset_n512,44,-1.5625
ablation_delta,seediv,deepconvnet,B−A-r30,PGD,subset_n512,45,-4.8828125
ablation_delta,seediv,deepconvnet,B−A-r30,PGD,subset_n512,46,-3.7109375
ablation_delta,seediv,deepconvnet,D−C-r30,PGD,subset_n512,42,-0.78125
ablation_delta,seediv,deepconvnet,D−C-r30,PGD,subset_n512,43,0.0
ablation_delta,seediv,deepconvnet,D−C-r30,PGD,subset_n512,44,0.9765625
ablation_delta,seediv,deepconvnet,D−C-r30,PGD,subset_n512,45,-0.9765625
ablation_delta,seediv,deepconvnet,D−C-r30,PGD,subset_n512,46,-2.1484375
ablation_delta,seediv,deepconvnet,D−B-r30,PGD,subset_n512,42,4.1015625
ablation_delta,seediv,deepconvnet,D−B-r30,PGD,subset_n512,43,4.8828125
ablation_delta,seediv,deepconvnet,D−B-r30,PGD,subset_n512,44,5.2734375
ablation_delta,seediv,deepconvnet,D−B-r30,PGD,subset_n512,45,5.2734375
ablation_delta,seediv,deepconvnet,D−B-r30,PGD,subset_n512,46,3.90625
ablation,seediv,tsception,A-r30,PGD,subset_n512,42,32.8125
ablation,seediv,tsception,A-r30,PGD,subset_n512,43,30.46875
ablation,seediv,tsception,A-r30,PGD,subset_n512,44,29.4921875
ablation,seediv,tsception,A-r30,PGD,subset_n512,45,36.9140625
ablation,seediv,tsception,A-r30,PGD,subset_n512,46,34.5703125
ablation,seediv,tsception,B-r30,PGD,subset_n512,42,32.03125
ablation,seediv,tsception,B-r30,PGD,subset_n512,43,31.25
ablation,seediv,tsception,B-r30,PGD,subset_n512,44,28.7109375
ablation,seediv,tsception,B-r30,PGD,subset_n512,45,35.9375
ablation,seediv,tsception,B-r30,PGD,subset_n512,46,31.8359375
ablation,seediv,tsception,C-r30,PGD,subset_n512,42,33.59375
ablation,seediv,tsception,C-r30,PGD,subset_n512,43,34.5703125
ablation,seediv,tsception,C-r30,PGD,subset_n512,44,32.421875
ablation,seediv,tsception,C-r30,PGD,subset_n512,45,39.2578125
ablation,seediv,tsception,C-r30,PGD,subset_n512,46,35.9375
ablation,seediv,tsception,D-r30,PGD,subset_n512,42,33.59375
ablation,seediv,tsception,D-r30,PGD,subset_n512,43,34.9609375
ablation,seediv,tsception,D-r30,PGD,subset_n512,44,31.8359375
ablation,seediv,tsception,D-r30,PGD,subset_n512,45,41.2109375
ablation,seediv,tsception,D-r30,PGD,subset_n512,46,35.7421875
ablation_delta,seediv,tsception,B−A-r30,PGD,subset_n512,42,-0.78125
ablation_delta,seediv,tsception,B−A-r30,PGD,subset_n512,43,0.78125
ablation_delta,seediv,tsception,B−A-r30,PGD,subset_n512,44,-0.78125
ablation_delta,seediv,tsception,B−A-r30,PGD,subset_n512,45,-0.9765625
ablation_delta,seediv,tsception,B−A-r30,PGD,subset_n512,46,-2.734375
ablation_delta,seediv,tsception,D−C-r30,PGD,subset_n512,42,0.0
ablation_delta,seediv,tsception,D−C-r30,PGD,subset_n512,43,0.390625
ablation_delta,seediv,tsception,D−C-r30,PGD,subset_n512,44,-0.5859375
ablation_delta,seediv,tsception,D−C-r30,PGD,subset_n512,45,1.953125
ablation_delta,seediv,tsception,D−C-r30,PGD,subset_n512,46,-0.1953125
ablation_delta,seediv,tsception,D−B-r30,PGD,subset_n512,42,1.5625
ablation_delta,seediv,tsception,D−B-r30,PGD,subset_n512,43,3.7109375
ablation_delta,seediv,tsception,D−B-r30,PGD,subset_n512,44,3.125
ablation_delta,seediv,tsception,D−B-r30,PGD,subset_n512,45,5.2734375
ablation_delta,seediv,tsception,D−B-r30,PGD,subset_n512,46,3.90625
ablation,seediv,atcnet,A-r30,PGD,subset_n512,42,28.7109375
ablation,seediv,atcnet,A-r30,PGD,subset_n512,43,28.7109375
ablation,seediv,atcnet,A-r30,PGD,subset_n512,44,28.90625
ablation,seediv,atcnet,A-r30,PGD,subset_n512,45,29.4921875
ablation,seediv,atcnet,A-r30,PGD,subset_n512,46,29.296875
ablation,seediv,atcnet,B-r30,PGD,subset_n512,42,27.734375
ablation,seediv,atcnet,B-r30,PGD,subset_n512,43,27.1484375
ablation,seediv,atcnet,B-r30,PGD,subset_n512,44,29.296875
ablation,seediv,atcnet,B-r30,PGD,subset_n512,45,30.6640625
ablation,seediv,atcnet,B-r30,PGD,subset_n512,46,28.515625
ablation,seediv,atcnet,C-r30,PGD,subset_n512,42,28.3203125
ablation,seediv,atcnet,C-r30,PGD,subset_n512,43,29.296875
ablation,seediv,atcnet,C-r30,PGD,subset_n512,44,29.296875
ablation,seediv,atcnet,C-r30,PGD,subset_n512,45,32.6171875
ablation,seediv,atcnet,C-r30,PGD,subset_n512,46,30.6640625
ablation,seediv,atcnet,D-r30,PGD,subset_n512,42,29.4921875
ablation,seediv,atcnet,D-r30,PGD,subset_n512,43,30.078125
ablation,seediv,atcnet,D-r30,PGD,subset_n512,44,31.640625
ablation,seediv,atcnet,D-r30,PGD,subset_n512,45,33.3984375
ablation,seediv,atcnet,D-r30,PGD,subset_n512,46,29.8828125
ablation_delta,seediv,atcnet,B−A-r30,PGD,subset_n512,42,-0.9765625
ablation_delta,seediv,atcnet,B−A-r30,PGD,subset_n512,43,-1.5625
ablation_delta,seediv,atcnet,B−A-r30,PGD,subset_n512,44,0.390625
ablation_delta,seediv,atcnet,B−A-r30,PGD,subset_n512,45,1.171875
ablation_delta,seediv,atcnet,B−A-r30,PGD,subset_n512,46,-0.78125
ablation_delta,seediv,atcnet,D−C-r30,PGD,subset_n512,42,1.171875
ablation_delta,seediv,atcnet,D−C-r30,PGD,subset_n512,43,0.78125
ablation_delta,seediv,atcnet,D−C-r30,PGD,subset_n512,44,2.34375
ablation_delta,seediv,atcnet,D−C-r30,PGD,subset_n512,45,0.78125
ablation_delta,seediv,atcnet,D−C-r30,PGD,subset_n512,46,-0.78125
ablation_delta,seediv,atcnet,D−B-r30,PGD,subset_n512,42,1.7578125
ablation_delta,seediv,atcnet,D−B-r30,PGD,subset_n512,43,2.9296875
ablation_delta,seediv,atcnet,D−B-r30,PGD,subset_n512,44,2.34375
ablation_delta,seediv,atcnet,D−B-r30,PGD,subset_n512,45,2.734375
ablation_delta,seediv,atcnet,D−B-r30,PGD,subset_n512,46,1.3671875
ablation,seediv,conformer,A-r30,PGD,subset_n512,42,34.765625
ablation,seediv,conformer,A-r30,PGD,subset_n512,43,30.2734375
ablation,seediv,conformer,A-r30,PGD,subset_n512,44,30.2734375
ablation,seediv,conformer,A-r30,PGD,subset_n512,45,34.5703125
ablation,seediv,conformer,A-r30,PGD,subset_n512,46,37.890625
ablation,seediv,conformer,B-r30,PGD,subset_n512,42,29.296875
ablation,seediv,conformer,B-r30,PGD,subset_n512,43,26.171875
ablation,seediv,conformer,B-r30,PGD,subset_n512,44,24.21875
ablation,seediv,conformer,B-r30,PGD,subset_n512,45,29.4921875
ablation,seediv,conformer,B-r30,PGD,subset_n512,46,30.078125
ablation,seediv,conformer,C-r30,PGD,subset_n512,42,38.0859375
ablation,seediv,conformer,C-r30,PGD,subset_n512,43,38.671875
ablation,seediv,conformer,C-r30,PGD,subset_n512,44,36.5234375
ablation,seediv,conformer,C-r30,PGD,subset_n512,45,44.3359375
ablation,seediv,conformer,C-r30,PGD,subset_n512,46,42.1875
ablation,seediv,conformer,D-r30,PGD,subset_n512,42,43.1640625
ablation,seediv,conformer,D-r30,PGD,subset_n512,43,40.625
ablation,seediv,conformer,D-r30,PGD,subset_n512,44,41.9921875
ablation,seediv,conformer,D-r30,PGD,subset_n512,45,46.09375
ablation,seediv,conformer,D-r30,PGD,subset_n512,46,49.609375
ablation_delta,seediv,conformer,B−A-r30,PGD,subset_n512,42,-5.46875
ablation_delta,seediv,conformer,B−A-r30,PGD,subset_n512,43,-4.1015625
ablation_delta,seediv,conformer,B−A-r30,PGD,subset_n512,44,-6.0546875
ablation_delta,seediv,conformer,B−A-r30,PGD,subset_n512,45,-5.078125
ablation_delta,seediv,conformer,B−A-r30,PGD,subset_n512,46,-7.8125
ablation_delta,seediv,conformer,D−C-r30,PGD,subset_n512,42,5.078125
ablation_delta,seediv,conformer,D−C-r30,PGD,subset_n512,43,1.953125
ablation_delta,seediv,conformer,D−C-r30,PGD,subset_n512,44,5.46875
ablation_delta,seediv,conformer,D−C-r30,PGD,subset_n512,45,1.7578125
ablation_delta,seediv,conformer,D−C-r30,PGD,subset_n512,46,7.421875
ablation_delta,seediv,conformer,D−B-r30,PGD,subset_n512,42,13.8671875
ablation_delta,seediv,conformer,D−B-r30,PGD,subset_n512,43,14.453125
ablation_delta,seediv,conformer,D−B-r30,PGD,subset_n512,44,17.7734375
ablation_delta,seediv,conformer,D−B-r30,PGD,subset_n512,45,16.6015625
ablation_delta,seediv,conformer,D−B-r30,PGD,subset_n512,46,19.53125
ablation,seediv,tcnet,A-r30,PGD,subset_n512,42,27.1484375
ablation,seediv,tcnet,A-r30,PGD,subset_n512,43,31.0546875
ablation,seediv,tcnet,A-r30,PGD,subset_n512,44,29.4921875
ablation,seediv,tcnet,A-r30,PGD,subset_n512,45,31.25
ablation,seediv,tcnet,A-r30,PGD,subset_n512,46,33.3984375
ablation,seediv,tcnet,B-r30,PGD,subset_n512,42,26.7578125
ablation,seediv,tcnet,B-r30,PGD,subset_n512,43,29.6875
ablation,seediv,tcnet,B-r30,PGD,subset_n512,44,28.515625
ablation,seediv,tcnet,B-r30,PGD,subset_n512,45,31.8359375
ablation,seediv,tcnet,C-r30,PGD,subset_n512,42,31.640625
ablation,seediv,tcnet,C-r30,PGD,subset_n512,43,32.421875
ablation,seediv,tcnet,C-r30,PGD,subset_n512,44,32.6171875
ablation,seediv,tcnet,C-r30,PGD,subset_n512,45,33.203125
ablation,seediv,tcnet,C-r30,PGD,subset_n512,46,36.5234375
ablation,seediv,tcnet,D-r30,PGD,subset_n512,42,31.8359375
ablation,seediv,tcnet,D-r30,PGD,subset_n512,43,32.2265625
ablation,seediv,tcnet,D-r30,PGD,subset_n512,44,32.03125
ablation,seediv,tcnet,D-r30,PGD,subset_n512,45,33.59375
ablation_delta,seediv,tcnet,B−A-r30,PGD,subset_n512,42,-0.390625
ablation_delta,seediv,tcnet,B−A-r30,PGD,subset_n512,43,-1.3671875
ablation_delta,seediv,tcnet,B−A-r30,PGD,subset_n512,44,-0.9765625
ablation_delta,seediv,tcnet,B−A-r30,PGD,subset_n512,45,0.5859375
ablation_delta,seediv,tcnet,D−C-r30,PGD,subset_n512,42,0.1953125
ablation_delta,seediv,tcnet,D−C-r30,PGD,subset_n512,43,-0.1953125
ablation_delta,seediv,tcnet,D−C-r30,PGD,subset_n512,44,-0.5859375
ablation_delta,seediv,tcnet,D−C-r30,PGD,subset_n512,45,0.390625
ablation_delta,seediv,tcnet,D−B-r30,PGD,subset_n512,42,5.078125
ablation_delta,seediv,tcnet,D−B-r30,PGD,subset_n512,43,2.5390625
ablation_delta,seediv,tcnet,D−B-r30,PGD,subset_n512,44,3.515625
ablation_delta,seediv,tcnet,D−B-r30,PGD,subset_n512,45,1.7578125
ablation,thubenchmark,eegnet,A-r25,Mean4,subset_n512,42,58.10546875
ablation,thubenchmark,eegnet,A-r25,Mean4,subset_n512,43,60.05859375
ablation,thubenchmark,eegnet,A-r25,Mean4,subset_n512,44,57.763671875
ablation,thubenchmark,eegnet,A-r25,Mean4,subset_n512,45,57.568359375
ablation,thubenchmark,eegnet,A-r25,Mean4,subset_n512,46,58.544921875
ablation,thubenchmark,eegnet,B-r25,Mean4,subset_n512,42,58.740234375
ablation,thubenchmark,eegnet,B-r25,Mean4,subset_n512,43,60.400390625
ablation,thubenchmark,eegnet,B-r25,Mean4,subset_n512,44,57.470703125
ablation,thubenchmark,eegnet,B-r25,Mean4,subset_n512,45,57.51953125
ablation,thubenchmark,eegnet,B-r25,Mean4,subset_n512,46,58.49609375
ablation,thubenchmark,eegnet,C-r25,Mean4,subset_n512,42,68.5546875
ablation,thubenchmark,eegnet,C-r25,Mean4,subset_n512,43,66.748046875
ablation,thubenchmark,eegnet,C-r25,Mean4,subset_n512,44,66.259765625
ablation,thubenchmark,eegnet,C-r25,Mean4,subset_n512,45,65.185546875
ablation,thubenchmark,eegnet,C-r25,Mean4,subset_n512,46,66.30859375
ablation,thubenchmark,eegnet,D-r25,Mean4,subset_n512,42,69.384765625
ablation,thubenchmark,eegnet,D-r25,Mean4,subset_n512,43,69.189453125
ablation,thubenchmark,eegnet,D-r25,Mean4,subset_n512,44,66.845703125
ablation,thubenchmark,eegnet,D-r25,Mean4,subset_n512,45,67.578125
ablation,thubenchmark,eegnet,D-r25,Mean4,subset_n512,46,68.5546875
ablation_delta,thubenchmark,eegnet,B−A-r25,Mean4,subset_n512,42,0.634765625
ablation_delta,thubenchmark,eegnet,B−A-r25,Mean4,subset_n512,43,0.341796875
ablation_delta,thubenchmark,eegnet,B−A-r25,Mean4,subset_n512,44,-0.29296875
ablation_delta,thubenchmark,eegnet,B−A-r25,Mean4,subset_n512,45,-0.048828125
ablation_delta,thubenchmark,eegnet,B−A-r25,Mean4,subset_n512,46,-0.048828125
ablation_delta,thubenchmark,eegnet,D−C-r25,Mean4,subset_n512,42,0.830078125
ablation_delta,thubenchmark,eegnet,D−C-r25,Mean4,subset_n512,43,2.44140625
ablation_delta,thubenchmark,eegnet,D−C-r25,Mean4,subset_n512,44,0.5859375
ablation_delta,thubenchmark,eegnet,D−C-r25,Mean4,subset_n512,45,2.392578125
ablation_delta,thubenchmark,eegnet,D−C-r25,Mean4,subset_n512,46,2.24609375
ablation_delta,thubenchmark,eegnet,D−B-r25,Mean4,subset_n512,42,10.64453125
ablation_delta,thubenchmark,eegnet,D−B-r25,Mean4,subset_n512,43,8.7890625
ablation_delta,thubenchmark,eegnet,D−B-r25,Mean4,subset_n512,44,9.375
ablation_delta,thubenchmark,eegnet,D−B-r25,Mean4,subset_n512,45,10.05859375
ablation_delta,thubenchmark,eegnet,D−B-r25,Mean4,subset_n512,46,10.05859375
ablation,thubenchmark,deepconvnet,A-r25,Mean4,subset_n512,42,57.080078125
ablation,thubenchmark,deepconvnet,A-r25,Mean4,subset_n512,43,58.69140625
ablation,thubenchmark,deepconvnet,A-r25,Mean4,subset_n512,44,56.640625
ablation,thubenchmark,deepconvnet,A-r25,Mean4,subset_n512,45,55.419921875
ablation,thubenchmark,deepconvnet,A-r25,Mean4,subset_n512,46,58.49609375
ablation,thubenchmark,deepconvnet,B-r25,Mean4,subset_n512,42,59.08203125
ablation,thubenchmark,deepconvnet,B-r25,Mean4,subset_n512,43,57.91015625
ablation,thubenchmark,deepconvnet,B-r25,Mean4,subset_n512,44,58.30078125
ablation,thubenchmark,deepconvnet,B-r25,Mean4,subset_n512,45,56.54296875
ablation,thubenchmark,deepconvnet,B-r25,Mean4,subset_n512,46,59.1796875
ablation,thubenchmark,deepconvnet,C-r25,Mean4,subset_n512,42,66.50390625
ablation,thubenchmark,deepconvnet,C-r25,Mean4,subset_n512,43,62.451171875
ablation,thubenchmark,deepconvnet,C-r25,Mean4,subset_n512,44,62.79296875
ablation,thubenchmark,deepconvnet,C-r25,Mean4,subset_n512,45,63.76953125
ablation,thubenchmark,deepconvnet,C-r25,Mean4,subset_n512,46,63.0859375
ablation,thubenchmark,deepconvnet,D-r25,Mean4,subset_n512,42,61.62109375
ablation,thubenchmark,deepconvnet,D-r25,Mean4,subset_n512,43,60.7421875
ablation,thubenchmark,deepconvnet,D-r25,Mean4,subset_n512,44,61.328125
ablation,thubenchmark,deepconvnet,D-r25,Mean4,subset_n512,45,60.107421875
ablation,thubenchmark,deepconvnet,D-r25,Mean4,subset_n512,46,61.279296875
ablation_delta,thubenchmark,deepconvnet,B−A-r25,Mean4,subset_n512,42,2.001953125
ablation_delta,thubenchmark,deepconvnet,B−A-r25,Mean4,subset_n512,43,-0.78125
ablation_delta,thubenchmark,deepconvnet,B−A-r25,Mean4,subset_n512,44,1.66015625
ablation_delta,thubenchmark,deepconvnet,B−A-r25,Mean4,subset_n512,45,1.123046875
ablation_delta,thubenchmark,deepconvnet,B−A-r25,Mean4,subset_n512,46,0.68359375
ablation_delta,thubenchmark,deepconvnet,D−C-r25,Mean4,subset_n512,42,-4.8828125
ablation_delta,thubenchmark,deepconvnet,D−C-r25,Mean4,subset_n512,43,-1.708984375
ablation_delta,thubenchmark,deepconvnet,D−C-r25,Mean4,subset_n512,44,-1.46484375
ablation_delta,thubenchmark,deepconvnet,D−C-r25,Mean4,subset_n512,45,-3.662109375
ablation_delta,thubenchmark,deepconvnet,D−C-r25,Mean4,subset_n512,46,-1.806640625
ablation_delta,thubenchmark,deepconvnet,D−B-r25,Mean4,subset_n512,42,2.5390625
ablation_delta,thubenchmark,deepconvnet,D−B-r25,Mean4,subset_n512,43,2.83203125
ablation_delta,thubenchmark,deepconvnet,D−B-r25,Mean4,subset_n512,44,3.02734375
ablation_delta,thubenchmark,deepconvnet,D−B-r25,Mean4,subset_n512,45,3.564453125
ablation_delta,thubenchmark,deepconvnet,D−B-r25,Mean4,subset_n512,46,2.099609375
ablation,thubenchmark,tsception,A-r25,Mean4,subset_n512,42,32.2265625
ablation,thubenchmark,tsception,A-r25,Mean4,subset_n512,43,30.712890625
ablation,thubenchmark,tsception,A-r25,Mean4,subset_n512,44,30.17578125
ablation,thubenchmark,tsception,A-r25,Mean4,subset_n512,45,33.30078125
ablation,thubenchmark,tsception,A-r25,Mean4,subset_n512,46,29.00390625
ablation,thubenchmark,tsception,B-r25,Mean4,subset_n512,42,29.1015625
ablation,thubenchmark,tsception,B-r25,Mean4,subset_n512,43,29.052734375
ablation,thubenchmark,tsception,B-r25,Mean4,subset_n512,44,27.734375
ablation,thubenchmark,tsception,B-r25,Mean4,subset_n512,45,31.494140625
ablation,thubenchmark,tsception,B-r25,Mean4,subset_n512,46,27.9296875
ablation,thubenchmark,tsception,C-r25,Mean4,subset_n512,42,43.017578125
ablation,thubenchmark,tsception,C-r25,Mean4,subset_n512,43,40.4296875
ablation,thubenchmark,tsception,C-r25,Mean4,subset_n512,44,40.8203125
ablation,thubenchmark,tsception,C-r25,Mean4,subset_n512,45,44.82421875
ablation,thubenchmark,tsception,C-r25,Mean4,subset_n512,46,39.404296875
ablation,thubenchmark,tsception,D-r25,Mean4,subset_n512,42,42.1875
ablation,thubenchmark,tsception,D-r25,Mean4,subset_n512,43,40.283203125
ablation,thubenchmark,tsception,D-r25,Mean4,subset_n512,44,38.96484375
ablation,thubenchmark,tsception,D-r25,Mean4,subset_n512,45,40.8203125
ablation,thubenchmark,tsception,D-r25,Mean4,subset_n512,46,41.259765625
ablation_delta,thubenchmark,tsception,B−A-r25,Mean4,subset_n512,42,-3.125
ablation_delta,thubenchmark,tsception,B−A-r25,Mean4,subset_n512,43,-1.66015625
ablation_delta,thubenchmark,tsception,B−A-r25,Mean4,subset_n512,44,-2.44140625
ablation_delta,thubenchmark,tsception,B−A-r25,Mean4,subset_n512,45,-1.806640625
ablation_delta,thubenchmark,tsception,B−A-r25,Mean4,subset_n512,46,-1.07421875
ablation_delta,thubenchmark,tsception,D−C-r25,Mean4,subset_n512,42,-0.830078125
ablation_delta,thubenchmark,tsception,D−C-r25,Mean4,subset_n512,43,-0.146484375
ablation_delta,thubenchmark,tsception,D−C-r25,Mean4,subset_n512,44,-1.85546875
ablation_delta,thubenchmark,tsception,D−C-r25,Mean4,subset_n512,45,-4.00390625
ablation_delta,thubenchmark,tsception,D−C-r25,Mean4,subset_n512,46,1.85546875
ablation_delta,thubenchmark,tsception,D−B-r25,Mean4,subset_n512,42,13.0859375
ablation_delta,thubenchmark,tsception,D−B-r25,Mean4,subset_n512,43,11.23046875
ablation_delta,thubenchmark,tsception,D−B-r25,Mean4,subset_n512,44,11.23046875
ablation_delta,thubenchmark,tsception,D−B-r25,Mean4,subset_n512,45,9.326171875
ablation_delta,thubenchmark,tsception,D−B-r25,Mean4,subset_n512,46,13.330078125
ablation,thubenchmark,atcnet,A-r25,Mean4,subset_n512,42,66.357421875
ablation,thubenchmark,atcnet,A-r25,Mean4,subset_n512,43,63.57421875
ablation,thubenchmark,atcnet,A-r25,Mean4,subset_n512,44,64.794921875
ablation,thubenchmark,atcnet,A-r25,Mean4,subset_n512,45,62.744140625
ablation,thubenchmark,atcnet,A-r25,Mean4,subset_n512,46,64.2578125
ablation,thubenchmark,atcnet,B-r25,Mean4,subset_n512,42,66.6015625
ablation,thubenchmark,atcnet,B-r25,Mean4,subset_n512,43,65.33203125
ablation,thubenchmark,atcnet,B-r25,Mean4,subset_n512,44,64.0625
ablation,thubenchmark,atcnet,B-r25,Mean4,subset_n512,45,63.134765625
ablation,thubenchmark,atcnet,B-r25,Mean4,subset_n512,46,64.35546875
ablation,thubenchmark,atcnet,C-r25,Mean4,subset_n512,42,75.09765625
ablation,thubenchmark,atcnet,C-r25,Mean4,subset_n512,43,71.923828125
ablation,thubenchmark,atcnet,C-r25,Mean4,subset_n512,44,74.0234375
ablation,thubenchmark,atcnet,C-r25,Mean4,subset_n512,45,72.36328125
ablation,thubenchmark,atcnet,C-r25,Mean4,subset_n512,46,72.216796875
ablation,thubenchmark,atcnet,D-r25,Mean4,subset_n512,42,75.29296875
ablation,thubenchmark,atcnet,D-r25,Mean4,subset_n512,43,69.873046875
ablation,thubenchmark,atcnet,D-r25,Mean4,subset_n512,44,73.53515625
ablation,thubenchmark,atcnet,D-r25,Mean4,subset_n512,45,71.923828125
ablation,thubenchmark,atcnet,D-r25,Mean4,subset_n512,46,71.923828125
ablation_delta,thubenchmark,atcnet,B−A-r25,Mean4,subset_n512,42,0.244140625
ablation_delta,thubenchmark,atcnet,B−A-r25,Mean4,subset_n512,43,1.7578125
ablation_delta,thubenchmark,atcnet,B−A-r25,Mean4,subset_n512,44,-0.732421875
ablation_delta,thubenchmark,atcnet,B−A-r25,Mean4,subset_n512,45,0.390625
ablation_delta,thubenchmark,atcnet,B−A-r25,Mean4,subset_n512,46,0.09765625
ablation_delta,thubenchmark,atcnet,D−C-r25,Mean4,subset_n512,42,0.1953125
ablation_delta,thubenchmark,atcnet,D−C-r25,Mean4,subset_n512,43,-2.05078125
ablation_delta,thubenchmark,atcnet,D−C-r25,Mean4,subset_n512,44,-0.48828125
ablation_delta,thubenchmark,atcnet,D−C-r25,Mean4,subset_n512,45,-0.439453125
ablation_delta,thubenchmark,atcnet,D−C-r25,Mean4,subset_n512,46,-0.29296875
ablation_delta,thubenchmark,atcnet,D−B-r25,Mean4,subset_n512,42,8.69140625
ablation_delta,thubenchmark,atcnet,D−B-r25,Mean4,subset_n512,43,4.541015625
ablation_delta,thubenchmark,atcnet,D−B-r25,Mean4,subset_n512,44,9.47265625
ablation_delta,thubenchmark,atcnet,D−B-r25,Mean4,subset_n512,45,8.7890625
ablation_delta,thubenchmark,atcnet,D−B-r25,Mean4,subset_n512,46,7.568359375
ablation,thubenchmark,conformer,A-r25,Mean4,subset_n512,42,57.6171875
ablation,thubenchmark,conformer,A-r25,Mean4,subset_n512,43,58.69140625
ablation,thubenchmark,conformer,A-r25,Mean4,subset_n512,44,56.54296875
ablation,thubenchmark,conformer,A-r25,Mean4,subset_n512,45,57.666015625
ablation,thubenchmark,conformer,A-r25,Mean4,subset_n512,46,56.4453125
ablation,thubenchmark,conformer,B-r25,Mean4,subset_n512,42,55.810546875
ablation,thubenchmark,conformer,B-r25,Mean4,subset_n512,43,57.8125
ablation,thubenchmark,conformer,B-r25,Mean4,subset_n512,44,56.396484375
ablation,thubenchmark,conformer,B-r25,Mean4,subset_n512,45,53.515625
ablation,thubenchmark,conformer,B-r25,Mean4,subset_n512,46,58.154296875
ablation,thubenchmark,conformer,C-r25,Mean4,subset_n512,42,64.74609375
ablation,thubenchmark,conformer,C-r25,Mean4,subset_n512,43,66.455078125
ablation,thubenchmark,conformer,C-r25,Mean4,subset_n512,44,62.744140625
ablation,thubenchmark,conformer,C-r25,Mean4,subset_n512,45,65.087890625
ablation,thubenchmark,conformer,C-r25,Mean4,subset_n512,46,63.623046875
ablation,thubenchmark,conformer,D-r25,Mean4,subset_n512,42,65.91796875
ablation,thubenchmark,conformer,D-r25,Mean4,subset_n512,43,66.11328125
ablation,thubenchmark,conformer,D-r25,Mean4,subset_n512,44,64.84375
ablation,thubenchmark,conformer,D-r25,Mean4,subset_n512,45,65.33203125
ablation,thubenchmark,conformer,D-r25,Mean4,subset_n512,46,66.552734375
ablation_delta,thubenchmark,conformer,B−A-r25,Mean4,subset_n512,42,-1.806640625
ablation_delta,thubenchmark,conformer,B−A-r25,Mean4,subset_n512,43,-0.87890625
ablation_delta,thubenchmark,conformer,B−A-r25,Mean4,subset_n512,44,-0.146484375
ablation_delta,thubenchmark,conformer,B−A-r25,Mean4,subset_n512,45,-4.150390625
ablation_delta,thubenchmark,conformer,B−A-r25,Mean4,subset_n512,46,1.708984375
ablation_delta,thubenchmark,conformer,D−C-r25,Mean4,subset_n512,42,1.171875
ablation_delta,thubenchmark,conformer,D−C-r25,Mean4,subset_n512,43,-0.341796875
ablation_delta,thubenchmark,conformer,D−C-r25,Mean4,subset_n512,44,2.099609375
ablation_delta,thubenchmark,conformer,D−C-r25,Mean4,subset_n512,45,0.244140625
ablation_delta,thubenchmark,conformer,D−C-r25,Mean4,subset_n512,46,2.9296875
ablation_delta,thubenchmark,conformer,D−B-r25,Mean4,subset_n512,42,10.107421875
ablation_delta,thubenchmark,conformer,D−B-r25,Mean4,subset_n512,43,8.30078125
ablation_delta,thubenchmark,conformer,D−B-r25,Mean4,subset_n512,44,8.447265625
ablation_delta,thubenchmark,conformer,D−B-r25,Mean4,subset_n512,45,11.81640625
ablation_delta,thubenchmark,conformer,D−B-r25,Mean4,subset_n512,46,8.3984375
ablation,thubenchmark,tcnet,A-r25,Mean4,subset_n512,42,36.81640625
ablation,thubenchmark,tcnet,A-r25,Mean4,subset_n512,43,39.892578125
ablation,thubenchmark,tcnet,A-r25,Mean4,subset_n512,44,39.35546875
ablation,thubenchmark,tcnet,A-r25,Mean4,subset_n512,45,32.91015625
ablation,thubenchmark,tcnet,A-r25,Mean4,subset_n512,46,38.96484375
ablation,thubenchmark,tcnet,B-r25,Mean4,subset_n512,42,37.158203125
ablation,thubenchmark,tcnet,B-r25,Mean4,subset_n512,43,39.892578125
ablation,thubenchmark,tcnet,B-r25,Mean4,subset_n512,44,40.234375
ablation,thubenchmark,tcnet,B-r25,Mean4,subset_n512,45,34.228515625
ablation,thubenchmark,tcnet,B-r25,Mean4,subset_n512,46,37.939453125
ablation,thubenchmark,tcnet,C-r25,Mean4,subset_n512,42,44.53125
ablation,thubenchmark,tcnet,C-r25,Mean4,subset_n512,43,47.94921875
ablation,thubenchmark,tcnet,C-r25,Mean4,subset_n512,44,46.6796875
ablation,thubenchmark,tcnet,C-r25,Mean4,subset_n512,45,41.11328125
ablation,thubenchmark,tcnet,C-r25,Mean4,subset_n512,46,46.97265625
ablation,thubenchmark,tcnet,D-r25,Mean4,subset_n512,42,47.216796875
ablation,thubenchmark,tcnet,D-r25,Mean4,subset_n512,43,50.29296875
ablation,thubenchmark,tcnet,D-r25,Mean4,subset_n512,44,47.021484375
ablation,thubenchmark,tcnet,D-r25,Mean4,subset_n512,45,43.115234375
ablation,thubenchmark,tcnet,D-r25,Mean4,subset_n512,46,47.607421875
ablation_delta,thubenchmark,tcnet,B−A-r25,Mean4,subset_n512,42,0.341796875
ablation_delta,thubenchmark,tcnet,B−A-r25,Mean4,subset_n512,43,0.0
ablation_delta,thubenchmark,tcnet,B−A-r25,Mean4,subset_n512,44,0.87890625
ablation_delta,thubenchmark,tcnet,B−A-r25,Mean4,subset_n512,45,1.318359375
ablation_delta,thubenchmark,tcnet,B−A-r25,Mean4,subset_n512,46,-1.025390625
ablation_delta,thubenchmark,tcnet,D−C-r25,Mean4,subset_n512,42,2.685546875
ablation_delta,thubenchmark,tcnet,D−C-r25,Mean4,subset_n512,43,2.34375
ablation_delta,thubenchmark,tcnet,D−C-r25,Mean4,subset_n512,44,0.341796875
ablation_delta,thubenchmark,tcnet,D−C-r25,Mean4,subset_n512,45,2.001953125
ablation_delta,thubenchmark,tcnet,D−C-r25,Mean4,subset_n512,46,0.634765625
ablation_delta,thubenchmark,tcnet,D−B-r25,Mean4,subset_n512,42,10.05859375
ablation_delta,thubenchmark,tcnet,D−B-r25,Mean4,subset_n512,43,10.400390625
ablation_delta,thubenchmark,tcnet,D−B-r25,Mean4,subset_n512,44,6.787109375
ablation_delta,thubenchmark,tcnet,D−B-r25,Mean4,subset_n512,45,8.88671875
ablation_delta,thubenchmark,tcnet,D−B-r25,Mean4,subset_n512,46,9.66796875
ablation,seediv,eegnet,A-r25,Mean4,subset_n512,42,20.458984375
ablation,seediv,eegnet,A-r25,Mean4,subset_n512,43,22.16796875
ablation,seediv,eegnet,A-r25,Mean4,subset_n512,44,17.28515625
ablation,seediv,eegnet,A-r25,Mean4,subset_n512,45,20.80078125
ablation,seediv,eegnet,A-r25,Mean4,subset_n512,46,15.966796875
ablation,seediv,eegnet,B-r25,Mean4,subset_n512,42,20.01953125
ablation,seediv,eegnet,B-r25,Mean4,subset_n512,43,21.240234375
ablation,seediv,eegnet,B-r25,Mean4,subset_n512,44,19.189453125
ablation,seediv,eegnet,B-r25,Mean4,subset_n512,45,23.33984375
ablation,seediv,eegnet,B-r25,Mean4,subset_n512,46,19.53125
ablation,seediv,eegnet,C-r25,Mean4,subset_n512,42,22.36328125
ablation,seediv,eegnet,C-r25,Mean4,subset_n512,43,25.29296875
ablation,seediv,eegnet,C-r25,Mean4,subset_n512,44,18.505859375
ablation,seediv,eegnet,C-r25,Mean4,subset_n512,45,22.216796875
ablation,seediv,eegnet,C-r25,Mean4,subset_n512,46,17.08984375
ablation,seediv,eegnet,D-r25,Mean4,subset_n512,42,23.095703125
ablation,seediv,eegnet,D-r25,Mean4,subset_n512,43,24.951171875
ablation,seediv,eegnet,D-r25,Mean4,subset_n512,44,22.65625
ablation,seediv,eegnet,D-r25,Mean4,subset_n512,45,27.24609375
ablation,seediv,eegnet,D-r25,Mean4,subset_n512,46,24.8046875
ablation_delta,seediv,eegnet,B−A-r25,Mean4,subset_n512,42,-0.439453125
ablation_delta,seediv,eegnet,B−A-r25,Mean4,subset_n512,43,-0.927734375
ablation_delta,seediv,eegnet,B−A-r25,Mean4,subset_n512,44,1.904296875
ablation_delta,seediv,eegnet,B−A-r25,Mean4,subset_n512,45,2.5390625
ablation_delta,seediv,eegnet,B−A-r25,Mean4,subset_n512,46,3.564453125
ablation_delta,seediv,eegnet,D−C-r25,Mean4,subset_n512,42,0.732421875
ablation_delta,seediv,eegnet,D−C-r25,Mean4,subset_n512,43,-0.341796875
ablation_delta,seediv,eegnet,D−C-r25,Mean4,subset_n512,44,4.150390625
ablation_delta,seediv,eegnet,D−C-r25,Mean4,subset_n512,45,5.029296875
ablation_delta,seediv,eegnet,D−C-r25,Mean4,subset_n512,46,7.71484375
ablation_delta,seediv,eegnet,D−B-r25,Mean4,subset_n512,42,3.076171875
ablation_delta,seediv,eegnet,D−B-r25,Mean4,subset_n512,43,3.7109375
ablation_delta,seediv,eegnet,D−B-r25,Mean4,subset_n512,44,3.466796875
ablation_delta,seediv,eegnet,D−B-r25,Mean4,subset_n512,45,3.90625
ablation_delta,seediv,eegnet,D−B-r25,Mean4,subset_n512,46,5.2734375
ablation,seediv,deepconvnet,A-r25,Mean4,subset_n512,42,16.552734375
ablation,seediv,deepconvnet,A-r25,Mean4,subset_n512,43,15.91796875
ablation,seediv,deepconvnet,A-r25,Mean4,subset_n512,44,15.283203125
ablation,seediv,deepconvnet,A-r25,Mean4,subset_n512,45,18.603515625
ablation,seediv,deepconvnet,A-r25,Mean4,subset_n512,46,18.603515625
ablation,seediv,deepconvnet,B-r25,Mean4,subset_n512,42,13.623046875
ablation,seediv,deepconvnet,B-r25,Mean4,subset_n512,43,15.4296875
ablation,seediv,deepconvnet,B-r25,Mean4,subset_n512,44,14.111328125
ablation,seediv,deepconvnet,B-r25,Mean4,subset_n512,45,14.794921875
ablation,seediv,deepconvnet,B-r25,Mean4,subset_n512,46,16.015625
ablation,seediv,deepconvnet,C-r25,Mean4,subset_n512,42,20.5078125
ablation,seediv,deepconvnet,C-r25,Mean4,subset_n512,43,23.828125
ablation,seediv,deepconvnet,C-r25,Mean4,subset_n512,44,22.75390625
ablation,seediv,deepconvnet,C-r25,Mean4,subset_n512,45,24.658203125
ablation,seediv,deepconvnet,C-r25,Mean4,subset_n512,46,23.14453125
ablation,seediv,deepconvnet,D-r25,Mean4,subset_n512,42,20.263671875
ablation,seediv,deepconvnet,D-r25,Mean4,subset_n512,43,23.193359375
ablation,seediv,deepconvnet,D-r25,Mean4,subset_n512,44,22.998046875
ablation,seediv,deepconvnet,D-r25,Mean4,subset_n512,45,22.55859375
ablation,seediv,deepconvnet,D-r25,Mean4,subset_n512,46,21.728515625
ablation_delta,seediv,deepconvnet,B−A-r25,Mean4,subset_n512,42,-2.9296875
ablation_delta,seediv,deepconvnet,B−A-r25,Mean4,subset_n512,43,-0.48828125
ablation_delta,seediv,deepconvnet,B−A-r25,Mean4,subset_n512,44,-1.171875
ablation_delta,seediv,deepconvnet,B−A-r25,Mean4,subset_n512,45,-3.80859375
ablation_delta,seediv,deepconvnet,B−A-r25,Mean4,subset_n512,46,-2.587890625
ablation_delta,seediv,deepconvnet,D−C-r25,Mean4,subset_n512,42,-0.244140625
ablation_delta,seediv,deepconvnet,D−C-r25,Mean4,subset_n512,43,-0.634765625
ablation_delta,seediv,deepconvnet,D−C-r25,Mean4,subset_n512,44,0.244140625
ablation_delta,seediv,deepconvnet,D−C-r25,Mean4,subset_n512,45,-2.099609375
ablation_delta,seediv,deepconvnet,D−C-r25,Mean4,subset_n512,46,-1.416015625
ablation_delta,seediv,deepconvnet,D−B-r25,Mean4,subset_n512,42,6.640625
ablation_delta,seediv,deepconvnet,D−B-r25,Mean4,subset_n512,43,7.763671875
ablation_delta,seediv,deepconvnet,D−B-r25,Mean4,subset_n512,44,8.88671875
ablation_delta,seediv,deepconvnet,D−B-r25,Mean4,subset_n512,45,7.763671875
ablation_delta,seediv,deepconvnet,D−B-r25,Mean4,subset_n512,46,5.712890625
ablation,seediv,tsception,A-r25,Mean4,subset_n512,42,24.21875
ablation,seediv,tsception,A-r25,Mean4,subset_n512,43,22.55859375
ablation,seediv,tsception,A-r25,Mean4,subset_n512,44,21.58203125
ablation,seediv,tsception,A-r25,Mean4,subset_n512,45,27.001953125
ablation,seediv,tsception,A-r25,Mean4,subset_n512,46,25.0
ablation,seediv,tsception,B-r25,Mean4,subset_n512,42,23.583984375
ablation,seediv,tsception,B-r25,Mean4,subset_n512,43,22.705078125
ablation,seediv,tsception,B-r25,Mean4,subset_n512,44,21.044921875
ablation,seediv,tsception,B-r25,Mean4,subset_n512,45,26.26953125
ablation,seediv,tsception,B-r25,Mean4,subset_n512,46,23.828125
ablation,seediv,tsception,C-r25,Mean4,subset_n512,42,27.05078125
ablation,seediv,tsception,C-r25,Mean4,subset_n512,43,29.052734375
ablation,seediv,tsception,C-r25,Mean4,subset_n512,44,25.830078125
ablation,seediv,tsception,C-r25,Mean4,subset_n512,45,31.103515625
ablation,seediv,tsception,C-r25,Mean4,subset_n512,46,28.80859375
ablation,seediv,tsception,D-r25,Mean4,subset_n512,42,27.978515625
ablation,seediv,tsception,D-r25,Mean4,subset_n512,43,27.734375
ablation,seediv,tsception,D-r25,Mean4,subset_n512,44,27.24609375
ablation,seediv,tsception,D-r25,Mean4,subset_n512,45,33.88671875
ablation,seediv,tsception,D-r25,Mean4,subset_n512,46,27.978515625
ablation_delta,seediv,tsception,B−A-r25,Mean4,subset_n512,42,-0.634765625
ablation_delta,seediv,tsception,B−A-r25,Mean4,subset_n512,43,0.146484375
ablation_delta,seediv,tsception,B−A-r25,Mean4,subset_n512,44,-0.537109375
ablation_delta,seediv,tsception,B−A-r25,Mean4,subset_n512,45,-0.732421875
ablation_delta,seediv,tsception,B−A-r25,Mean4,subset_n512,46,-1.171875
ablation_delta,seediv,tsception,D−C-r25,Mean4,subset_n512,42,0.927734375
ablation_delta,seediv,tsception,D−C-r25,Mean4,subset_n512,43,-1.318359375
ablation_delta,seediv,tsception,D−C-r25,Mean4,subset_n512,44,1.416015625
ablation_delta,seediv,tsception,D−C-r25,Mean4,subset_n512,45,2.783203125
ablation_delta,seediv,tsception,D−C-r25,Mean4,subset_n512,46,-0.830078125
ablation_delta,seediv,tsception,D−B-r25,Mean4,subset_n512,42,4.39453125
ablation_delta,seediv,tsception,D−B-r25,Mean4,subset_n512,43,5.029296875
ablation_delta,seediv,tsception,D−B-r25,Mean4,subset_n512,44,6.201171875
ablation_delta,seediv,tsception,D−B-r25,Mean4,subset_n512,45,7.6171875
ablation_delta,seediv,tsception,D−B-r25,Mean4,subset_n512,46,4.150390625
ablation,seediv,atcnet,A-r25,Mean4,subset_n512,42,20.3125
ablation,seediv,atcnet,A-r25,Mean4,subset_n512,43,20.8984375
ablation,seediv,atcnet,A-r25,Mean4,subset_n512,44,21.337890625
ablation,seediv,atcnet,A-r25,Mean4,subset_n512,45,21.77734375
ablation,seediv,atcnet,A-r25,Mean4,subset_n512,46,21.240234375
ablation,seediv,atcnet,B-r25,Mean4,subset_n512,42,19.970703125
ablation,seediv,atcnet,B-r25,Mean4,subset_n512,43,19.873046875
ablation,seediv,atcnet,B-r25,Mean4,subset_n512,44,21.2890625
ablation,seediv,atcnet,B-r25,Mean4,subset_n512,45,22.412109375
ablation,seediv,atcnet,B-r25,Mean4,subset_n512,46,21.142578125
ablation,seediv,atcnet,C-r25,Mean4,subset_n512,42,23.193359375
ablation,seediv,atcnet,C-r25,Mean4,subset_n512,43,24.31640625
ablation,seediv,atcnet,C-r25,Mean4,subset_n512,44,25.390625
ablation,seediv,atcnet,C-r25,Mean4,subset_n512,45,26.5625
ablation,seediv,atcnet,C-r25,Mean4,subset_n512,46,23.779296875
ablation,seediv,atcnet,D-r25,Mean4,subset_n512,42,24.658203125
ablation,seediv,atcnet,D-r25,Mean4,subset_n512,43,26.220703125
ablation,seediv,atcnet,D-r25,Mean4,subset_n512,44,27.24609375
ablation,seediv,atcnet,D-r25,Mean4,subset_n512,45,27.685546875
ablation,seediv,atcnet,D-r25,Mean4,subset_n512,46,22.802734375
ablation_delta,seediv,atcnet,B−A-r25,Mean4,subset_n512,42,-0.341796875
ablation_delta,seediv,atcnet,B−A-r25,Mean4,subset_n512,43,-1.025390625
ablation_delta,seediv,atcnet,B−A-r25,Mean4,subset_n512,44,-0.048828125
ablation_delta,seediv,atcnet,B−A-r25,Mean4,subset_n512,45,0.634765625
ablation_delta,seediv,atcnet,B−A-r25,Mean4,subset_n512,46,-0.09765625
ablation_delta,seediv,atcnet,D−C-r25,Mean4,subset_n512,42,1.46484375
ablation_delta,seediv,atcnet,D−C-r25,Mean4,subset_n512,43,1.904296875
ablation_delta,seediv,atcnet,D−C-r25,Mean4,subset_n512,44,1.85546875
ablation_delta,seediv,atcnet,D−C-r25,Mean4,subset_n512,45,1.123046875
ablation_delta,seediv,atcnet,D−C-r25,Mean4,subset_n512,46,-0.9765625
ablation_delta,seediv,atcnet,D−B-r25,Mean4,subset_n512,42,4.6875
ablation_delta,seediv,atcnet,D−B-r25,Mean4,subset_n512,43,6.34765625
ablation_delta,seediv,atcnet,D−B-r25,Mean4,subset_n512,44,5.95703125
ablation_delta,seediv,atcnet,D−B-r25,Mean4,subset_n512,45,5.2734375
ablation_delta,seediv,atcnet,D−B-r25,Mean4,subset_n512,46,1.66015625
ablation,seediv,conformer,A-r25,Mean4,subset_n512,42,26.318359375
ablation,seediv,conformer,A-r25,Mean4,subset_n512,43,32.91015625
ablation,seediv,conformer,A-r25,Mean4,subset_n512,44,32.080078125
ablation,seediv,conformer,A-r25,Mean4,subset_n512,45,31.494140625
ablation,seediv,conformer,A-r25,Mean4,subset_n512,46,36.42578125
ablation,seediv,conformer,B-r25,Mean4,subset_n512,42,23.046875
ablation,seediv,conformer,B-r25,Mean4,subset_n512,43,27.685546875
ablation,seediv,conformer,B-r25,Mean4,subset_n512,44,28.076171875
ablation,seediv,conformer,B-r25,Mean4,subset_n512,45,26.85546875
ablation,seediv,conformer,B-r25,Mean4,subset_n512,46,29.052734375
ablation,seediv,conformer,C-r25,Mean4,subset_n512,42,34.66796875
ablation,seediv,conformer,C-r25,Mean4,subset_n512,43,36.9140625
ablation,seediv,conformer,C-r25,Mean4,subset_n512,44,35.05859375
ablation,seediv,conformer,C-r25,Mean4,subset_n512,45,41.50390625
ablation,seediv,conformer,C-r25,Mean4,subset_n512,46,36.865234375
ablation,seediv,conformer,D-r25,Mean4,subset_n512,42,39.697265625
ablation,seediv,conformer,D-r25,Mean4,subset_n512,43,41.015625
ablation,seediv,conformer,D-r25,Mean4,subset_n512,44,44.140625
ablation,seediv,conformer,D-r25,Mean4,subset_n512,45,44.140625
ablation,seediv,conformer,D-r25,Mean4,subset_n512,46,43.408203125
ablation_delta,seediv,conformer,B−A-r25,Mean4,subset_n512,42,-3.271484375
ablation_delta,seediv,conformer,B−A-r25,Mean4,subset_n512,43,-5.224609375
ablation_delta,seediv,conformer,B−A-r25,Mean4,subset_n512,44,-4.00390625
ablation_delta,seediv,conformer,B−A-r25,Mean4,subset_n512,45,-4.638671875
ablation_delta,seediv,conformer,B−A-r25,Mean4,subset_n512,46,-7.373046875
ablation_delta,seediv,conformer,D−C-r25,Mean4,subset_n512,42,5.029296875
ablation_delta,seediv,conformer,D−C-r25,Mean4,subset_n512,43,4.1015625
ablation_delta,seediv,conformer,D−C-r25,Mean4,subset_n512,44,9.08203125
ablation_delta,seediv,conformer,D−C-r25,Mean4,subset_n512,45,2.63671875
ablation_delta,seediv,conformer,D−C-r25,Mean4,subset_n512,46,6.54296875
ablation_delta,seediv,conformer,D−B-r25,Mean4,subset_n512,42,16.650390625
ablation_delta,seediv,conformer,D−B-r25,Mean4,subset_n512,43,13.330078125
ablation_delta,seediv,conformer,D−B-r25,Mean4,subset_n512,44,16.064453125
ablation_delta,seediv,conformer,D−B-r25,Mean4,subset_n512,45,17.28515625
ablation_delta,seediv,conformer,D−B-r25,Mean4,subset_n512,46,14.35546875
ablation,seediv,tcnet,A-r25,Mean4,subset_n512,42,20.166015625
ablation,seediv,tcnet,A-r25,Mean4,subset_n512,43,23.291015625
ablation,seediv,tcnet,A-r25,Mean4,subset_n512,44,22.119140625
ablation,seediv,tcnet,A-r25,Mean4,subset_n512,45,23.486328125
ablation,seediv,tcnet,A-r25,Mean4,subset_n512,46,24.90234375
ablation,seediv,tcnet,B-r25,Mean4,subset_n512,42,19.970703125
ablation,seediv,tcnet,B-r25,Mean4,subset_n512,43,22.607421875
ablation,seediv,tcnet,B-r25,Mean4,subset_n512,44,21.38671875
ablation,seediv,tcnet,B-r25,Mean4,subset_n512,45,23.681640625
ablation,seediv,tcnet,C-r25,Mean4,subset_n512,42,27.294921875
ablation,seediv,tcnet,C-r25,Mean4,subset_n512,43,28.3203125
ablation,seediv,tcnet,C-r25,Mean4,subset_n512,44,28.41796875
ablation,seediv,tcnet,C-r25,Mean4,subset_n512,45,28.7109375
ablation,seediv,tcnet,C-r25,Mean4,subset_n512,46,30.17578125
ablation,seediv,tcnet,D-r25,Mean4,subset_n512,42,27.392578125
ablation,seediv,tcnet,D-r25,Mean4,subset_n512,43,28.80859375
ablation,seediv,tcnet,D-r25,Mean4,subset_n512,44,28.125
ablation,seediv,tcnet,D-r25,Mean4,subset_n512,45,29.345703125
ablation_delta,seediv,tcnet,B−A-r25,Mean4,subset_n512,42,-0.1953125
ablation_delta,seediv,tcnet,B−A-r25,Mean4,subset_n512,43,-0.68359375
ablation_delta,seediv,tcnet,B−A-r25,Mean4,subset_n512,44,-0.732421875
ablation_delta,seediv,tcnet,B−A-r25,Mean4,subset_n512,45,0.1953125
ablation_delta,seediv,tcnet,D−C-r25,Mean4,subset_n512,42,0.09765625
ablation_delta,seediv,tcnet,D−C-r25,Mean4,subset_n512,43,0.48828125
ablation_delta,seediv,tcnet,D−C-r25,Mean4,subset_n512,44,-0.29296875
ablation_delta,seediv,tcnet,D−C-r25,Mean4,subset_n512,45,0.634765625
ablation_delta,seediv,tcnet,D−B-r25,Mean4,subset_n512,42,7.421875
ablation_delta,seediv,tcnet,D−B-r25,Mean4,subset_n512,43,6.201171875
ablation_delta,seediv,tcnet,D−B-r25,Mean4,subset_n512,44,6.73828125
ablation_delta,seediv,tcnet,D−B-r25,Mean4,subset_n512,45,5.6640625
ablation,thubenchmark,eegnet,A-r30,Mean4,subset_n512,42,58.10546875
ablation,thubenchmark,eegnet,A-r30,Mean4,subset_n512,43,60.05859375
ablation,thubenchmark,eegnet,A-r30,Mean4,subset_n512,44,57.763671875
ablation,thubenchmark,eegnet,A-r30,Mean4,subset_n512,45,57.568359375
ablation,thubenchmark,eegnet,A-r30,Mean4,subset_n512,46,58.544921875
ablation,thubenchmark,eegnet,B-r30,Mean4,subset_n512,42,58.740234375
ablation,thubenchmark,eegnet,B-r30,Mean4,subset_n512,43,60.400390625
ablation,thubenchmark,eegnet,B-r30,Mean4,subset_n512,44,57.470703125
ablation,thubenchmark,eegnet,B-r30,Mean4,subset_n512,45,57.51953125
ablation,thubenchmark,eegnet,B-r30,Mean4,subset_n512,46,58.49609375
ablation,thubenchmark,eegnet,C-r30,Mean4,subset_n512,42,67.3828125
ablation,thubenchmark,eegnet,C-r30,Mean4,subset_n512,43,65.771484375
ablation,thubenchmark,eegnet,C-r30,Mean4,subset_n512,44,63.720703125
ablation,thubenchmark,eegnet,C-r30,Mean4,subset_n512,45,63.0859375
ablation,thubenchmark,eegnet,C-r30,Mean4,subset_n512,46,63.623046875
ablation,thubenchmark,eegnet,D-r30,Mean4,subset_n512,42,67.1875
ablation,thubenchmark,eegnet,D-r30,Mean4,subset_n512,43,67.3828125
ablation,thubenchmark,eegnet,D-r30,Mean4,subset_n512,44,65.0390625
ablation,thubenchmark,eegnet,D-r30,Mean4,subset_n512,45,64.794921875
ablation,thubenchmark,eegnet,D-r30,Mean4,subset_n512,46,66.11328125
ablation_delta,thubenchmark,eegnet,B−A-r30,Mean4,subset_n512,42,0.634765625
ablation_delta,thubenchmark,eegnet,B−A-r30,Mean4,subset_n512,43,0.341796875
ablation_delta,thubenchmark,eegnet,B−A-r30,Mean4,subset_n512,44,-0.29296875
ablation_delta,thubenchmark,eegnet,B−A-r30,Mean4,subset_n512,45,-0.048828125
ablation_delta,thubenchmark,eegnet,B−A-r30,Mean4,subset_n512,46,-0.048828125
ablation_delta,thubenchmark,eegnet,D−C-r30,Mean4,subset_n512,42,-0.1953125
ablation_delta,thubenchmark,eegnet,D−C-r30,Mean4,subset_n512,43,1.611328125
ablation_delta,thubenchmark,eegnet,D−C-r30,Mean4,subset_n512,44,1.318359375
ablation_delta,thubenchmark,eegnet,D−C-r30,Mean4,subset_n512,45,1.708984375
ablation_delta,thubenchmark,eegnet,D−C-r30,Mean4,subset_n512,46,2.490234375
ablation_delta,thubenchmark,eegnet,D−B-r30,Mean4,subset_n512,42,8.447265625
ablation_delta,thubenchmark,eegnet,D−B-r30,Mean4,subset_n512,43,6.982421875
ablation_delta,thubenchmark,eegnet,D−B-r30,Mean4,subset_n512,44,7.568359375
ablation_delta,thubenchmark,eegnet,D−B-r30,Mean4,subset_n512,45,7.275390625
ablation_delta,thubenchmark,eegnet,D−B-r30,Mean4,subset_n512,46,7.6171875
ablation,thubenchmark,deepconvnet,A-r30,Mean4,subset_n512,42,57.080078125
ablation,thubenchmark,deepconvnet,A-r30,Mean4,subset_n512,43,58.69140625
ablation,thubenchmark,deepconvnet,A-r30,Mean4,subset_n512,44,56.640625
ablation,thubenchmark,deepconvnet,A-r30,Mean4,subset_n512,45,55.419921875
ablation,thubenchmark,deepconvnet,A-r30,Mean4,subset_n512,46,58.49609375
ablation,thubenchmark,deepconvnet,B-r30,Mean4,subset_n512,42,59.08203125
ablation,thubenchmark,deepconvnet,B-r30,Mean4,subset_n512,43,57.91015625
ablation,thubenchmark,deepconvnet,B-r30,Mean4,subset_n512,44,58.30078125
ablation,thubenchmark,deepconvnet,B-r30,Mean4,subset_n512,45,56.54296875
ablation,thubenchmark,deepconvnet,B-r30,Mean4,subset_n512,46,59.1796875
ablation,thubenchmark,deepconvnet,C-r30,Mean4,subset_n512,42,63.4765625
ablation,thubenchmark,deepconvnet,C-r30,Mean4,subset_n512,43,60.107421875
ablation,thubenchmark,deepconvnet,C-r30,Mean4,subset_n512,44,60.15625
ablation,thubenchmark,deepconvnet,C-r30,Mean4,subset_n512,45,60.302734375
ablation,thubenchmark,deepconvnet,C-r30,Mean4,subset_n512,46,61.1328125
ablation,thubenchmark,deepconvnet,D-r30,Mean4,subset_n512,42,60.3515625
ablation,thubenchmark,deepconvnet,D-r30,Mean4,subset_n512,43,60.107421875
ablation,thubenchmark,deepconvnet,D-r30,Mean4,subset_n512,44,60.44921875
ablation,thubenchmark,deepconvnet,D-r30,Mean4,subset_n512,45,59.228515625
ablation,thubenchmark,deepconvnet,D-r30,Mean4,subset_n512,46,60.595703125
ablation_delta,thubenchmark,deepconvnet,B−A-r30,Mean4,subset_n512,42,2.001953125
ablation_delta,thubenchmark,deepconvnet,B−A-r30,Mean4,subset_n512,43,-0.78125
ablation_delta,thubenchmark,deepconvnet,B−A-r30,Mean4,subset_n512,44,1.66015625
ablation_delta,thubenchmark,deepconvnet,B−A-r30,Mean4,subset_n512,45,1.123046875
ablation_delta,thubenchmark,deepconvnet,B−A-r30,Mean4,subset_n512,46,0.68359375
ablation_delta,thubenchmark,deepconvnet,D−C-r30,Mean4,subset_n512,42,-3.125
ablation_delta,thubenchmark,deepconvnet,D−C-r30,Mean4,subset_n512,43,0.0
ablation_delta,thubenchmark,deepconvnet,D−C-r30,Mean4,subset_n512,44,0.29296875
ablation_delta,thubenchmark,deepconvnet,D−C-r30,Mean4,subset_n512,45,-1.07421875
ablation_delta,thubenchmark,deepconvnet,D−C-r30,Mean4,subset_n512,46,-0.537109375
ablation_delta,thubenchmark,deepconvnet,D−B-r30,Mean4,subset_n512,42,1.26953125
ablation_delta,thubenchmark,deepconvnet,D−B-r30,Mean4,subset_n512,43,2.197265625
ablation_delta,thubenchmark,deepconvnet,D−B-r30,Mean4,subset_n512,44,2.1484375
ablation_delta,thubenchmark,deepconvnet,D−B-r30,Mean4,subset_n512,45,2.685546875
ablation_delta,thubenchmark,deepconvnet,D−B-r30,Mean4,subset_n512,46,1.416015625
ablation,thubenchmark,tsception,A-r30,Mean4,subset_n512,42,32.2265625
ablation,thubenchmark,tsception,A-r30,Mean4,subset_n512,43,30.712890625
ablation,thubenchmark,tsception,A-r30,Mean4,subset_n512,44,30.17578125
ablation,thubenchmark,tsception,A-r30,Mean4,subset_n512,45,33.30078125
ablation,thubenchmark,tsception,A-r30,Mean4,subset_n512,46,29.00390625
ablation,thubenchmark,tsception,B-r30,Mean4,subset_n512,42,29.1015625
ablation,thubenchmark,tsception,B-r30,Mean4,subset_n512,43,29.052734375
ablation,thubenchmark,tsception,B-r30,Mean4,subset_n512,44,27.734375
ablation,thubenchmark,tsception,B-r30,Mean4,subset_n512,45,31.494140625
ablation,thubenchmark,tsception,B-r30,Mean4,subset_n512,46,27.9296875
ablation,thubenchmark,tsception,C-r30,Mean4,subset_n512,42,41.162109375
ablation,thubenchmark,tsception,C-r30,Mean4,subset_n512,43,38.134765625
ablation,thubenchmark,tsception,C-r30,Mean4,subset_n512,44,39.16015625
ablation,thubenchmark,tsception,C-r30,Mean4,subset_n512,45,41.30859375
ablation,thubenchmark,tsception,C-r30,Mean4,subset_n512,46,37.353515625
ablation,thubenchmark,tsception,D-r30,Mean4,subset_n512,42,38.96484375
ablation,thubenchmark,tsception,D-r30,Mean4,subset_n512,43,38.037109375
ablation,thubenchmark,tsception,D-r30,Mean4,subset_n512,44,37.20703125
ablation,thubenchmark,tsception,D-r30,Mean4,subset_n512,45,37.890625
ablation,thubenchmark,tsception,D-r30,Mean4,subset_n512,46,38.037109375
ablation_delta,thubenchmark,tsception,B−A-r30,Mean4,subset_n512,42,-3.125
ablation_delta,thubenchmark,tsception,B−A-r30,Mean4,subset_n512,43,-1.66015625
ablation_delta,thubenchmark,tsception,B−A-r30,Mean4,subset_n512,44,-2.44140625
ablation_delta,thubenchmark,tsception,B−A-r30,Mean4,subset_n512,45,-1.806640625
ablation_delta,thubenchmark,tsception,B−A-r30,Mean4,subset_n512,46,-1.07421875
ablation_delta,thubenchmark,tsception,D−C-r30,Mean4,subset_n512,42,-2.197265625
ablation_delta,thubenchmark,tsception,D−C-r30,Mean4,subset_n512,43,-0.09765625
ablation_delta,thubenchmark,tsception,D−C-r30,Mean4,subset_n512,44,-1.953125
ablation_delta,thubenchmark,tsception,D−C-r30,Mean4,subset_n512,45,-3.41796875
ablation_delta,thubenchmark,tsception,D−C-r30,Mean4,subset_n512,46,0.68359375
ablation_delta,thubenchmark,tsception,D−B-r30,Mean4,subset_n512,42,9.86328125
ablation_delta,thubenchmark,tsception,D−B-r30,Mean4,subset_n512,43,8.984375
ablation_delta,thubenchmark,tsception,D−B-r30,Mean4,subset_n512,44,9.47265625
ablation_delta,thubenchmark,tsception,D−B-r30,Mean4,subset_n512,45,6.396484375
ablation_delta,thubenchmark,tsception,D−B-r30,Mean4,subset_n512,46,10.107421875
ablation,thubenchmark,atcnet,A-r30,Mean4,subset_n512,42,66.357421875
ablation,thubenchmark,atcnet,A-r30,Mean4,subset_n512,43,63.57421875
ablation,thubenchmark,atcnet,A-r30,Mean4,subset_n512,44,64.794921875
ablation,thubenchmark,atcnet,A-r30,Mean4,subset_n512,45,62.744140625
ablation,thubenchmark,atcnet,A-r30,Mean4,subset_n512,46,64.2578125
ablation,thubenchmark,atcnet,B-r30,Mean4,subset_n512,42,66.6015625
ablation,thubenchmark,atcnet,B-r30,Mean4,subset_n512,43,65.33203125
ablation,thubenchmark,atcnet,B-r30,Mean4,subset_n512,44,64.0625
ablation,thubenchmark,atcnet,B-r30,Mean4,subset_n512,45,63.134765625
ablation,thubenchmark,atcnet,B-r30,Mean4,subset_n512,46,64.35546875
ablation,thubenchmark,atcnet,C-r30,Mean4,subset_n512,42,72.412109375
ablation,thubenchmark,atcnet,C-r30,Mean4,subset_n512,43,69.53125
ablation,thubenchmark,atcnet,C-r30,Mean4,subset_n512,44,71.435546875
ablation,thubenchmark,atcnet,C-r30,Mean4,subset_n512,45,69.23828125
ablation,thubenchmark,atcnet,C-r30,Mean4,subset_n512,46,70.60546875
ablation,thubenchmark,atcnet,D-r30,Mean4,subset_n512,42,72.412109375
ablation,thubenchmark,atcnet,D-r30,Mean4,subset_n512,43,68.603515625
ablation,thubenchmark,atcnet,D-r30,Mean4,subset_n512,44,70.703125
ablation,thubenchmark,atcnet,D-r30,Mean4,subset_n512,45,69.580078125
ablation,thubenchmark,atcnet,D-r30,Mean4,subset_n512,46,69.62890625
ablation_delta,thubenchmark,atcnet,B−A-r30,Mean4,subset_n512,42,0.244140625
ablation_delta,thubenchmark,atcnet,B−A-r30,Mean4,subset_n512,43,1.7578125
ablation_delta,thubenchmark,atcnet,B−A-r30,Mean4,subset_n512,44,-0.732421875
ablation_delta,thubenchmark,atcnet,B−A-r30,Mean4,subset_n512,45,0.390625
ablation_delta,thubenchmark,atcnet,B−A-r30,Mean4,subset_n512,46,0.09765625
ablation_delta,thubenchmark,atcnet,D−C-r30,Mean4,subset_n512,42,0.0
ablation_delta,thubenchmark,atcnet,D−C-r30,Mean4,subset_n512,43,-0.927734375
ablation_delta,thubenchmark,atcnet,D−C-r30,Mean4,subset_n512,44,-0.732421875
ablation_delta,thubenchmark,atcnet,D−C-r30,Mean4,subset_n512,45,0.341796875
ablation_delta,thubenchmark,atcnet,D−C-r30,Mean4,subset_n512,46,-0.9765625
ablation_delta,thubenchmark,atcnet,D−B-r30,Mean4,subset_n512,42,5.810546875
ablation_delta,thubenchmark,atcnet,D−B-r30,Mean4,subset_n512,43,3.271484375
ablation_delta,thubenchmark,atcnet,D−B-r30,Mean4,subset_n512,44,6.640625
ablation_delta,thubenchmark,atcnet,D−B-r30,Mean4,subset_n512,45,6.4453125
ablation_delta,thubenchmark,atcnet,D−B-r30,Mean4,subset_n512,46,5.2734375
ablation,thubenchmark,conformer,A-r30,Mean4,subset_n512,42,57.6171875
ablation,thubenchmark,conformer,A-r30,Mean4,subset_n512,43,58.69140625
ablation,thubenchmark,conformer,A-r30,Mean4,subset_n512,44,56.54296875
ablation,thubenchmark,conformer,A-r30,Mean4,subset_n512,45,57.666015625
ablation,thubenchmark,conformer,A-r30,Mean4,subset_n512,46,56.4453125
ablation,thubenchmark,conformer,B-r30,Mean4,subset_n512,42,55.810546875
ablation,thubenchmark,conformer,B-r30,Mean4,subset_n512,43,57.8125
ablation,thubenchmark,conformer,B-r30,Mean4,subset_n512,44,56.396484375
ablation,thubenchmark,conformer,B-r30,Mean4,subset_n512,45,53.515625
ablation,thubenchmark,conformer,B-r30,Mean4,subset_n512,46,58.154296875
ablation,thubenchmark,conformer,C-r30,Mean4,subset_n512,42,62.890625
ablation,thubenchmark,conformer,C-r30,Mean4,subset_n512,43,65.185546875
ablation,thubenchmark,conformer,C-r30,Mean4,subset_n512,44,61.376953125
ablation,thubenchmark,conformer,C-r30,Mean4,subset_n512,45,62.59765625
ablation,thubenchmark,conformer,C-r30,Mean4,subset_n512,46,61.767578125
ablation,thubenchmark,conformer,D-r30,Mean4,subset_n512,42,64.0625
ablation,thubenchmark,conformer,D-r30,Mean4,subset_n512,43,63.96484375
ablation,thubenchmark,conformer,D-r30,Mean4,subset_n512,44,63.525390625
ablation,thubenchmark,conformer,D-r30,Mean4,subset_n512,45,63.18359375
ablation,thubenchmark,conformer,D-r30,Mean4,subset_n512,46,64.404296875
ablation_delta,thubenchmark,conformer,B−A-r30,Mean4,subset_n512,42,-1.806640625
ablation_delta,thubenchmark,conformer,B−A-r30,Mean4,subset_n512,43,-0.87890625
ablation_delta,thubenchmark,conformer,B−A-r30,Mean4,subset_n512,44,-0.146484375
ablation_delta,thubenchmark,conformer,B−A-r30,Mean4,subset_n512,45,-4.150390625
ablation_delta,thubenchmark,conformer,B−A-r30,Mean4,subset_n512,46,1.708984375
ablation_delta,thubenchmark,conformer,D−C-r30,Mean4,subset_n512,42,1.171875
ablation_delta,thubenchmark,conformer,D−C-r30,Mean4,subset_n512,43,-1.220703125
ablation_delta,thubenchmark,conformer,D−C-r30,Mean4,subset_n512,44,2.1484375
ablation_delta,thubenchmark,conformer,D−C-r30,Mean4,subset_n512,45,0.5859375
ablation_delta,thubenchmark,conformer,D−C-r30,Mean4,subset_n512,46,2.63671875
ablation_delta,thubenchmark,conformer,D−B-r30,Mean4,subset_n512,42,8.251953125
ablation_delta,thubenchmark,conformer,D−B-r30,Mean4,subset_n512,43,6.15234375
ablation_delta,thubenchmark,conformer,D−B-r30,Mean4,subset_n512,44,7.12890625
ablation_delta,thubenchmark,conformer,D−B-r30,Mean4,subset_n512,45,9.66796875
ablation_delta,thubenchmark,conformer,D−B-r30,Mean4,subset_n512,46,6.25
ablation,thubenchmark,tcnet,A-r30,Mean4,subset_n512,42,36.81640625
ablation,thubenchmark,tcnet,A-r30,Mean4,subset_n512,43,39.892578125
ablation,thubenchmark,tcnet,A-r30,Mean4,subset_n512,44,39.35546875
ablation,thubenchmark,tcnet,A-r30,Mean4,subset_n512,45,32.91015625
ablation,thubenchmark,tcnet,A-r30,Mean4,subset_n512,46,38.96484375
ablation,thubenchmark,tcnet,B-r30,Mean4,subset_n512,42,37.158203125
ablation,thubenchmark,tcnet,B-r30,Mean4,subset_n512,43,39.892578125
ablation,thubenchmark,tcnet,B-r30,Mean4,subset_n512,44,40.234375
ablation,thubenchmark,tcnet,B-r30,Mean4,subset_n512,45,34.228515625
ablation,thubenchmark,tcnet,B-r30,Mean4,subset_n512,46,37.939453125
ablation,thubenchmark,tcnet,C-r30,Mean4,subset_n512,42,42.138671875
ablation,thubenchmark,tcnet,C-r30,Mean4,subset_n512,43,45.654296875
ablation,thubenchmark,tcnet,C-r30,Mean4,subset_n512,44,44.82421875
ablation,thubenchmark,tcnet,C-r30,Mean4,subset_n512,45,40.380859375
ablation,thubenchmark,tcnet,C-r30,Mean4,subset_n512,46,46.2890625
ablation,thubenchmark,tcnet,D-r30,Mean4,subset_n512,42,46.728515625
ablation,thubenchmark,tcnet,D-r30,Mean4,subset_n512,43,49.51171875
ablation,thubenchmark,tcnet,D-r30,Mean4,subset_n512,44,44.775390625
ablation,thubenchmark,tcnet,D-r30,Mean4,subset_n512,45,41.650390625
ablation,thubenchmark,tcnet,D-r30,Mean4,subset_n512,46,45.60546875
ablation_delta,thubenchmark,tcnet,B−A-r30,Mean4,subset_n512,42,0.341796875
ablation_delta,thubenchmark,tcnet,B−A-r30,Mean4,subset_n512,43,0.0
ablation_delta,thubenchmark,tcnet,B−A-r30,Mean4,subset_n512,44,0.87890625
ablation_delta,thubenchmark,tcnet,B−A-r30,Mean4,subset_n512,45,1.318359375
ablation_delta,thubenchmark,tcnet,B−A-r30,Mean4,subset_n512,46,-1.025390625
ablation_delta,thubenchmark,tcnet,D−C-r30,Mean4,subset_n512,42,4.58984375
ablation_delta,thubenchmark,tcnet,D−C-r30,Mean4,subset_n512,43,3.857421875
ablation_delta,thubenchmark,tcnet,D−C-r30,Mean4,subset_n512,44,-0.048828125
ablation_delta,thubenchmark,tcnet,D−C-r30,Mean4,subset_n512,45,1.26953125
ablation_delta,thubenchmark,tcnet,D−C-r30,Mean4,subset_n512,46,-0.68359375
ablation_delta,thubenchmark,tcnet,D−B-r30,Mean4,subset_n512,42,9.5703125
ablation_delta,thubenchmark,tcnet,D−B-r30,Mean4,subset_n512,43,9.619140625
ablation_delta,thubenchmark,tcnet,D−B-r30,Mean4,subset_n512,44,4.541015625
ablation_delta,thubenchmark,tcnet,D−B-r30,Mean4,subset_n512,45,7.421875
ablation_delta,thubenchmark,tcnet,D−B-r30,Mean4,subset_n512,46,7.666015625
ablation,seediv,eegnet,A-r30,Mean4,subset_n512,42,20.458984375
ablation,seediv,eegnet,A-r30,Mean4,subset_n512,43,22.16796875
ablation,seediv,eegnet,A-r30,Mean4,subset_n512,44,17.28515625
ablation,seediv,eegnet,A-r30,Mean4,subset_n512,45,20.80078125
ablation,seediv,eegnet,A-r30,Mean4,subset_n512,46,15.966796875
ablation,seediv,eegnet,B-r30,Mean4,subset_n512,42,20.01953125
ablation,seediv,eegnet,B-r30,Mean4,subset_n512,43,21.240234375
ablation,seediv,eegnet,B-r30,Mean4,subset_n512,44,19.189453125
ablation,seediv,eegnet,B-r30,Mean4,subset_n512,45,23.33984375
ablation,seediv,eegnet,B-r30,Mean4,subset_n512,46,19.53125
ablation,seediv,eegnet,C-r30,Mean4,subset_n512,42,21.77734375
ablation,seediv,eegnet,C-r30,Mean4,subset_n512,43,24.21875
ablation,seediv,eegnet,C-r30,Mean4,subset_n512,44,18.212890625
ablation,seediv,eegnet,C-r30,Mean4,subset_n512,45,22.0703125
ablation,seediv,eegnet,C-r30,Mean4,subset_n512,46,16.650390625
ablation,seediv,eegnet,D-r30,Mean4,subset_n512,42,21.875
ablation,seediv,eegnet,D-r30,Mean4,subset_n512,43,24.31640625
ablation,seediv,eegnet,D-r30,Mean4,subset_n512,44,21.240234375
ablation,seediv,eegnet,D-r30,Mean4,subset_n512,45,25.9765625
ablation,seediv,eegnet,D-r30,Mean4,subset_n512,46,24.169921875
ablation_delta,seediv,eegnet,B−A-r30,Mean4,subset_n512,42,-0.439453125
ablation_delta,seediv,eegnet,B−A-r30,Mean4,subset_n512,43,-0.927734375
ablation_delta,seediv,eegnet,B−A-r30,Mean4,subset_n512,44,1.904296875
ablation_delta,seediv,eegnet,B−A-r30,Mean4,subset_n512,45,2.5390625
ablation_delta,seediv,eegnet,B−A-r30,Mean4,subset_n512,46,3.564453125
ablation_delta,seediv,eegnet,D−C-r30,Mean4,subset_n512,42,0.09765625
ablation_delta,seediv,eegnet,D−C-r30,Mean4,subset_n512,43,0.09765625
ablation_delta,seediv,eegnet,D−C-r30,Mean4,subset_n512,44,3.02734375
ablation_delta,seediv,eegnet,D−C-r30,Mean4,subset_n512,45,3.90625
ablation_delta,seediv,eegnet,D−C-r30,Mean4,subset_n512,46,7.51953125
ablation_delta,seediv,eegnet,D−B-r30,Mean4,subset_n512,42,1.85546875
ablation_delta,seediv,eegnet,D−B-r30,Mean4,subset_n512,43,3.076171875
ablation_delta,seediv,eegnet,D−B-r30,Mean4,subset_n512,44,2.05078125
ablation_delta,seediv,eegnet,D−B-r30,Mean4,subset_n512,45,2.63671875
ablation_delta,seediv,eegnet,D−B-r30,Mean4,subset_n512,46,4.638671875
ablation,seediv,deepconvnet,A-r30,Mean4,subset_n512,42,16.552734375
ablation,seediv,deepconvnet,A-r30,Mean4,subset_n512,43,15.91796875
ablation,seediv,deepconvnet,A-r30,Mean4,subset_n512,44,15.283203125
ablation,seediv,deepconvnet,A-r30,Mean4,subset_n512,45,18.603515625
ablation,seediv,deepconvnet,A-r30,Mean4,subset_n512,46,18.603515625
ablation,seediv,deepconvnet,B-r30,Mean4,subset_n512,42,13.623046875
ablation,seediv,deepconvnet,B-r30,Mean4,subset_n512,43,15.4296875
ablation,seediv,deepconvnet,B-r30,Mean4,subset_n512,44,14.111328125
ablation,seediv,deepconvnet,B-r30,Mean4,subset_n512,45,14.794921875
ablation,seediv,deepconvnet,B-r30,Mean4,subset_n512,46,16.015625
ablation,seediv,deepconvnet,C-r30,Mean4,subset_n512,42,20.751953125
ablation,seediv,deepconvnet,C-r30,Mean4,subset_n512,43,22.900390625
ablation,seediv,deepconvnet,C-r30,Mean4,subset_n512,44,21.09375
ablation,seediv,deepconvnet,C-r30,Mean4,subset_n512,45,23.291015625
ablation,seediv,deepconvnet,C-r30,Mean4,subset_n512,46,22.16796875
ablation,seediv,deepconvnet,D-r30,Mean4,subset_n512,42,19.53125
ablation,seediv,deepconvnet,D-r30,Mean4,subset_n512,43,21.630859375
ablation,seediv,deepconvnet,D-r30,Mean4,subset_n512,44,21.533203125
ablation,seediv,deepconvnet,D-r30,Mean4,subset_n512,45,21.728515625
ablation,seediv,deepconvnet,D-r30,Mean4,subset_n512,46,20.556640625
ablation_delta,seediv,deepconvnet,B−A-r30,Mean4,subset_n512,42,-2.9296875
ablation_delta,seediv,deepconvnet,B−A-r30,Mean4,subset_n512,43,-0.48828125
ablation_delta,seediv,deepconvnet,B−A-r30,Mean4,subset_n512,44,-1.171875
ablation_delta,seediv,deepconvnet,B−A-r30,Mean4,subset_n512,45,-3.80859375
ablation_delta,seediv,deepconvnet,B−A-r30,Mean4,subset_n512,46,-2.587890625
ablation_delta,seediv,deepconvnet,D−C-r30,Mean4,subset_n512,42,-1.220703125
ablation_delta,seediv,deepconvnet,D−C-r30,Mean4,subset_n512,43,-1.26953125
ablation_delta,seediv,deepconvnet,D−C-r30,Mean4,subset_n512,44,0.439453125
ablation_delta,seediv,deepconvnet,D−C-r30,Mean4,subset_n512,45,-1.5625
ablation_delta,seediv,deepconvnet,D−C-r30,Mean4,subset_n512,46,-1.611328125
ablation_delta,seediv,deepconvnet,D−B-r30,Mean4,subset_n512,42,5.908203125
ablation_delta,seediv,deepconvnet,D−B-r30,Mean4,subset_n512,43,6.201171875
ablation_delta,seediv,deepconvnet,D−B-r30,Mean4,subset_n512,44,7.421875
ablation_delta,seediv,deepconvnet,D−B-r30,Mean4,subset_n512,45,6.93359375
ablation_delta,seediv,deepconvnet,D−B-r30,Mean4,subset_n512,46,4.541015625
ablation,seediv,tsception,A-r30,Mean4,subset_n512,42,24.21875
ablation,seediv,tsception,A-r30,Mean4,subset_n512,43,22.55859375
ablation,seediv,tsception,A-r30,Mean4,subset_n512,44,21.58203125
ablation,seediv,tsception,A-r30,Mean4,subset_n512,45,27.001953125
ablation,seediv,tsception,A-r30,Mean4,subset_n512,46,25.0
ablation,seediv,tsception,B-r30,Mean4,subset_n512,42,23.583984375
ablation,seediv,tsception,B-r30,Mean4,subset_n512,43,22.705078125
ablation,seediv,tsception,B-r30,Mean4,subset_n512,44,21.044921875
ablation,seediv,tsception,B-r30,Mean4,subset_n512,45,26.26953125
ablation,seediv,tsception,B-r30,Mean4,subset_n512,46,23.828125
ablation,seediv,tsception,C-r30,Mean4,subset_n512,42,26.7578125
ablation,seediv,tsception,C-r30,Mean4,subset_n512,43,27.5390625
ablation,seediv,tsception,C-r30,Mean4,subset_n512,44,25.390625
ablation,seediv,tsception,C-r30,Mean4,subset_n512,45,30.615234375
ablation,seediv,tsception,C-r30,Mean4,subset_n512,46,28.125
ablation,seediv,tsception,D-r30,Mean4,subset_n512,42,26.5625
ablation,seediv,tsception,D-r30,Mean4,subset_n512,43,27.5390625
ablation,seediv,tsception,D-r30,Mean4,subset_n512,44,25.5859375
ablation,seediv,tsception,D-r30,Mean4,subset_n512,45,31.8359375
ablation,seediv,tsception,D-r30,Mean4,subset_n512,46,27.83203125
ablation_delta,seediv,tsception,B−A-r30,Mean4,subset_n512,42,-0.634765625
ablation_delta,seediv,tsception,B−A-r30,Mean4,subset_n512,43,0.146484375
ablation_delta,seediv,tsception,B−A-r30,Mean4,subset_n512,44,-0.537109375
ablation_delta,seediv,tsception,B−A-r30,Mean4,subset_n512,45,-0.732421875
ablation_delta,seediv,tsception,B−A-r30,Mean4,subset_n512,46,-1.171875
ablation_delta,seediv,tsception,D−C-r30,Mean4,subset_n512,42,-0.1953125
ablation_delta,seediv,tsception,D−C-r30,Mean4,subset_n512,43,0.0
ablation_delta,seediv,tsception,D−C-r30,Mean4,subset_n512,44,0.1953125
ablation_delta,seediv,tsception,D−C-r30,Mean4,subset_n512,45,1.220703125
ablation_delta,seediv,tsception,D−C-r30,Mean4,subset_n512,46,-0.29296875
ablation_delta,seediv,tsception,D−B-r30,Mean4,subset_n512,42,2.978515625
ablation_delta,seediv,tsception,D−B-r30,Mean4,subset_n512,43,4.833984375
ablation_delta,seediv,tsception,D−B-r30,Mean4,subset_n512,44,4.541015625
ablation_delta,seediv,tsception,D−B-r30,Mean4,subset_n512,45,5.56640625
ablation_delta,seediv,tsception,D−B-r30,Mean4,subset_n512,46,4.00390625
ablation,seediv,atcnet,A-r30,Mean4,subset_n512,42,20.3125
ablation,seediv,atcnet,A-r30,Mean4,subset_n512,43,20.8984375
ablation,seediv,atcnet,A-r30,Mean4,subset_n512,44,21.337890625
ablation,seediv,atcnet,A-r30,Mean4,subset_n512,45,21.77734375
ablation,seediv,atcnet,A-r30,Mean4,subset_n512,46,21.240234375
ablation,seediv,atcnet,B-r30,Mean4,subset_n512,42,19.970703125
ablation,seediv,atcnet,B-r30,Mean4,subset_n512,43,19.873046875
ablation,seediv,atcnet,B-r30,Mean4,subset_n512,44,21.2890625
ablation,seediv,atcnet,B-r30,Mean4,subset_n512,45,22.412109375
ablation,seediv,atcnet,B-r30,Mean4,subset_n512,46,21.142578125
ablation,seediv,atcnet,C-r30,Mean4,subset_n512,42,22.4609375
ablation,seediv,atcnet,C-r30,Mean4,subset_n512,43,23.4375
ablation,seediv,atcnet,C-r30,Mean4,subset_n512,44,24.31640625
ablation,seediv,atcnet,C-r30,Mean4,subset_n512,45,25.732421875
ablation,seediv,atcnet,C-r30,Mean4,subset_n512,46,23.388671875
ablation,seediv,atcnet,D-r30,Mean4,subset_n512,42,23.828125
ablation,seediv,atcnet,D-r30,Mean4,subset_n512,43,25.0
ablation,seediv,atcnet,D-r30,Mean4,subset_n512,44,26.513671875
ablation,seediv,atcnet,D-r30,Mean4,subset_n512,45,26.513671875
ablation,seediv,atcnet,D-r30,Mean4,subset_n512,46,22.65625
ablation_delta,seediv,atcnet,B−A-r30,Mean4,subset_n512,42,-0.341796875
ablation_delta,seediv,atcnet,B−A-r30,Mean4,subset_n512,43,-1.025390625
ablation_delta,seediv,atcnet,B−A-r30,Mean4,subset_n512,44,-0.048828125
ablation_delta,seediv,atcnet,B−A-r30,Mean4,subset_n512,45,0.634765625
ablation_delta,seediv,atcnet,B−A-r30,Mean4,subset_n512,46,-0.09765625
ablation_delta,seediv,atcnet,D−C-r30,Mean4,subset_n512,42,1.3671875
ablation_delta,seediv,atcnet,D−C-r30,Mean4,subset_n512,43,1.5625
ablation_delta,seediv,atcnet,D−C-r30,Mean4,subset_n512,44,2.197265625
ablation_delta,seediv,atcnet,D−C-r30,Mean4,subset_n512,45,0.78125
ablation_delta,seediv,atcnet,D−C-r30,Mean4,subset_n512,46,-0.732421875
ablation_delta,seediv,atcnet,D−B-r30,Mean4,subset_n512,42,3.857421875
ablation_delta,seediv,atcnet,D−B-r30,Mean4,subset_n512,43,5.126953125
ablation_delta,seediv,atcnet,D−B-r30,Mean4,subset_n512,44,5.224609375
ablation_delta,seediv,atcnet,D−B-r30,Mean4,subset_n512,45,4.1015625
ablation_delta,seediv,atcnet,D−B-r30,Mean4,subset_n512,46,1.513671875
ablation,seediv,conformer,A-r30,Mean4,subset_n512,42,26.318359375
ablation,seediv,conformer,A-r30,Mean4,subset_n512,43,32.91015625
ablation,seediv,conformer,A-r30,Mean4,subset_n512,44,32.080078125
ablation,seediv,conformer,A-r30,Mean4,subset_n512,45,31.494140625
ablation,seediv,conformer,A-r30,Mean4,subset_n512,46,36.42578125
ablation,seediv,conformer,B-r30,Mean4,subset_n512,42,23.046875
ablation,seediv,conformer,B-r30,Mean4,subset_n512,43,27.685546875
ablation,seediv,conformer,B-r30,Mean4,subset_n512,44,28.076171875
ablation,seediv,conformer,B-r30,Mean4,subset_n512,45,26.85546875
ablation,seediv,conformer,B-r30,Mean4,subset_n512,46,29.052734375
ablation,seediv,conformer,C-r30,Mean4,subset_n512,42,34.08203125
ablation,seediv,conformer,C-r30,Mean4,subset_n512,43,38.330078125
ablation,seediv,conformer,C-r30,Mean4,subset_n512,44,37.060546875
ablation,seediv,conformer,C-r30,Mean4,subset_n512,45,41.796875
ablation,seediv,conformer,C-r30,Mean4,subset_n512,46,41.2109375
ablation,seediv,conformer,D-r30,Mean4,subset_n512,42,38.818359375
ablation,seediv,conformer,D-r30,Mean4,subset_n512,43,41.796875
ablation,seediv,conformer,D-r30,Mean4,subset_n512,44,44.3359375
ablation,seediv,conformer,D-r30,Mean4,subset_n512,45,44.140625
ablation,seediv,conformer,D-r30,Mean4,subset_n512,46,46.875
ablation_delta,seediv,conformer,B−A-r30,Mean4,subset_n512,42,-3.271484375
ablation_delta,seediv,conformer,B−A-r30,Mean4,subset_n512,43,-5.224609375
ablation_delta,seediv,conformer,B−A-r30,Mean4,subset_n512,44,-4.00390625
ablation_delta,seediv,conformer,B−A-r30,Mean4,subset_n512,45,-4.638671875
ablation_delta,seediv,conformer,B−A-r30,Mean4,subset_n512,46,-7.373046875
ablation_delta,seediv,conformer,D−C-r30,Mean4,subset_n512,42,4.736328125
ablation_delta,seediv,conformer,D−C-r30,Mean4,subset_n512,43,3.466796875
ablation_delta,seediv,conformer,D−C-r30,Mean4,subset_n512,44,7.275390625
ablation_delta,seediv,conformer,D−C-r30,Mean4,subset_n512,45,2.34375
ablation_delta,seediv,conformer,D−C-r30,Mean4,subset_n512,46,5.6640625
ablation_delta,seediv,conformer,D−B-r30,Mean4,subset_n512,42,15.771484375
ablation_delta,seediv,conformer,D−B-r30,Mean4,subset_n512,43,14.111328125
ablation_delta,seediv,conformer,D−B-r30,Mean4,subset_n512,44,16.259765625
ablation_delta,seediv,conformer,D−B-r30,Mean4,subset_n512,45,17.28515625
ablation_delta,seediv,conformer,D−B-r30,Mean4,subset_n512,46,17.822265625
ablation,seediv,tcnet,A-r30,Mean4,subset_n512,42,20.166015625
ablation,seediv,tcnet,A-r30,Mean4,subset_n512,43,23.291015625
ablation,seediv,tcnet,A-r30,Mean4,subset_n512,44,22.119140625
ablation,seediv,tcnet,A-r30,Mean4,subset_n512,45,23.486328125
ablation,seediv,tcnet,A-r30,Mean4,subset_n512,46,24.90234375
ablation,seediv,tcnet,B-r30,Mean4,subset_n512,42,19.970703125
ablation,seediv,tcnet,B-r30,Mean4,subset_n512,43,22.607421875
ablation,seediv,tcnet,B-r30,Mean4,subset_n512,44,21.38671875
ablation,seediv,tcnet,B-r30,Mean4,subset_n512,45,23.681640625
ablation,seediv,tcnet,C-r30,Mean4,subset_n512,42,27.1484375
ablation,seediv,tcnet,C-r30,Mean4,subset_n512,43,27.490234375
ablation,seediv,tcnet,C-r30,Mean4,subset_n512,44,26.953125
ablation,seediv,tcnet,C-r30,Mean4,subset_n512,45,27.63671875
ablation,seediv,tcnet,C-r30,Mean4,subset_n512,46,29.833984375
ablation,seediv,tcnet,D-r30,Mean4,subset_n512,42,27.783203125
ablation,seediv,tcnet,D-r30,Mean4,subset_n512,43,27.685546875
ablation,seediv,tcnet,D-r30,Mean4,subset_n512,44,26.318359375
ablation,seediv,tcnet,D-r30,Mean4,subset_n512,45,28.41796875
ablation_delta,seediv,tcnet,B−A-r30,Mean4,subset_n512,42,-0.1953125
ablation_delta,seediv,tcnet,B−A-r30,Mean4,subset_n512,43,-0.68359375
ablation_delta,seediv,tcnet,B−A-r30,Mean4,subset_n512,44,-0.732421875
ablation_delta,seediv,tcnet,B−A-r30,Mean4,subset_n512,45,0.1953125
ablation_delta,seediv,tcnet,D−C-r30,Mean4,subset_n512,42,0.634765625
ablation_delta,seediv,tcnet,D−C-r30,Mean4,subset_n512,43,0.1953125
ablation_delta,seediv,tcnet,D−C-r30,Mean4,subset_n512,44,-0.634765625
ablation_delta,seediv,tcnet,D−C-r30,Mean4,subset_n512,45,0.78125
ablation_delta,seediv,tcnet,D−B-r30,Mean4,subset_n512,42,7.8125
ablation_delta,seediv,tcnet,D−B-r30,Mean4,subset_n512,43,5.078125
ablation_delta,seediv,tcnet,D−B-r30,Mean4,subset_n512,44,4.931640625
ablation_delta,seediv,tcnet,D−B-r30,Mean4,subset_n512,45,4.736328125
rank,thubenchmark,eegnet,rank25,Clean,subset_n512,42,91.015625
rank,thubenchmark,eegnet,rank25,Clean,subset_n512,43,89.2578125
rank,thubenchmark,eegnet,rank25,Clean,subset_n512,44,90.4296875
rank,thubenchmark,eegnet,rank25,Clean,subset_n512,45,89.2578125
rank,thubenchmark,eegnet,rank25,Clean,subset_n512,46,91.6015625
rank,thubenchmark,eegnet,rank30,Clean,subset_n512,42,92.1875
rank,thubenchmark,eegnet,rank30,Clean,subset_n512,43,89.84375
rank,thubenchmark,eegnet,rank30,Clean,subset_n512,44,91.2109375
rank,thubenchmark,eegnet,rank30,Clean,subset_n512,45,90.4296875
rank,thubenchmark,eegnet,rank30,Clean,subset_n512,46,92.1875
rank_delta,thubenchmark,eegnet,rank30−rank25,Clean,subset_n512,42,1.171875
rank_delta,thubenchmark,eegnet,rank30−rank25,Clean,subset_n512,43,0.5859375
rank_delta,thubenchmark,eegnet,rank30−rank25,Clean,subset_n512,44,0.78125
rank_delta,thubenchmark,eegnet,rank30−rank25,Clean,subset_n512,45,1.171875
rank_delta,thubenchmark,eegnet,rank30−rank25,Clean,subset_n512,46,0.5859375
rank,thubenchmark,deepconvnet,rank25,Clean,subset_n512,42,91.9921875
rank,thubenchmark,deepconvnet,rank25,Clean,subset_n512,43,90.8203125
rank,thubenchmark,deepconvnet,rank25,Clean,subset_n512,44,92.1875
rank,thubenchmark,deepconvnet,rank25,Clean,subset_n512,45,90.625
rank,thubenchmark,deepconvnet,rank25,Clean,subset_n512,46,91.9921875
rank,thubenchmark,deepconvnet,rank30,Clean,subset_n512,42,92.96875
rank,thubenchmark,deepconvnet,rank30,Clean,subset_n512,43,91.9921875
rank,thubenchmark,deepconvnet,rank30,Clean,subset_n512,44,91.015625
rank,thubenchmark,deepconvnet,rank30,Clean,subset_n512,45,91.796875
rank,thubenchmark,deepconvnet,rank30,Clean,subset_n512,46,92.96875
rank_delta,thubenchmark,deepconvnet,rank30−rank25,Clean,subset_n512,42,0.9765625
rank_delta,thubenchmark,deepconvnet,rank30−rank25,Clean,subset_n512,43,1.171875
rank_delta,thubenchmark,deepconvnet,rank30−rank25,Clean,subset_n512,44,-1.171875
rank_delta,thubenchmark,deepconvnet,rank30−rank25,Clean,subset_n512,45,1.171875
rank_delta,thubenchmark,deepconvnet,rank30−rank25,Clean,subset_n512,46,0.9765625
rank,thubenchmark,tsception,rank25,Clean,subset_n512,42,74.8046875
rank,thubenchmark,tsception,rank25,Clean,subset_n512,43,75.390625
rank,thubenchmark,tsception,rank25,Clean,subset_n512,44,74.4140625
rank,thubenchmark,tsception,rank25,Clean,subset_n512,45,74.0234375
rank,thubenchmark,tsception,rank25,Clean,subset_n512,46,75.9765625
rank,thubenchmark,tsception,rank30,Clean,subset_n512,42,75.78125
rank,thubenchmark,tsception,rank30,Clean,subset_n512,43,76.953125
rank,thubenchmark,tsception,rank30,Clean,subset_n512,44,75.5859375
rank,thubenchmark,tsception,rank30,Clean,subset_n512,45,74.609375
rank,thubenchmark,tsception,rank30,Clean,subset_n512,46,75.9765625
rank_delta,thubenchmark,tsception,rank30−rank25,Clean,subset_n512,42,0.9765625
rank_delta,thubenchmark,tsception,rank30−rank25,Clean,subset_n512,43,1.5625
rank_delta,thubenchmark,tsception,rank30−rank25,Clean,subset_n512,44,1.171875
rank_delta,thubenchmark,tsception,rank30−rank25,Clean,subset_n512,45,0.5859375
rank_delta,thubenchmark,tsception,rank30−rank25,Clean,subset_n512,46,0.0
rank,thubenchmark,atcnet,rank25,Clean,subset_n512,42,93.9453125
rank,thubenchmark,atcnet,rank25,Clean,subset_n512,43,92.1875
rank,thubenchmark,atcnet,rank25,Clean,subset_n512,44,93.5546875
rank,thubenchmark,atcnet,rank25,Clean,subset_n512,45,92.96875
rank,thubenchmark,atcnet,rank25,Clean,subset_n512,46,93.75
rank,thubenchmark,atcnet,rank30,Clean,subset_n512,42,94.140625
rank,thubenchmark,atcnet,rank30,Clean,subset_n512,43,93.359375
rank,thubenchmark,atcnet,rank30,Clean,subset_n512,44,93.75
rank,thubenchmark,atcnet,rank30,Clean,subset_n512,45,93.359375
rank,thubenchmark,atcnet,rank30,Clean,subset_n512,46,94.3359375
rank_delta,thubenchmark,atcnet,rank30−rank25,Clean,subset_n512,42,0.1953125
rank_delta,thubenchmark,atcnet,rank30−rank25,Clean,subset_n512,43,1.171875
rank_delta,thubenchmark,atcnet,rank30−rank25,Clean,subset_n512,44,0.1953125
rank_delta,thubenchmark,atcnet,rank30−rank25,Clean,subset_n512,45,0.390625
rank_delta,thubenchmark,atcnet,rank30−rank25,Clean,subset_n512,46,0.5859375
rank,thubenchmark,conformer,rank25,Clean,subset_n512,42,90.625
rank,thubenchmark,conformer,rank25,Clean,subset_n512,43,91.40625
rank,thubenchmark,conformer,rank25,Clean,subset_n512,44,91.40625
rank,thubenchmark,conformer,rank25,Clean,subset_n512,45,90.234375
rank,thubenchmark,conformer,rank25,Clean,subset_n512,46,90.234375
rank,thubenchmark,conformer,rank30,Clean,subset_n512,42,92.1875
rank,thubenchmark,conformer,rank30,Clean,subset_n512,43,91.6015625
rank,thubenchmark,conformer,rank30,Clean,subset_n512,44,91.015625
rank,thubenchmark,conformer,rank30,Clean,subset_n512,45,90.234375
rank,thubenchmark,conformer,rank30,Clean,subset_n512,46,90.625
rank_delta,thubenchmark,conformer,rank30−rank25,Clean,subset_n512,42,1.5625
rank_delta,thubenchmark,conformer,rank30−rank25,Clean,subset_n512,43,0.1953125
rank_delta,thubenchmark,conformer,rank30−rank25,Clean,subset_n512,44,-0.390625
rank_delta,thubenchmark,conformer,rank30−rank25,Clean,subset_n512,45,0.0
rank_delta,thubenchmark,conformer,rank30−rank25,Clean,subset_n512,46,0.390625
rank,thubenchmark,tcnet,rank25,Clean,subset_n512,42,79.4921875
rank,thubenchmark,tcnet,rank25,Clean,subset_n512,43,80.6640625
rank,thubenchmark,tcnet,rank25,Clean,subset_n512,44,77.34375
rank,thubenchmark,tcnet,rank25,Clean,subset_n512,45,77.1484375
rank,thubenchmark,tcnet,rank25,Clean,subset_n512,46,77.9296875
rank,thubenchmark,tcnet,rank30,Clean,subset_n512,42,81.4453125
rank,thubenchmark,tcnet,rank30,Clean,subset_n512,43,81.8359375
rank,thubenchmark,tcnet,rank30,Clean,subset_n512,44,78.90625
rank,thubenchmark,tcnet,rank30,Clean,subset_n512,45,77.5390625
rank,thubenchmark,tcnet,rank30,Clean,subset_n512,46,79.8828125
rank_delta,thubenchmark,tcnet,rank30−rank25,Clean,subset_n512,42,1.953125
rank_delta,thubenchmark,tcnet,rank30−rank25,Clean,subset_n512,43,1.171875
rank_delta,thubenchmark,tcnet,rank30−rank25,Clean,subset_n512,44,1.5625
rank_delta,thubenchmark,tcnet,rank30−rank25,Clean,subset_n512,45,0.390625
rank_delta,thubenchmark,tcnet,rank30−rank25,Clean,subset_n512,46,1.953125
rank,seediv,eegnet,rank25,Clean,subset_n512,42,36.9140625
rank,seediv,eegnet,rank25,Clean,subset_n512,43,38.4765625
rank,seediv,eegnet,rank25,Clean,subset_n512,44,31.8359375
rank,seediv,eegnet,rank25,Clean,subset_n512,45,41.015625
rank,seediv,eegnet,rank25,Clean,subset_n512,46,36.328125
rank,seediv,eegnet,rank30,Clean,subset_n512,42,36.1328125
rank,seediv,eegnet,rank30,Clean,subset_n512,43,37.5
rank,seediv,eegnet,rank30,Clean,subset_n512,44,32.03125
rank,seediv,eegnet,rank30,Clean,subset_n512,45,41.40625
rank,seediv,eegnet,rank30,Clean,subset_n512,46,36.71875
rank_delta,seediv,eegnet,rank30−rank25,Clean,subset_n512,42,-0.78125
rank_delta,seediv,eegnet,rank30−rank25,Clean,subset_n512,43,-0.9765625
rank_delta,seediv,eegnet,rank30−rank25,Clean,subset_n512,44,0.1953125
rank_delta,seediv,eegnet,rank30−rank25,Clean,subset_n512,45,0.390625
rank_delta,seediv,eegnet,rank30−rank25,Clean,subset_n512,46,0.390625
rank,seediv,deepconvnet,rank25,Clean,subset_n512,42,39.6484375
rank,seediv,deepconvnet,rank25,Clean,subset_n512,43,41.015625
rank,seediv,deepconvnet,rank25,Clean,subset_n512,44,40.234375
rank,seediv,deepconvnet,rank25,Clean,subset_n512,45,41.6015625
rank,seediv,deepconvnet,rank25,Clean,subset_n512,46,42.96875
rank,seediv,deepconvnet,rank30,Clean,subset_n512,42,40.0390625
rank,seediv,deepconvnet,rank30,Clean,subset_n512,43,41.6015625
rank,seediv,deepconvnet,rank30,Clean,subset_n512,44,41.2109375
rank,seediv,deepconvnet,rank30,Clean,subset_n512,45,41.40625
rank,seediv,deepconvnet,rank30,Clean,subset_n512,46,42.7734375
rank_delta,seediv,deepconvnet,rank30−rank25,Clean,subset_n512,42,0.390625
rank_delta,seediv,deepconvnet,rank30−rank25,Clean,subset_n512,43,0.5859375
rank_delta,seediv,deepconvnet,rank30−rank25,Clean,subset_n512,44,0.9765625
rank_delta,seediv,deepconvnet,rank30−rank25,Clean,subset_n512,45,-0.1953125
rank_delta,seediv,deepconvnet,rank30−rank25,Clean,subset_n512,46,-0.1953125
rank,seediv,tsception,rank25,Clean,subset_n512,42,42.578125
rank,seediv,tsception,rank25,Clean,subset_n512,43,48.6328125
rank,seediv,tsception,rank25,Clean,subset_n512,44,42.96875
rank,seediv,tsception,rank25,Clean,subset_n512,45,51.7578125
rank,seediv,tsception,rank25,Clean,subset_n512,46,46.875
rank,seediv,tsception,rank30,Clean,subset_n512,42,43.5546875
rank,seediv,tsception,rank30,Clean,subset_n512,43,47.8515625
rank,seediv,tsception,rank30,Clean,subset_n512,44,44.7265625
rank,seediv,tsception,rank30,Clean,subset_n512,45,51.7578125
rank,seediv,tsception,rank30,Clean,subset_n512,46,46.2890625
rank_delta,seediv,tsception,rank30−rank25,Clean,subset_n512,42,0.9765625
rank_delta,seediv,tsception,rank30−rank25,Clean,subset_n512,43,-0.78125
rank_delta,seediv,tsception,rank30−rank25,Clean,subset_n512,44,1.7578125
rank_delta,seediv,tsception,rank30−rank25,Clean,subset_n512,45,0.0
rank_delta,seediv,tsception,rank30−rank25,Clean,subset_n512,46,-0.5859375
rank,seediv,atcnet,rank25,Clean,subset_n512,42,41.2109375
rank,seediv,atcnet,rank25,Clean,subset_n512,43,42.7734375
rank,seediv,atcnet,rank25,Clean,subset_n512,44,43.1640625
rank,seediv,atcnet,rank25,Clean,subset_n512,45,46.09375
rank,seediv,atcnet,rank25,Clean,subset_n512,46,43.359375
rank,seediv,atcnet,rank30,Clean,subset_n512,42,42.3828125
rank,seediv,atcnet,rank30,Clean,subset_n512,43,44.53125
rank,seediv,atcnet,rank30,Clean,subset_n512,44,43.75
rank,seediv,atcnet,rank30,Clean,subset_n512,45,46.2890625
rank,seediv,atcnet,rank30,Clean,subset_n512,46,43.1640625
rank_delta,seediv,atcnet,rank30−rank25,Clean,subset_n512,42,1.171875
rank_delta,seediv,atcnet,rank30−rank25,Clean,subset_n512,43,1.7578125
rank_delta,seediv,atcnet,rank30−rank25,Clean,subset_n512,44,0.5859375
rank_delta,seediv,atcnet,rank30−rank25,Clean,subset_n512,45,0.1953125
rank_delta,seediv,atcnet,rank30−rank25,Clean,subset_n512,46,-0.1953125
rank,seediv,conformer,rank25,Clean,subset_n512,42,49.4140625
rank,seediv,conformer,rank25,Clean,subset_n512,43,46.484375
rank,seediv,conformer,rank25,Clean,subset_n512,44,50.1953125
rank,seediv,conformer,rank25,Clean,subset_n512,45,52.5390625
rank,seediv,conformer,rank25,Clean,subset_n512,46,50.9765625
rank,seediv,conformer,rank30,Clean,subset_n512,42,51.3671875
rank,seediv,conformer,rank30,Clean,subset_n512,43,50.78125
rank,seediv,conformer,rank30,Clean,subset_n512,44,54.4921875
rank,seediv,conformer,rank30,Clean,subset_n512,45,56.25
rank,seediv,conformer,rank30,Clean,subset_n512,46,57.8125
rank_delta,seediv,conformer,rank30−rank25,Clean,subset_n512,42,1.953125
rank_delta,seediv,conformer,rank30−rank25,Clean,subset_n512,43,4.296875
rank_delta,seediv,conformer,rank30−rank25,Clean,subset_n512,44,4.296875
rank_delta,seediv,conformer,rank30−rank25,Clean,subset_n512,45,3.7109375
rank_delta,seediv,conformer,rank30−rank25,Clean,subset_n512,46,6.8359375
rank,seediv,tcnet,rank25,Clean,subset_n512,42,34.375
rank,seediv,tcnet,rank25,Clean,subset_n512,43,36.9140625
rank,seediv,tcnet,rank25,Clean,subset_n512,44,35.15625
rank,seediv,tcnet,rank25,Clean,subset_n512,45,36.71875
rank,seediv,tcnet,rank30,Clean,subset_n512,42,36.1328125
rank,seediv,tcnet,rank30,Clean,subset_n512,43,35.9375
rank,seediv,tcnet,rank30,Clean,subset_n512,44,37.3046875
rank,seediv,tcnet,rank30,Clean,subset_n512,45,38.0859375
rank_delta,seediv,tcnet,rank30−rank25,Clean,subset_n512,42,1.7578125
rank_delta,seediv,tcnet,rank30−rank25,Clean,subset_n512,43,-0.9765625
rank_delta,seediv,tcnet,rank30−rank25,Clean,subset_n512,44,2.1484375
rank_delta,seediv,tcnet,rank30−rank25,Clean,subset_n512,45,1.3671875
rank,thubenchmark,eegnet,rank25,PGD,subset_n512,42,83.203125
rank,thubenchmark,eegnet,rank25,PGD,subset_n512,43,82.2265625
rank,thubenchmark,eegnet,rank25,PGD,subset_n512,44,80.6640625
rank,thubenchmark,eegnet,rank25,PGD,subset_n512,45,80.859375
rank,thubenchmark,eegnet,rank25,PGD,subset_n512,46,82.8125
rank,thubenchmark,eegnet,rank30,PGD,subset_n512,42,81.640625
rank,thubenchmark,eegnet,rank30,PGD,subset_n512,43,82.6171875
rank,thubenchmark,eegnet,rank30,PGD,subset_n512,44,80.46875
rank,thubenchmark,eegnet,rank30,PGD,subset_n512,45,80.078125
rank,thubenchmark,eegnet,rank30,PGD,subset_n512,46,82.2265625
rank_delta,thubenchmark,eegnet,rank30−rank25,PGD,subset_n512,42,-1.5625
rank_delta,thubenchmark,eegnet,rank30−rank25,PGD,subset_n512,43,0.390625
rank_delta,thubenchmark,eegnet,rank30−rank25,PGD,subset_n512,44,-0.1953125
rank_delta,thubenchmark,eegnet,rank30−rank25,PGD,subset_n512,45,-0.78125
rank_delta,thubenchmark,eegnet,rank30−rank25,PGD,subset_n512,46,-0.5859375
rank,thubenchmark,deepconvnet,rank25,PGD,subset_n512,42,79.4921875
rank,thubenchmark,deepconvnet,rank25,PGD,subset_n512,43,78.515625
rank,thubenchmark,deepconvnet,rank25,PGD,subset_n512,44,79.296875
rank,thubenchmark,deepconvnet,rank25,PGD,subset_n512,45,76.171875
rank,thubenchmark,deepconvnet,rank25,PGD,subset_n512,46,80.078125
rank,thubenchmark,deepconvnet,rank30,PGD,subset_n512,42,78.3203125
rank,thubenchmark,deepconvnet,rank30,PGD,subset_n512,43,78.7109375
rank,thubenchmark,deepconvnet,rank30,PGD,subset_n512,44,78.7109375
rank,thubenchmark,deepconvnet,rank30,PGD,subset_n512,45,76.171875
rank,thubenchmark,deepconvnet,rank30,PGD,subset_n512,46,79.1015625
rank_delta,thubenchmark,deepconvnet,rank30−rank25,PGD,subset_n512,42,-1.171875
rank_delta,thubenchmark,deepconvnet,rank30−rank25,PGD,subset_n512,43,0.1953125
rank_delta,thubenchmark,deepconvnet,rank30−rank25,PGD,subset_n512,44,-0.5859375
rank_delta,thubenchmark,deepconvnet,rank30−rank25,PGD,subset_n512,45,0.0
rank_delta,thubenchmark,deepconvnet,rank30−rank25,PGD,subset_n512,46,-0.9765625
rank,thubenchmark,tsception,rank25,PGD,subset_n512,42,45.8984375
rank,thubenchmark,tsception,rank25,PGD,subset_n512,43,46.875
rank,thubenchmark,tsception,rank25,PGD,subset_n512,44,44.53125
rank,thubenchmark,tsception,rank25,PGD,subset_n512,45,47.4609375
rank,thubenchmark,tsception,rank25,PGD,subset_n512,46,47.0703125
rank,thubenchmark,tsception,rank30,PGD,subset_n512,42,45.703125
rank,thubenchmark,tsception,rank30,PGD,subset_n512,43,45.1171875
rank,thubenchmark,tsception,rank30,PGD,subset_n512,44,43.75
rank,thubenchmark,tsception,rank30,PGD,subset_n512,45,45.1171875
rank,thubenchmark,tsception,rank30,PGD,subset_n512,46,45.8984375
rank_delta,thubenchmark,tsception,rank30−rank25,PGD,subset_n512,42,-0.1953125
rank_delta,thubenchmark,tsception,rank30−rank25,PGD,subset_n512,43,-1.7578125
rank_delta,thubenchmark,tsception,rank30−rank25,PGD,subset_n512,44,-0.78125
rank_delta,thubenchmark,tsception,rank30−rank25,PGD,subset_n512,45,-2.34375
rank_delta,thubenchmark,tsception,rank30−rank25,PGD,subset_n512,46,-1.171875
rank,thubenchmark,atcnet,rank25,PGD,subset_n512,42,85.7421875
rank,thubenchmark,atcnet,rank25,PGD,subset_n512,43,84.765625
rank,thubenchmark,atcnet,rank25,PGD,subset_n512,44,84.375
rank,thubenchmark,atcnet,rank25,PGD,subset_n512,45,82.2265625
rank,thubenchmark,atcnet,rank25,PGD,subset_n512,46,84.5703125
rank,thubenchmark,atcnet,rank30,PGD,subset_n512,42,86.1328125
rank,thubenchmark,atcnet,rank30,PGD,subset_n512,43,85.7421875
rank,thubenchmark,atcnet,rank30,PGD,subset_n512,44,84.5703125
rank,thubenchmark,atcnet,rank30,PGD,subset_n512,45,82.8125
rank,thubenchmark,atcnet,rank30,PGD,subset_n512,46,84.5703125
rank_delta,thubenchmark,atcnet,rank30−rank25,PGD,subset_n512,42,0.390625
rank_delta,thubenchmark,atcnet,rank30−rank25,PGD,subset_n512,43,0.9765625
rank_delta,thubenchmark,atcnet,rank30−rank25,PGD,subset_n512,44,0.1953125
rank_delta,thubenchmark,atcnet,rank30−rank25,PGD,subset_n512,45,0.5859375
rank_delta,thubenchmark,atcnet,rank30−rank25,PGD,subset_n512,46,0.0
rank,thubenchmark,conformer,rank25,PGD,subset_n512,42,79.296875
rank,thubenchmark,conformer,rank25,PGD,subset_n512,43,80.46875
rank,thubenchmark,conformer,rank25,PGD,subset_n512,44,77.734375
rank,thubenchmark,conformer,rank25,PGD,subset_n512,45,75.5859375
rank,thubenchmark,conformer,rank25,PGD,subset_n512,46,79.1015625
rank,thubenchmark,conformer,rank30,PGD,subset_n512,42,78.515625
rank,thubenchmark,conformer,rank30,PGD,subset_n512,43,79.296875
rank,thubenchmark,conformer,rank30,PGD,subset_n512,44,78.515625
rank,thubenchmark,conformer,rank30,PGD,subset_n512,45,76.171875
rank,thubenchmark,conformer,rank30,PGD,subset_n512,46,78.90625
rank_delta,thubenchmark,conformer,rank30−rank25,PGD,subset_n512,42,-0.78125
rank_delta,thubenchmark,conformer,rank30−rank25,PGD,subset_n512,43,-1.171875
rank_delta,thubenchmark,conformer,rank30−rank25,PGD,subset_n512,44,0.78125
rank_delta,thubenchmark,conformer,rank30−rank25,PGD,subset_n512,45,0.5859375
rank_delta,thubenchmark,conformer,rank30−rank25,PGD,subset_n512,46,-0.1953125
rank,thubenchmark,tcnet,rank25,PGD,subset_n512,42,58.7890625
rank,thubenchmark,tcnet,rank25,PGD,subset_n512,43,63.28125
rank,thubenchmark,tcnet,rank25,PGD,subset_n512,44,57.2265625
rank,thubenchmark,tcnet,rank25,PGD,subset_n512,45,55.6640625
rank,thubenchmark,tcnet,rank25,PGD,subset_n512,46,58.984375
rank,thubenchmark,tcnet,rank30,PGD,subset_n512,42,58.984375
rank,thubenchmark,tcnet,rank30,PGD,subset_n512,43,63.28125
rank,thubenchmark,tcnet,rank30,PGD,subset_n512,44,56.640625
rank,thubenchmark,tcnet,rank30,PGD,subset_n512,45,53.3203125
rank,thubenchmark,tcnet,rank30,PGD,subset_n512,46,57.6171875
rank_delta,thubenchmark,tcnet,rank30−rank25,PGD,subset_n512,42,0.1953125
rank_delta,thubenchmark,tcnet,rank30−rank25,PGD,subset_n512,43,0.0
rank_delta,thubenchmark,tcnet,rank30−rank25,PGD,subset_n512,44,-0.5859375
rank_delta,thubenchmark,tcnet,rank30−rank25,PGD,subset_n512,45,-2.34375
rank_delta,thubenchmark,tcnet,rank30−rank25,PGD,subset_n512,46,-1.3671875
rank,seediv,eegnet,rank25,PGD,subset_n512,42,28.7109375
rank,seediv,eegnet,rank25,PGD,subset_n512,43,31.0546875
rank,seediv,eegnet,rank25,PGD,subset_n512,44,27.5390625
rank,seediv,eegnet,rank25,PGD,subset_n512,45,33.7890625
rank,seediv,eegnet,rank25,PGD,subset_n512,46,30.2734375
rank,seediv,eegnet,rank30,PGD,subset_n512,42,27.5390625
rank,seediv,eegnet,rank30,PGD,subset_n512,43,30.859375
rank,seediv,eegnet,rank30,PGD,subset_n512,44,26.3671875
rank,seediv,eegnet,rank30,PGD,subset_n512,45,32.421875
rank,seediv,eegnet,rank30,PGD,subset_n512,46,30.46875
rank_delta,seediv,eegnet,rank30−rank25,PGD,subset_n512,42,-1.171875
rank_delta,seediv,eegnet,rank30−rank25,PGD,subset_n512,43,-0.1953125
rank_delta,seediv,eegnet,rank30−rank25,PGD,subset_n512,44,-1.171875
rank_delta,seediv,eegnet,rank30−rank25,PGD,subset_n512,45,-1.3671875
rank_delta,seediv,eegnet,rank30−rank25,PGD,subset_n512,46,0.1953125
rank,seediv,deepconvnet,rank25,PGD,subset_n512,42,22.0703125
rank,seediv,deepconvnet,rank25,PGD,subset_n512,43,26.3671875
rank,seediv,deepconvnet,rank25,PGD,subset_n512,44,23.828125
rank,seediv,deepconvnet,rank25,PGD,subset_n512,45,25.78125
rank,seediv,deepconvnet,rank25,PGD,subset_n512,46,25.78125
rank,seediv,deepconvnet,rank30,PGD,subset_n512,42,22.8515625
rank,seediv,deepconvnet,rank30,PGD,subset_n512,43,25.78125
rank,seediv,deepconvnet,rank30,PGD,subset_n512,44,24.0234375
rank,seediv,deepconvnet,rank30,PGD,subset_n512,45,25.5859375
rank,seediv,deepconvnet,rank30,PGD,subset_n512,46,25.5859375
rank_delta,seediv,deepconvnet,rank30−rank25,PGD,subset_n512,42,0.78125
rank_delta,seediv,deepconvnet,rank30−rank25,PGD,subset_n512,43,-0.5859375
rank_delta,seediv,deepconvnet,rank30−rank25,PGD,subset_n512,44,0.1953125
rank_delta,seediv,deepconvnet,rank30−rank25,PGD,subset_n512,45,-0.1953125
rank_delta,seediv,deepconvnet,rank30−rank25,PGD,subset_n512,46,-0.1953125
rank,seediv,tsception,rank25,PGD,subset_n512,42,34.765625
rank,seediv,tsception,rank25,PGD,subset_n512,43,34.1796875
rank,seediv,tsception,rank25,PGD,subset_n512,44,33.203125
rank,seediv,tsception,rank25,PGD,subset_n512,45,41.015625
rank,seediv,tsception,rank25,PGD,subset_n512,46,34.9609375
rank,seediv,tsception,rank30,PGD,subset_n512,42,33.59375
rank,seediv,tsception,rank30,PGD,subset_n512,43,34.9609375
rank,seediv,tsception,rank30,PGD,subset_n512,44,31.8359375
rank,seediv,tsception,rank30,PGD,subset_n512,45,41.2109375
rank,seediv,tsception,rank30,PGD,subset_n512,46,35.7421875
rank_delta,seediv,tsception,rank30−rank25,PGD,subset_n512,42,-1.171875
rank_delta,seediv,tsception,rank30−rank25,PGD,subset_n512,43,0.78125
rank_delta,seediv,tsception,rank30−rank25,PGD,subset_n512,44,-1.3671875
rank_delta,seediv,tsception,rank30−rank25,PGD,subset_n512,45,0.1953125
rank_delta,seediv,tsception,rank30−rank25,PGD,subset_n512,46,0.78125
rank,seediv,atcnet,rank25,PGD,subset_n512,42,29.296875
rank,seediv,atcnet,rank25,PGD,subset_n512,43,31.25
rank,seediv,atcnet,rank25,PGD,subset_n512,44,31.8359375
rank,seediv,atcnet,rank25,PGD,subset_n512,45,33.59375
rank,seediv,atcnet,rank25,PGD,subset_n512,46,29.296875
rank,seediv,atcnet,rank30,PGD,subset_n512,42,29.4921875
rank,seediv,atcnet,rank30,PGD,subset_n512,43,30.078125
rank,seediv,atcnet,rank30,PGD,subset_n512,44,31.640625
rank,seediv,atcnet,rank30,PGD,subset_n512,45,33.3984375
rank,seediv,atcnet,rank30,PGD,subset_n512,46,29.8828125
rank_delta,seediv,atcnet,rank30−rank25,PGD,subset_n512,42,0.1953125
rank_delta,seediv,atcnet,rank30−rank25,PGD,subset_n512,43,-1.171875
rank_delta,seediv,atcnet,rank30−rank25,PGD,subset_n512,44,-0.1953125
rank_delta,seediv,atcnet,rank30−rank25,PGD,subset_n512,45,-0.1953125
rank_delta,seediv,atcnet,rank30−rank25,PGD,subset_n512,46,0.5859375
rank,seediv,conformer,rank25,PGD,subset_n512,42,42.96875
rank,seediv,conformer,rank25,PGD,subset_n512,43,40.8203125
rank,seediv,conformer,rank25,PGD,subset_n512,44,43.5546875
rank,seediv,conformer,rank25,PGD,subset_n512,45,46.484375
rank,seediv,conformer,rank25,PGD,subset_n512,46,44.140625
rank,seediv,conformer,rank30,PGD,subset_n512,42,43.1640625
rank,seediv,conformer,rank30,PGD,subset_n512,43,40.625
rank,seediv,conformer,rank30,PGD,subset_n512,44,41.9921875
rank,seediv,conformer,rank30,PGD,subset_n512,45,46.09375
rank,seediv,conformer,rank30,PGD,subset_n512,46,49.609375
rank_delta,seediv,conformer,rank30−rank25,PGD,subset_n512,42,0.1953125
rank_delta,seediv,conformer,rank30−rank25,PGD,subset_n512,43,-0.1953125
rank_delta,seediv,conformer,rank30−rank25,PGD,subset_n512,44,-1.5625
rank_delta,seediv,conformer,rank30−rank25,PGD,subset_n512,45,-0.390625
rank_delta,seediv,conformer,rank30−rank25,PGD,subset_n512,46,5.46875
rank,seediv,tcnet,rank25,PGD,subset_n512,42,31.25
rank,seediv,tcnet,rank25,PGD,subset_n512,43,32.03125
rank,seediv,tcnet,rank25,PGD,subset_n512,44,32.421875
rank,seediv,tcnet,rank25,PGD,subset_n512,45,33.203125
rank,seediv,tcnet,rank30,PGD,subset_n512,42,31.8359375
rank,seediv,tcnet,rank30,PGD,subset_n512,43,32.2265625
rank,seediv,tcnet,rank30,PGD,subset_n512,44,32.03125
rank,seediv,tcnet,rank30,PGD,subset_n512,45,33.59375
rank_delta,seediv,tcnet,rank30−rank25,PGD,subset_n512,42,0.5859375
rank_delta,seediv,tcnet,rank30−rank25,PGD,subset_n512,43,0.1953125
rank_delta,seediv,tcnet,rank30−rank25,PGD,subset_n512,44,-0.390625
rank_delta,seediv,tcnet,rank30−rank25,PGD,subset_n512,45,0.390625
rank,thubenchmark,eegnet,rank25,Mean4,subset_n512,42,69.384765625
rank,thubenchmark,eegnet,rank25,Mean4,subset_n512,43,69.189453125
rank,thubenchmark,eegnet,rank25,Mean4,subset_n512,44,66.845703125
rank,thubenchmark,eegnet,rank25,Mean4,subset_n512,45,67.578125
rank,thubenchmark,eegnet,rank25,Mean4,subset_n512,46,68.5546875
rank,thubenchmark,eegnet,rank30,Mean4,subset_n512,42,67.1875
rank,thubenchmark,eegnet,rank30,Mean4,subset_n512,43,67.3828125
rank,thubenchmark,eegnet,rank30,Mean4,subset_n512,44,65.0390625
rank,thubenchmark,eegnet,rank30,Mean4,subset_n512,45,64.794921875
rank,thubenchmark,eegnet,rank30,Mean4,subset_n512,46,66.11328125
rank_delta,thubenchmark,eegnet,rank30−rank25,Mean4,subset_n512,42,-2.197265625
rank_delta,thubenchmark,eegnet,rank30−rank25,Mean4,subset_n512,43,-1.806640625
rank_delta,thubenchmark,eegnet,rank30−rank25,Mean4,subset_n512,44,-1.806640625
rank_delta,thubenchmark,eegnet,rank30−rank25,Mean4,subset_n512,45,-2.783203125
rank_delta,thubenchmark,eegnet,rank30−rank25,Mean4,subset_n512,46,-2.44140625
rank,thubenchmark,deepconvnet,rank25,Mean4,subset_n512,42,61.62109375
rank,thubenchmark,deepconvnet,rank25,Mean4,subset_n512,43,60.7421875
rank,thubenchmark,deepconvnet,rank25,Mean4,subset_n512,44,61.328125
rank,thubenchmark,deepconvnet,rank25,Mean4,subset_n512,45,60.107421875
rank,thubenchmark,deepconvnet,rank25,Mean4,subset_n512,46,61.279296875
rank,thubenchmark,deepconvnet,rank30,Mean4,subset_n512,42,60.3515625
rank,thubenchmark,deepconvnet,rank30,Mean4,subset_n512,43,60.107421875
rank,thubenchmark,deepconvnet,rank30,Mean4,subset_n512,44,60.44921875
rank,thubenchmark,deepconvnet,rank30,Mean4,subset_n512,45,59.228515625
rank,thubenchmark,deepconvnet,rank30,Mean4,subset_n512,46,60.595703125
rank_delta,thubenchmark,deepconvnet,rank30−rank25,Mean4,subset_n512,42,-1.26953125
rank_delta,thubenchmark,deepconvnet,rank30−rank25,Mean4,subset_n512,43,-0.634765625
rank_delta,thubenchmark,deepconvnet,rank30−rank25,Mean4,subset_n512,44,-0.87890625
rank_delta,thubenchmark,deepconvnet,rank30−rank25,Mean4,subset_n512,45,-0.87890625
rank_delta,thubenchmark,deepconvnet,rank30−rank25,Mean4,subset_n512,46,-0.68359375
rank,thubenchmark,tsception,rank25,Mean4,subset_n512,42,42.1875
rank,thubenchmark,tsception,rank25,Mean4,subset_n512,43,40.283203125
rank,thubenchmark,tsception,rank25,Mean4,subset_n512,44,38.96484375
rank,thubenchmark,tsception,rank25,Mean4,subset_n512,45,40.8203125
rank,thubenchmark,tsception,rank25,Mean4,subset_n512,46,41.259765625
rank,thubenchmark,tsception,rank30,Mean4,subset_n512,42,38.96484375
rank,thubenchmark,tsception,rank30,Mean4,subset_n512,43,38.037109375
rank,thubenchmark,tsception,rank30,Mean4,subset_n512,44,37.20703125
rank,thubenchmark,tsception,rank30,Mean4,subset_n512,45,37.890625
rank,thubenchmark,tsception,rank30,Mean4,subset_n512,46,38.037109375
rank_delta,thubenchmark,tsception,rank30−rank25,Mean4,subset_n512,42,-3.22265625
rank_delta,thubenchmark,tsception,rank30−rank25,Mean4,subset_n512,43,-2.24609375
rank_delta,thubenchmark,tsception,rank30−rank25,Mean4,subset_n512,44,-1.7578125
rank_delta,thubenchmark,tsception,rank30−rank25,Mean4,subset_n512,45,-2.9296875
rank_delta,thubenchmark,tsception,rank30−rank25,Mean4,subset_n512,46,-3.22265625
rank,thubenchmark,atcnet,rank25,Mean4,subset_n512,42,75.29296875
rank,thubenchmark,atcnet,rank25,Mean4,subset_n512,43,69.873046875
rank,thubenchmark,atcnet,rank25,Mean4,subset_n512,44,73.53515625
rank,thubenchmark,atcnet,rank25,Mean4,subset_n512,45,71.923828125
rank,thubenchmark,atcnet,rank25,Mean4,subset_n512,46,71.923828125
rank,thubenchmark,atcnet,rank30,Mean4,subset_n512,42,72.412109375
rank,thubenchmark,atcnet,rank30,Mean4,subset_n512,43,68.603515625
rank,thubenchmark,atcnet,rank30,Mean4,subset_n512,44,70.703125
rank,thubenchmark,atcnet,rank30,Mean4,subset_n512,45,69.580078125
rank,thubenchmark,atcnet,rank30,Mean4,subset_n512,46,69.62890625
rank_delta,thubenchmark,atcnet,rank30−rank25,Mean4,subset_n512,42,-2.880859375
rank_delta,thubenchmark,atcnet,rank30−rank25,Mean4,subset_n512,43,-1.26953125
rank_delta,thubenchmark,atcnet,rank30−rank25,Mean4,subset_n512,44,-2.83203125
rank_delta,thubenchmark,atcnet,rank30−rank25,Mean4,subset_n512,45,-2.34375
rank_delta,thubenchmark,atcnet,rank30−rank25,Mean4,subset_n512,46,-2.294921875
rank,thubenchmark,conformer,rank25,Mean4,subset_n512,42,65.91796875
rank,thubenchmark,conformer,rank25,Mean4,subset_n512,43,66.11328125
rank,thubenchmark,conformer,rank25,Mean4,subset_n512,44,64.84375
rank,thubenchmark,conformer,rank25,Mean4,subset_n512,45,65.33203125
rank,thubenchmark,conformer,rank25,Mean4,subset_n512,46,66.552734375
rank,thubenchmark,conformer,rank30,Mean4,subset_n512,42,64.0625
rank,thubenchmark,conformer,rank30,Mean4,subset_n512,43,63.96484375
rank,thubenchmark,conformer,rank30,Mean4,subset_n512,44,63.525390625
rank,thubenchmark,conformer,rank30,Mean4,subset_n512,45,63.18359375
rank,thubenchmark,conformer,rank30,Mean4,subset_n512,46,64.404296875
rank_delta,thubenchmark,conformer,rank30−rank25,Mean4,subset_n512,42,-1.85546875
rank_delta,thubenchmark,conformer,rank30−rank25,Mean4,subset_n512,43,-2.1484375
rank_delta,thubenchmark,conformer,rank30−rank25,Mean4,subset_n512,44,-1.318359375
rank_delta,thubenchmark,conformer,rank30−rank25,Mean4,subset_n512,45,-2.1484375
rank_delta,thubenchmark,conformer,rank30−rank25,Mean4,subset_n512,46,-2.1484375
rank,thubenchmark,tcnet,rank25,Mean4,subset_n512,42,47.216796875
rank,thubenchmark,tcnet,rank25,Mean4,subset_n512,43,50.29296875
rank,thubenchmark,tcnet,rank25,Mean4,subset_n512,44,47.021484375
rank,thubenchmark,tcnet,rank25,Mean4,subset_n512,45,43.115234375
rank,thubenchmark,tcnet,rank25,Mean4,subset_n512,46,47.607421875
rank,thubenchmark,tcnet,rank30,Mean4,subset_n512,42,46.728515625
rank,thubenchmark,tcnet,rank30,Mean4,subset_n512,43,49.51171875
rank,thubenchmark,tcnet,rank30,Mean4,subset_n512,44,44.775390625
rank,thubenchmark,tcnet,rank30,Mean4,subset_n512,45,41.650390625
rank,thubenchmark,tcnet,rank30,Mean4,subset_n512,46,45.60546875
rank_delta,thubenchmark,tcnet,rank30−rank25,Mean4,subset_n512,42,-0.48828125
rank_delta,thubenchmark,tcnet,rank30−rank25,Mean4,subset_n512,43,-0.78125
rank_delta,thubenchmark,tcnet,rank30−rank25,Mean4,subset_n512,44,-2.24609375
rank_delta,thubenchmark,tcnet,rank30−rank25,Mean4,subset_n512,45,-1.46484375
rank_delta,thubenchmark,tcnet,rank30−rank25,Mean4,subset_n512,46,-2.001953125
rank,seediv,eegnet,rank25,Mean4,subset_n512,42,23.095703125
rank,seediv,eegnet,rank25,Mean4,subset_n512,43,24.951171875
rank,seediv,eegnet,rank25,Mean4,subset_n512,44,22.65625
rank,seediv,eegnet,rank25,Mean4,subset_n512,45,27.24609375
rank,seediv,eegnet,rank25,Mean4,subset_n512,46,24.8046875
rank,seediv,eegnet,rank30,Mean4,subset_n512,42,21.875
rank,seediv,eegnet,rank30,Mean4,subset_n512,43,24.31640625
rank,seediv,eegnet,rank30,Mean4,subset_n512,44,21.240234375
rank,seediv,eegnet,rank30,Mean4,subset_n512,45,25.9765625
rank,seediv,eegnet,rank30,Mean4,subset_n512,46,24.169921875
rank_delta,seediv,eegnet,rank30−rank25,Mean4,subset_n512,42,-1.220703125
rank_delta,seediv,eegnet,rank30−rank25,Mean4,subset_n512,43,-0.634765625
rank_delta,seediv,eegnet,rank30−rank25,Mean4,subset_n512,44,-1.416015625
rank_delta,seediv,eegnet,rank30−rank25,Mean4,subset_n512,45,-1.26953125
rank_delta,seediv,eegnet,rank30−rank25,Mean4,subset_n512,46,-0.634765625
rank,seediv,deepconvnet,rank25,Mean4,subset_n512,42,20.263671875
rank,seediv,deepconvnet,rank25,Mean4,subset_n512,43,23.193359375
rank,seediv,deepconvnet,rank25,Mean4,subset_n512,44,22.998046875
rank,seediv,deepconvnet,rank25,Mean4,subset_n512,45,22.55859375
rank,seediv,deepconvnet,rank25,Mean4,subset_n512,46,21.728515625
rank,seediv,deepconvnet,rank30,Mean4,subset_n512,42,19.53125
rank,seediv,deepconvnet,rank30,Mean4,subset_n512,43,21.630859375
rank,seediv,deepconvnet,rank30,Mean4,subset_n512,44,21.533203125
rank,seediv,deepconvnet,rank30,Mean4,subset_n512,45,21.728515625
rank,seediv,deepconvnet,rank30,Mean4,subset_n512,46,20.556640625
rank_delta,seediv,deepconvnet,rank30−rank25,Mean4,subset_n512,42,-0.732421875
rank_delta,seediv,deepconvnet,rank30−rank25,Mean4,subset_n512,43,-1.5625
rank_delta,seediv,deepconvnet,rank30−rank25,Mean4,subset_n512,44,-1.46484375
rank_delta,seediv,deepconvnet,rank30−rank25,Mean4,subset_n512,45,-0.830078125
rank_delta,seediv,deepconvnet,rank30−rank25,Mean4,subset_n512,46,-1.171875
rank,seediv,tsception,rank25,Mean4,subset_n512,42,27.978515625
rank,seediv,tsception,rank25,Mean4,subset_n512,43,27.734375
rank,seediv,tsception,rank25,Mean4,subset_n512,44,27.24609375
rank,seediv,tsception,rank25,Mean4,subset_n512,45,33.88671875
rank,seediv,tsception,rank25,Mean4,subset_n512,46,27.978515625
rank,seediv,tsception,rank30,Mean4,subset_n512,42,26.5625
rank,seediv,tsception,rank30,Mean4,subset_n512,43,27.5390625
rank,seediv,tsception,rank30,Mean4,subset_n512,44,25.5859375
rank,seediv,tsception,rank30,Mean4,subset_n512,45,31.8359375
rank,seediv,tsception,rank30,Mean4,subset_n512,46,27.83203125
rank_delta,seediv,tsception,rank30−rank25,Mean4,subset_n512,42,-1.416015625
rank_delta,seediv,tsception,rank30−rank25,Mean4,subset_n512,43,-0.1953125
rank_delta,seediv,tsception,rank30−rank25,Mean4,subset_n512,44,-1.66015625
rank_delta,seediv,tsception,rank30−rank25,Mean4,subset_n512,45,-2.05078125
rank_delta,seediv,tsception,rank30−rank25,Mean4,subset_n512,46,-0.146484375
rank,seediv,atcnet,rank25,Mean4,subset_n512,42,24.658203125
rank,seediv,atcnet,rank25,Mean4,subset_n512,43,26.220703125
rank,seediv,atcnet,rank25,Mean4,subset_n512,44,27.24609375
rank,seediv,atcnet,rank25,Mean4,subset_n512,45,27.685546875
rank,seediv,atcnet,rank25,Mean4,subset_n512,46,22.802734375
rank,seediv,atcnet,rank30,Mean4,subset_n512,42,23.828125
rank,seediv,atcnet,rank30,Mean4,subset_n512,43,25.0
rank,seediv,atcnet,rank30,Mean4,subset_n512,44,26.513671875
rank,seediv,atcnet,rank30,Mean4,subset_n512,45,26.513671875
rank,seediv,atcnet,rank30,Mean4,subset_n512,46,22.65625
rank_delta,seediv,atcnet,rank30−rank25,Mean4,subset_n512,42,-0.830078125
rank_delta,seediv,atcnet,rank30−rank25,Mean4,subset_n512,43,-1.220703125
rank_delta,seediv,atcnet,rank30−rank25,Mean4,subset_n512,44,-0.732421875
rank_delta,seediv,atcnet,rank30−rank25,Mean4,subset_n512,45,-1.171875
rank_delta,seediv,atcnet,rank30−rank25,Mean4,subset_n512,46,-0.146484375
rank,seediv,conformer,rank25,Mean4,subset_n512,42,39.697265625
rank,seediv,conformer,rank25,Mean4,subset_n512,43,41.015625
rank,seediv,conformer,rank25,Mean4,subset_n512,44,44.140625
rank,seediv,conformer,rank25,Mean4,subset_n512,45,44.140625
rank,seediv,conformer,rank25,Mean4,subset_n512,46,43.408203125
rank,seediv,conformer,rank30,Mean4,subset_n512,42,38.818359375
rank,seediv,conformer,rank30,Mean4,subset_n512,43,41.796875
rank,seediv,conformer,rank30,Mean4,subset_n512,44,44.3359375
rank,seediv,conformer,rank30,Mean4,subset_n512,45,44.140625
rank,seediv,conformer,rank30,Mean4,subset_n512,46,46.875
rank_delta,seediv,conformer,rank30−rank25,Mean4,subset_n512,42,-0.87890625
rank_delta,seediv,conformer,rank30−rank25,Mean4,subset_n512,43,0.78125
rank_delta,seediv,conformer,rank30−rank25,Mean4,subset_n512,44,0.1953125
rank_delta,seediv,conformer,rank30−rank25,Mean4,subset_n512,45,0.0
rank_delta,seediv,conformer,rank30−rank25,Mean4,subset_n512,46,3.466796875
rank,seediv,tcnet,rank25,Mean4,subset_n512,42,27.392578125
rank,seediv,tcnet,rank25,Mean4,subset_n512,43,28.80859375
rank,seediv,tcnet,rank25,Mean4,subset_n512,44,28.125
rank,seediv,tcnet,rank25,Mean4,subset_n512,45,29.345703125
rank,seediv,tcnet,rank30,Mean4,subset_n512,42,27.783203125
rank,seediv,tcnet,rank30,Mean4,subset_n512,43,27.685546875
rank,seediv,tcnet,rank30,Mean4,subset_n512,44,26.318359375
rank,seediv,tcnet,rank30,Mean4,subset_n512,45,28.41796875
rank_delta,seediv,tcnet,rank30−rank25,Mean4,subset_n512,42,0.390625
rank_delta,seediv,tcnet,rank30−rank25,Mean4,subset_n512,43,-1.123046875
rank_delta,seediv,tcnet,rank30−rank25,Mean4,subset_n512,44,-1.806640625
rank_delta,seediv,tcnet,rank30−rank25,Mean4,subset_n512,45,-0.927734375
rank,thubenchmark,eegnet,rank25,MeanLinf3,subset_n512,42,83.3984375
rank,thubenchmark,eegnet,rank25,MeanLinf3,subset_n512,43,83.07291666666666
rank,thubenchmark,eegnet,rank25,MeanLinf3,subset_n512,44,81.18489583333334
rank,thubenchmark,eegnet,rank25,MeanLinf3,subset_n512,45,80.59895833333334
rank,thubenchmark,eegnet,rank25,MeanLinf3,subset_n512,46,82.55208333333334
rank,thubenchmark,eegnet,rank30,MeanLinf3,subset_n512,42,82.8125
rank,thubenchmark,eegnet,rank30,MeanLinf3,subset_n512,43,83.0078125
rank,thubenchmark,eegnet,rank30,MeanLinf3,subset_n512,44,80.92447916666666
rank,thubenchmark,eegnet,rank30,MeanLinf3,subset_n512,45,79.81770833333334
rank,thubenchmark,eegnet,rank30,MeanLinf3,subset_n512,46,82.55208333333334
rank_delta,thubenchmark,eegnet,rank30−rank25,MeanLinf3,subset_n512,42,-0.5859375
rank_delta,thubenchmark,eegnet,rank30−rank25,MeanLinf3,subset_n512,43,-0.06510416666665719
rank_delta,thubenchmark,eegnet,rank30−rank25,MeanLinf3,subset_n512,44,-0.2604166666666856
rank_delta,thubenchmark,eegnet,rank30−rank25,MeanLinf3,subset_n512,45,-0.78125
rank_delta,thubenchmark,eegnet,rank30−rank25,MeanLinf3,subset_n512,46,0.0
rank,thubenchmark,deepconvnet,rank25,MeanLinf3,subset_n512,42,79.6875
rank,thubenchmark,deepconvnet,rank25,MeanLinf3,subset_n512,43,80.01302083333334
rank,thubenchmark,deepconvnet,rank25,MeanLinf3,subset_n512,44,80.46875
rank,thubenchmark,deepconvnet,rank25,MeanLinf3,subset_n512,45,77.5390625
rank,thubenchmark,deepconvnet,rank25,MeanLinf3,subset_n512,46,80.53385416666666
rank,thubenchmark,deepconvnet,rank30,MeanLinf3,subset_n512,42,79.62239583333334
rank,thubenchmark,deepconvnet,rank30,MeanLinf3,subset_n512,43,79.81770833333334
rank,thubenchmark,deepconvnet,rank30,MeanLinf3,subset_n512,44,80.078125
rank,thubenchmark,deepconvnet,rank30,MeanLinf3,subset_n512,45,77.5390625
rank,thubenchmark,deepconvnet,rank30,MeanLinf3,subset_n512,46,80.20833333333334
rank_delta,thubenchmark,deepconvnet,rank30−rank25,MeanLinf3,subset_n512,42,-0.06510416666665719
rank_delta,thubenchmark,deepconvnet,rank30−rank25,MeanLinf3,subset_n512,43,-0.1953125
rank_delta,thubenchmark,deepconvnet,rank30−rank25,MeanLinf3,subset_n512,44,-0.390625
rank_delta,thubenchmark,deepconvnet,rank30−rank25,MeanLinf3,subset_n512,45,0.0
rank_delta,thubenchmark,deepconvnet,rank30−rank25,MeanLinf3,subset_n512,46,-0.3255208333333144
rank,thubenchmark,tsception,rank25,MeanLinf3,subset_n512,42,49.93489583333333
rank,thubenchmark,tsception,rank25,MeanLinf3,subset_n512,43,48.76302083333333
rank,thubenchmark,tsception,rank25,MeanLinf3,subset_n512,44,46.74479166666667
rank,thubenchmark,tsception,rank25,MeanLinf3,subset_n512,45,48.6328125
rank,thubenchmark,tsception,rank25,MeanLinf3,subset_n512,46,50.1953125
rank,thubenchmark,tsception,rank30,MeanLinf3,subset_n512,42,48.2421875
rank,thubenchmark,tsception,rank30,MeanLinf3,subset_n512,43,47.13541666666667
rank,thubenchmark,tsception,rank30,MeanLinf3,subset_n512,44,45.8984375
rank,thubenchmark,tsception,rank30,MeanLinf3,subset_n512,45,46.61458333333333
rank,thubenchmark,tsception,rank30,MeanLinf3,subset_n512,46,47.72135416666667
rank_delta,thubenchmark,tsception,rank30−rank25,MeanLinf3,subset_n512,42,-1.6927083333333286
rank_delta,thubenchmark,tsception,rank30−rank25,MeanLinf3,subset_n512,43,-1.6276041666666572
rank_delta,thubenchmark,tsception,rank30−rank25,MeanLinf3,subset_n512,44,-0.8463541666666714
rank_delta,thubenchmark,tsception,rank30−rank25,MeanLinf3,subset_n512,45,-2.0182291666666714
rank_delta,thubenchmark,tsception,rank30−rank25,MeanLinf3,subset_n512,46,-2.4739583333333286
rank,thubenchmark,atcnet,rank25,MeanLinf3,subset_n512,42,87.04427083333334
rank,thubenchmark,atcnet,rank25,MeanLinf3,subset_n512,43,85.48177083333334
rank,thubenchmark,atcnet,rank25,MeanLinf3,subset_n512,44,85.02604166666666
rank,thubenchmark,atcnet,rank25,MeanLinf3,subset_n512,45,83.7890625
rank,thubenchmark,atcnet,rank25,MeanLinf3,subset_n512,46,85.61197916666666
rank,thubenchmark,atcnet,rank30,MeanLinf3,subset_n512,42,87.56510416666666
rank,thubenchmark,atcnet,rank30,MeanLinf3,subset_n512,43,86.26302083333334
rank,thubenchmark,atcnet,rank30,MeanLinf3,subset_n512,44,85.22135416666666
rank,thubenchmark,atcnet,rank30,MeanLinf3,subset_n512,45,83.65885416666666
rank,thubenchmark,atcnet,rank30,MeanLinf3,subset_n512,46,85.48177083333334
rank_delta,thubenchmark,atcnet,rank30−rank25,MeanLinf3,subset_n512,42,0.5208333333333144
rank_delta,thubenchmark,atcnet,rank30−rank25,MeanLinf3,subset_n512,43,0.78125
rank_delta,thubenchmark,atcnet,rank30−rank25,MeanLinf3,subset_n512,44,0.1953125
rank_delta,thubenchmark,atcnet,rank30−rank25,MeanLinf3,subset_n512,45,-0.1302083333333428
rank_delta,thubenchmark,atcnet,rank30−rank25,MeanLinf3,subset_n512,46,-0.13020833333331439
rank,thubenchmark,conformer,rank25,MeanLinf3,subset_n512,42,79.42708333333334
rank,thubenchmark,conformer,rank25,MeanLinf3,subset_n512,43,80.72916666666666
rank,thubenchmark,conformer,rank25,MeanLinf3,subset_n512,44,78.84114583333334
rank,thubenchmark,conformer,rank25,MeanLinf3,subset_n512,45,77.27864583333334
rank,thubenchmark,conformer,rank25,MeanLinf3,subset_n512,46,80.40364583333334
rank,thubenchmark,conformer,rank30,MeanLinf3,subset_n512,42,79.03645833333334
rank,thubenchmark,conformer,rank30,MeanLinf3,subset_n512,43,80.20833333333334
rank,thubenchmark,conformer,rank30,MeanLinf3,subset_n512,44,79.03645833333334
rank,thubenchmark,conformer,rank30,MeanLinf3,subset_n512,45,77.01822916666666
rank,thubenchmark,conformer,rank30,MeanLinf3,subset_n512,46,80.14322916666666
rank_delta,thubenchmark,conformer,rank30−rank25,MeanLinf3,subset_n512,42,-0.390625
rank_delta,thubenchmark,conformer,rank30−rank25,MeanLinf3,subset_n512,43,-0.5208333333333144
rank_delta,thubenchmark,conformer,rank30−rank25,MeanLinf3,subset_n512,44,0.1953125
rank_delta,thubenchmark,conformer,rank30−rank25,MeanLinf3,subset_n512,45,-0.2604166666666856
rank_delta,thubenchmark,conformer,rank30−rank25,MeanLinf3,subset_n512,46,-0.2604166666666856
rank,thubenchmark,tcnet,rank25,MeanLinf3,subset_n512,42,60.15625
rank,thubenchmark,tcnet,rank25,MeanLinf3,subset_n512,43,64.77864583333334
rank,thubenchmark,tcnet,rank25,MeanLinf3,subset_n512,44,59.5703125
rank,thubenchmark,tcnet,rank25,MeanLinf3,subset_n512,45,55.078125
rank,thubenchmark,tcnet,rank25,MeanLinf3,subset_n512,46,60.15625
rank,thubenchmark,tcnet,rank30,MeanLinf3,subset_n512,42,60.026041666666664
rank,thubenchmark,tcnet,rank30,MeanLinf3,subset_n512,43,64.51822916666666
rank,thubenchmark,tcnet,rank30,MeanLinf3,subset_n512,44,57.552083333333336
rank,thubenchmark,tcnet,rank30,MeanLinf3,subset_n512,45,53.841145833333336
rank,thubenchmark,tcnet,rank30,MeanLinf3,subset_n512,46,58.7890625
rank_delta,thubenchmark,tcnet,rank30−rank25,MeanLinf3,subset_n512,42,-0.1302083333333357
rank_delta,thubenchmark,tcnet,rank30−rank25,MeanLinf3,subset_n512,43,-0.2604166666666856
rank_delta,thubenchmark,tcnet,rank30−rank25,MeanLinf3,subset_n512,44,-2.0182291666666643
rank_delta,thubenchmark,tcnet,rank30−rank25,MeanLinf3,subset_n512,45,-1.2369791666666643
rank_delta,thubenchmark,tcnet,rank30−rank25,MeanLinf3,subset_n512,46,-1.3671875
rank,seediv,eegnet,rank25,MeanLinf3,subset_n512,42,30.078125
rank,seediv,eegnet,rank25,MeanLinf3,subset_n512,43,32.421875
rank,seediv,eegnet,rank25,MeanLinf3,subset_n512,44,28.776041666666668
rank,seediv,eegnet,rank25,MeanLinf3,subset_n512,45,35.15625
rank,seediv,eegnet,rank25,MeanLinf3,subset_n512,46,32.35677083333333
rank,seediv,eegnet,rank30,MeanLinf3,subset_n512,42,29.1015625
rank,seediv,eegnet,rank30,MeanLinf3,subset_n512,43,32.35677083333333
rank,seediv,eegnet,rank30,MeanLinf3,subset_n512,44,27.669270833333332
rank,seediv,eegnet,rank30,MeanLinf3,subset_n512,45,33.91927083333333
rank,seediv,eegnet,rank30,MeanLinf3,subset_n512,46,31.966145833333332
rank_delta,seediv,eegnet,rank30−rank25,MeanLinf3,subset_n512,42,-0.9765625
rank_delta,seediv,eegnet,rank30−rank25,MeanLinf3,subset_n512,43,-0.0651041666666714
rank_delta,seediv,eegnet,rank30−rank25,MeanLinf3,subset_n512,44,-1.1067708333333357
rank_delta,seediv,eegnet,rank30−rank25,MeanLinf3,subset_n512,45,-1.2369791666666714
rank_delta,seediv,eegnet,rank30−rank25,MeanLinf3,subset_n512,46,-0.39062499999999645
rank,seediv,deepconvnet,rank25,MeanLinf3,subset_n512,42,24.21875
rank,seediv,deepconvnet,rank25,MeanLinf3,subset_n512,43,27.9296875
rank,seediv,deepconvnet,rank25,MeanLinf3,subset_n512,44,26.041666666666668
rank,seediv,deepconvnet,rank25,MeanLinf3,subset_n512,45,27.1484375
rank,seediv,deepconvnet,rank25,MeanLinf3,subset_n512,46,27.604166666666668
rank,seediv,deepconvnet,rank30,MeanLinf3,subset_n512,42,23.828125
rank,seediv,deepconvnet,rank30,MeanLinf3,subset_n512,43,26.822916666666668
rank,seediv,deepconvnet,rank30,MeanLinf3,subset_n512,44,25.520833333333332
rank,seediv,deepconvnet,rank30,MeanLinf3,subset_n512,45,26.7578125
rank,seediv,deepconvnet,rank30,MeanLinf3,subset_n512,46,26.888020833333332
rank_delta,seediv,deepconvnet,rank30−rank25,MeanLinf3,subset_n512,42,-0.390625
rank_delta,seediv,deepconvnet,rank30−rank25,MeanLinf3,subset_n512,43,-1.1067708333333321
rank_delta,seediv,deepconvnet,rank30−rank25,MeanLinf3,subset_n512,44,-0.5208333333333357
rank_delta,seediv,deepconvnet,rank30−rank25,MeanLinf3,subset_n512,45,-0.390625
rank_delta,seediv,deepconvnet,rank30−rank25,MeanLinf3,subset_n512,46,-0.7161458333333357
rank,seediv,tsception,rank25,MeanLinf3,subset_n512,42,35.87239583333333
rank,seediv,tsception,rank25,MeanLinf3,subset_n512,43,35.9375
rank,seediv,tsception,rank25,MeanLinf3,subset_n512,44,34.50520833333333
rank,seediv,tsception,rank25,MeanLinf3,subset_n512,45,42.96875
rank,seediv,tsception,rank25,MeanLinf3,subset_n512,46,36.71875
rank,seediv,tsception,rank30,MeanLinf3,subset_n512,42,34.89583333333333
rank,seediv,tsception,rank30,MeanLinf3,subset_n512,43,36.00260416666667
rank,seediv,tsception,rank30,MeanLinf3,subset_n512,44,33.65885416666667
rank,seediv,tsception,rank30,MeanLinf3,subset_n512,45,41.92708333333333
rank,seediv,tsception,rank30,MeanLinf3,subset_n512,46,37.04427083333333
rank_delta,seediv,tsception,rank30−rank25,MeanLinf3,subset_n512,42,-0.9765625
rank_delta,seediv,tsception,rank30−rank25,MeanLinf3,subset_n512,43,0.0651041666666714
rank_delta,seediv,tsception,rank30−rank25,MeanLinf3,subset_n512,44,-0.8463541666666572
rank_delta,seediv,tsception,rank30−rank25,MeanLinf3,subset_n512,45,-1.0416666666666714
rank_delta,seediv,tsception,rank30−rank25,MeanLinf3,subset_n512,46,0.3255208333333286
rank,seediv,atcnet,rank25,MeanLinf3,subset_n512,42,31.380208333333332
rank,seediv,atcnet,rank25,MeanLinf3,subset_n512,43,33.52864583333333
rank,seediv,atcnet,rank25,MeanLinf3,subset_n512,44,33.7890625
rank,seediv,atcnet,rank25,MeanLinf3,subset_n512,45,35.87239583333333
rank,seediv,atcnet,rank25,MeanLinf3,subset_n512,46,30.2734375
rank,seediv,atcnet,rank30,MeanLinf3,subset_n512,42,31.4453125
rank,seediv,atcnet,rank30,MeanLinf3,subset_n512,43,32.68229166666667
rank,seediv,atcnet,rank30,MeanLinf3,subset_n512,44,33.65885416666667
rank,seediv,atcnet,rank30,MeanLinf3,subset_n512,45,34.765625
rank,seediv,atcnet,rank30,MeanLinf3,subset_n512,46,30.208333333333332
rank_delta,seediv,atcnet,rank30−rank25,MeanLinf3,subset_n512,42,0.06510416666666785
rank_delta,seediv,atcnet,rank30−rank25,MeanLinf3,subset_n512,43,-0.8463541666666572
rank_delta,seediv,atcnet,rank30−rank25,MeanLinf3,subset_n512,44,-0.1302083333333286
rank_delta,seediv,atcnet,rank30−rank25,MeanLinf3,subset_n512,45,-1.1067708333333286
rank_delta,seediv,atcnet,rank30−rank25,MeanLinf3,subset_n512,46,-0.06510416666666785
rank,seediv,conformer,rank25,MeanLinf3,subset_n512,42,44.01041666666667
rank,seediv,conformer,rank25,MeanLinf3,subset_n512,43,42.12239583333333
rank,seediv,conformer,rank25,MeanLinf3,subset_n512,44,44.40104166666667
rank,seediv,conformer,rank25,MeanLinf3,subset_n512,45,47.00520833333333
rank,seediv,conformer,rank25,MeanLinf3,subset_n512,46,45.57291666666667
rank,seediv,conformer,rank30,MeanLinf3,subset_n512,42,44.921875
rank,seediv,conformer,rank30,MeanLinf3,subset_n512,43,42.96875
rank,seediv,conformer,rank30,MeanLinf3,subset_n512,44,44.7265625
rank,seediv,conformer,rank30,MeanLinf3,subset_n512,45,48.11197916666667
rank,seediv,conformer,rank30,MeanLinf3,subset_n512,46,50.911458333333336
rank_delta,seediv,conformer,rank30−rank25,MeanLinf3,subset_n512,42,0.9114583333333286
rank_delta,seediv,conformer,rank30−rank25,MeanLinf3,subset_n512,43,0.8463541666666714
rank_delta,seediv,conformer,rank30−rank25,MeanLinf3,subset_n512,44,0.3255208333333286
rank_delta,seediv,conformer,rank30−rank25,MeanLinf3,subset_n512,45,1.1067708333333428
rank_delta,seediv,conformer,rank30−rank25,MeanLinf3,subset_n512,46,5.338541666666664
rank,seediv,tcnet,rank25,MeanLinf3,subset_n512,42,31.705729166666668
rank,seediv,tcnet,rank25,MeanLinf3,subset_n512,43,32.94270833333333
rank,seediv,tcnet,rank25,MeanLinf3,subset_n512,44,33.33333333333333
rank,seediv,tcnet,rank25,MeanLinf3,subset_n512,45,34.11458333333333
rank,seediv,tcnet,rank30,MeanLinf3,subset_n512,42,33.46354166666667
rank,seediv,tcnet,rank30,MeanLinf3,subset_n512,43,32.94270833333333
rank,seediv,tcnet,rank30,MeanLinf3,subset_n512,44,32.87760416666667
rank,seediv,tcnet,rank30,MeanLinf3,subset_n512,45,35.02604166666667
rank_delta,seediv,tcnet,rank30−rank25,MeanLinf3,subset_n512,42,1.7578125000000036
rank_delta,seediv,tcnet,rank30−rank25,MeanLinf3,subset_n512,43,0.0
rank_delta,seediv,tcnet,rank30−rank25,MeanLinf3,subset_n512,44,-0.4557291666666572
rank_delta,seediv,tcnet,rank30−rank25,MeanLinf3,subset_n512,45,0.9114583333333428
