dataset,model,seed,method,attack,scope,rank,metric,value,artifact
thubenchmark,eegnet,42,madry,autoattack,full_test,raw,clean,0.9363295880149812,ad_data/exp031/exp031_full_20260729_174215/thubenchmark_eegnet_seed42_madry_autoattack.pth
thubenchmark,eegnet,42,madry,autoattack,full_test,raw,robust,0.7715355805243446,ad_data/exp031/exp031_full_20260729_174215/thubenchmark_eegnet_seed42_madry_autoattack.pth
thubenchmark,eegnet,42,madry,fgsm,full_test,raw,clean,0.9363295880149812,ad_data/exp031/exp031_full_20260729_174215/thubenchmark_eegnet_seed42_madry_fgsm.pth
thubenchmark,eegnet,42,madry,fgsm,full_test,raw,robust,0.7802746566791511,ad_data/exp031/exp031_full_20260729_174215/thubenchmark_eegnet_seed42_madry_fgsm.pth
thubenchmark,eegnet,42,madry,pgd,full_test,raw,clean,0.9363295880149812,ad_data/exp031/exp031_full_20260729_174215/thubenchmark_eegnet_seed42_madry_pgd.pth
thubenchmark,eegnet,42,madry,pgd,full_test,raw,robust,0.7752808988764045,ad_data/exp031/exp031_full_20260729_174215/thubenchmark_eegnet_seed42_madry_pgd.pth
thubenchmark,eegnet,42,madry,cw,full_test,raw,clean,0.9363295880149812,ad_data/exp031/exp031_full_20260729_174215/thubenchmark_eegnet_seed42_madry_cw.pth
thubenchmark,eegnet,42,madry,cw,full_test,raw,robust,0.0,ad_data/exp031/exp031_full_20260729_174215/thubenchmark_eegnet_seed42_madry_cw.pth
thubenchmark,eegnet,42,trades,autoattack,full_test,raw,clean,0.9400749063670412,ad_data/exp031/exp031_full_20260729_174215/thubenchmark_eegnet_seed42_trades_autoattack.pth
thubenchmark,eegnet,42,trades,autoattack,full_test,raw,robust,0.6716604244694132,ad_data/exp031/exp031_full_20260729_174215/thubenchmark_eegnet_seed42_trades_autoattack.pth
thubenchmark,eegnet,42,trades,fgsm,full_test,raw,clean,0.9400749063670412,ad_data/exp031/exp031_full_20260729_174215/thubenchmark_eegnet_seed42_trades_fgsm.pth
thubenchmark,eegnet,42,trades,fgsm,full_test,raw,robust,0.6978776529338327,ad_data/exp031/exp031_full_20260729_174215/thubenchmark_eegnet_seed42_trades_fgsm.pth
thubenchmark,eegnet,42,trades,pgd,full_test,raw,clean,0.9400749063670412,ad_data/exp031/exp031_full_20260729_174215/thubenchmark_eegnet_seed42_trades_pgd.pth
thubenchmark,eegnet,42,trades,pgd,full_test,raw,robust,0.6779026217228464,ad_data/exp031/exp031_full_20260729_174215/thubenchmark_eegnet_seed42_trades_pgd.pth
thubenchmark,eegnet,42,trades,cw,full_test,raw,clean,0.9400749063670412,ad_data/exp031/exp031_full_20260729_174215/thubenchmark_eegnet_seed42_trades_cw.pth
thubenchmark,eegnet,42,trades,cw,full_test,raw,robust,0.0,ad_data/exp031/exp031_full_20260729_174215/thubenchmark_eegnet_seed42_trades_cw.pth
thubenchmark,eegnet,42,fbf,autoattack,full_test,raw,clean,0.9563046192259675,ad_data/exp031/exp031_full_20260729_174215/thubenchmark_eegnet_seed42_fbf_autoattack.pth
thubenchmark,eegnet,42,fbf,autoattack,full_test,raw,robust,0.5580524344569289,ad_data/exp031/exp031_full_20260729_174215/thubenchmark_eegnet_seed42_fbf_autoattack.pth
thubenchmark,eegnet,42,fbf,fgsm,full_test,raw,clean,0.9563046192259675,ad_data/exp031/exp031_full_20260729_174215/thubenchmark_eegnet_seed42_fbf_fgsm.pth
thubenchmark,eegnet,42,fbf,fgsm,full_test,raw,robust,0.5942571785268415,ad_data/exp031/exp031_full_20260729_174215/thubenchmark_eegnet_seed42_fbf_fgsm.pth
thubenchmark,eegnet,42,fbf,pgd,full_test,raw,clean,0.9563046192259675,ad_data/exp031/exp031_full_20260729_174215/thubenchmark_eegnet_seed42_fbf_pgd.pth
thubenchmark,eegnet,42,fbf,pgd,full_test,raw,robust,0.5593008739076155,ad_data/exp031/exp031_full_20260729_174215/thubenchmark_eegnet_seed42_fbf_pgd.pth
thubenchmark,eegnet,42,fbf,cw,full_test,raw,clean,0.9563046192259675,ad_data/exp031/exp031_full_20260729_174215/thubenchmark_eegnet_seed42_fbf_cw.pth
thubenchmark,eegnet,42,fbf,cw,full_test,raw,robust,0.0,ad_data/exp031/exp031_full_20260729_174215/thubenchmark_eegnet_seed42_fbf_cw.pth
thubenchmark,eegnet,42,ea_forward,autoattack,full_test,raw,clean,0.9725343320848939,ad_data/exp031/exp031_full_20260729_174215/thubenchmark_eegnet_seed42_ea_forward_autoattack.pth
thubenchmark,eegnet,42,ea_forward,autoattack,full_test,raw,robust,0.2858926342072409,ad_data/exp031/exp031_full_20260729_174215/thubenchmark_eegnet_seed42_ea_forward_autoattack.pth
thubenchmark,eegnet,42,ea_forward,fgsm,full_test,raw,clean,0.9712858926342073,ad_data/exp031/exp031_full_20260729_174215/thubenchmark_eegnet_seed42_ea_forward_fgsm.pth
thubenchmark,eegnet,42,ea_forward,fgsm,full_test,raw,robust,0.5230961298377028,ad_data/exp031/exp031_full_20260729_174215/thubenchmark_eegnet_seed42_ea_forward_fgsm.pth
thubenchmark,eegnet,42,ea_forward,pgd,full_test,raw,clean,0.9712858926342073,ad_data/exp031/exp031_full_20260729_174215/thubenchmark_eegnet_seed42_ea_forward_pgd.pth
thubenchmark,eegnet,42,ea_forward,pgd,full_test,raw,robust,0.30087390761548066,ad_data/exp031/exp031_full_20260729_174215/thubenchmark_eegnet_seed42_ea_forward_pgd.pth
thubenchmark,eegnet,42,ea_forward,cw,full_test,raw,clean,0.9712858926342073,ad_data/exp031/exp031_full_20260729_174215/thubenchmark_eegnet_seed42_ea_forward_cw.pth
thubenchmark,eegnet,42,ea_forward,cw,full_test,raw,robust,0.0,ad_data/exp031/exp031_full_20260729_174215/thubenchmark_eegnet_seed42_ea_forward_cw.pth
thubenchmark,eegnet,42,rpcf_at,autoattack,full_test,raw,clean,0.9388264669163545,ad_data/exp031/exp031_full_20260729_174215/thubenchmark_eegnet_seed42_rpcf_at_autoattack.pth
thubenchmark,eegnet,42,rpcf_at,autoattack,full_test,raw,robust,0.7752808988764045,ad_data/exp031/exp031_full_20260729_174215/thubenchmark_eegnet_seed42_rpcf_at_autoattack.pth
thubenchmark,eegnet,42,rpcf_at,fgsm,full_test,raw,clean,0.9388264669163545,ad_data/exp031/exp031_full_20260729_174215/thubenchmark_eegnet_seed42_rpcf_at_fgsm.pth
thubenchmark,eegnet,42,rpcf_at,fgsm,full_test,raw,robust,0.7890137328339576,ad_data/exp031/exp031_full_20260729_174215/thubenchmark_eegnet_seed42_rpcf_at_fgsm.pth
thubenchmark,eegnet,42,rpcf_at,pgd,full_test,raw,clean,0.9388264669163545,ad_data/exp031/exp031_full_20260729_174215/thubenchmark_eegnet_seed42_rpcf_at_pgd.pth
thubenchmark,eegnet,42,rpcf_at,pgd,full_test,raw,robust,0.7802746566791511,ad_data/exp031/exp031_full_20260729_174215/thubenchmark_eegnet_seed42_rpcf_at_pgd.pth
thubenchmark,eegnet,42,rpcf_at,cw,full_test,raw,clean,0.9388264669163545,ad_data/exp031/exp031_full_20260729_174215/thubenchmark_eegnet_seed42_rpcf_at_cw.pth
thubenchmark,eegnet,42,rpcf_at,cw,full_test,raw,robust,0.0,ad_data/exp031/exp031_full_20260729_174215/thubenchmark_eegnet_seed42_rpcf_at_cw.pth
thubenchmark,eegnet,43,madry,autoattack,full_test,raw,clean,0.9178571428571428,ad_data/exp031/exp031_full_20260729_174215/thubenchmark_eegnet_seed43_madry_autoattack.pth
thubenchmark,eegnet,43,madry,autoattack,full_test,raw,robust,0.7869047619047619,ad_data/exp031/exp031_full_20260729_174215/thubenchmark_eegnet_seed43_madry_autoattack.pth
thubenchmark,eegnet,43,madry,fgsm,full_test,raw,clean,0.9178571428571428,ad_data/exp031/exp031_full_20260729_174215/thubenchmark_eegnet_seed43_madry_fgsm.pth
thubenchmark,eegnet,43,madry,fgsm,full_test,raw,robust,0.8071428571428572,ad_data/exp031/exp031_full_20260729_174215/thubenchmark_eegnet_seed43_madry_fgsm.pth
thubenchmark,eegnet,43,madry,pgd,full_test,raw,clean,0.9178571428571428,ad_data/exp031/exp031_full_20260729_174215/thubenchmark_eegnet_seed43_madry_pgd.pth
thubenchmark,eegnet,43,madry,pgd,full_test,raw,robust,0.8,ad_data/exp031/exp031_full_20260729_174215/thubenchmark_eegnet_seed43_madry_pgd.pth
thubenchmark,eegnet,43,madry,cw,full_test,raw,clean,0.9178571428571428,ad_data/exp031/exp031_full_20260729_174215/thubenchmark_eegnet_seed43_madry_cw.pth
thubenchmark,eegnet,43,madry,cw,full_test,raw,robust,0.0,ad_data/exp031/exp031_full_20260729_174215/thubenchmark_eegnet_seed43_madry_cw.pth
thubenchmark,eegnet,43,trades,autoattack,full_test,raw,clean,0.9392857142857143,ad_data/exp031/exp031_full_20260729_174215/thubenchmark_eegnet_seed43_trades_autoattack.pth
thubenchmark,eegnet,43,trades,autoattack,full_test,raw,robust,0.6630952380952381,ad_data/exp031/exp031_full_20260729_174215/thubenchmark_eegnet_seed43_trades_autoattack.pth
thubenchmark,eegnet,43,trades,fgsm,full_test,raw,clean,0.9392857142857143,ad_data/exp031/exp031_full_20260729_174215/thubenchmark_eegnet_seed43_trades_fgsm.pth
thubenchmark,eegnet,43,trades,fgsm,full_test,raw,robust,0.6880952380952381,ad_data/exp031/exp031_full_20260729_174215/thubenchmark_eegnet_seed43_trades_fgsm.pth
thubenchmark,eegnet,43,trades,pgd,full_test,raw,clean,0.9392857142857143,ad_data/exp031/exp031_full_20260729_174215/thubenchmark_eegnet_seed43_trades_pgd.pth
thubenchmark,eegnet,43,trades,pgd,full_test,raw,robust,0.6666666666666666,ad_data/exp031/exp031_full_20260729_174215/thubenchmark_eegnet_seed43_trades_pgd.pth
thubenchmark,eegnet,43,trades,cw,full_test,raw,clean,0.9392857142857143,ad_data/exp031/exp031_full_20260729_174215/thubenchmark_eegnet_seed43_trades_cw.pth
thubenchmark,eegnet,43,trades,cw,full_test,raw,robust,0.0,ad_data/exp031/exp031_full_20260729_174215/thubenchmark_eegnet_seed43_trades_cw.pth
thubenchmark,eegnet,43,fbf,autoattack,full_test,raw,clean,0.9416666666666667,ad_data/exp031/exp031_full_20260729_174215/thubenchmark_eegnet_seed43_fbf_autoattack.pth
thubenchmark,eegnet,43,fbf,autoattack,full_test,raw,robust,0.5678571428571428,ad_data/exp031/exp031_full_20260729_174215/thubenchmark_eegnet_seed43_fbf_autoattack.pth
thubenchmark,eegnet,43,fbf,fgsm,full_test,raw,clean,0.9416666666666667,ad_data/exp031/exp031_full_20260729_174215/thubenchmark_eegnet_seed43_fbf_fgsm.pth
thubenchmark,eegnet,43,fbf,fgsm,full_test,raw,robust,0.5976190476190476,ad_data/exp031/exp031_full_20260729_174215/thubenchmark_eegnet_seed43_fbf_fgsm.pth
thubenchmark,eegnet,43,fbf,pgd,full_test,raw,clean,0.9416666666666667,ad_data/exp031/exp031_full_20260729_174215/thubenchmark_eegnet_seed43_fbf_pgd.pth
thubenchmark,eegnet,43,fbf,pgd,full_test,raw,robust,0.569047619047619,ad_data/exp031/exp031_full_20260729_174215/thubenchmark_eegnet_seed43_fbf_pgd.pth
thubenchmark,eegnet,43,fbf,cw,full_test,raw,clean,0.9416666666666667,ad_data/exp031/exp031_full_20260729_174215/thubenchmark_eegnet_seed43_fbf_cw.pth
thubenchmark,eegnet,43,fbf,cw,full_test,raw,robust,0.0,ad_data/exp031/exp031_full_20260729_174215/thubenchmark_eegnet_seed43_fbf_cw.pth
thubenchmark,eegnet,43,ea_forward,autoattack,full_test,raw,clean,0.9666666666666667,ad_data/exp031/exp031_full_20260729_174215/thubenchmark_eegnet_seed43_ea_forward_autoattack.pth
thubenchmark,eegnet,43,ea_forward,autoattack,full_test,raw,robust,0.2785714285714286,ad_data/exp031/exp031_full_20260729_174215/thubenchmark_eegnet_seed43_ea_forward_autoattack.pth
thubenchmark,eegnet,43,ea_forward,fgsm,full_test,raw,clean,0.9630952380952381,ad_data/exp031/exp031_full_20260729_174215/thubenchmark_eegnet_seed43_ea_forward_fgsm.pth
thubenchmark,eegnet,43,ea_forward,fgsm,full_test,raw,robust,0.5321428571428571,ad_data/exp031/exp031_full_20260729_174215/thubenchmark_eegnet_seed43_ea_forward_fgsm.pth
thubenchmark,eegnet,43,ea_forward,pgd,full_test,raw,clean,0.9630952380952381,ad_data/exp031/exp031_full_20260729_174215/thubenchmark_eegnet_seed43_ea_forward_pgd.pth
thubenchmark,eegnet,43,ea_forward,pgd,full_test,raw,robust,0.31547619047619047,ad_data/exp031/exp031_full_20260729_174215/thubenchmark_eegnet_seed43_ea_forward_pgd.pth
thubenchmark,eegnet,43,ea_forward,cw,full_test,raw,clean,0.9630952380952381,ad_data/exp031/exp031_full_20260729_174215/thubenchmark_eegnet_seed43_ea_forward_cw.pth
thubenchmark,eegnet,43,ea_forward,cw,full_test,raw,robust,0.0,ad_data/exp031/exp031_full_20260729_174215/thubenchmark_eegnet_seed43_ea_forward_cw.pth
thubenchmark,eegnet,43,rpcf_at,autoattack,full_test,raw,clean,0.9166666666666666,ad_data/exp031/exp031_full_20260729_174215/thubenchmark_eegnet_seed43_rpcf_at_autoattack.pth
thubenchmark,eegnet,43,rpcf_at,autoattack,full_test,raw,robust,0.7869047619047619,ad_data/exp031/exp031_full_20260729_174215/thubenchmark_eegnet_seed43_rpcf_at_autoattack.pth
thubenchmark,eegnet,43,rpcf_at,fgsm,full_test,raw,clean,0.9166666666666666,ad_data/exp031/exp031_full_20260729_174215/thubenchmark_eegnet_seed43_rpcf_at_fgsm.pth
thubenchmark,eegnet,43,rpcf_at,fgsm,full_test,raw,robust,0.805952380952381,ad_data/exp031/exp031_full_20260729_174215/thubenchmark_eegnet_seed43_rpcf_at_fgsm.pth
thubenchmark,eegnet,43,rpcf_at,pgd,full_test,raw,clean,0.9166666666666666,ad_data/exp031/exp031_full_20260729_174215/thubenchmark_eegnet_seed43_rpcf_at_pgd.pth
thubenchmark,eegnet,43,rpcf_at,pgd,full_test,raw,robust,0.7988095238095239,ad_data/exp031/exp031_full_20260729_174215/thubenchmark_eegnet_seed43_rpcf_at_pgd.pth
thubenchmark,eegnet,43,rpcf_at,cw,full_test,raw,clean,0.9166666666666666,ad_data/exp031/exp031_full_20260729_174215/thubenchmark_eegnet_seed43_rpcf_at_cw.pth
thubenchmark,eegnet,43,rpcf_at,cw,full_test,raw,robust,0.0,ad_data/exp031/exp031_full_20260729_174215/thubenchmark_eegnet_seed43_rpcf_at_cw.pth
thubenchmark,eegnet,44,madry,autoattack,full_test,raw,clean,0.9238095238095239,ad_data/exp031/exp031_full_20260729_174215/thubenchmark_eegnet_seed44_madry_autoattack.pth
thubenchmark,eegnet,44,madry,autoattack,full_test,raw,robust,0.7726190476190476,ad_data/exp031/exp031_full_20260729_174215/thubenchmark_eegnet_seed44_madry_autoattack.pth
thubenchmark,eegnet,44,madry,fgsm,full_test,raw,clean,0.9238095238095239,ad_data/exp031/exp031_full_20260729_174215/thubenchmark_eegnet_seed44_madry_fgsm.pth
thubenchmark,eegnet,44,madry,fgsm,full_test,raw,robust,0.794047619047619,ad_data/exp031/exp031_full_20260729_174215/thubenchmark_eegnet_seed44_madry_fgsm.pth
thubenchmark,eegnet,44,madry,pgd,full_test,raw,clean,0.9238095238095239,ad_data/exp031/exp031_full_20260729_174215/thubenchmark_eegnet_seed44_madry_pgd.pth
thubenchmark,eegnet,44,madry,pgd,full_test,raw,robust,0.7833333333333333,ad_data/exp031/exp031_full_20260729_174215/thubenchmark_eegnet_seed44_madry_pgd.pth
thubenchmark,eegnet,44,madry,cw,full_test,raw,clean,0.9238095238095239,ad_data/exp031/exp031_full_20260729_174215/thubenchmark_eegnet_seed44_madry_cw.pth
thubenchmark,eegnet,44,madry,cw,full_test,raw,robust,0.0,ad_data/exp031/exp031_full_20260729_174215/thubenchmark_eegnet_seed44_madry_cw.pth
thubenchmark,eegnet,44,trades,autoattack,full_test,raw,clean,0.9321428571428572,ad_data/exp031/exp031_full_20260729_174215/thubenchmark_eegnet_seed44_trades_autoattack.pth
thubenchmark,eegnet,44,trades,autoattack,full_test,raw,robust,0.6619047619047619,ad_data/exp031/exp031_full_20260729_174215/thubenchmark_eegnet_seed44_trades_autoattack.pth
thubenchmark,eegnet,44,trades,fgsm,full_test,raw,clean,0.9321428571428572,ad_data/exp031/exp031_full_20260729_174215/thubenchmark_eegnet_seed44_trades_fgsm.pth
thubenchmark,eegnet,44,trades,fgsm,full_test,raw,robust,0.680952380952381,ad_data/exp031/exp031_full_20260729_174215/thubenchmark_eegnet_seed44_trades_fgsm.pth
thubenchmark,eegnet,44,trades,pgd,full_test,raw,clean,0.9321428571428572,ad_data/exp031/exp031_full_20260729_174215/thubenchmark_eegnet_seed44_trades_pgd.pth
thubenchmark,eegnet,44,trades,pgd,full_test,raw,robust,0.6630952380952381,ad_data/exp031/exp031_full_20260729_174215/thubenchmark_eegnet_seed44_trades_pgd.pth
thubenchmark,eegnet,44,trades,cw,full_test,raw,clean,0.9321428571428572,ad_data/exp031/exp031_full_20260729_174215/thubenchmark_eegnet_seed44_trades_cw.pth
thubenchmark,eegnet,44,trades,cw,full_test,raw,robust,0.0,ad_data/exp031/exp031_full_20260729_174215/thubenchmark_eegnet_seed44_trades_cw.pth
thubenchmark,eegnet,44,fbf,autoattack,full_test,raw,clean,0.9238095238095239,ad_data/exp031/exp031_full_20260729_174215/thubenchmark_eegnet_seed44_fbf_autoattack.pth
thubenchmark,eegnet,44,fbf,autoattack,full_test,raw,robust,0.530952380952381,ad_data/exp031/exp031_full_20260729_174215/thubenchmark_eegnet_seed44_fbf_autoattack.pth
thubenchmark,eegnet,44,fbf,fgsm,full_test,raw,clean,0.9238095238095239,ad_data/exp031/exp031_full_20260729_174215/thubenchmark_eegnet_seed44_fbf_fgsm.pth
thubenchmark,eegnet,44,fbf,fgsm,full_test,raw,robust,0.5821428571428572,ad_data/exp031/exp031_full_20260729_174215/thubenchmark_eegnet_seed44_fbf_fgsm.pth
thubenchmark,eegnet,44,fbf,pgd,full_test,raw,clean,0.9238095238095239,ad_data/exp031/exp031_full_20260729_174215/thubenchmark_eegnet_seed44_fbf_pgd.pth
thubenchmark,eegnet,44,fbf,pgd,full_test,raw,robust,0.530952380952381,ad_data/exp031/exp031_full_20260729_174215/thubenchmark_eegnet_seed44_fbf_pgd.pth
thubenchmark,eegnet,44,fbf,cw,full_test,raw,clean,0.9238095238095239,ad_data/exp031/exp031_full_20260729_174215/thubenchmark_eegnet_seed44_fbf_cw.pth
thubenchmark,eegnet,44,fbf,cw,full_test,raw,robust,0.0,ad_data/exp031/exp031_full_20260729_174215/thubenchmark_eegnet_seed44_fbf_cw.pth
thubenchmark,eegnet,44,ea_forward,autoattack,full_test,raw,clean,0.9547619047619048,ad_data/exp031/exp031_full_20260729_174215/thubenchmark_eegnet_seed44_ea_forward_autoattack.pth
thubenchmark,eegnet,44,ea_forward,autoattack,full_test,raw,robust,0.2845238095238095,ad_data/exp031/exp031_full_20260729_174215/thubenchmark_eegnet_seed44_ea_forward_autoattack.pth
thubenchmark,eegnet,44,ea_forward,fgsm,full_test,raw,clean,0.9547619047619048,ad_data/exp031/exp031_full_20260729_174215/thubenchmark_eegnet_seed44_ea_forward_fgsm.pth
thubenchmark,eegnet,44,ea_forward,fgsm,full_test,raw,robust,0.5142857142857142,ad_data/exp031/exp031_full_20260729_174215/thubenchmark_eegnet_seed44_ea_forward_fgsm.pth
thubenchmark,eegnet,44,ea_forward,pgd,full_test,raw,clean,0.9547619047619048,ad_data/exp031/exp031_full_20260729_174215/thubenchmark_eegnet_seed44_ea_forward_pgd.pth
thubenchmark,eegnet,44,ea_forward,pgd,full_test,raw,robust,0.2976190476190476,ad_data/exp031/exp031_full_20260729_174215/thubenchmark_eegnet_seed44_ea_forward_pgd.pth
thubenchmark,eegnet,44,ea_forward,cw,full_test,raw,clean,0.9547619047619048,ad_data/exp031/exp031_full_20260729_174215/thubenchmark_eegnet_seed44_ea_forward_cw.pth
thubenchmark,eegnet,44,ea_forward,cw,full_test,raw,robust,0.0,ad_data/exp031/exp031_full_20260729_174215/thubenchmark_eegnet_seed44_ea_forward_cw.pth
thubenchmark,eegnet,44,rpcf_at,autoattack,full_test,raw,clean,0.925,ad_data/exp031/exp031_full_20260729_174215/thubenchmark_eegnet_seed44_rpcf_at_autoattack.pth
thubenchmark,eegnet,44,rpcf_at,autoattack,full_test,raw,robust,0.7726190476190476,ad_data/exp031/exp031_full_20260729_174215/thubenchmark_eegnet_seed44_rpcf_at_autoattack.pth
thubenchmark,eegnet,44,rpcf_at,fgsm,full_test,raw,clean,0.925,ad_data/exp031/exp031_full_20260729_174215/thubenchmark_eegnet_seed44_rpcf_at_fgsm.pth
thubenchmark,eegnet,44,rpcf_at,fgsm,full_test,raw,robust,0.7928571428571428,ad_data/exp031/exp031_full_20260729_174215/thubenchmark_eegnet_seed44_rpcf_at_fgsm.pth
thubenchmark,eegnet,44,rpcf_at,pgd,full_test,raw,clean,0.925,ad_data/exp031/exp031_full_20260729_174215/thubenchmark_eegnet_seed44_rpcf_at_pgd.pth
thubenchmark,eegnet,44,rpcf_at,pgd,full_test,raw,robust,0.7773809523809524,ad_data/exp031/exp031_full_20260729_174215/thubenchmark_eegnet_seed44_rpcf_at_pgd.pth
thubenchmark,eegnet,44,rpcf_at,cw,full_test,raw,clean,0.925,ad_data/exp031/exp031_full_20260729_174215/thubenchmark_eegnet_seed44_rpcf_at_cw.pth
thubenchmark,eegnet,44,rpcf_at,cw,full_test,raw,robust,0.0,ad_data/exp031/exp031_full_20260729_174215/thubenchmark_eegnet_seed44_rpcf_at_cw.pth
thubenchmark,eegnet,45,madry,autoattack,full_test,raw,clean,0.9333333333333333,ad_data/exp031/exp031_full_20260729_174215/thubenchmark_eegnet_seed45_madry_autoattack.pth
thubenchmark,eegnet,45,madry,autoattack,full_test,raw,robust,0.7785714285714286,ad_data/exp031/exp031_full_20260729_174215/thubenchmark_eegnet_seed45_madry_autoattack.pth
thubenchmark,eegnet,45,madry,fgsm,full_test,raw,clean,0.9333333333333333,ad_data/exp031/exp031_full_20260729_174215/thubenchmark_eegnet_seed45_madry_fgsm.pth
thubenchmark,eegnet,45,madry,fgsm,full_test,raw,robust,0.7952380952380952,ad_data/exp031/exp031_full_20260729_174215/thubenchmark_eegnet_seed45_madry_fgsm.pth
thubenchmark,eegnet,45,madry,pgd,full_test,raw,clean,0.9333333333333333,ad_data/exp031/exp031_full_20260729_174215/thubenchmark_eegnet_seed45_madry_pgd.pth
thubenchmark,eegnet,45,madry,pgd,full_test,raw,robust,0.7845238095238095,ad_data/exp031/exp031_full_20260729_174215/thubenchmark_eegnet_seed45_madry_pgd.pth
thubenchmark,eegnet,45,madry,cw,full_test,raw,clean,0.9333333333333333,ad_data/exp031/exp031_full_20260729_174215/thubenchmark_eegnet_seed45_madry_cw.pth
thubenchmark,eegnet,45,madry,cw,full_test,raw,robust,0.0,ad_data/exp031/exp031_full_20260729_174215/thubenchmark_eegnet_seed45_madry_cw.pth
thubenchmark,eegnet,45,trades,autoattack,full_test,raw,clean,0.9369047619047619,ad_data/exp031/exp031_full_20260729_174215/thubenchmark_eegnet_seed45_trades_autoattack.pth
thubenchmark,eegnet,45,trades,autoattack,full_test,raw,robust,0.6726190476190477,ad_data/exp031/exp031_full_20260729_174215/thubenchmark_eegnet_seed45_trades_autoattack.pth
thubenchmark,eegnet,45,trades,fgsm,full_test,raw,clean,0.9369047619047619,ad_data/exp031/exp031_full_20260729_174215/thubenchmark_eegnet_seed45_trades_fgsm.pth
thubenchmark,eegnet,45,trades,fgsm,full_test,raw,robust,0.7023809523809523,ad_data/exp031/exp031_full_20260729_174215/thubenchmark_eegnet_seed45_trades_fgsm.pth
thubenchmark,eegnet,45,trades,pgd,full_test,raw,clean,0.9369047619047619,ad_data/exp031/exp031_full_20260729_174215/thubenchmark_eegnet_seed45_trades_pgd.pth
thubenchmark,eegnet,45,trades,pgd,full_test,raw,robust,0.6726190476190477,ad_data/exp031/exp031_full_20260729_174215/thubenchmark_eegnet_seed45_trades_pgd.pth
thubenchmark,eegnet,45,trades,cw,full_test,raw,clean,0.9369047619047619,ad_data/exp031/exp031_full_20260729_174215/thubenchmark_eegnet_seed45_trades_cw.pth
thubenchmark,eegnet,45,trades,cw,full_test,raw,robust,0.0,ad_data/exp031/exp031_full_20260729_174215/thubenchmark_eegnet_seed45_trades_cw.pth
thubenchmark,eegnet,45,fbf,autoattack,full_test,raw,clean,0.9476190476190476,ad_data/exp031/exp031_full_20260729_174215/thubenchmark_eegnet_seed45_fbf_autoattack.pth
thubenchmark,eegnet,45,fbf,autoattack,full_test,raw,robust,0.5785714285714286,ad_data/exp031/exp031_full_20260729_174215/thubenchmark_eegnet_seed45_fbf_autoattack.pth
thubenchmark,eegnet,45,fbf,fgsm,full_test,raw,clean,0.9476190476190476,ad_data/exp031/exp031_full_20260729_174215/thubenchmark_eegnet_seed45_fbf_fgsm.pth
thubenchmark,eegnet,45,fbf,fgsm,full_test,raw,robust,0.6095238095238096,ad_data/exp031/exp031_full_20260729_174215/thubenchmark_eegnet_seed45_fbf_fgsm.pth
thubenchmark,eegnet,45,fbf,pgd,full_test,raw,clean,0.9476190476190476,ad_data/exp031/exp031_full_20260729_174215/thubenchmark_eegnet_seed45_fbf_pgd.pth
thubenchmark,eegnet,45,fbf,pgd,full_test,raw,robust,0.5797619047619048,ad_data/exp031/exp031_full_20260729_174215/thubenchmark_eegnet_seed45_fbf_pgd.pth
thubenchmark,eegnet,45,fbf,cw,full_test,raw,clean,0.9476190476190476,ad_data/exp031/exp031_full_20260729_174215/thubenchmark_eegnet_seed45_fbf_cw.pth
thubenchmark,eegnet,45,fbf,cw,full_test,raw,robust,0.0,ad_data/exp031/exp031_full_20260729_174215/thubenchmark_eegnet_seed45_fbf_cw.pth
thubenchmark,eegnet,45,ea_forward,autoattack,full_test,raw,clean,0.9642857142857143,ad_data/exp031/exp031_full_20260729_174215/thubenchmark_eegnet_seed45_ea_forward_autoattack.pth
thubenchmark,eegnet,45,ea_forward,autoattack,full_test,raw,robust,0.29285714285714287,ad_data/exp031/exp031_full_20260729_174215/thubenchmark_eegnet_seed45_ea_forward_autoattack.pth
thubenchmark,eegnet,45,ea_forward,fgsm,full_test,raw,clean,0.9654761904761905,ad_data/exp031/exp031_full_20260729_174215/thubenchmark_eegnet_seed45_ea_forward_fgsm.pth
thubenchmark,eegnet,45,ea_forward,fgsm,full_test,raw,robust,0.544047619047619,ad_data/exp031/exp031_full_20260729_174215/thubenchmark_eegnet_seed45_ea_forward_fgsm.pth
thubenchmark,eegnet,45,ea_forward,pgd,full_test,raw,clean,0.9654761904761905,ad_data/exp031/exp031_full_20260729_174215/thubenchmark_eegnet_seed45_ea_forward_pgd.pth
thubenchmark,eegnet,45,ea_forward,pgd,full_test,raw,robust,0.32976190476190476,ad_data/exp031/exp031_full_20260729_174215/thubenchmark_eegnet_seed45_ea_forward_pgd.pth
thubenchmark,eegnet,45,ea_forward,cw,full_test,raw,clean,0.9654761904761905,ad_data/exp031/exp031_full_20260729_174215/thubenchmark_eegnet_seed45_ea_forward_cw.pth
thubenchmark,eegnet,45,ea_forward,cw,full_test,raw,robust,0.0,ad_data/exp031/exp031_full_20260729_174215/thubenchmark_eegnet_seed45_ea_forward_cw.pth
thubenchmark,eegnet,45,rpcf_at,autoattack,full_test,raw,clean,0.9345238095238095,ad_data/exp031/exp031_full_20260729_174215/thubenchmark_eegnet_seed45_rpcf_at_autoattack.pth
thubenchmark,eegnet,45,rpcf_at,autoattack,full_test,raw,robust,0.7785714285714286,ad_data/exp031/exp031_full_20260729_174215/thubenchmark_eegnet_seed45_rpcf_at_autoattack.pth
thubenchmark,eegnet,45,rpcf_at,fgsm,full_test,raw,clean,0.9345238095238095,ad_data/exp031/exp031_full_20260729_174215/thubenchmark_eegnet_seed45_rpcf_at_fgsm.pth
thubenchmark,eegnet,45,rpcf_at,fgsm,full_test,raw,robust,0.7952380952380952,ad_data/exp031/exp031_full_20260729_174215/thubenchmark_eegnet_seed45_rpcf_at_fgsm.pth
thubenchmark,eegnet,45,rpcf_at,pgd,full_test,raw,clean,0.9345238095238095,ad_data/exp031/exp031_full_20260729_174215/thubenchmark_eegnet_seed45_rpcf_at_pgd.pth
thubenchmark,eegnet,45,rpcf_at,pgd,full_test,raw,robust,0.7797619047619048,ad_data/exp031/exp031_full_20260729_174215/thubenchmark_eegnet_seed45_rpcf_at_pgd.pth
thubenchmark,eegnet,45,rpcf_at,cw,full_test,raw,clean,0.9345238095238095,ad_data/exp031/exp031_full_20260729_174215/thubenchmark_eegnet_seed45_rpcf_at_cw.pth
thubenchmark,eegnet,45,rpcf_at,cw,full_test,raw,robust,0.0,ad_data/exp031/exp031_full_20260729_174215/thubenchmark_eegnet_seed45_rpcf_at_cw.pth
thubenchmark,eegnet,46,madry,autoattack,full_test,raw,clean,0.9357142857142857,ad_data/exp031/exp031_full_20260729_174215/thubenchmark_eegnet_seed46_madry_autoattack.pth
thubenchmark,eegnet,46,madry,autoattack,full_test,raw,robust,0.780952380952381,ad_data/exp031/exp031_full_20260729_174215/thubenchmark_eegnet_seed46_madry_autoattack.pth
thubenchmark,eegnet,46,madry,fgsm,full_test,raw,clean,0.9357142857142857,ad_data/exp031/exp031_full_20260729_174215/thubenchmark_eegnet_seed46_madry_fgsm.pth
thubenchmark,eegnet,46,madry,fgsm,full_test,raw,robust,0.7976190476190477,ad_data/exp031/exp031_full_20260729_174215/thubenchmark_eegnet_seed46_madry_fgsm.pth
thubenchmark,eegnet,46,madry,pgd,full_test,raw,clean,0.9357142857142857,ad_data/exp031/exp031_full_20260729_174215/thubenchmark_eegnet_seed46_madry_pgd.pth
thubenchmark,eegnet,46,madry,pgd,full_test,raw,robust,0.7892857142857143,ad_data/exp031/exp031_full_20260729_174215/thubenchmark_eegnet_seed46_madry_pgd.pth
thubenchmark,eegnet,46,madry,cw,full_test,raw,clean,0.9357142857142857,ad_data/exp031/exp031_full_20260729_174215/thubenchmark_eegnet_seed46_madry_cw.pth
thubenchmark,eegnet,46,madry,cw,full_test,raw,robust,0.0,ad_data/exp031/exp031_full_20260729_174215/thubenchmark_eegnet_seed46_madry_cw.pth
thubenchmark,eegnet,46,trades,autoattack,full_test,raw,clean,0.9285714285714286,ad_data/exp031/exp031_full_20260729_174215/thubenchmark_eegnet_seed46_trades_autoattack.pth
thubenchmark,eegnet,46,trades,autoattack,full_test,raw,robust,0.6666666666666666,ad_data/exp031/exp031_full_20260729_174215/thubenchmark_eegnet_seed46_trades_autoattack.pth
thubenchmark,eegnet,46,trades,fgsm,full_test,raw,clean,0.9285714285714286,ad_data/exp031/exp031_full_20260729_174215/thubenchmark_eegnet_seed46_trades_fgsm.pth
thubenchmark,eegnet,46,trades,fgsm,full_test,raw,robust,0.6964285714285714,ad_data/exp031/exp031_full_20260729_174215/thubenchmark_eegnet_seed46_trades_fgsm.pth
thubenchmark,eegnet,46,trades,pgd,full_test,raw,clean,0.9285714285714286,ad_data/exp031/exp031_full_20260729_174215/thubenchmark_eegnet_seed46_trades_pgd.pth
thubenchmark,eegnet,46,trades,pgd,full_test,raw,robust,0.6714285714285714,ad_data/exp031/exp031_full_20260729_174215/thubenchmark_eegnet_seed46_trades_pgd.pth
thubenchmark,eegnet,46,trades,cw,full_test,raw,clean,0.9285714285714286,ad_data/exp031/exp031_full_20260729_174215/thubenchmark_eegnet_seed46_trades_cw.pth
thubenchmark,eegnet,46,trades,cw,full_test,raw,robust,0.0,ad_data/exp031/exp031_full_20260729_174215/thubenchmark_eegnet_seed46_trades_cw.pth
thubenchmark,eegnet,46,fbf,autoattack,full_test,raw,clean,0.930952380952381,ad_data/exp031/exp031_full_20260729_174215/thubenchmark_eegnet_seed46_fbf_autoattack.pth
thubenchmark,eegnet,46,fbf,autoattack,full_test,raw,robust,0.5821428571428572,ad_data/exp031/exp031_full_20260729_174215/thubenchmark_eegnet_seed46_fbf_autoattack.pth
thubenchmark,eegnet,46,fbf,fgsm,full_test,raw,clean,0.930952380952381,ad_data/exp031/exp031_full_20260729_174215/thubenchmark_eegnet_seed46_fbf_fgsm.pth
thubenchmark,eegnet,46,fbf,fgsm,full_test,raw,robust,0.6047619047619047,ad_data/exp031/exp031_full_20260729_174215/thubenchmark_eegnet_seed46_fbf_fgsm.pth
thubenchmark,eegnet,46,fbf,pgd,full_test,raw,clean,0.930952380952381,ad_data/exp031/exp031_full_20260729_174215/thubenchmark_eegnet_seed46_fbf_pgd.pth
thubenchmark,eegnet,46,fbf,pgd,full_test,raw,robust,0.5821428571428572,ad_data/exp031/exp031_full_20260729_174215/thubenchmark_eegnet_seed46_fbf_pgd.pth
thubenchmark,eegnet,46,fbf,cw,full_test,raw,clean,0.930952380952381,ad_data/exp031/exp031_full_20260729_174215/thubenchmark_eegnet_seed46_fbf_cw.pth
thubenchmark,eegnet,46,fbf,cw,full_test,raw,robust,0.0,ad_data/exp031/exp031_full_20260729_174215/thubenchmark_eegnet_seed46_fbf_cw.pth
thubenchmark,eegnet,46,ea_forward,autoattack,full_test,raw,clean,0.9571428571428572,ad_data/exp031/exp031_full_20260729_174215/thubenchmark_eegnet_seed46_ea_forward_autoattack.pth
thubenchmark,eegnet,46,ea_forward,autoattack,full_test,raw,robust,0.275,ad_data/exp031/exp031_full_20260729_174215/thubenchmark_eegnet_seed46_ea_forward_autoattack.pth
thubenchmark,eegnet,46,ea_forward,fgsm,full_test,raw,clean,0.9547619047619048,ad_data/exp031/exp031_full_20260729_174215/thubenchmark_eegnet_seed46_ea_forward_fgsm.pth
thubenchmark,eegnet,46,ea_forward,fgsm,full_test,raw,robust,0.5321428571428571,ad_data/exp031/exp031_full_20260729_174215/thubenchmark_eegnet_seed46_ea_forward_fgsm.pth
thubenchmark,eegnet,46,ea_forward,pgd,full_test,raw,clean,0.9547619047619048,ad_data/exp031/exp031_full_20260729_174215/thubenchmark_eegnet_seed46_ea_forward_pgd.pth
thubenchmark,eegnet,46,ea_forward,pgd,full_test,raw,robust,0.3,ad_data/exp031/exp031_full_20260729_174215/thubenchmark_eegnet_seed46_ea_forward_pgd.pth
thubenchmark,eegnet,46,ea_forward,cw,full_test,raw,clean,0.9547619047619048,ad_data/exp031/exp031_full_20260729_174215/thubenchmark_eegnet_seed46_ea_forward_cw.pth
thubenchmark,eegnet,46,ea_forward,cw,full_test,raw,robust,0.0,ad_data/exp031/exp031_full_20260729_174215/thubenchmark_eegnet_seed46_ea_forward_cw.pth
thubenchmark,eegnet,46,rpcf_at,autoattack,full_test,raw,clean,0.9357142857142857,ad_data/exp031/exp031_full_20260729_174215/thubenchmark_eegnet_seed46_rpcf_at_autoattack.pth
thubenchmark,eegnet,46,rpcf_at,autoattack,full_test,raw,robust,0.7845238095238095,ad_data/exp031/exp031_full_20260729_174215/thubenchmark_eegnet_seed46_rpcf_at_autoattack.pth
thubenchmark,eegnet,46,rpcf_at,fgsm,full_test,raw,clean,0.9357142857142857,ad_data/exp031/exp031_full_20260729_174215/thubenchmark_eegnet_seed46_rpcf_at_fgsm.pth
thubenchmark,eegnet,46,rpcf_at,fgsm,full_test,raw,robust,0.7988095238095239,ad_data/exp031/exp031_full_20260729_174215/thubenchmark_eegnet_seed46_rpcf_at_fgsm.pth
thubenchmark,eegnet,46,rpcf_at,pgd,full_test,raw,clean,0.9357142857142857,ad_data/exp031/exp031_full_20260729_174215/thubenchmark_eegnet_seed46_rpcf_at_pgd.pth
thubenchmark,eegnet,46,rpcf_at,pgd,full_test,raw,robust,0.7928571428571428,ad_data/exp031/exp031_full_20260729_174215/thubenchmark_eegnet_seed46_rpcf_at_pgd.pth
thubenchmark,eegnet,46,rpcf_at,cw,full_test,raw,clean,0.9357142857142857,ad_data/exp031/exp031_full_20260729_174215/thubenchmark_eegnet_seed46_rpcf_at_cw.pth
thubenchmark,eegnet,46,rpcf_at,cw,full_test,raw,robust,0.0,ad_data/exp031/exp031_full_20260729_174215/thubenchmark_eegnet_seed46_rpcf_at_cw.pth
thubenchmark,deepconvnet,42,madry,autoattack,full_test,raw,clean,0.9400749063670412,ad_data/exp031/exp031_full_20260729_174215/thubenchmark_deepconvnet_seed42_madry_autoattack.pth
thubenchmark,deepconvnet,42,madry,autoattack,full_test,raw,robust,0.7515605493133583,ad_data/exp031/exp031_full_20260729_174215/thubenchmark_deepconvnet_seed42_madry_autoattack.pth
thubenchmark,deepconvnet,42,madry,fgsm,full_test,raw,clean,0.9400749063670412,ad_data/exp031/exp031_full_20260729_174215/thubenchmark_deepconvnet_seed42_madry_fgsm.pth
thubenchmark,deepconvnet,42,madry,fgsm,full_test,raw,robust,0.7815230961298377,ad_data/exp031/exp031_full_20260729_174215/thubenchmark_deepconvnet_seed42_madry_fgsm.pth
thubenchmark,deepconvnet,42,madry,pgd,full_test,raw,clean,0.9400749063670412,ad_data/exp031/exp031_full_20260729_174215/thubenchmark_deepconvnet_seed42_madry_pgd.pth
thubenchmark,deepconvnet,42,madry,pgd,full_test,raw,robust,0.762796504369538,ad_data/exp031/exp031_full_20260729_174215/thubenchmark_deepconvnet_seed42_madry_pgd.pth
thubenchmark,deepconvnet,42,madry,cw,full_test,raw,clean,0.9400749063670412,ad_data/exp031/exp031_full_20260729_174215/thubenchmark_deepconvnet_seed42_madry_cw.pth
thubenchmark,deepconvnet,42,madry,cw,full_test,raw,robust,0.0,ad_data/exp031/exp031_full_20260729_174215/thubenchmark_deepconvnet_seed42_madry_cw.pth
thubenchmark,deepconvnet,42,trades,autoattack,full_test,raw,clean,0.9575530586766542,ad_data/exp031/exp031_full_20260729_174215/thubenchmark_deepconvnet_seed42_trades_autoattack.pth
thubenchmark,deepconvnet,42,trades,autoattack,full_test,raw,robust,0.7091136079900124,ad_data/exp031/exp031_full_20260729_174215/thubenchmark_deepconvnet_seed42_trades_autoattack.pth
thubenchmark,deepconvnet,42,trades,fgsm,full_test,raw,clean,0.9575530586766542,ad_data/exp031/exp031_full_20260729_174215/thubenchmark_deepconvnet_seed42_trades_fgsm.pth
thubenchmark,deepconvnet,42,trades,fgsm,full_test,raw,robust,0.7365792759051186,ad_data/exp031/exp031_full_20260729_174215/thubenchmark_deepconvnet_seed42_trades_fgsm.pth
thubenchmark,deepconvnet,42,trades,pgd,full_test,raw,clean,0.9575530586766542,ad_data/exp031/exp031_full_20260729_174215/thubenchmark_deepconvnet_seed42_trades_pgd.pth
thubenchmark,deepconvnet,42,trades,pgd,full_test,raw,robust,0.7091136079900124,ad_data/exp031/exp031_full_20260729_174215/thubenchmark_deepconvnet_seed42_trades_pgd.pth
thubenchmark,deepconvnet,42,trades,cw,full_test,raw,clean,0.9575530586766542,ad_data/exp031/exp031_full_20260729_174215/thubenchmark_deepconvnet_seed42_trades_cw.pth
thubenchmark,deepconvnet,42,trades,cw,full_test,raw,robust,0.0,ad_data/exp031/exp031_full_20260729_174215/thubenchmark_deepconvnet_seed42_trades_cw.pth
thubenchmark,deepconvnet,42,fbf,autoattack,full_test,raw,clean,0.9463171036204744,ad_data/exp031/exp031_full_20260729_174215/thubenchmark_deepconvnet_seed42_fbf_autoattack.pth
thubenchmark,deepconvnet,42,fbf,autoattack,full_test,raw,robust,0.5218476903870163,ad_data/exp031/exp031_full_20260729_174215/thubenchmark_deepconvnet_seed42_fbf_autoattack.pth
thubenchmark,deepconvnet,42,fbf,fgsm,full_test,raw,clean,0.9463171036204744,ad_data/exp031/exp031_full_20260729_174215/thubenchmark_deepconvnet_seed42_fbf_fgsm.pth
thubenchmark,deepconvnet,42,fbf,fgsm,full_test,raw,robust,0.5942571785268415,ad_data/exp031/exp031_full_20260729_174215/thubenchmark_deepconvnet_seed42_fbf_fgsm.pth
thubenchmark,deepconvnet,42,fbf,pgd,full_test,raw,clean,0.9463171036204744,ad_data/exp031/exp031_full_20260729_174215/thubenchmark_deepconvnet_seed42_fbf_pgd.pth
thubenchmark,deepconvnet,42,fbf,pgd,full_test,raw,robust,0.5268414481897628,ad_data/exp031/exp031_full_20260729_174215/thubenchmark_deepconvnet_seed42_fbf_pgd.pth
thubenchmark,deepconvnet,42,fbf,cw,full_test,raw,clean,0.9463171036204744,ad_data/exp031/exp031_full_20260729_174215/thubenchmark_deepconvnet_seed42_fbf_cw.pth
thubenchmark,deepconvnet,42,fbf,cw,full_test,raw,robust,0.0,ad_data/exp031/exp031_full_20260729_174215/thubenchmark_deepconvnet_seed42_fbf_cw.pth
thubenchmark,deepconvnet,42,ea_forward,autoattack,full_test,raw,clean,0.9725343320848939,ad_data/exp031/exp031_full_20260729_174215/thubenchmark_deepconvnet_seed42_ea_forward_autoattack.pth
thubenchmark,deepconvnet,42,ea_forward,autoattack,full_test,raw,robust,0.18726591760299627,ad_data/exp031/exp031_full_20260729_174215/thubenchmark_deepconvnet_seed42_ea_forward_autoattack.pth
thubenchmark,deepconvnet,42,ea_forward,fgsm,full_test,raw,clean,0.9775280898876404,ad_data/exp031/exp031_full_20260729_174215/thubenchmark_deepconvnet_seed42_ea_forward_fgsm.pth
thubenchmark,deepconvnet,42,ea_forward,fgsm,full_test,raw,robust,0.4019975031210986,ad_data/exp031/exp031_full_20260729_174215/thubenchmark_deepconvnet_seed42_ea_forward_fgsm.pth
thubenchmark,deepconvnet,42,ea_forward,pgd,full_test,raw,clean,0.9775280898876404,ad_data/exp031/exp031_full_20260729_174215/thubenchmark_deepconvnet_seed42_ea_forward_pgd.pth
thubenchmark,deepconvnet,42,ea_forward,pgd,full_test,raw,robust,0.08614232209737828,ad_data/exp031/exp031_full_20260729_174215/thubenchmark_deepconvnet_seed42_ea_forward_pgd.pth
thubenchmark,deepconvnet,42,ea_forward,cw,full_test,raw,clean,0.9775280898876404,ad_data/exp031/exp031_full_20260729_174215/thubenchmark_deepconvnet_seed42_ea_forward_cw.pth
thubenchmark,deepconvnet,42,ea_forward,cw,full_test,raw,robust,0.0,ad_data/exp031/exp031_full_20260729_174215/thubenchmark_deepconvnet_seed42_ea_forward_cw.pth
thubenchmark,deepconvnet,42,rpcf_at,autoattack,full_test,raw,clean,0.947565543071161,ad_data/exp031/exp031_full_20260729_174215/thubenchmark_deepconvnet_seed42_rpcf_at_autoattack.pth
thubenchmark,deepconvnet,42,rpcf_at,autoattack,full_test,raw,robust,0.784019975031211,ad_data/exp031/exp031_full_20260729_174215/thubenchmark_deepconvnet_seed42_rpcf_at_autoattack.pth
thubenchmark,deepconvnet,42,rpcf_at,fgsm,full_test,raw,clean,0.947565543071161,ad_data/exp031/exp031_full_20260729_174215/thubenchmark_deepconvnet_seed42_rpcf_at_fgsm.pth
thubenchmark,deepconvnet,42,rpcf_at,fgsm,full_test,raw,robust,0.8127340823970037,ad_data/exp031/exp031_full_20260729_174215/thubenchmark_deepconvnet_seed42_rpcf_at_fgsm.pth
thubenchmark,deepconvnet,42,rpcf_at,pgd,full_test,raw,clean,0.947565543071161,ad_data/exp031/exp031_full_20260729_174215/thubenchmark_deepconvnet_seed42_rpcf_at_pgd.pth
thubenchmark,deepconvnet,42,rpcf_at,pgd,full_test,raw,robust,0.7865168539325843,ad_data/exp031/exp031_full_20260729_174215/thubenchmark_deepconvnet_seed42_rpcf_at_pgd.pth
thubenchmark,deepconvnet,42,rpcf_at,cw,full_test,raw,clean,0.947565543071161,ad_data/exp031/exp031_full_20260729_174215/thubenchmark_deepconvnet_seed42_rpcf_at_cw.pth
thubenchmark,deepconvnet,42,rpcf_at,cw,full_test,raw,robust,0.0,ad_data/exp031/exp031_full_20260729_174215/thubenchmark_deepconvnet_seed42_rpcf_at_cw.pth
thubenchmark,deepconvnet,43,madry,autoattack,full_test,raw,clean,0.9369047619047619,ad_data/exp031/exp031_full_20260729_174215/thubenchmark_deepconvnet_seed43_madry_autoattack.pth
thubenchmark,deepconvnet,43,madry,autoattack,full_test,raw,robust,0.7654761904761904,ad_data/exp031/exp031_full_20260729_174215/thubenchmark_deepconvnet_seed43_madry_autoattack.pth
thubenchmark,deepconvnet,43,madry,fgsm,full_test,raw,clean,0.9369047619047619,ad_data/exp031/exp031_full_20260729_174215/thubenchmark_deepconvnet_seed43_madry_fgsm.pth
thubenchmark,deepconvnet,43,madry,fgsm,full_test,raw,robust,0.7916666666666666,ad_data/exp031/exp031_full_20260729_174215/thubenchmark_deepconvnet_seed43_madry_fgsm.pth
thubenchmark,deepconvnet,43,madry,pgd,full_test,raw,clean,0.9369047619047619,ad_data/exp031/exp031_full_20260729_174215/thubenchmark_deepconvnet_seed43_madry_pgd.pth
thubenchmark,deepconvnet,43,madry,pgd,full_test,raw,robust,0.7654761904761904,ad_data/exp031/exp031_full_20260729_174215/thubenchmark_deepconvnet_seed43_madry_pgd.pth
thubenchmark,deepconvnet,43,madry,cw,full_test,raw,clean,0.9369047619047619,ad_data/exp031/exp031_full_20260729_174215/thubenchmark_deepconvnet_seed43_madry_cw.pth
thubenchmark,deepconvnet,43,madry,cw,full_test,raw,robust,0.0,ad_data/exp031/exp031_full_20260729_174215/thubenchmark_deepconvnet_seed43_madry_cw.pth
thubenchmark,deepconvnet,43,trades,autoattack,full_test,raw,clean,0.9345238095238095,ad_data/exp031/exp031_full_20260729_174215/thubenchmark_deepconvnet_seed43_trades_autoattack.pth
thubenchmark,deepconvnet,43,trades,autoattack,full_test,raw,robust,0.6130952380952381,ad_data/exp031/exp031_full_20260729_174215/thubenchmark_deepconvnet_seed43_trades_autoattack.pth
thubenchmark,deepconvnet,43,trades,fgsm,full_test,raw,clean,0.9345238095238095,ad_data/exp031/exp031_full_20260729_174215/thubenchmark_deepconvnet_seed43_trades_fgsm.pth
thubenchmark,deepconvnet,43,trades,fgsm,full_test,raw,robust,0.6630952380952381,ad_data/exp031/exp031_full_20260729_174215/thubenchmark_deepconvnet_seed43_trades_fgsm.pth
thubenchmark,deepconvnet,43,trades,pgd,full_test,raw,clean,0.9345238095238095,ad_data/exp031/exp031_full_20260729_174215/thubenchmark_deepconvnet_seed43_trades_pgd.pth
thubenchmark,deepconvnet,43,trades,pgd,full_test,raw,robust,0.6178571428571429,ad_data/exp031/exp031_full_20260729_174215/thubenchmark_deepconvnet_seed43_trades_pgd.pth
thubenchmark,deepconvnet,43,trades,cw,full_test,raw,clean,0.9345238095238095,ad_data/exp031/exp031_full_20260729_174215/thubenchmark_deepconvnet_seed43_trades_cw.pth
thubenchmark,deepconvnet,43,trades,cw,full_test,raw,robust,0.0,ad_data/exp031/exp031_full_20260729_174215/thubenchmark_deepconvnet_seed43_trades_cw.pth
thubenchmark,deepconvnet,43,fbf,autoattack,full_test,raw,clean,0.9321428571428572,ad_data/exp031/exp031_full_20260729_174215/thubenchmark_deepconvnet_seed43_fbf_autoattack.pth
thubenchmark,deepconvnet,43,fbf,autoattack,full_test,raw,robust,0.5119047619047619,ad_data/exp031/exp031_full_20260729_174215/thubenchmark_deepconvnet_seed43_fbf_autoattack.pth
thubenchmark,deepconvnet,43,fbf,fgsm,full_test,raw,clean,0.9321428571428572,ad_data/exp031/exp031_full_20260729_174215/thubenchmark_deepconvnet_seed43_fbf_fgsm.pth
thubenchmark,deepconvnet,43,fbf,fgsm,full_test,raw,robust,0.5952380952380952,ad_data/exp031/exp031_full_20260729_174215/thubenchmark_deepconvnet_seed43_fbf_fgsm.pth
thubenchmark,deepconvnet,43,fbf,pgd,full_test,raw,clean,0.9321428571428572,ad_data/exp031/exp031_full_20260729_174215/thubenchmark_deepconvnet_seed43_fbf_pgd.pth
thubenchmark,deepconvnet,43,fbf,pgd,full_test,raw,robust,0.513095238095238,ad_data/exp031/exp031_full_20260729_174215/thubenchmark_deepconvnet_seed43_fbf_pgd.pth
thubenchmark,deepconvnet,43,fbf,cw,full_test,raw,clean,0.9321428571428572,ad_data/exp031/exp031_full_20260729_174215/thubenchmark_deepconvnet_seed43_fbf_cw.pth
thubenchmark,deepconvnet,43,fbf,cw,full_test,raw,robust,0.0,ad_data/exp031/exp031_full_20260729_174215/thubenchmark_deepconvnet_seed43_fbf_cw.pth
thubenchmark,deepconvnet,43,ea_forward,autoattack,full_test,raw,clean,0.9571428571428572,ad_data/exp031/exp031_full_20260729_174215/thubenchmark_deepconvnet_seed43_ea_forward_autoattack.pth
thubenchmark,deepconvnet,43,ea_forward,autoattack,full_test,raw,robust,0.1773809523809524,ad_data/exp031/exp031_full_20260729_174215/thubenchmark_deepconvnet_seed43_ea_forward_autoattack.pth
thubenchmark,deepconvnet,43,ea_forward,fgsm,full_test,raw,clean,0.9619047619047619,ad_data/exp031/exp031_full_20260729_174215/thubenchmark_deepconvnet_seed43_ea_forward_fgsm.pth
thubenchmark,deepconvnet,43,ea_forward,fgsm,full_test,raw,robust,0.36904761904761907,ad_data/exp031/exp031_full_20260729_174215/thubenchmark_deepconvnet_seed43_ea_forward_fgsm.pth
thubenchmark,deepconvnet,43,ea_forward,pgd,full_test,raw,clean,0.9619047619047619,ad_data/exp031/exp031_full_20260729_174215/thubenchmark_deepconvnet_seed43_ea_forward_pgd.pth
thubenchmark,deepconvnet,43,ea_forward,pgd,full_test,raw,robust,0.0761904761904762,ad_data/exp031/exp031_full_20260729_174215/thubenchmark_deepconvnet_seed43_ea_forward_pgd.pth
thubenchmark,deepconvnet,43,ea_forward,cw,full_test,raw,clean,0.9619047619047619,ad_data/exp031/exp031_full_20260729_174215/thubenchmark_deepconvnet_seed43_ea_forward_cw.pth
thubenchmark,deepconvnet,43,ea_forward,cw,full_test,raw,robust,0.0,ad_data/exp031/exp031_full_20260729_174215/thubenchmark_deepconvnet_seed43_ea_forward_cw.pth
thubenchmark,deepconvnet,43,rpcf_at,autoattack,full_test,raw,clean,0.944047619047619,ad_data/exp031/exp031_full_20260729_174215/thubenchmark_deepconvnet_seed43_rpcf_at_autoattack.pth
thubenchmark,deepconvnet,43,rpcf_at,autoattack,full_test,raw,robust,0.7583333333333333,ad_data/exp031/exp031_full_20260729_174215/thubenchmark_deepconvnet_seed43_rpcf_at_autoattack.pth
thubenchmark,deepconvnet,43,rpcf_at,fgsm,full_test,raw,clean,0.944047619047619,ad_data/exp031/exp031_full_20260729_174215/thubenchmark_deepconvnet_seed43_rpcf_at_fgsm.pth
thubenchmark,deepconvnet,43,rpcf_at,fgsm,full_test,raw,robust,0.7773809523809524,ad_data/exp031/exp031_full_20260729_174215/thubenchmark_deepconvnet_seed43_rpcf_at_fgsm.pth
thubenchmark,deepconvnet,43,rpcf_at,pgd,full_test,raw,clean,0.944047619047619,ad_data/exp031/exp031_full_20260729_174215/thubenchmark_deepconvnet_seed43_rpcf_at_pgd.pth
thubenchmark,deepconvnet,43,rpcf_at,pgd,full_test,raw,robust,0.7583333333333333,ad_data/exp031/exp031_full_20260729_174215/thubenchmark_deepconvnet_seed43_rpcf_at_pgd.pth
thubenchmark,deepconvnet,43,rpcf_at,cw,full_test,raw,clean,0.944047619047619,ad_data/exp031/exp031_full_20260729_174215/thubenchmark_deepconvnet_seed43_rpcf_at_cw.pth
thubenchmark,deepconvnet,43,rpcf_at,cw,full_test,raw,robust,0.0,ad_data/exp031/exp031_full_20260729_174215/thubenchmark_deepconvnet_seed43_rpcf_at_cw.pth
thubenchmark,deepconvnet,44,madry,autoattack,full_test,raw,clean,0.9238095238095239,ad_data/exp031/exp031_full_20260729_174215/thubenchmark_deepconvnet_seed44_madry_autoattack.pth
thubenchmark,deepconvnet,44,madry,autoattack,full_test,raw,robust,0.7404761904761905,ad_data/exp031/exp031_full_20260729_174215/thubenchmark_deepconvnet_seed44_madry_autoattack.pth
thubenchmark,deepconvnet,44,madry,fgsm,full_test,raw,clean,0.9238095238095239,ad_data/exp031/exp031_full_20260729_174215/thubenchmark_deepconvnet_seed44_madry_fgsm.pth
thubenchmark,deepconvnet,44,madry,fgsm,full_test,raw,robust,0.763095238095238,ad_data/exp031/exp031_full_20260729_174215/thubenchmark_deepconvnet_seed44_madry_fgsm.pth
thubenchmark,deepconvnet,44,madry,pgd,full_test,raw,clean,0.9238095238095239,ad_data/exp031/exp031_full_20260729_174215/thubenchmark_deepconvnet_seed44_madry_pgd.pth
thubenchmark,deepconvnet,44,madry,pgd,full_test,raw,robust,0.7416666666666667,ad_data/exp031/exp031_full_20260729_174215/thubenchmark_deepconvnet_seed44_madry_pgd.pth
thubenchmark,deepconvnet,44,madry,cw,full_test,raw,clean,0.9238095238095239,ad_data/exp031/exp031_full_20260729_174215/thubenchmark_deepconvnet_seed44_madry_cw.pth
thubenchmark,deepconvnet,44,madry,cw,full_test,raw,robust,0.0,ad_data/exp031/exp031_full_20260729_174215/thubenchmark_deepconvnet_seed44_madry_cw.pth
thubenchmark,deepconvnet,44,trades,autoattack,full_test,raw,clean,0.9345238095238095,ad_data/exp031/exp031_full_20260729_174215/thubenchmark_deepconvnet_seed44_trades_autoattack.pth
thubenchmark,deepconvnet,44,trades,autoattack,full_test,raw,robust,0.6619047619047619,ad_data/exp031/exp031_full_20260729_174215/thubenchmark_deepconvnet_seed44_trades_autoattack.pth
thubenchmark,deepconvnet,44,trades,fgsm,full_test,raw,clean,0.9345238095238095,ad_data/exp031/exp031_full_20260729_174215/thubenchmark_deepconvnet_seed44_trades_fgsm.pth
thubenchmark,deepconvnet,44,trades,fgsm,full_test,raw,robust,0.6952380952380952,ad_data/exp031/exp031_full_20260729_174215/thubenchmark_deepconvnet_seed44_trades_fgsm.pth
thubenchmark,deepconvnet,44,trades,pgd,full_test,raw,clean,0.9345238095238095,ad_data/exp031/exp031_full_20260729_174215/thubenchmark_deepconvnet_seed44_trades_pgd.pth
thubenchmark,deepconvnet,44,trades,pgd,full_test,raw,robust,0.6619047619047619,ad_data/exp031/exp031_full_20260729_174215/thubenchmark_deepconvnet_seed44_trades_pgd.pth
thubenchmark,deepconvnet,44,trades,cw,full_test,raw,clean,0.9345238095238095,ad_data/exp031/exp031_full_20260729_174215/thubenchmark_deepconvnet_seed44_trades_cw.pth
thubenchmark,deepconvnet,44,trades,cw,full_test,raw,robust,0.0,ad_data/exp031/exp031_full_20260729_174215/thubenchmark_deepconvnet_seed44_trades_cw.pth
thubenchmark,deepconvnet,44,fbf,autoattack,full_test,raw,clean,0.9428571428571428,ad_data/exp031/exp031_full_20260729_174215/thubenchmark_deepconvnet_seed44_fbf_autoattack.pth
thubenchmark,deepconvnet,44,fbf,autoattack,full_test,raw,robust,0.5880952380952381,ad_data/exp031/exp031_full_20260729_174215/thubenchmark_deepconvnet_seed44_fbf_autoattack.pth
thubenchmark,deepconvnet,44,fbf,fgsm,full_test,raw,clean,0.9428571428571428,ad_data/exp031/exp031_full_20260729_174215/thubenchmark_deepconvnet_seed44_fbf_fgsm.pth
thubenchmark,deepconvnet,44,fbf,fgsm,full_test,raw,robust,0.6452380952380953,ad_data/exp031/exp031_full_20260729_174215/thubenchmark_deepconvnet_seed44_fbf_fgsm.pth
thubenchmark,deepconvnet,44,fbf,pgd,full_test,raw,clean,0.9428571428571428,ad_data/exp031/exp031_full_20260729_174215/thubenchmark_deepconvnet_seed44_fbf_pgd.pth
thubenchmark,deepconvnet,44,fbf,pgd,full_test,raw,robust,0.5928571428571429,ad_data/exp031/exp031_full_20260729_174215/thubenchmark_deepconvnet_seed44_fbf_pgd.pth
thubenchmark,deepconvnet,44,fbf,cw,full_test,raw,clean,0.9428571428571428,ad_data/exp031/exp031_full_20260729_174215/thubenchmark_deepconvnet_seed44_fbf_cw.pth
thubenchmark,deepconvnet,44,fbf,cw,full_test,raw,robust,0.0,ad_data/exp031/exp031_full_20260729_174215/thubenchmark_deepconvnet_seed44_fbf_cw.pth
thubenchmark,deepconvnet,44,ea_forward,autoattack,full_test,raw,clean,0.9523809523809523,ad_data/exp031/exp031_full_20260729_174215/thubenchmark_deepconvnet_seed44_ea_forward_autoattack.pth
thubenchmark,deepconvnet,44,ea_forward,autoattack,full_test,raw,robust,0.1619047619047619,ad_data/exp031/exp031_full_20260729_174215/thubenchmark_deepconvnet_seed44_ea_forward_autoattack.pth
thubenchmark,deepconvnet,44,ea_forward,fgsm,full_test,raw,clean,0.9511904761904761,ad_data/exp031/exp031_full_20260729_174215/thubenchmark_deepconvnet_seed44_ea_forward_fgsm.pth
thubenchmark,deepconvnet,44,ea_forward,fgsm,full_test,raw,robust,0.3678571428571429,ad_data/exp031/exp031_full_20260729_174215/thubenchmark_deepconvnet_seed44_ea_forward_fgsm.pth
thubenchmark,deepconvnet,44,ea_forward,pgd,full_test,raw,clean,0.9511904761904761,ad_data/exp031/exp031_full_20260729_174215/thubenchmark_deepconvnet_seed44_ea_forward_pgd.pth
thubenchmark,deepconvnet,44,ea_forward,pgd,full_test,raw,robust,0.0761904761904762,ad_data/exp031/exp031_full_20260729_174215/thubenchmark_deepconvnet_seed44_ea_forward_pgd.pth
thubenchmark,deepconvnet,44,ea_forward,cw,full_test,raw,clean,0.9511904761904761,ad_data/exp031/exp031_full_20260729_174215/thubenchmark_deepconvnet_seed44_ea_forward_cw.pth
thubenchmark,deepconvnet,44,ea_forward,cw,full_test,raw,robust,0.0,ad_data/exp031/exp031_full_20260729_174215/thubenchmark_deepconvnet_seed44_ea_forward_cw.pth
thubenchmark,deepconvnet,44,rpcf_at,autoattack,full_test,raw,clean,0.9333333333333333,ad_data/exp031/exp031_full_20260729_174215/thubenchmark_deepconvnet_seed44_rpcf_at_autoattack.pth
thubenchmark,deepconvnet,44,rpcf_at,autoattack,full_test,raw,robust,0.7595238095238095,ad_data/exp031/exp031_full_20260729_174215/thubenchmark_deepconvnet_seed44_rpcf_at_autoattack.pth
thubenchmark,deepconvnet,44,rpcf_at,fgsm,full_test,raw,clean,0.9333333333333333,ad_data/exp031/exp031_full_20260729_174215/thubenchmark_deepconvnet_seed44_rpcf_at_fgsm.pth
thubenchmark,deepconvnet,44,rpcf_at,fgsm,full_test,raw,robust,0.7845238095238095,ad_data/exp031/exp031_full_20260729_174215/thubenchmark_deepconvnet_seed44_rpcf_at_fgsm.pth
thubenchmark,deepconvnet,44,rpcf_at,pgd,full_test,raw,clean,0.9333333333333333,ad_data/exp031/exp031_full_20260729_174215/thubenchmark_deepconvnet_seed44_rpcf_at_pgd.pth
thubenchmark,deepconvnet,44,rpcf_at,pgd,full_test,raw,robust,0.7619047619047619,ad_data/exp031/exp031_full_20260729_174215/thubenchmark_deepconvnet_seed44_rpcf_at_pgd.pth
thubenchmark,deepconvnet,44,rpcf_at,cw,full_test,raw,clean,0.9333333333333333,ad_data/exp031/exp031_full_20260729_174215/thubenchmark_deepconvnet_seed44_rpcf_at_cw.pth
thubenchmark,deepconvnet,44,rpcf_at,cw,full_test,raw,robust,0.0,ad_data/exp031/exp031_full_20260729_174215/thubenchmark_deepconvnet_seed44_rpcf_at_cw.pth
thubenchmark,deepconvnet,45,madry,autoattack,full_test,raw,clean,0.9357142857142857,ad_data/exp031/exp031_full_20260729_174215/thubenchmark_deepconvnet_seed45_madry_autoattack.pth
thubenchmark,deepconvnet,45,madry,autoattack,full_test,raw,robust,0.75,ad_data/exp031/exp031_full_20260729_174215/thubenchmark_deepconvnet_seed45_madry_autoattack.pth
thubenchmark,deepconvnet,45,madry,fgsm,full_test,raw,clean,0.9357142857142857,ad_data/exp031/exp031_full_20260729_174215/thubenchmark_deepconvnet_seed45_madry_fgsm.pth
thubenchmark,deepconvnet,45,madry,fgsm,full_test,raw,robust,0.7773809523809524,ad_data/exp031/exp031_full_20260729_174215/thubenchmark_deepconvnet_seed45_madry_fgsm.pth
thubenchmark,deepconvnet,45,madry,pgd,full_test,raw,clean,0.9357142857142857,ad_data/exp031/exp031_full_20260729_174215/thubenchmark_deepconvnet_seed45_madry_pgd.pth
thubenchmark,deepconvnet,45,madry,pgd,full_test,raw,robust,0.7547619047619047,ad_data/exp031/exp031_full_20260729_174215/thubenchmark_deepconvnet_seed45_madry_pgd.pth
thubenchmark,deepconvnet,45,madry,cw,full_test,raw,clean,0.9357142857142857,ad_data/exp031/exp031_full_20260729_174215/thubenchmark_deepconvnet_seed45_madry_cw.pth
thubenchmark,deepconvnet,45,madry,cw,full_test,raw,robust,0.0,ad_data/exp031/exp031_full_20260729_174215/thubenchmark_deepconvnet_seed45_madry_cw.pth
thubenchmark,deepconvnet,45,trades,autoattack,full_test,raw,clean,0.9452380952380952,ad_data/exp031/exp031_full_20260729_174215/thubenchmark_deepconvnet_seed45_trades_autoattack.pth
thubenchmark,deepconvnet,45,trades,autoattack,full_test,raw,robust,0.6726190476190477,ad_data/exp031/exp031_full_20260729_174215/thubenchmark_deepconvnet_seed45_trades_autoattack.pth
thubenchmark,deepconvnet,45,trades,fgsm,full_test,raw,clean,0.9452380952380952,ad_data/exp031/exp031_full_20260729_174215/thubenchmark_deepconvnet_seed45_trades_fgsm.pth
thubenchmark,deepconvnet,45,trades,fgsm,full_test,raw,robust,0.7035714285714286,ad_data/exp031/exp031_full_20260729_174215/thubenchmark_deepconvnet_seed45_trades_fgsm.pth
thubenchmark,deepconvnet,45,trades,pgd,full_test,raw,clean,0.9452380952380952,ad_data/exp031/exp031_full_20260729_174215/thubenchmark_deepconvnet_seed45_trades_pgd.pth
thubenchmark,deepconvnet,45,trades,pgd,full_test,raw,robust,0.6738095238095239,ad_data/exp031/exp031_full_20260729_174215/thubenchmark_deepconvnet_seed45_trades_pgd.pth
thubenchmark,deepconvnet,45,trades,cw,full_test,raw,clean,0.9452380952380952,ad_data/exp031/exp031_full_20260729_174215/thubenchmark_deepconvnet_seed45_trades_cw.pth
thubenchmark,deepconvnet,45,trades,cw,full_test,raw,robust,0.0,ad_data/exp031/exp031_full_20260729_174215/thubenchmark_deepconvnet_seed45_trades_cw.pth
thubenchmark,deepconvnet,45,fbf,autoattack,full_test,raw,clean,0.9321428571428572,ad_data/exp031/exp031_full_20260729_174215/thubenchmark_deepconvnet_seed45_fbf_autoattack.pth
thubenchmark,deepconvnet,45,fbf,autoattack,full_test,raw,robust,0.5595238095238095,ad_data/exp031/exp031_full_20260729_174215/thubenchmark_deepconvnet_seed45_fbf_autoattack.pth
thubenchmark,deepconvnet,45,fbf,fgsm,full_test,raw,clean,0.9321428571428572,ad_data/exp031/exp031_full_20260729_174215/thubenchmark_deepconvnet_seed45_fbf_fgsm.pth
thubenchmark,deepconvnet,45,fbf,fgsm,full_test,raw,robust,0.6202380952380953,ad_data/exp031/exp031_full_20260729_174215/thubenchmark_deepconvnet_seed45_fbf_fgsm.pth
thubenchmark,deepconvnet,45,fbf,pgd,full_test,raw,clean,0.9321428571428572,ad_data/exp031/exp031_full_20260729_174215/thubenchmark_deepconvnet_seed45_fbf_pgd.pth
thubenchmark,deepconvnet,45,fbf,pgd,full_test,raw,robust,0.5619047619047619,ad_data/exp031/exp031_full_20260729_174215/thubenchmark_deepconvnet_seed45_fbf_pgd.pth
thubenchmark,deepconvnet,45,fbf,cw,full_test,raw,clean,0.9321428571428572,ad_data/exp031/exp031_full_20260729_174215/thubenchmark_deepconvnet_seed45_fbf_cw.pth
thubenchmark,deepconvnet,45,fbf,cw,full_test,raw,robust,0.0,ad_data/exp031/exp031_full_20260729_174215/thubenchmark_deepconvnet_seed45_fbf_cw.pth
thubenchmark,deepconvnet,45,ea_forward,autoattack,full_test,raw,clean,0.9571428571428572,ad_data/exp031/exp031_full_20260729_174215/thubenchmark_deepconvnet_seed45_ea_forward_autoattack.pth
thubenchmark,deepconvnet,45,ea_forward,autoattack,full_test,raw,robust,0.16666666666666666,ad_data/exp031/exp031_full_20260729_174215/thubenchmark_deepconvnet_seed45_ea_forward_autoattack.pth
thubenchmark,deepconvnet,45,ea_forward,fgsm,full_test,raw,clean,0.9595238095238096,ad_data/exp031/exp031_full_20260729_174215/thubenchmark_deepconvnet_seed45_ea_forward_fgsm.pth
thubenchmark,deepconvnet,45,ea_forward,fgsm,full_test,raw,robust,0.4107142857142857,ad_data/exp031/exp031_full_20260729_174215/thubenchmark_deepconvnet_seed45_ea_forward_fgsm.pth
thubenchmark,deepconvnet,45,ea_forward,pgd,full_test,raw,clean,0.9595238095238096,ad_data/exp031/exp031_full_20260729_174215/thubenchmark_deepconvnet_seed45_ea_forward_pgd.pth
thubenchmark,deepconvnet,45,ea_forward,pgd,full_test,raw,robust,0.07976190476190476,ad_data/exp031/exp031_full_20260729_174215/thubenchmark_deepconvnet_seed45_ea_forward_pgd.pth
thubenchmark,deepconvnet,45,ea_forward,cw,full_test,raw,clean,0.9595238095238096,ad_data/exp031/exp031_full_20260729_174215/thubenchmark_deepconvnet_seed45_ea_forward_cw.pth
thubenchmark,deepconvnet,45,ea_forward,cw,full_test,raw,robust,0.0,ad_data/exp031/exp031_full_20260729_174215/thubenchmark_deepconvnet_seed45_ea_forward_cw.pth
thubenchmark,deepconvnet,45,rpcf_at,autoattack,full_test,raw,clean,0.9369047619047619,ad_data/exp031/exp031_full_20260729_174215/thubenchmark_deepconvnet_seed45_rpcf_at_autoattack.pth
thubenchmark,deepconvnet,45,rpcf_at,autoattack,full_test,raw,robust,0.7571428571428571,ad_data/exp031/exp031_full_20260729_174215/thubenchmark_deepconvnet_seed45_rpcf_at_autoattack.pth
thubenchmark,deepconvnet,45,rpcf_at,fgsm,full_test,raw,clean,0.9369047619047619,ad_data/exp031/exp031_full_20260729_174215/thubenchmark_deepconvnet_seed45_rpcf_at_fgsm.pth
thubenchmark,deepconvnet,45,rpcf_at,fgsm,full_test,raw,robust,0.7857142857142857,ad_data/exp031/exp031_full_20260729_174215/thubenchmark_deepconvnet_seed45_rpcf_at_fgsm.pth
thubenchmark,deepconvnet,45,rpcf_at,pgd,full_test,raw,clean,0.9369047619047619,ad_data/exp031/exp031_full_20260729_174215/thubenchmark_deepconvnet_seed45_rpcf_at_pgd.pth
thubenchmark,deepconvnet,45,rpcf_at,pgd,full_test,raw,robust,0.7607142857142857,ad_data/exp031/exp031_full_20260729_174215/thubenchmark_deepconvnet_seed45_rpcf_at_pgd.pth
thubenchmark,deepconvnet,45,rpcf_at,cw,full_test,raw,clean,0.9369047619047619,ad_data/exp031/exp031_full_20260729_174215/thubenchmark_deepconvnet_seed45_rpcf_at_cw.pth
thubenchmark,deepconvnet,45,rpcf_at,cw,full_test,raw,robust,0.0,ad_data/exp031/exp031_full_20260729_174215/thubenchmark_deepconvnet_seed45_rpcf_at_cw.pth
thubenchmark,deepconvnet,46,madry,autoattack,full_test,raw,clean,0.9369047619047619,ad_data/exp031/exp031_full_20260729_174215/thubenchmark_deepconvnet_seed46_madry_autoattack.pth
thubenchmark,deepconvnet,46,madry,autoattack,full_test,raw,robust,0.7845238095238095,ad_data/exp031/exp031_full_20260729_174215/thubenchmark_deepconvnet_seed46_madry_autoattack.pth
thubenchmark,deepconvnet,46,madry,fgsm,full_test,raw,clean,0.9369047619047619,ad_data/exp031/exp031_full_20260729_174215/thubenchmark_deepconvnet_seed46_madry_fgsm.pth
thubenchmark,deepconvnet,46,madry,fgsm,full_test,raw,robust,0.8083333333333333,ad_data/exp031/exp031_full_20260729_174215/thubenchmark_deepconvnet_seed46_madry_fgsm.pth
thubenchmark,deepconvnet,46,madry,pgd,full_test,raw,clean,0.9369047619047619,ad_data/exp031/exp031_full_20260729_174215/thubenchmark_deepconvnet_seed46_madry_pgd.pth
thubenchmark,deepconvnet,46,madry,pgd,full_test,raw,robust,0.7857142857142857,ad_data/exp031/exp031_full_20260729_174215/thubenchmark_deepconvnet_seed46_madry_pgd.pth
thubenchmark,deepconvnet,46,madry,cw,full_test,raw,clean,0.9369047619047619,ad_data/exp031/exp031_full_20260729_174215/thubenchmark_deepconvnet_seed46_madry_cw.pth
thubenchmark,deepconvnet,46,madry,cw,full_test,raw,robust,0.0,ad_data/exp031/exp031_full_20260729_174215/thubenchmark_deepconvnet_seed46_madry_cw.pth
thubenchmark,deepconvnet,46,trades,autoattack,full_test,raw,clean,0.9428571428571428,ad_data/exp031/exp031_full_20260729_174215/thubenchmark_deepconvnet_seed46_trades_autoattack.pth
thubenchmark,deepconvnet,46,trades,autoattack,full_test,raw,robust,0.6607142857142857,ad_data/exp031/exp031_full_20260729_174215/thubenchmark_deepconvnet_seed46_trades_autoattack.pth
thubenchmark,deepconvnet,46,trades,fgsm,full_test,raw,clean,0.9428571428571428,ad_data/exp031/exp031_full_20260729_174215/thubenchmark_deepconvnet_seed46_trades_fgsm.pth
thubenchmark,deepconvnet,46,trades,fgsm,full_test,raw,robust,0.7035714285714286,ad_data/exp031/exp031_full_20260729_174215/thubenchmark_deepconvnet_seed46_trades_fgsm.pth
thubenchmark,deepconvnet,46,trades,pgd,full_test,raw,clean,0.9428571428571428,ad_data/exp031/exp031_full_20260729_174215/thubenchmark_deepconvnet_seed46_trades_pgd.pth
thubenchmark,deepconvnet,46,trades,pgd,full_test,raw,robust,0.6630952380952381,ad_data/exp031/exp031_full_20260729_174215/thubenchmark_deepconvnet_seed46_trades_pgd.pth
thubenchmark,deepconvnet,46,trades,cw,full_test,raw,clean,0.9428571428571428,ad_data/exp031/exp031_full_20260729_174215/thubenchmark_deepconvnet_seed46_trades_cw.pth
thubenchmark,deepconvnet,46,trades,cw,full_test,raw,robust,0.0,ad_data/exp031/exp031_full_20260729_174215/thubenchmark_deepconvnet_seed46_trades_cw.pth
thubenchmark,deepconvnet,46,fbf,autoattack,full_test,raw,clean,0.9428571428571428,ad_data/exp031/exp031_full_20260729_174215/thubenchmark_deepconvnet_seed46_fbf_autoattack.pth
thubenchmark,deepconvnet,46,fbf,autoattack,full_test,raw,robust,0.5702380952380952,ad_data/exp031/exp031_full_20260729_174215/thubenchmark_deepconvnet_seed46_fbf_autoattack.pth
thubenchmark,deepconvnet,46,fbf,fgsm,full_test,raw,clean,0.9428571428571428,ad_data/exp031/exp031_full_20260729_174215/thubenchmark_deepconvnet_seed46_fbf_fgsm.pth
thubenchmark,deepconvnet,46,fbf,fgsm,full_test,raw,robust,0.6357142857142857,ad_data/exp031/exp031_full_20260729_174215/thubenchmark_deepconvnet_seed46_fbf_fgsm.pth
thubenchmark,deepconvnet,46,fbf,pgd,full_test,raw,clean,0.9428571428571428,ad_data/exp031/exp031_full_20260729_174215/thubenchmark_deepconvnet_seed46_fbf_pgd.pth
thubenchmark,deepconvnet,46,fbf,pgd,full_test,raw,robust,0.5761904761904761,ad_data/exp031/exp031_full_20260729_174215/thubenchmark_deepconvnet_seed46_fbf_pgd.pth
thubenchmark,deepconvnet,46,fbf,cw,full_test,raw,clean,0.9428571428571428,ad_data/exp031/exp031_full_20260729_174215/thubenchmark_deepconvnet_seed46_fbf_cw.pth
thubenchmark,deepconvnet,46,fbf,cw,full_test,raw,robust,0.0,ad_data/exp031/exp031_full_20260729_174215/thubenchmark_deepconvnet_seed46_fbf_cw.pth
thubenchmark,deepconvnet,46,ea_forward,autoattack,full_test,raw,clean,0.9630952380952381,ad_data/exp031/exp031_full_20260729_174215/thubenchmark_deepconvnet_seed46_ea_forward_autoattack.pth
thubenchmark,deepconvnet,46,ea_forward,autoattack,full_test,raw,robust,0.16071428571428573,ad_data/exp031/exp031_full_20260729_174215/thubenchmark_deepconvnet_seed46_ea_forward_autoattack.pth
thubenchmark,deepconvnet,46,ea_forward,fgsm,full_test,raw,clean,0.9654761904761905,ad_data/exp031/exp031_full_20260729_174215/thubenchmark_deepconvnet_seed46_ea_forward_fgsm.pth
thubenchmark,deepconvnet,46,ea_forward,fgsm,full_test,raw,robust,0.3904761904761905,ad_data/exp031/exp031_full_20260729_174215/thubenchmark_deepconvnet_seed46_ea_forward_fgsm.pth
thubenchmark,deepconvnet,46,ea_forward,pgd,full_test,raw,clean,0.9654761904761905,ad_data/exp031/exp031_full_20260729_174215/thubenchmark_deepconvnet_seed46_ea_forward_pgd.pth
thubenchmark,deepconvnet,46,ea_forward,pgd,full_test,raw,robust,0.0761904761904762,ad_data/exp031/exp031_full_20260729_174215/thubenchmark_deepconvnet_seed46_ea_forward_pgd.pth
thubenchmark,deepconvnet,46,ea_forward,cw,full_test,raw,clean,0.9654761904761905,ad_data/exp031/exp031_full_20260729_174215/thubenchmark_deepconvnet_seed46_ea_forward_cw.pth
thubenchmark,deepconvnet,46,ea_forward,cw,full_test,raw,robust,0.0,ad_data/exp031/exp031_full_20260729_174215/thubenchmark_deepconvnet_seed46_ea_forward_cw.pth
thubenchmark,deepconvnet,46,rpcf_at,autoattack,full_test,raw,clean,0.9392857142857143,ad_data/exp031/exp031_full_20260729_174215/thubenchmark_deepconvnet_seed46_rpcf_at_autoattack.pth
thubenchmark,deepconvnet,46,rpcf_at,autoattack,full_test,raw,robust,0.7880952380952381,ad_data/exp031/exp031_full_20260729_174215/thubenchmark_deepconvnet_seed46_rpcf_at_autoattack.pth
thubenchmark,deepconvnet,46,rpcf_at,fgsm,full_test,raw,clean,0.9392857142857143,ad_data/exp031/exp031_full_20260729_174215/thubenchmark_deepconvnet_seed46_rpcf_at_fgsm.pth
thubenchmark,deepconvnet,46,rpcf_at,fgsm,full_test,raw,robust,0.8119047619047619,ad_data/exp031/exp031_full_20260729_174215/thubenchmark_deepconvnet_seed46_rpcf_at_fgsm.pth
thubenchmark,deepconvnet,46,rpcf_at,pgd,full_test,raw,clean,0.9392857142857143,ad_data/exp031/exp031_full_20260729_174215/thubenchmark_deepconvnet_seed46_rpcf_at_pgd.pth
thubenchmark,deepconvnet,46,rpcf_at,pgd,full_test,raw,robust,0.7880952380952381,ad_data/exp031/exp031_full_20260729_174215/thubenchmark_deepconvnet_seed46_rpcf_at_pgd.pth
thubenchmark,deepconvnet,46,rpcf_at,cw,full_test,raw,clean,0.9392857142857143,ad_data/exp031/exp031_full_20260729_174215/thubenchmark_deepconvnet_seed46_rpcf_at_cw.pth
thubenchmark,deepconvnet,46,rpcf_at,cw,full_test,raw,robust,0.0,ad_data/exp031/exp031_full_20260729_174215/thubenchmark_deepconvnet_seed46_rpcf_at_cw.pth
thubenchmark,tsception,42,madry,autoattack,full_test,raw,clean,0.8027465667915106,ad_data/exp031/exp031_full_20260729_174215/thubenchmark_tsception_seed42_madry_autoattack.pth
thubenchmark,tsception,42,madry,autoattack,full_test,raw,robust,0.38701622971285893,ad_data/exp031/exp031_full_20260729_174215/thubenchmark_tsception_seed42_madry_autoattack.pth
thubenchmark,tsception,42,madry,fgsm,full_test,raw,clean,0.8027465667915106,ad_data/exp031/exp031_full_20260729_174215/thubenchmark_tsception_seed42_madry_fgsm.pth
thubenchmark,tsception,42,madry,fgsm,full_test,raw,robust,0.50187265917603,ad_data/exp031/exp031_full_20260729_174215/thubenchmark_tsception_seed42_madry_fgsm.pth
thubenchmark,tsception,42,madry,pgd,full_test,raw,clean,0.8027465667915106,ad_data/exp031/exp031_full_20260729_174215/thubenchmark_tsception_seed42_madry_pgd.pth
thubenchmark,tsception,42,madry,pgd,full_test,raw,robust,0.418227215980025,ad_data/exp031/exp031_full_20260729_174215/thubenchmark_tsception_seed42_madry_pgd.pth
thubenchmark,tsception,42,madry,cw,full_test,raw,clean,0.8027465667915106,ad_data/exp031/exp031_full_20260729_174215/thubenchmark_tsception_seed42_madry_cw.pth
thubenchmark,tsception,42,madry,cw,full_test,raw,robust,0.0024968789013732834,ad_data/exp031/exp031_full_20260729_174215/thubenchmark_tsception_seed42_madry_cw.pth
thubenchmark,tsception,42,trades,autoattack,full_test,raw,clean,0.8139825218476904,ad_data/exp031/exp031_full_20260729_174215/thubenchmark_tsception_seed42_trades_autoattack.pth
thubenchmark,tsception,42,trades,autoattack,full_test,raw,robust,0.06741573033707865,ad_data/exp031/exp031_full_20260729_174215/thubenchmark_tsception_seed42_trades_autoattack.pth
thubenchmark,tsception,42,trades,fgsm,full_test,raw,clean,0.8139825218476904,ad_data/exp031/exp031_full_20260729_174215/thubenchmark_tsception_seed42_trades_fgsm.pth
thubenchmark,tsception,42,trades,fgsm,full_test,raw,robust,0.149812734082397,ad_data/exp031/exp031_full_20260729_174215/thubenchmark_tsception_seed42_trades_fgsm.pth
thubenchmark,tsception,42,trades,pgd,full_test,raw,clean,0.8139825218476904,ad_data/exp031/exp031_full_20260729_174215/thubenchmark_tsception_seed42_trades_pgd.pth
thubenchmark,tsception,42,trades,pgd,full_test,raw,robust,0.07240948813982521,ad_data/exp031/exp031_full_20260729_174215/thubenchmark_tsception_seed42_trades_pgd.pth
thubenchmark,tsception,42,trades,cw,full_test,raw,clean,0.8139825218476904,ad_data/exp031/exp031_full_20260729_174215/thubenchmark_tsception_seed42_trades_cw.pth
thubenchmark,tsception,42,trades,cw,full_test,raw,robust,0.008739076154806492,ad_data/exp031/exp031_full_20260729_174215/thubenchmark_tsception_seed42_trades_cw.pth
thubenchmark,tsception,42,fbf,autoattack,full_test,raw,clean,0.7940074906367042,ad_data/exp031/exp031_full_20260729_174215/thubenchmark_tsception_seed42_fbf_autoattack.pth
thubenchmark,tsception,42,fbf,autoattack,full_test,raw,robust,0.019975031210986267,ad_data/exp031/exp031_full_20260729_174215/thubenchmark_tsception_seed42_fbf_autoattack.pth
thubenchmark,tsception,42,fbf,fgsm,full_test,raw,clean,0.7940074906367042,ad_data/exp031/exp031_full_20260729_174215/thubenchmark_tsception_seed42_fbf_fgsm.pth
thubenchmark,tsception,42,fbf,fgsm,full_test,raw,robust,0.08863920099875156,ad_data/exp031/exp031_full_20260729_174215/thubenchmark_tsception_seed42_fbf_fgsm.pth
thubenchmark,tsception,42,fbf,pgd,full_test,raw,clean,0.7940074906367042,ad_data/exp031/exp031_full_20260729_174215/thubenchmark_tsception_seed42_fbf_pgd.pth
thubenchmark,tsception,42,fbf,pgd,full_test,raw,robust,0.02746566791510612,ad_data/exp031/exp031_full_20260729_174215/thubenchmark_tsception_seed42_fbf_pgd.pth
thubenchmark,tsception,42,fbf,cw,full_test,raw,clean,0.7940074906367042,ad_data/exp031/exp031_full_20260729_174215/thubenchmark_tsception_seed42_fbf_cw.pth
thubenchmark,tsception,42,fbf,cw,full_test,raw,robust,0.033707865168539325,ad_data/exp031/exp031_full_20260729_174215/thubenchmark_tsception_seed42_fbf_cw.pth
thubenchmark,tsception,42,ea_forward,autoattack,full_test,raw,clean,0.016229712858926344,ad_data/exp031/exp031_full_20260729_174215/thubenchmark_tsception_seed42_ea_forward_autoattack.pth
thubenchmark,tsception,42,ea_forward,autoattack,full_test,raw,robust,0.016229712858926344,ad_data/exp031/exp031_full_20260729_174215/thubenchmark_tsception_seed42_ea_forward_autoattack.pth
thubenchmark,tsception,42,ea_forward,fgsm,full_test,raw,clean,0.016229712858926344,ad_data/exp031/exp031_full_20260729_174215/thubenchmark_tsception_seed42_ea_forward_fgsm.pth
thubenchmark,tsception,42,ea_forward,fgsm,full_test,raw,robust,0.016229712858926344,ad_data/exp031/exp031_full_20260729_174215/thubenchmark_tsception_seed42_ea_forward_fgsm.pth
thubenchmark,tsception,42,ea_forward,pgd,full_test,raw,clean,0.016229712858926344,ad_data/exp031/exp031_full_20260729_174215/thubenchmark_tsception_seed42_ea_forward_pgd.pth
thubenchmark,tsception,42,ea_forward,pgd,full_test,raw,robust,0.016229712858926344,ad_data/exp031/exp031_full_20260729_174215/thubenchmark_tsception_seed42_ea_forward_pgd.pth
thubenchmark,tsception,42,ea_forward,cw,full_test,raw,clean,0.016229712858926344,ad_data/exp031/exp031_full_20260729_174215/thubenchmark_tsception_seed42_ea_forward_cw.pth
thubenchmark,tsception,42,ea_forward,cw,full_test,raw,robust,0.016229712858926344,ad_data/exp031/exp031_full_20260729_174215/thubenchmark_tsception_seed42_ea_forward_cw.pth
thubenchmark,tsception,42,rpcf_at,autoattack,full_test,raw,clean,0.8027465667915106,ad_data/exp031/exp031_full_20260729_174215/thubenchmark_tsception_seed42_rpcf_at_autoattack.pth
thubenchmark,tsception,42,rpcf_at,autoattack,full_test,raw,robust,0.3445692883895131,ad_data/exp031/exp031_full_20260729_174215/thubenchmark_tsception_seed42_rpcf_at_autoattack.pth
thubenchmark,tsception,42,rpcf_at,fgsm,full_test,raw,clean,0.8027465667915106,ad_data/exp031/exp031_full_20260729_174215/thubenchmark_tsception_seed42_rpcf_at_fgsm.pth
thubenchmark,tsception,42,rpcf_at,fgsm,full_test,raw,robust,0.46441947565543074,ad_data/exp031/exp031_full_20260729_174215/thubenchmark_tsception_seed42_rpcf_at_fgsm.pth
thubenchmark,tsception,42,rpcf_at,pgd,full_test,raw,clean,0.8027465667915106,ad_data/exp031/exp031_full_20260729_174215/thubenchmark_tsception_seed42_rpcf_at_pgd.pth
thubenchmark,tsception,42,rpcf_at,pgd,full_test,raw,robust,0.3595505617977528,ad_data/exp031/exp031_full_20260729_174215/thubenchmark_tsception_seed42_rpcf_at_pgd.pth
thubenchmark,tsception,42,rpcf_at,cw,full_test,raw,clean,0.8027465667915106,ad_data/exp031/exp031_full_20260729_174215/thubenchmark_tsception_seed42_rpcf_at_cw.pth
thubenchmark,tsception,42,rpcf_at,cw,full_test,raw,robust,0.0,ad_data/exp031/exp031_full_20260729_174215/thubenchmark_tsception_seed42_rpcf_at_cw.pth
thubenchmark,tsception,43,madry,autoattack,full_test,raw,clean,0.7952380952380952,ad_data/exp031/exp031_full_20260729_174215/thubenchmark_tsception_seed43_madry_autoattack.pth
thubenchmark,tsception,43,madry,autoattack,full_test,raw,robust,0.34523809523809523,ad_data/exp031/exp031_full_20260729_174215/thubenchmark_tsception_seed43_madry_autoattack.pth
thubenchmark,tsception,43,madry,fgsm,full_test,raw,clean,0.7952380952380952,ad_data/exp031/exp031_full_20260729_174215/thubenchmark_tsception_seed43_madry_fgsm.pth
thubenchmark,tsception,43,madry,fgsm,full_test,raw,robust,0.4726190476190476,ad_data/exp031/exp031_full_20260729_174215/thubenchmark_tsception_seed43_madry_fgsm.pth
thubenchmark,tsception,43,madry,pgd,full_test,raw,clean,0.7952380952380952,ad_data/exp031/exp031_full_20260729_174215/thubenchmark_tsception_seed43_madry_pgd.pth
thubenchmark,tsception,43,madry,pgd,full_test,raw,robust,0.4,ad_data/exp031/exp031_full_20260729_174215/thubenchmark_tsception_seed43_madry_pgd.pth
thubenchmark,tsception,43,madry,cw,full_test,raw,clean,0.7952380952380952,ad_data/exp031/exp031_full_20260729_174215/thubenchmark_tsception_seed43_madry_cw.pth
thubenchmark,tsception,43,madry,cw,full_test,raw,robust,0.0,ad_data/exp031/exp031_full_20260729_174215/thubenchmark_tsception_seed43_madry_cw.pth
thubenchmark,tsception,43,trades,autoattack,full_test,raw,clean,0.805952380952381,ad_data/exp031/exp031_full_20260729_174215/thubenchmark_tsception_seed43_trades_autoattack.pth
thubenchmark,tsception,43,trades,autoattack,full_test,raw,robust,0.09761904761904762,ad_data/exp031/exp031_full_20260729_174215/thubenchmark_tsception_seed43_trades_autoattack.pth
thubenchmark,tsception,43,trades,fgsm,full_test,raw,clean,0.805952380952381,ad_data/exp031/exp031_full_20260729_174215/thubenchmark_tsception_seed43_trades_fgsm.pth
thubenchmark,tsception,43,trades,fgsm,full_test,raw,robust,0.16428571428571428,ad_data/exp031/exp031_full_20260729_174215/thubenchmark_tsception_seed43_trades_fgsm.pth
thubenchmark,tsception,43,trades,pgd,full_test,raw,clean,0.805952380952381,ad_data/exp031/exp031_full_20260729_174215/thubenchmark_tsception_seed43_trades_pgd.pth
thubenchmark,tsception,43,trades,pgd,full_test,raw,robust,0.10476190476190476,ad_data/exp031/exp031_full_20260729_174215/thubenchmark_tsception_seed43_trades_pgd.pth
thubenchmark,tsception,43,trades,cw,full_test,raw,clean,0.805952380952381,ad_data/exp031/exp031_full_20260729_174215/thubenchmark_tsception_seed43_trades_cw.pth
thubenchmark,tsception,43,trades,cw,full_test,raw,robust,0.007142857142857143,ad_data/exp031/exp031_full_20260729_174215/thubenchmark_tsception_seed43_trades_cw.pth
thubenchmark,tsception,43,fbf,autoattack,full_test,raw,clean,0.7880952380952381,ad_data/exp031/exp031_full_20260729_174215/thubenchmark_tsception_seed43_fbf_autoattack.pth
thubenchmark,tsception,43,fbf,autoattack,full_test,raw,robust,0.0630952380952381,ad_data/exp031/exp031_full_20260729_174215/thubenchmark_tsception_seed43_fbf_autoattack.pth
thubenchmark,tsception,43,fbf,fgsm,full_test,raw,clean,0.7880952380952381,ad_data/exp031/exp031_full_20260729_174215/thubenchmark_tsception_seed43_fbf_fgsm.pth
thubenchmark,tsception,43,fbf,fgsm,full_test,raw,robust,0.12380952380952381,ad_data/exp031/exp031_full_20260729_174215/thubenchmark_tsception_seed43_fbf_fgsm.pth
thubenchmark,tsception,43,fbf,pgd,full_test,raw,clean,0.7880952380952381,ad_data/exp031/exp031_full_20260729_174215/thubenchmark_tsception_seed43_fbf_pgd.pth
thubenchmark,tsception,43,fbf,pgd,full_test,raw,robust,0.07380952380952381,ad_data/exp031/exp031_full_20260729_174215/thubenchmark_tsception_seed43_fbf_pgd.pth
thubenchmark,tsception,43,fbf,cw,full_test,raw,clean,0.7880952380952381,ad_data/exp031/exp031_full_20260729_174215/thubenchmark_tsception_seed43_fbf_cw.pth
thubenchmark,tsception,43,fbf,cw,full_test,raw,robust,0.009523809523809525,ad_data/exp031/exp031_full_20260729_174215/thubenchmark_tsception_seed43_fbf_cw.pth
thubenchmark,tsception,43,ea_forward,autoattack,full_test,raw,clean,0.015476190476190477,ad_data/exp031/exp031_full_20260729_174215/thubenchmark_tsception_seed43_ea_forward_autoattack.pth
thubenchmark,tsception,43,ea_forward,autoattack,full_test,raw,robust,0.015476190476190477,ad_data/exp031/exp031_full_20260729_174215/thubenchmark_tsception_seed43_ea_forward_autoattack.pth
thubenchmark,tsception,43,ea_forward,fgsm,full_test,raw,clean,0.015476190476190477,ad_data/exp031/exp031_full_20260729_174215/thubenchmark_tsception_seed43_ea_forward_fgsm.pth
thubenchmark,tsception,43,ea_forward,fgsm,full_test,raw,robust,0.015476190476190477,ad_data/exp031/exp031_full_20260729_174215/thubenchmark_tsception_seed43_ea_forward_fgsm.pth
thubenchmark,tsception,43,ea_forward,pgd,full_test,raw,clean,0.015476190476190477,ad_data/exp031/exp031_full_20260729_174215/thubenchmark_tsception_seed43_ea_forward_pgd.pth
thubenchmark,tsception,43,ea_forward,pgd,full_test,raw,robust,0.015476190476190477,ad_data/exp031/exp031_full_20260729_174215/thubenchmark_tsception_seed43_ea_forward_pgd.pth
thubenchmark,tsception,43,ea_forward,cw,full_test,raw,clean,0.015476190476190477,ad_data/exp031/exp031_full_20260729_174215/thubenchmark_tsception_seed43_ea_forward_cw.pth
thubenchmark,tsception,43,ea_forward,cw,full_test,raw,robust,0.015476190476190477,ad_data/exp031/exp031_full_20260729_174215/thubenchmark_tsception_seed43_ea_forward_cw.pth
thubenchmark,tsception,43,rpcf_at,autoattack,full_test,raw,clean,0.7892857142857143,ad_data/exp031/exp031_full_20260729_174215/thubenchmark_tsception_seed43_rpcf_at_autoattack.pth
thubenchmark,tsception,43,rpcf_at,autoattack,full_test,raw,robust,0.33690476190476193,ad_data/exp031/exp031_full_20260729_174215/thubenchmark_tsception_seed43_rpcf_at_autoattack.pth
thubenchmark,tsception,43,rpcf_at,fgsm,full_test,raw,clean,0.7892857142857143,ad_data/exp031/exp031_full_20260729_174215/thubenchmark_tsception_seed43_rpcf_at_fgsm.pth
thubenchmark,tsception,43,rpcf_at,fgsm,full_test,raw,robust,0.4452380952380952,ad_data/exp031/exp031_full_20260729_174215/thubenchmark_tsception_seed43_rpcf_at_fgsm.pth
thubenchmark,tsception,43,rpcf_at,pgd,full_test,raw,clean,0.7892857142857143,ad_data/exp031/exp031_full_20260729_174215/thubenchmark_tsception_seed43_rpcf_at_pgd.pth
thubenchmark,tsception,43,rpcf_at,pgd,full_test,raw,robust,0.36428571428571427,ad_data/exp031/exp031_full_20260729_174215/thubenchmark_tsception_seed43_rpcf_at_pgd.pth
thubenchmark,tsception,43,rpcf_at,cw,full_test,raw,clean,0.7892857142857143,ad_data/exp031/exp031_full_20260729_174215/thubenchmark_tsception_seed43_rpcf_at_cw.pth
thubenchmark,tsception,43,rpcf_at,cw,full_test,raw,robust,0.005952380952380952,ad_data/exp031/exp031_full_20260729_174215/thubenchmark_tsception_seed43_rpcf_at_cw.pth
thubenchmark,tsception,44,madry,autoattack,full_test,raw,clean,0.7607142857142857,ad_data/exp031/exp031_full_20260729_174215/thubenchmark_tsception_seed44_madry_autoattack.pth
thubenchmark,tsception,44,madry,autoattack,full_test,raw,robust,0.35119047619047616,ad_data/exp031/exp031_full_20260729_174215/thubenchmark_tsception_seed44_madry_autoattack.pth
thubenchmark,tsception,44,madry,fgsm,full_test,raw,clean,0.7607142857142857,ad_data/exp031/exp031_full_20260729_174215/thubenchmark_tsception_seed44_madry_fgsm.pth
thubenchmark,tsception,44,madry,fgsm,full_test,raw,robust,0.46904761904761905,ad_data/exp031/exp031_full_20260729_174215/thubenchmark_tsception_seed44_madry_fgsm.pth
thubenchmark,tsception,44,madry,pgd,full_test,raw,clean,0.7607142857142857,ad_data/exp031/exp031_full_20260729_174215/thubenchmark_tsception_seed44_madry_pgd.pth
thubenchmark,tsception,44,madry,pgd,full_test,raw,robust,0.38095238095238093,ad_data/exp031/exp031_full_20260729_174215/thubenchmark_tsception_seed44_madry_pgd.pth
thubenchmark,tsception,44,madry,cw,full_test,raw,clean,0.7607142857142857,ad_data/exp031/exp031_full_20260729_174215/thubenchmark_tsception_seed44_madry_cw.pth
thubenchmark,tsception,44,madry,cw,full_test,raw,robust,0.002380952380952381,ad_data/exp031/exp031_full_20260729_174215/thubenchmark_tsception_seed44_madry_cw.pth
thubenchmark,tsception,44,trades,autoattack,full_test,raw,clean,0.7523809523809524,ad_data/exp031/exp031_full_20260729_174215/thubenchmark_tsception_seed44_trades_autoattack.pth
thubenchmark,tsception,44,trades,autoattack,full_test,raw,robust,0.07976190476190476,ad_data/exp031/exp031_full_20260729_174215/thubenchmark_tsception_seed44_trades_autoattack.pth
thubenchmark,tsception,44,trades,fgsm,full_test,raw,clean,0.7523809523809524,ad_data/exp031/exp031_full_20260729_174215/thubenchmark_tsception_seed44_trades_fgsm.pth
thubenchmark,tsception,44,trades,fgsm,full_test,raw,robust,0.1630952380952381,ad_data/exp031/exp031_full_20260729_174215/thubenchmark_tsception_seed44_trades_fgsm.pth
thubenchmark,tsception,44,trades,pgd,full_test,raw,clean,0.7523809523809524,ad_data/exp031/exp031_full_20260729_174215/thubenchmark_tsception_seed44_trades_pgd.pth
thubenchmark,tsception,44,trades,pgd,full_test,raw,robust,0.08452380952380953,ad_data/exp031/exp031_full_20260729_174215/thubenchmark_tsception_seed44_trades_pgd.pth
thubenchmark,tsception,44,trades,cw,full_test,raw,clean,0.7523809523809524,ad_data/exp031/exp031_full_20260729_174215/thubenchmark_tsception_seed44_trades_cw.pth
thubenchmark,tsception,44,trades,cw,full_test,raw,robust,0.010714285714285714,ad_data/exp031/exp031_full_20260729_174215/thubenchmark_tsception_seed44_trades_cw.pth
thubenchmark,tsception,44,fbf,autoattack,full_test,raw,clean,0.7952380952380952,ad_data/exp031/exp031_full_20260729_174215/thubenchmark_tsception_seed44_fbf_autoattack.pth
thubenchmark,tsception,44,fbf,autoattack,full_test,raw,robust,0.06904761904761905,ad_data/exp031/exp031_full_20260729_174215/thubenchmark_tsception_seed44_fbf_autoattack.pth
thubenchmark,tsception,44,fbf,fgsm,full_test,raw,clean,0.7952380952380952,ad_data/exp031/exp031_full_20260729_174215/thubenchmark_tsception_seed44_fbf_fgsm.pth
thubenchmark,tsception,44,fbf,fgsm,full_test,raw,robust,0.1488095238095238,ad_data/exp031/exp031_full_20260729_174215/thubenchmark_tsception_seed44_fbf_fgsm.pth
thubenchmark,tsception,44,fbf,pgd,full_test,raw,clean,0.7952380952380952,ad_data/exp031/exp031_full_20260729_174215/thubenchmark_tsception_seed44_fbf_pgd.pth
thubenchmark,tsception,44,fbf,pgd,full_test,raw,robust,0.075,ad_data/exp031/exp031_full_20260729_174215/thubenchmark_tsception_seed44_fbf_pgd.pth
thubenchmark,tsception,44,fbf,cw,full_test,raw,clean,0.7952380952380952,ad_data/exp031/exp031_full_20260729_174215/thubenchmark_tsception_seed44_fbf_cw.pth
thubenchmark,tsception,44,fbf,cw,full_test,raw,robust,0.030952380952380953,ad_data/exp031/exp031_full_20260729_174215/thubenchmark_tsception_seed44_fbf_cw.pth
thubenchmark,tsception,44,ea_forward,autoattack,full_test,raw,clean,0.02142857142857143,ad_data/exp031/exp031_full_20260729_174215/thubenchmark_tsception_seed44_ea_forward_autoattack.pth
thubenchmark,tsception,44,ea_forward,autoattack,full_test,raw,robust,0.02142857142857143,ad_data/exp031/exp031_full_20260729_174215/thubenchmark_tsception_seed44_ea_forward_autoattack.pth
thubenchmark,tsception,44,ea_forward,fgsm,full_test,raw,clean,0.02142857142857143,ad_data/exp031/exp031_full_20260729_174215/thubenchmark_tsception_seed44_ea_forward_fgsm.pth
thubenchmark,tsception,44,ea_forward,fgsm,full_test,raw,robust,0.02142857142857143,ad_data/exp031/exp031_full_20260729_174215/thubenchmark_tsception_seed44_ea_forward_fgsm.pth
thubenchmark,tsception,44,ea_forward,pgd,full_test,raw,clean,0.02142857142857143,ad_data/exp031/exp031_full_20260729_174215/thubenchmark_tsception_seed44_ea_forward_pgd.pth
thubenchmark,tsception,44,ea_forward,pgd,full_test,raw,robust,0.02142857142857143,ad_data/exp031/exp031_full_20260729_174215/thubenchmark_tsception_seed44_ea_forward_pgd.pth
thubenchmark,tsception,44,ea_forward,cw,full_test,raw,clean,0.02142857142857143,ad_data/exp031/exp031_full_20260729_174215/thubenchmark_tsception_seed44_ea_forward_cw.pth
thubenchmark,tsception,44,ea_forward,cw,full_test,raw,robust,0.02142857142857143,ad_data/exp031/exp031_full_20260729_174215/thubenchmark_tsception_seed44_ea_forward_cw.pth
thubenchmark,tsception,44,rpcf_at,autoattack,full_test,raw,clean,0.7845238095238095,ad_data/exp031/exp031_full_20260729_174215/thubenchmark_tsception_seed44_rpcf_at_autoattack.pth
thubenchmark,tsception,44,rpcf_at,autoattack,full_test,raw,robust,0.33690476190476193,ad_data/exp031/exp031_full_20260729_174215/thubenchmark_tsception_seed44_rpcf_at_autoattack.pth
thubenchmark,tsception,44,rpcf_at,fgsm,full_test,raw,clean,0.7845238095238095,ad_data/exp031/exp031_full_20260729_174215/thubenchmark_tsception_seed44_rpcf_at_fgsm.pth
thubenchmark,tsception,44,rpcf_at,fgsm,full_test,raw,robust,0.44642857142857145,ad_data/exp031/exp031_full_20260729_174215/thubenchmark_tsception_seed44_rpcf_at_fgsm.pth
thubenchmark,tsception,44,rpcf_at,pgd,full_test,raw,clean,0.7845238095238095,ad_data/exp031/exp031_full_20260729_174215/thubenchmark_tsception_seed44_rpcf_at_pgd.pth
thubenchmark,tsception,44,rpcf_at,pgd,full_test,raw,robust,0.37023809523809526,ad_data/exp031/exp031_full_20260729_174215/thubenchmark_tsception_seed44_rpcf_at_pgd.pth
thubenchmark,tsception,44,rpcf_at,cw,full_test,raw,clean,0.7845238095238095,ad_data/exp031/exp031_full_20260729_174215/thubenchmark_tsception_seed44_rpcf_at_cw.pth
thubenchmark,tsception,44,rpcf_at,cw,full_test,raw,robust,0.007142857142857143,ad_data/exp031/exp031_full_20260729_174215/thubenchmark_tsception_seed44_rpcf_at_cw.pth
thubenchmark,tsception,45,madry,autoattack,full_test,raw,clean,0.825,ad_data/exp031/exp031_full_20260729_174215/thubenchmark_tsception_seed45_madry_autoattack.pth
thubenchmark,tsception,45,madry,autoattack,full_test,raw,robust,0.41309523809523807,ad_data/exp031/exp031_full_20260729_174215/thubenchmark_tsception_seed45_madry_autoattack.pth
thubenchmark,tsception,45,madry,fgsm,full_test,raw,clean,0.825,ad_data/exp031/exp031_full_20260729_174215/thubenchmark_tsception_seed45_madry_fgsm.pth
thubenchmark,tsception,45,madry,fgsm,full_test,raw,robust,0.5333333333333333,ad_data/exp031/exp031_full_20260729_174215/thubenchmark_tsception_seed45_madry_fgsm.pth
thubenchmark,tsception,45,madry,pgd,full_test,raw,clean,0.825,ad_data/exp031/exp031_full_20260729_174215/thubenchmark_tsception_seed45_madry_pgd.pth
thubenchmark,tsception,45,madry,pgd,full_test,raw,robust,0.4452380952380952,ad_data/exp031/exp031_full_20260729_174215/thubenchmark_tsception_seed45_madry_pgd.pth
thubenchmark,tsception,45,madry,cw,full_test,raw,clean,0.825,ad_data/exp031/exp031_full_20260729_174215/thubenchmark_tsception_seed45_madry_cw.pth
thubenchmark,tsception,45,madry,cw,full_test,raw,robust,0.0035714285714285713,ad_data/exp031/exp031_full_20260729_174215/thubenchmark_tsception_seed45_madry_cw.pth
thubenchmark,tsception,45,trades,autoattack,full_test,raw,clean,0.8,ad_data/exp031/exp031_full_20260729_174215/thubenchmark_tsception_seed45_trades_autoattack.pth
thubenchmark,tsception,45,trades,autoattack,full_test,raw,robust,0.10238095238095238,ad_data/exp031/exp031_full_20260729_174215/thubenchmark_tsception_seed45_trades_autoattack.pth
thubenchmark,tsception,45,trades,fgsm,full_test,raw,clean,0.8,ad_data/exp031/exp031_full_20260729_174215/thubenchmark_tsception_seed45_trades_fgsm.pth
thubenchmark,tsception,45,trades,fgsm,full_test,raw,robust,0.1880952380952381,ad_data/exp031/exp031_full_20260729_174215/thubenchmark_tsception_seed45_trades_fgsm.pth
thubenchmark,tsception,45,trades,pgd,full_test,raw,clean,0.8,ad_data/exp031/exp031_full_20260729_174215/thubenchmark_tsception_seed45_trades_pgd.pth
thubenchmark,tsception,45,trades,pgd,full_test,raw,robust,0.11190476190476191,ad_data/exp031/exp031_full_20260729_174215/thubenchmark_tsception_seed45_trades_pgd.pth
thubenchmark,tsception,45,trades,cw,full_test,raw,clean,0.8,ad_data/exp031/exp031_full_20260729_174215/thubenchmark_tsception_seed45_trades_cw.pth
thubenchmark,tsception,45,trades,cw,full_test,raw,robust,0.010714285714285714,ad_data/exp031/exp031_full_20260729_174215/thubenchmark_tsception_seed45_trades_cw.pth
thubenchmark,tsception,45,fbf,autoattack,full_test,raw,clean,0.8047619047619048,ad_data/exp031/exp031_full_20260729_174215/thubenchmark_tsception_seed45_fbf_autoattack.pth
thubenchmark,tsception,45,fbf,autoattack,full_test,raw,robust,0.05238095238095238,ad_data/exp031/exp031_full_20260729_174215/thubenchmark_tsception_seed45_fbf_autoattack.pth
thubenchmark,tsception,45,fbf,fgsm,full_test,raw,clean,0.8047619047619048,ad_data/exp031/exp031_full_20260729_174215/thubenchmark_tsception_seed45_fbf_fgsm.pth
thubenchmark,tsception,45,fbf,fgsm,full_test,raw,robust,0.11785714285714285,ad_data/exp031/exp031_full_20260729_174215/thubenchmark_tsception_seed45_fbf_fgsm.pth
thubenchmark,tsception,45,fbf,pgd,full_test,raw,clean,0.8047619047619048,ad_data/exp031/exp031_full_20260729_174215/thubenchmark_tsception_seed45_fbf_pgd.pth
thubenchmark,tsception,45,fbf,pgd,full_test,raw,robust,0.05714285714285714,ad_data/exp031/exp031_full_20260729_174215/thubenchmark_tsception_seed45_fbf_pgd.pth
thubenchmark,tsception,45,fbf,cw,full_test,raw,clean,0.8047619047619048,ad_data/exp031/exp031_full_20260729_174215/thubenchmark_tsception_seed45_fbf_cw.pth
thubenchmark,tsception,45,fbf,cw,full_test,raw,robust,0.016666666666666666,ad_data/exp031/exp031_full_20260729_174215/thubenchmark_tsception_seed45_fbf_cw.pth
thubenchmark,tsception,45,ea_forward,autoattack,full_test,raw,clean,0.017857142857142856,ad_data/exp031/exp031_full_20260729_174215/thubenchmark_tsception_seed45_ea_forward_autoattack.pth
thubenchmark,tsception,45,ea_forward,autoattack,full_test,raw,robust,0.016666666666666666,ad_data/exp031/exp031_full_20260729_174215/thubenchmark_tsception_seed45_ea_forward_autoattack.pth
thubenchmark,tsception,45,ea_forward,fgsm,full_test,raw,clean,0.017857142857142856,ad_data/exp031/exp031_full_20260729_174215/thubenchmark_tsception_seed45_ea_forward_fgsm.pth
thubenchmark,tsception,45,ea_forward,fgsm,full_test,raw,robust,0.017857142857142856,ad_data/exp031/exp031_full_20260729_174215/thubenchmark_tsception_seed45_ea_forward_fgsm.pth
thubenchmark,tsception,45,ea_forward,pgd,full_test,raw,clean,0.017857142857142856,ad_data/exp031/exp031_full_20260729_174215/thubenchmark_tsception_seed45_ea_forward_pgd.pth
thubenchmark,tsception,45,ea_forward,pgd,full_test,raw,robust,0.016666666666666666,ad_data/exp031/exp031_full_20260729_174215/thubenchmark_tsception_seed45_ea_forward_pgd.pth
thubenchmark,tsception,45,ea_forward,cw,full_test,raw,clean,0.017857142857142856,ad_data/exp031/exp031_full_20260729_174215/thubenchmark_tsception_seed45_ea_forward_cw.pth
thubenchmark,tsception,45,ea_forward,cw,full_test,raw,robust,0.016666666666666666,ad_data/exp031/exp031_full_20260729_174215/thubenchmark_tsception_seed45_ea_forward_cw.pth
thubenchmark,tsception,45,rpcf_at,autoattack,full_test,raw,clean,0.7869047619047619,ad_data/exp031/exp031_full_20260729_174215/thubenchmark_tsception_seed45_rpcf_at_autoattack.pth
thubenchmark,tsception,45,rpcf_at,autoattack,full_test,raw,robust,0.3869047619047619,ad_data/exp031/exp031_full_20260729_174215/thubenchmark_tsception_seed45_rpcf_at_autoattack.pth
thubenchmark,tsception,45,rpcf_at,fgsm,full_test,raw,clean,0.7869047619047619,ad_data/exp031/exp031_full_20260729_174215/thubenchmark_tsception_seed45_rpcf_at_fgsm.pth
thubenchmark,tsception,45,rpcf_at,fgsm,full_test,raw,robust,0.49047619047619045,ad_data/exp031/exp031_full_20260729_174215/thubenchmark_tsception_seed45_rpcf_at_fgsm.pth
thubenchmark,tsception,45,rpcf_at,pgd,full_test,raw,clean,0.7869047619047619,ad_data/exp031/exp031_full_20260729_174215/thubenchmark_tsception_seed45_rpcf_at_pgd.pth
thubenchmark,tsception,45,rpcf_at,pgd,full_test,raw,robust,0.4083333333333333,ad_data/exp031/exp031_full_20260729_174215/thubenchmark_tsception_seed45_rpcf_at_pgd.pth
thubenchmark,tsception,45,rpcf_at,cw,full_test,raw,clean,0.7869047619047619,ad_data/exp031/exp031_full_20260729_174215/thubenchmark_tsception_seed45_rpcf_at_cw.pth
thubenchmark,tsception,45,rpcf_at,cw,full_test,raw,robust,0.004761904761904762,ad_data/exp031/exp031_full_20260729_174215/thubenchmark_tsception_seed45_rpcf_at_cw.pth
thubenchmark,tsception,46,madry,autoattack,full_test,raw,clean,0.7976190476190477,ad_data/exp031/exp031_full_20260729_174215/thubenchmark_tsception_seed46_madry_autoattack.pth
thubenchmark,tsception,46,madry,autoattack,full_test,raw,robust,0.3333333333333333,ad_data/exp031/exp031_full_20260729_174215/thubenchmark_tsception_seed46_madry_autoattack.pth
thubenchmark,tsception,46,madry,fgsm,full_test,raw,clean,0.7976190476190477,ad_data/exp031/exp031_full_20260729_174215/thubenchmark_tsception_seed46_madry_fgsm.pth
thubenchmark,tsception,46,madry,fgsm,full_test,raw,robust,0.4642857142857143,ad_data/exp031/exp031_full_20260729_174215/thubenchmark_tsception_seed46_madry_fgsm.pth
thubenchmark,tsception,46,madry,pgd,full_test,raw,clean,0.7976190476190477,ad_data/exp031/exp031_full_20260729_174215/thubenchmark_tsception_seed46_madry_pgd.pth
thubenchmark,tsception,46,madry,pgd,full_test,raw,robust,0.375,ad_data/exp031/exp031_full_20260729_174215/thubenchmark_tsception_seed46_madry_pgd.pth
thubenchmark,tsception,46,madry,cw,full_test,raw,clean,0.7976190476190477,ad_data/exp031/exp031_full_20260729_174215/thubenchmark_tsception_seed46_madry_cw.pth
thubenchmark,tsception,46,madry,cw,full_test,raw,robust,0.0011904761904761906,ad_data/exp031/exp031_full_20260729_174215/thubenchmark_tsception_seed46_madry_cw.pth
thubenchmark,tsception,46,trades,autoattack,full_test,raw,clean,0.7773809523809524,ad_data/exp031/exp031_full_20260729_174215/thubenchmark_tsception_seed46_trades_autoattack.pth
thubenchmark,tsception,46,trades,autoattack,full_test,raw,robust,0.10714285714285714,ad_data/exp031/exp031_full_20260729_174215/thubenchmark_tsception_seed46_trades_autoattack.pth
thubenchmark,tsception,46,trades,fgsm,full_test,raw,clean,0.7773809523809524,ad_data/exp031/exp031_full_20260729_174215/thubenchmark_tsception_seed46_trades_fgsm.pth
thubenchmark,tsception,46,trades,fgsm,full_test,raw,robust,0.1880952380952381,ad_data/exp031/exp031_full_20260729_174215/thubenchmark_tsception_seed46_trades_fgsm.pth
thubenchmark,tsception,46,trades,pgd,full_test,raw,clean,0.7773809523809524,ad_data/exp031/exp031_full_20260729_174215/thubenchmark_tsception_seed46_trades_pgd.pth
thubenchmark,tsception,46,trades,pgd,full_test,raw,robust,0.11071428571428571,ad_data/exp031/exp031_full_20260729_174215/thubenchmark_tsception_seed46_trades_pgd.pth
thubenchmark,tsception,46,trades,cw,full_test,raw,clean,0.7773809523809524,ad_data/exp031/exp031_full_20260729_174215/thubenchmark_tsception_seed46_trades_cw.pth
thubenchmark,tsception,46,trades,cw,full_test,raw,robust,0.002380952380952381,ad_data/exp031/exp031_full_20260729_174215/thubenchmark_tsception_seed46_trades_cw.pth
thubenchmark,tsception,46,fbf,autoattack,full_test,raw,clean,0.7845238095238095,ad_data/exp031/exp031_full_20260729_174215/thubenchmark_tsception_seed46_fbf_autoattack.pth
thubenchmark,tsception,46,fbf,autoattack,full_test,raw,robust,0.047619047619047616,ad_data/exp031/exp031_full_20260729_174215/thubenchmark_tsception_seed46_fbf_autoattack.pth
thubenchmark,tsception,46,fbf,fgsm,full_test,raw,clean,0.7845238095238095,ad_data/exp031/exp031_full_20260729_174215/thubenchmark_tsception_seed46_fbf_fgsm.pth
thubenchmark,tsception,46,fbf,fgsm,full_test,raw,robust,0.125,ad_data/exp031/exp031_full_20260729_174215/thubenchmark_tsception_seed46_fbf_fgsm.pth
thubenchmark,tsception,46,fbf,pgd,full_test,raw,clean,0.7845238095238095,ad_data/exp031/exp031_full_20260729_174215/thubenchmark_tsception_seed46_fbf_pgd.pth
thubenchmark,tsception,46,fbf,pgd,full_test,raw,robust,0.05,ad_data/exp031/exp031_full_20260729_174215/thubenchmark_tsception_seed46_fbf_pgd.pth
thubenchmark,tsception,46,fbf,cw,full_test,raw,clean,0.7845238095238095,ad_data/exp031/exp031_full_20260729_174215/thubenchmark_tsception_seed46_fbf_cw.pth
thubenchmark,tsception,46,fbf,cw,full_test,raw,robust,0.007142857142857143,ad_data/exp031/exp031_full_20260729_174215/thubenchmark_tsception_seed46_fbf_cw.pth
thubenchmark,tsception,46,ea_forward,autoattack,full_test,raw,clean,0.017857142857142856,ad_data/exp031/exp031_full_20260729_174215/thubenchmark_tsception_seed46_ea_forward_autoattack.pth
thubenchmark,tsception,46,ea_forward,autoattack,full_test,raw,robust,0.017857142857142856,ad_data/exp031/exp031_full_20260729_174215/thubenchmark_tsception_seed46_ea_forward_autoattack.pth
thubenchmark,tsception,46,ea_forward,fgsm,full_test,raw,clean,0.017857142857142856,ad_data/exp031/exp031_full_20260729_174215/thubenchmark_tsception_seed46_ea_forward_fgsm.pth
thubenchmark,tsception,46,ea_forward,fgsm,full_test,raw,robust,0.017857142857142856,ad_data/exp031/exp031_full_20260729_174215/thubenchmark_tsception_seed46_ea_forward_fgsm.pth
thubenchmark,tsception,46,ea_forward,pgd,full_test,raw,clean,0.017857142857142856,ad_data/exp031/exp031_full_20260729_174215/thubenchmark_tsception_seed46_ea_forward_pgd.pth
thubenchmark,tsception,46,ea_forward,pgd,full_test,raw,robust,0.017857142857142856,ad_data/exp031/exp031_full_20260729_174215/thubenchmark_tsception_seed46_ea_forward_pgd.pth
thubenchmark,tsception,46,ea_forward,cw,full_test,raw,clean,0.017857142857142856,ad_data/exp031/exp031_full_20260729_174215/thubenchmark_tsception_seed46_ea_forward_cw.pth
thubenchmark,tsception,46,ea_forward,cw,full_test,raw,robust,0.017857142857142856,ad_data/exp031/exp031_full_20260729_174215/thubenchmark_tsception_seed46_ea_forward_cw.pth
thubenchmark,tsception,46,rpcf_at,autoattack,full_test,raw,clean,0.7988095238095239,ad_data/exp031/exp031_full_20260729_174215/thubenchmark_tsception_seed46_rpcf_at_autoattack.pth
thubenchmark,tsception,46,rpcf_at,autoattack,full_test,raw,robust,0.325,ad_data/exp031/exp031_full_20260729_174215/thubenchmark_tsception_seed46_rpcf_at_autoattack.pth
thubenchmark,tsception,46,rpcf_at,fgsm,full_test,raw,clean,0.7988095238095239,ad_data/exp031/exp031_full_20260729_174215/thubenchmark_tsception_seed46_rpcf_at_fgsm.pth
thubenchmark,tsception,46,rpcf_at,fgsm,full_test,raw,robust,0.45595238095238094,ad_data/exp031/exp031_full_20260729_174215/thubenchmark_tsception_seed46_rpcf_at_fgsm.pth
thubenchmark,tsception,46,rpcf_at,pgd,full_test,raw,clean,0.7988095238095239,ad_data/exp031/exp031_full_20260729_174215/thubenchmark_tsception_seed46_rpcf_at_pgd.pth
thubenchmark,tsception,46,rpcf_at,pgd,full_test,raw,robust,0.34285714285714286,ad_data/exp031/exp031_full_20260729_174215/thubenchmark_tsception_seed46_rpcf_at_pgd.pth
thubenchmark,tsception,46,rpcf_at,cw,full_test,raw,clean,0.7988095238095239,ad_data/exp031/exp031_full_20260729_174215/thubenchmark_tsception_seed46_rpcf_at_cw.pth
thubenchmark,tsception,46,rpcf_at,cw,full_test,raw,robust,0.002380952380952381,ad_data/exp031/exp031_full_20260729_174215/thubenchmark_tsception_seed46_rpcf_at_cw.pth
thubenchmark,atcnet,42,madry,autoattack,full_test,raw,clean,0.9588014981273408,ad_data/exp031/exp031_full_20260729_174215/thubenchmark_atcnet_seed42_madry_autoattack.pth
thubenchmark,atcnet,42,madry,autoattack,full_test,raw,robust,0.8751560549313359,ad_data/exp031/exp031_full_20260729_174215/thubenchmark_atcnet_seed42_madry_autoattack.pth
thubenchmark,atcnet,42,madry,fgsm,full_test,raw,clean,0.9588014981273408,ad_data/exp031/exp031_full_20260729_174215/thubenchmark_atcnet_seed42_madry_fgsm.pth
thubenchmark,atcnet,42,madry,fgsm,full_test,raw,robust,0.8926342072409488,ad_data/exp031/exp031_full_20260729_174215/thubenchmark_atcnet_seed42_madry_fgsm.pth
thubenchmark,atcnet,42,madry,pgd,full_test,raw,clean,0.9588014981273408,ad_data/exp031/exp031_full_20260729_174215/thubenchmark_atcnet_seed42_madry_pgd.pth
thubenchmark,atcnet,42,madry,pgd,full_test,raw,robust,0.8826466916354557,ad_data/exp031/exp031_full_20260729_174215/thubenchmark_atcnet_seed42_madry_pgd.pth
thubenchmark,atcnet,42,madry,cw,full_test,raw,clean,0.9588014981273408,ad_data/exp031/exp031_full_20260729_174215/thubenchmark_atcnet_seed42_madry_cw.pth
thubenchmark,atcnet,42,madry,cw,full_test,raw,robust,0.0,ad_data/exp031/exp031_full_20260729_174215/thubenchmark_atcnet_seed42_madry_cw.pth
thubenchmark,atcnet,42,trades,autoattack,full_test,raw,clean,0.9650436953807741,ad_data/exp031/exp031_full_20260729_174215/thubenchmark_atcnet_seed42_trades_autoattack.pth
thubenchmark,atcnet,42,trades,autoattack,full_test,raw,robust,0.8164794007490637,ad_data/exp031/exp031_full_20260729_174215/thubenchmark_atcnet_seed42_trades_autoattack.pth
thubenchmark,atcnet,42,trades,fgsm,full_test,raw,clean,0.9650436953807741,ad_data/exp031/exp031_full_20260729_174215/thubenchmark_atcnet_seed42_trades_fgsm.pth
thubenchmark,atcnet,42,trades,fgsm,full_test,raw,robust,0.83270911360799,ad_data/exp031/exp031_full_20260729_174215/thubenchmark_atcnet_seed42_trades_fgsm.pth
thubenchmark,atcnet,42,trades,pgd,full_test,raw,clean,0.9650436953807741,ad_data/exp031/exp031_full_20260729_174215/thubenchmark_atcnet_seed42_trades_pgd.pth
thubenchmark,atcnet,42,trades,pgd,full_test,raw,robust,0.8164794007490637,ad_data/exp031/exp031_full_20260729_174215/thubenchmark_atcnet_seed42_trades_pgd.pth
thubenchmark,atcnet,42,trades,cw,full_test,raw,clean,0.9650436953807741,ad_data/exp031/exp031_full_20260729_174215/thubenchmark_atcnet_seed42_trades_cw.pth
thubenchmark,atcnet,42,trades,cw,full_test,raw,robust,0.0012484394506866417,ad_data/exp031/exp031_full_20260729_174215/thubenchmark_atcnet_seed42_trades_cw.pth
thubenchmark,atcnet,42,fbf,autoattack,full_test,raw,clean,0.9650436953807741,ad_data/exp031/exp031_full_20260729_174215/thubenchmark_atcnet_seed42_fbf_autoattack.pth
thubenchmark,atcnet,42,fbf,autoattack,full_test,raw,robust,0.7228464419475655,ad_data/exp031/exp031_full_20260729_174215/thubenchmark_atcnet_seed42_fbf_autoattack.pth
thubenchmark,atcnet,42,fbf,fgsm,full_test,raw,clean,0.9650436953807741,ad_data/exp031/exp031_full_20260729_174215/thubenchmark_atcnet_seed42_fbf_fgsm.pth
thubenchmark,atcnet,42,fbf,fgsm,full_test,raw,robust,0.7528089887640449,ad_data/exp031/exp031_full_20260729_174215/thubenchmark_atcnet_seed42_fbf_fgsm.pth
thubenchmark,atcnet,42,fbf,pgd,full_test,raw,clean,0.9650436953807741,ad_data/exp031/exp031_full_20260729_174215/thubenchmark_atcnet_seed42_fbf_pgd.pth
thubenchmark,atcnet,42,fbf,pgd,full_test,raw,robust,0.7265917602996255,ad_data/exp031/exp031_full_20260729_174215/thubenchmark_atcnet_seed42_fbf_pgd.pth
thubenchmark,atcnet,42,fbf,cw,full_test,raw,clean,0.9650436953807741,ad_data/exp031/exp031_full_20260729_174215/thubenchmark_atcnet_seed42_fbf_cw.pth
thubenchmark,atcnet,42,fbf,cw,full_test,raw,robust,0.0,ad_data/exp031/exp031_full_20260729_174215/thubenchmark_atcnet_seed42_fbf_cw.pth
thubenchmark,atcnet,42,ea_forward,autoattack,full_test,raw,clean,0.9750312109862672,ad_data/exp031/exp031_full_20260729_174215/thubenchmark_atcnet_seed42_ea_forward_autoattack.pth
thubenchmark,atcnet,42,ea_forward,autoattack,full_test,raw,robust,0.33083645443196,ad_data/exp031/exp031_full_20260729_174215/thubenchmark_atcnet_seed42_ea_forward_autoattack.pth
thubenchmark,atcnet,42,ea_forward,fgsm,full_test,raw,clean,0.9875156054931336,ad_data/exp031/exp031_full_20260729_174215/thubenchmark_atcnet_seed42_ea_forward_fgsm.pth
thubenchmark,atcnet,42,ea_forward,fgsm,full_test,raw,robust,0.5905118601747815,ad_data/exp031/exp031_full_20260729_174215/thubenchmark_atcnet_seed42_ea_forward_fgsm.pth
thubenchmark,atcnet,42,ea_forward,pgd,full_test,raw,clean,0.9875156054931336,ad_data/exp031/exp031_full_20260729_174215/thubenchmark_atcnet_seed42_ea_forward_pgd.pth
thubenchmark,atcnet,42,ea_forward,pgd,full_test,raw,robust,0.28714107365792757,ad_data/exp031/exp031_full_20260729_174215/thubenchmark_atcnet_seed42_ea_forward_pgd.pth
thubenchmark,atcnet,42,ea_forward,cw,full_test,raw,clean,0.9875156054931336,ad_data/exp031/exp031_full_20260729_174215/thubenchmark_atcnet_seed42_ea_forward_cw.pth
thubenchmark,atcnet,42,ea_forward,cw,full_test,raw,robust,0.0,ad_data/exp031/exp031_full_20260729_174215/thubenchmark_atcnet_seed42_ea_forward_cw.pth
thubenchmark,atcnet,42,rpcf_at,autoattack,full_test,raw,clean,0.9650436953807741,ad_data/exp031/exp031_full_20260729_174215/thubenchmark_atcnet_seed42_rpcf_at_autoattack.pth
thubenchmark,atcnet,42,rpcf_at,autoattack,full_test,raw,robust,0.8789013732833958,ad_data/exp031/exp031_full_20260729_174215/thubenchmark_atcnet_seed42_rpcf_at_autoattack.pth
thubenchmark,atcnet,42,rpcf_at,fgsm,full_test,raw,clean,0.9650436953807741,ad_data/exp031/exp031_full_20260729_174215/thubenchmark_atcnet_seed42_rpcf_at_fgsm.pth
thubenchmark,atcnet,42,rpcf_at,fgsm,full_test,raw,robust,0.8838951310861424,ad_data/exp031/exp031_full_20260729_174215/thubenchmark_atcnet_seed42_rpcf_at_fgsm.pth
thubenchmark,atcnet,42,rpcf_at,pgd,full_test,raw,clean,0.9650436953807741,ad_data/exp031/exp031_full_20260729_174215/thubenchmark_atcnet_seed42_rpcf_at_pgd.pth
thubenchmark,atcnet,42,rpcf_at,pgd,full_test,raw,robust,0.8789013732833958,ad_data/exp031/exp031_full_20260729_174215/thubenchmark_atcnet_seed42_rpcf_at_pgd.pth
thubenchmark,atcnet,42,rpcf_at,cw,full_test,raw,clean,0.9650436953807741,ad_data/exp031/exp031_full_20260729_174215/thubenchmark_atcnet_seed42_rpcf_at_cw.pth
thubenchmark,atcnet,42,rpcf_at,cw,full_test,raw,robust,0.0,ad_data/exp031/exp031_full_20260729_174215/thubenchmark_atcnet_seed42_rpcf_at_cw.pth
thubenchmark,atcnet,43,madry,autoattack,full_test,raw,clean,0.9511904761904761,ad_data/exp031/exp031_full_20260729_174215/thubenchmark_atcnet_seed43_madry_autoattack.pth
thubenchmark,atcnet,43,madry,autoattack,full_test,raw,robust,0.8511904761904762,ad_data/exp031/exp031_full_20260729_174215/thubenchmark_atcnet_seed43_madry_autoattack.pth
thubenchmark,atcnet,43,madry,fgsm,full_test,raw,clean,0.9511904761904761,ad_data/exp031/exp031_full_20260729_174215/thubenchmark_atcnet_seed43_madry_fgsm.pth
thubenchmark,atcnet,43,madry,fgsm,full_test,raw,robust,0.8583333333333333,ad_data/exp031/exp031_full_20260729_174215/thubenchmark_atcnet_seed43_madry_fgsm.pth
thubenchmark,atcnet,43,madry,pgd,full_test,raw,clean,0.9511904761904761,ad_data/exp031/exp031_full_20260729_174215/thubenchmark_atcnet_seed43_madry_pgd.pth
thubenchmark,atcnet,43,madry,pgd,full_test,raw,robust,0.8511904761904762,ad_data/exp031/exp031_full_20260729_174215/thubenchmark_atcnet_seed43_madry_pgd.pth
thubenchmark,atcnet,43,madry,cw,full_test,raw,clean,0.9511904761904761,ad_data/exp031/exp031_full_20260729_174215/thubenchmark_atcnet_seed43_madry_cw.pth
thubenchmark,atcnet,43,madry,cw,full_test,raw,robust,0.0,ad_data/exp031/exp031_full_20260729_174215/thubenchmark_atcnet_seed43_madry_cw.pth
thubenchmark,atcnet,43,trades,autoattack,full_test,raw,clean,0.9583333333333334,ad_data/exp031/exp031_full_20260729_174215/thubenchmark_atcnet_seed43_trades_autoattack.pth
thubenchmark,atcnet,43,trades,autoattack,full_test,raw,robust,0.7797619047619048,ad_data/exp031/exp031_full_20260729_174215/thubenchmark_atcnet_seed43_trades_autoattack.pth
thubenchmark,atcnet,43,trades,fgsm,full_test,raw,clean,0.9583333333333334,ad_data/exp031/exp031_full_20260729_174215/thubenchmark_atcnet_seed43_trades_fgsm.pth
thubenchmark,atcnet,43,trades,fgsm,full_test,raw,robust,0.8035714285714286,ad_data/exp031/exp031_full_20260729_174215/thubenchmark_atcnet_seed43_trades_fgsm.pth
thubenchmark,atcnet,43,trades,pgd,full_test,raw,clean,0.9583333333333334,ad_data/exp031/exp031_full_20260729_174215/thubenchmark_atcnet_seed43_trades_pgd.pth
thubenchmark,atcnet,43,trades,pgd,full_test,raw,robust,0.7797619047619048,ad_data/exp031/exp031_full_20260729_174215/thubenchmark_atcnet_seed43_trades_pgd.pth
thubenchmark,atcnet,43,trades,cw,full_test,raw,clean,0.9583333333333334,ad_data/exp031/exp031_full_20260729_174215/thubenchmark_atcnet_seed43_trades_cw.pth
thubenchmark,atcnet,43,trades,cw,full_test,raw,robust,0.002380952380952381,ad_data/exp031/exp031_full_20260729_174215/thubenchmark_atcnet_seed43_trades_cw.pth
thubenchmark,atcnet,43,fbf,autoattack,full_test,raw,clean,0.9642857142857143,ad_data/exp031/exp031_full_20260729_174215/thubenchmark_atcnet_seed43_fbf_autoattack.pth
thubenchmark,atcnet,43,fbf,autoattack,full_test,raw,robust,0.6821428571428572,ad_data/exp031/exp031_full_20260729_174215/thubenchmark_atcnet_seed43_fbf_autoattack.pth
thubenchmark,atcnet,43,fbf,fgsm,full_test,raw,clean,0.9642857142857143,ad_data/exp031/exp031_full_20260729_174215/thubenchmark_atcnet_seed43_fbf_fgsm.pth
thubenchmark,atcnet,43,fbf,fgsm,full_test,raw,robust,0.7238095238095238,ad_data/exp031/exp031_full_20260729_174215/thubenchmark_atcnet_seed43_fbf_fgsm.pth
thubenchmark,atcnet,43,fbf,pgd,full_test,raw,clean,0.9642857142857143,ad_data/exp031/exp031_full_20260729_174215/thubenchmark_atcnet_seed43_fbf_pgd.pth
thubenchmark,atcnet,43,fbf,pgd,full_test,raw,robust,0.6857142857142857,ad_data/exp031/exp031_full_20260729_174215/thubenchmark_atcnet_seed43_fbf_pgd.pth
thubenchmark,atcnet,43,fbf,cw,full_test,raw,clean,0.9642857142857143,ad_data/exp031/exp031_full_20260729_174215/thubenchmark_atcnet_seed43_fbf_cw.pth
thubenchmark,atcnet,43,fbf,cw,full_test,raw,robust,0.0,ad_data/exp031/exp031_full_20260729_174215/thubenchmark_atcnet_seed43_fbf_cw.pth
thubenchmark,atcnet,43,ea_forward,autoattack,full_test,raw,clean,0.9654761904761905,ad_data/exp031/exp031_full_20260729_174215/thubenchmark_atcnet_seed43_ea_forward_autoattack.pth
thubenchmark,atcnet,43,ea_forward,autoattack,full_test,raw,robust,0.3130952380952381,ad_data/exp031/exp031_full_20260729_174215/thubenchmark_atcnet_seed43_ea_forward_autoattack.pth
thubenchmark,atcnet,43,ea_forward,fgsm,full_test,raw,clean,0.9738095238095238,ad_data/exp031/exp031_full_20260729_174215/thubenchmark_atcnet_seed43_ea_forward_fgsm.pth
thubenchmark,atcnet,43,ea_forward,fgsm,full_test,raw,robust,0.6071428571428571,ad_data/exp031/exp031_full_20260729_174215/thubenchmark_atcnet_seed43_ea_forward_fgsm.pth
thubenchmark,atcnet,43,ea_forward,pgd,full_test,raw,clean,0.9738095238095238,ad_data/exp031/exp031_full_20260729_174215/thubenchmark_atcnet_seed43_ea_forward_pgd.pth
thubenchmark,atcnet,43,ea_forward,pgd,full_test,raw,robust,0.2726190476190476,ad_data/exp031/exp031_full_20260729_174215/thubenchmark_atcnet_seed43_ea_forward_pgd.pth
thubenchmark,atcnet,43,ea_forward,cw,full_test,raw,clean,0.9738095238095238,ad_data/exp031/exp031_full_20260729_174215/thubenchmark_atcnet_seed43_ea_forward_cw.pth
thubenchmark,atcnet,43,ea_forward,cw,full_test,raw,robust,0.0,ad_data/exp031/exp031_full_20260729_174215/thubenchmark_atcnet_seed43_ea_forward_cw.pth
thubenchmark,atcnet,43,rpcf_at,autoattack,full_test,raw,clean,0.9511904761904761,ad_data/exp031/exp031_full_20260729_174215/thubenchmark_atcnet_seed43_rpcf_at_autoattack.pth
thubenchmark,atcnet,43,rpcf_at,autoattack,full_test,raw,robust,0.861904761904762,ad_data/exp031/exp031_full_20260729_174215/thubenchmark_atcnet_seed43_rpcf_at_autoattack.pth
thubenchmark,atcnet,43,rpcf_at,fgsm,full_test,raw,clean,0.9511904761904761,ad_data/exp031/exp031_full_20260729_174215/thubenchmark_atcnet_seed43_rpcf_at_fgsm.pth
thubenchmark,atcnet,43,rpcf_at,fgsm,full_test,raw,robust,0.8738095238095238,ad_data/exp031/exp031_full_20260729_174215/thubenchmark_atcnet_seed43_rpcf_at_fgsm.pth
thubenchmark,atcnet,43,rpcf_at,pgd,full_test,raw,clean,0.9511904761904761,ad_data/exp031/exp031_full_20260729_174215/thubenchmark_atcnet_seed43_rpcf_at_pgd.pth
thubenchmark,atcnet,43,rpcf_at,pgd,full_test,raw,robust,0.8630952380952381,ad_data/exp031/exp031_full_20260729_174215/thubenchmark_atcnet_seed43_rpcf_at_pgd.pth
thubenchmark,atcnet,43,rpcf_at,cw,full_test,raw,clean,0.9511904761904761,ad_data/exp031/exp031_full_20260729_174215/thubenchmark_atcnet_seed43_rpcf_at_cw.pth
thubenchmark,atcnet,43,rpcf_at,cw,full_test,raw,robust,0.0,ad_data/exp031/exp031_full_20260729_174215/thubenchmark_atcnet_seed43_rpcf_at_cw.pth
thubenchmark,atcnet,44,madry,autoattack,full_test,raw,clean,0.9511904761904761,ad_data/exp031/exp031_full_20260729_174215/thubenchmark_atcnet_seed44_madry_autoattack.pth
thubenchmark,atcnet,44,madry,autoattack,full_test,raw,robust,0.8428571428571429,ad_data/exp031/exp031_full_20260729_174215/thubenchmark_atcnet_seed44_madry_autoattack.pth
thubenchmark,atcnet,44,madry,fgsm,full_test,raw,clean,0.9511904761904761,ad_data/exp031/exp031_full_20260729_174215/thubenchmark_atcnet_seed44_madry_fgsm.pth
thubenchmark,atcnet,44,madry,fgsm,full_test,raw,robust,0.85,ad_data/exp031/exp031_full_20260729_174215/thubenchmark_atcnet_seed44_madry_fgsm.pth
thubenchmark,atcnet,44,madry,pgd,full_test,raw,clean,0.9511904761904761,ad_data/exp031/exp031_full_20260729_174215/thubenchmark_atcnet_seed44_madry_pgd.pth
thubenchmark,atcnet,44,madry,pgd,full_test,raw,robust,0.8464285714285714,ad_data/exp031/exp031_full_20260729_174215/thubenchmark_atcnet_seed44_madry_pgd.pth
thubenchmark,atcnet,44,madry,cw,full_test,raw,clean,0.9511904761904761,ad_data/exp031/exp031_full_20260729_174215/thubenchmark_atcnet_seed44_madry_cw.pth
thubenchmark,atcnet,44,madry,cw,full_test,raw,robust,0.0,ad_data/exp031/exp031_full_20260729_174215/thubenchmark_atcnet_seed44_madry_cw.pth
thubenchmark,atcnet,44,trades,autoattack,full_test,raw,clean,0.9535714285714286,ad_data/exp031/exp031_full_20260729_174215/thubenchmark_atcnet_seed44_trades_autoattack.pth
thubenchmark,atcnet,44,trades,autoattack,full_test,raw,robust,0.8071428571428572,ad_data/exp031/exp031_full_20260729_174215/thubenchmark_atcnet_seed44_trades_autoattack.pth
thubenchmark,atcnet,44,trades,fgsm,full_test,raw,clean,0.9535714285714286,ad_data/exp031/exp031_full_20260729_174215/thubenchmark_atcnet_seed44_trades_fgsm.pth
thubenchmark,atcnet,44,trades,fgsm,full_test,raw,robust,0.8357142857142857,ad_data/exp031/exp031_full_20260729_174215/thubenchmark_atcnet_seed44_trades_fgsm.pth
thubenchmark,atcnet,44,trades,pgd,full_test,raw,clean,0.9535714285714286,ad_data/exp031/exp031_full_20260729_174215/thubenchmark_atcnet_seed44_trades_pgd.pth
thubenchmark,atcnet,44,trades,pgd,full_test,raw,robust,0.8071428571428572,ad_data/exp031/exp031_full_20260729_174215/thubenchmark_atcnet_seed44_trades_pgd.pth
thubenchmark,atcnet,44,trades,cw,full_test,raw,clean,0.9535714285714286,ad_data/exp031/exp031_full_20260729_174215/thubenchmark_atcnet_seed44_trades_cw.pth
thubenchmark,atcnet,44,trades,cw,full_test,raw,robust,0.0,ad_data/exp031/exp031_full_20260729_174215/thubenchmark_atcnet_seed44_trades_cw.pth
thubenchmark,atcnet,44,fbf,autoattack,full_test,raw,clean,0.9535714285714286,ad_data/exp031/exp031_full_20260729_174215/thubenchmark_atcnet_seed44_fbf_autoattack.pth
thubenchmark,atcnet,44,fbf,autoattack,full_test,raw,robust,0.6952380952380952,ad_data/exp031/exp031_full_20260729_174215/thubenchmark_atcnet_seed44_fbf_autoattack.pth
thubenchmark,atcnet,44,fbf,fgsm,full_test,raw,clean,0.9535714285714286,ad_data/exp031/exp031_full_20260729_174215/thubenchmark_atcnet_seed44_fbf_fgsm.pth
thubenchmark,atcnet,44,fbf,fgsm,full_test,raw,robust,0.7238095238095238,ad_data/exp031/exp031_full_20260729_174215/thubenchmark_atcnet_seed44_fbf_fgsm.pth
thubenchmark,atcnet,44,fbf,pgd,full_test,raw,clean,0.9535714285714286,ad_data/exp031/exp031_full_20260729_174215/thubenchmark_atcnet_seed44_fbf_pgd.pth
thubenchmark,atcnet,44,fbf,pgd,full_test,raw,robust,0.6964285714285714,ad_data/exp031/exp031_full_20260729_174215/thubenchmark_atcnet_seed44_fbf_pgd.pth
thubenchmark,atcnet,44,fbf,cw,full_test,raw,clean,0.9535714285714286,ad_data/exp031/exp031_full_20260729_174215/thubenchmark_atcnet_seed44_fbf_cw.pth
thubenchmark,atcnet,44,fbf,cw,full_test,raw,robust,0.0,ad_data/exp031/exp031_full_20260729_174215/thubenchmark_atcnet_seed44_fbf_cw.pth
thubenchmark,atcnet,44,ea_forward,autoattack,full_test,raw,clean,0.9630952380952381,ad_data/exp031/exp031_full_20260729_174215/thubenchmark_atcnet_seed44_ea_forward_autoattack.pth
thubenchmark,atcnet,44,ea_forward,autoattack,full_test,raw,robust,0.32857142857142857,ad_data/exp031/exp031_full_20260729_174215/thubenchmark_atcnet_seed44_ea_forward_autoattack.pth
thubenchmark,atcnet,44,ea_forward,fgsm,full_test,raw,clean,0.9726190476190476,ad_data/exp031/exp031_full_20260729_174215/thubenchmark_atcnet_seed44_ea_forward_fgsm.pth
thubenchmark,atcnet,44,ea_forward,fgsm,full_test,raw,robust,0.6190476190476191,ad_data/exp031/exp031_full_20260729_174215/thubenchmark_atcnet_seed44_ea_forward_fgsm.pth
thubenchmark,atcnet,44,ea_forward,pgd,full_test,raw,clean,0.9726190476190476,ad_data/exp031/exp031_full_20260729_174215/thubenchmark_atcnet_seed44_ea_forward_pgd.pth
thubenchmark,atcnet,44,ea_forward,pgd,full_test,raw,robust,0.2785714285714286,ad_data/exp031/exp031_full_20260729_174215/thubenchmark_atcnet_seed44_ea_forward_pgd.pth
thubenchmark,atcnet,44,ea_forward,cw,full_test,raw,clean,0.9726190476190476,ad_data/exp031/exp031_full_20260729_174215/thubenchmark_atcnet_seed44_ea_forward_cw.pth
thubenchmark,atcnet,44,ea_forward,cw,full_test,raw,robust,0.0,ad_data/exp031/exp031_full_20260729_174215/thubenchmark_atcnet_seed44_ea_forward_cw.pth
thubenchmark,atcnet,44,rpcf_at,autoattack,full_test,raw,clean,0.9607142857142857,ad_data/exp031/exp031_full_20260729_174215/thubenchmark_atcnet_seed44_rpcf_at_autoattack.pth
thubenchmark,atcnet,44,rpcf_at,autoattack,full_test,raw,robust,0.8392857142857143,ad_data/exp031/exp031_full_20260729_174215/thubenchmark_atcnet_seed44_rpcf_at_autoattack.pth
thubenchmark,atcnet,44,rpcf_at,fgsm,full_test,raw,clean,0.9607142857142857,ad_data/exp031/exp031_full_20260729_174215/thubenchmark_atcnet_seed44_rpcf_at_fgsm.pth
thubenchmark,atcnet,44,rpcf_at,fgsm,full_test,raw,robust,0.8523809523809524,ad_data/exp031/exp031_full_20260729_174215/thubenchmark_atcnet_seed44_rpcf_at_fgsm.pth
thubenchmark,atcnet,44,rpcf_at,pgd,full_test,raw,clean,0.9607142857142857,ad_data/exp031/exp031_full_20260729_174215/thubenchmark_atcnet_seed44_rpcf_at_pgd.pth
thubenchmark,atcnet,44,rpcf_at,pgd,full_test,raw,robust,0.8428571428571429,ad_data/exp031/exp031_full_20260729_174215/thubenchmark_atcnet_seed44_rpcf_at_pgd.pth
thubenchmark,atcnet,44,rpcf_at,cw,full_test,raw,clean,0.9607142857142857,ad_data/exp031/exp031_full_20260729_174215/thubenchmark_atcnet_seed44_rpcf_at_cw.pth
thubenchmark,atcnet,44,rpcf_at,cw,full_test,raw,robust,0.0,ad_data/exp031/exp031_full_20260729_174215/thubenchmark_atcnet_seed44_rpcf_at_cw.pth
thubenchmark,atcnet,45,madry,autoattack,full_test,raw,clean,0.95,ad_data/exp031/exp031_full_20260729_174215/thubenchmark_atcnet_seed45_madry_autoattack.pth
thubenchmark,atcnet,45,madry,autoattack,full_test,raw,robust,0.8476190476190476,ad_data/exp031/exp031_full_20260729_174215/thubenchmark_atcnet_seed45_madry_autoattack.pth
thubenchmark,atcnet,45,madry,fgsm,full_test,raw,clean,0.95,ad_data/exp031/exp031_full_20260729_174215/thubenchmark_atcnet_seed45_madry_fgsm.pth
thubenchmark,atcnet,45,madry,fgsm,full_test,raw,robust,0.8595238095238096,ad_data/exp031/exp031_full_20260729_174215/thubenchmark_atcnet_seed45_madry_fgsm.pth
thubenchmark,atcnet,45,madry,pgd,full_test,raw,clean,0.95,ad_data/exp031/exp031_full_20260729_174215/thubenchmark_atcnet_seed45_madry_pgd.pth
thubenchmark,atcnet,45,madry,pgd,full_test,raw,robust,0.8571428571428571,ad_data/exp031/exp031_full_20260729_174215/thubenchmark_atcnet_seed45_madry_pgd.pth
thubenchmark,atcnet,45,madry,cw,full_test,raw,clean,0.95,ad_data/exp031/exp031_full_20260729_174215/thubenchmark_atcnet_seed45_madry_cw.pth
thubenchmark,atcnet,45,madry,cw,full_test,raw,robust,0.0,ad_data/exp031/exp031_full_20260729_174215/thubenchmark_atcnet_seed45_madry_cw.pth
thubenchmark,atcnet,45,trades,autoattack,full_test,raw,clean,0.955952380952381,ad_data/exp031/exp031_full_20260729_174215/thubenchmark_atcnet_seed45_trades_autoattack.pth
thubenchmark,atcnet,45,trades,autoattack,full_test,raw,robust,0.7678571428571429,ad_data/exp031/exp031_full_20260729_174215/thubenchmark_atcnet_seed45_trades_autoattack.pth
thubenchmark,atcnet,45,trades,fgsm,full_test,raw,clean,0.955952380952381,ad_data/exp031/exp031_full_20260729_174215/thubenchmark_atcnet_seed45_trades_fgsm.pth
thubenchmark,atcnet,45,trades,fgsm,full_test,raw,robust,0.7988095238095239,ad_data/exp031/exp031_full_20260729_174215/thubenchmark_atcnet_seed45_trades_fgsm.pth
thubenchmark,atcnet,45,trades,pgd,full_test,raw,clean,0.955952380952381,ad_data/exp031/exp031_full_20260729_174215/thubenchmark_atcnet_seed45_trades_pgd.pth
thubenchmark,atcnet,45,trades,pgd,full_test,raw,robust,0.7702380952380953,ad_data/exp031/exp031_full_20260729_174215/thubenchmark_atcnet_seed45_trades_pgd.pth
thubenchmark,atcnet,45,trades,cw,full_test,raw,clean,0.955952380952381,ad_data/exp031/exp031_full_20260729_174215/thubenchmark_atcnet_seed45_trades_cw.pth
thubenchmark,atcnet,45,trades,cw,full_test,raw,robust,0.0,ad_data/exp031/exp031_full_20260729_174215/thubenchmark_atcnet_seed45_trades_cw.pth
thubenchmark,atcnet,45,fbf,autoattack,full_test,raw,clean,0.9607142857142857,ad_data/exp031/exp031_full_20260729_174215/thubenchmark_atcnet_seed45_fbf_autoattack.pth
thubenchmark,atcnet,45,fbf,autoattack,full_test,raw,robust,0.6988095238095238,ad_data/exp031/exp031_full_20260729_174215/thubenchmark_atcnet_seed45_fbf_autoattack.pth
thubenchmark,atcnet,45,fbf,fgsm,full_test,raw,clean,0.9607142857142857,ad_data/exp031/exp031_full_20260729_174215/thubenchmark_atcnet_seed45_fbf_fgsm.pth
thubenchmark,atcnet,45,fbf,fgsm,full_test,raw,robust,0.7380952380952381,ad_data/exp031/exp031_full_20260729_174215/thubenchmark_atcnet_seed45_fbf_fgsm.pth
thubenchmark,atcnet,45,fbf,pgd,full_test,raw,clean,0.9607142857142857,ad_data/exp031/exp031_full_20260729_174215/thubenchmark_atcnet_seed45_fbf_pgd.pth
thubenchmark,atcnet,45,fbf,pgd,full_test,raw,robust,0.7023809523809523,ad_data/exp031/exp031_full_20260729_174215/thubenchmark_atcnet_seed45_fbf_pgd.pth
thubenchmark,atcnet,45,fbf,cw,full_test,raw,clean,0.9607142857142857,ad_data/exp031/exp031_full_20260729_174215/thubenchmark_atcnet_seed45_fbf_cw.pth
thubenchmark,atcnet,45,fbf,cw,full_test,raw,robust,0.0,ad_data/exp031/exp031_full_20260729_174215/thubenchmark_atcnet_seed45_fbf_cw.pth
thubenchmark,atcnet,45,ea_forward,autoattack,full_test,raw,clean,0.02857142857142857,ad_data/exp031/exp031_full_20260729_174215/thubenchmark_atcnet_seed45_ea_forward_autoattack.pth
thubenchmark,atcnet,45,ea_forward,autoattack,full_test,raw,robust,0.007142857142857143,ad_data/exp031/exp031_full_20260729_174215/thubenchmark_atcnet_seed45_ea_forward_autoattack.pth
thubenchmark,atcnet,45,ea_forward,fgsm,full_test,raw,clean,0.02857142857142857,ad_data/exp031/exp031_full_20260729_174215/thubenchmark_atcnet_seed45_ea_forward_fgsm.pth
thubenchmark,atcnet,45,ea_forward,fgsm,full_test,raw,robust,0.0035714285714285713,ad_data/exp031/exp031_full_20260729_174215/thubenchmark_atcnet_seed45_ea_forward_fgsm.pth
thubenchmark,atcnet,45,ea_forward,pgd,full_test,raw,clean,0.02857142857142857,ad_data/exp031/exp031_full_20260729_174215/thubenchmark_atcnet_seed45_ea_forward_pgd.pth
thubenchmark,atcnet,45,ea_forward,pgd,full_test,raw,robust,0.0,ad_data/exp031/exp031_full_20260729_174215/thubenchmark_atcnet_seed45_ea_forward_pgd.pth
thubenchmark,atcnet,45,ea_forward,cw,full_test,raw,clean,0.02857142857142857,ad_data/exp031/exp031_full_20260729_174215/thubenchmark_atcnet_seed45_ea_forward_cw.pth
thubenchmark,atcnet,45,ea_forward,cw,full_test,raw,robust,0.017857142857142856,ad_data/exp031/exp031_full_20260729_174215/thubenchmark_atcnet_seed45_ea_forward_cw.pth
thubenchmark,atcnet,45,rpcf_at,autoattack,full_test,raw,clean,0.9547619047619048,ad_data/exp031/exp031_full_20260729_174215/thubenchmark_atcnet_seed45_rpcf_at_autoattack.pth
thubenchmark,atcnet,45,rpcf_at,autoattack,full_test,raw,robust,0.8488095238095238,ad_data/exp031/exp031_full_20260729_174215/thubenchmark_atcnet_seed45_rpcf_at_autoattack.pth
thubenchmark,atcnet,45,rpcf_at,fgsm,full_test,raw,clean,0.9547619047619048,ad_data/exp031/exp031_full_20260729_174215/thubenchmark_atcnet_seed45_rpcf_at_fgsm.pth
thubenchmark,atcnet,45,rpcf_at,fgsm,full_test,raw,robust,0.861904761904762,ad_data/exp031/exp031_full_20260729_174215/thubenchmark_atcnet_seed45_rpcf_at_fgsm.pth
thubenchmark,atcnet,45,rpcf_at,pgd,full_test,raw,clean,0.9547619047619048,ad_data/exp031/exp031_full_20260729_174215/thubenchmark_atcnet_seed45_rpcf_at_pgd.pth
thubenchmark,atcnet,45,rpcf_at,pgd,full_test,raw,robust,0.85,ad_data/exp031/exp031_full_20260729_174215/thubenchmark_atcnet_seed45_rpcf_at_pgd.pth
thubenchmark,atcnet,45,rpcf_at,cw,full_test,raw,clean,0.9547619047619048,ad_data/exp031/exp031_full_20260729_174215/thubenchmark_atcnet_seed45_rpcf_at_cw.pth
thubenchmark,atcnet,45,rpcf_at,cw,full_test,raw,robust,0.0,ad_data/exp031/exp031_full_20260729_174215/thubenchmark_atcnet_seed45_rpcf_at_cw.pth
thubenchmark,atcnet,46,madry,autoattack,full_test,raw,clean,0.9595238095238096,ad_data/exp031/exp031_full_20260729_174215/thubenchmark_atcnet_seed46_madry_autoattack.pth
thubenchmark,atcnet,46,madry,autoattack,full_test,raw,robust,0.8654761904761905,ad_data/exp031/exp031_full_20260729_174215/thubenchmark_atcnet_seed46_madry_autoattack.pth
thubenchmark,atcnet,46,madry,fgsm,full_test,raw,clean,0.9595238095238096,ad_data/exp031/exp031_full_20260729_174215/thubenchmark_atcnet_seed46_madry_fgsm.pth
thubenchmark,atcnet,46,madry,fgsm,full_test,raw,robust,0.875,ad_data/exp031/exp031_full_20260729_174215/thubenchmark_atcnet_seed46_madry_fgsm.pth
thubenchmark,atcnet,46,madry,pgd,full_test,raw,clean,0.9595238095238096,ad_data/exp031/exp031_full_20260729_174215/thubenchmark_atcnet_seed46_madry_pgd.pth
thubenchmark,atcnet,46,madry,pgd,full_test,raw,robust,0.8690476190476191,ad_data/exp031/exp031_full_20260729_174215/thubenchmark_atcnet_seed46_madry_pgd.pth
thubenchmark,atcnet,46,madry,cw,full_test,raw,clean,0.9595238095238096,ad_data/exp031/exp031_full_20260729_174215/thubenchmark_atcnet_seed46_madry_cw.pth
thubenchmark,atcnet,46,madry,cw,full_test,raw,robust,0.0,ad_data/exp031/exp031_full_20260729_174215/thubenchmark_atcnet_seed46_madry_cw.pth
thubenchmark,atcnet,46,trades,autoattack,full_test,raw,clean,0.95,ad_data/exp031/exp031_full_20260729_174215/thubenchmark_atcnet_seed46_trades_autoattack.pth
thubenchmark,atcnet,46,trades,autoattack,full_test,raw,robust,0.7666666666666667,ad_data/exp031/exp031_full_20260729_174215/thubenchmark_atcnet_seed46_trades_autoattack.pth
thubenchmark,atcnet,46,trades,fgsm,full_test,raw,clean,0.95,ad_data/exp031/exp031_full_20260729_174215/thubenchmark_atcnet_seed46_trades_fgsm.pth
thubenchmark,atcnet,46,trades,fgsm,full_test,raw,robust,0.7869047619047619,ad_data/exp031/exp031_full_20260729_174215/thubenchmark_atcnet_seed46_trades_fgsm.pth
thubenchmark,atcnet,46,trades,pgd,full_test,raw,clean,0.95,ad_data/exp031/exp031_full_20260729_174215/thubenchmark_atcnet_seed46_trades_pgd.pth
thubenchmark,atcnet,46,trades,pgd,full_test,raw,robust,0.7666666666666667,ad_data/exp031/exp031_full_20260729_174215/thubenchmark_atcnet_seed46_trades_pgd.pth
thubenchmark,atcnet,46,trades,cw,full_test,raw,clean,0.95,ad_data/exp031/exp031_full_20260729_174215/thubenchmark_atcnet_seed46_trades_cw.pth
thubenchmark,atcnet,46,trades,cw,full_test,raw,robust,0.0,ad_data/exp031/exp031_full_20260729_174215/thubenchmark_atcnet_seed46_trades_cw.pth
thubenchmark,atcnet,46,fbf,autoattack,full_test,raw,clean,0.9607142857142857,ad_data/exp031/exp031_full_20260729_174215/thubenchmark_atcnet_seed46_fbf_autoattack.pth
thubenchmark,atcnet,46,fbf,autoattack,full_test,raw,robust,0.7035714285714286,ad_data/exp031/exp031_full_20260729_174215/thubenchmark_atcnet_seed46_fbf_autoattack.pth
thubenchmark,atcnet,46,fbf,fgsm,full_test,raw,clean,0.9607142857142857,ad_data/exp031/exp031_full_20260729_174215/thubenchmark_atcnet_seed46_fbf_fgsm.pth
thubenchmark,atcnet,46,fbf,fgsm,full_test,raw,robust,0.7380952380952381,ad_data/exp031/exp031_full_20260729_174215/thubenchmark_atcnet_seed46_fbf_fgsm.pth
thubenchmark,atcnet,46,fbf,pgd,full_test,raw,clean,0.9607142857142857,ad_data/exp031/exp031_full_20260729_174215/thubenchmark_atcnet_seed46_fbf_pgd.pth
thubenchmark,atcnet,46,fbf,pgd,full_test,raw,robust,0.705952380952381,ad_data/exp031/exp031_full_20260729_174215/thubenchmark_atcnet_seed46_fbf_pgd.pth
thubenchmark,atcnet,46,fbf,cw,full_test,raw,clean,0.9607142857142857,ad_data/exp031/exp031_full_20260729_174215/thubenchmark_atcnet_seed46_fbf_cw.pth
thubenchmark,atcnet,46,fbf,cw,full_test,raw,robust,0.0,ad_data/exp031/exp031_full_20260729_174215/thubenchmark_atcnet_seed46_fbf_cw.pth
thubenchmark,atcnet,46,ea_forward,autoattack,full_test,raw,clean,0.9773809523809524,ad_data/exp031/exp031_full_20260729_174215/thubenchmark_atcnet_seed46_ea_forward_autoattack.pth
thubenchmark,atcnet,46,ea_forward,autoattack,full_test,raw,robust,0.35,ad_data/exp031/exp031_full_20260729_174215/thubenchmark_atcnet_seed46_ea_forward_autoattack.pth
thubenchmark,atcnet,46,ea_forward,fgsm,full_test,raw,clean,0.9785714285714285,ad_data/exp031/exp031_full_20260729_174215/thubenchmark_atcnet_seed46_ea_forward_fgsm.pth
thubenchmark,atcnet,46,ea_forward,fgsm,full_test,raw,robust,0.6,ad_data/exp031/exp031_full_20260729_174215/thubenchmark_atcnet_seed46_ea_forward_fgsm.pth
thubenchmark,atcnet,46,ea_forward,pgd,full_test,raw,clean,0.9785714285714285,ad_data/exp031/exp031_full_20260729_174215/thubenchmark_atcnet_seed46_ea_forward_pgd.pth
thubenchmark,atcnet,46,ea_forward,pgd,full_test,raw,robust,0.29285714285714287,ad_data/exp031/exp031_full_20260729_174215/thubenchmark_atcnet_seed46_ea_forward_pgd.pth
thubenchmark,atcnet,46,ea_forward,cw,full_test,raw,clean,0.9785714285714285,ad_data/exp031/exp031_full_20260729_174215/thubenchmark_atcnet_seed46_ea_forward_cw.pth
thubenchmark,atcnet,46,ea_forward,cw,full_test,raw,robust,0.0,ad_data/exp031/exp031_full_20260729_174215/thubenchmark_atcnet_seed46_ea_forward_cw.pth
thubenchmark,atcnet,46,rpcf_at,autoattack,full_test,raw,clean,0.9619047619047619,ad_data/exp031/exp031_full_20260729_174215/thubenchmark_atcnet_seed46_rpcf_at_autoattack.pth
thubenchmark,atcnet,46,rpcf_at,autoattack,full_test,raw,robust,0.8630952380952381,ad_data/exp031/exp031_full_20260729_174215/thubenchmark_atcnet_seed46_rpcf_at_autoattack.pth
thubenchmark,atcnet,46,rpcf_at,fgsm,full_test,raw,clean,0.9619047619047619,ad_data/exp031/exp031_full_20260729_174215/thubenchmark_atcnet_seed46_rpcf_at_fgsm.pth
thubenchmark,atcnet,46,rpcf_at,fgsm,full_test,raw,robust,0.8726190476190476,ad_data/exp031/exp031_full_20260729_174215/thubenchmark_atcnet_seed46_rpcf_at_fgsm.pth
thubenchmark,atcnet,46,rpcf_at,pgd,full_test,raw,clean,0.9619047619047619,ad_data/exp031/exp031_full_20260729_174215/thubenchmark_atcnet_seed46_rpcf_at_pgd.pth
thubenchmark,atcnet,46,rpcf_at,pgd,full_test,raw,robust,0.8630952380952381,ad_data/exp031/exp031_full_20260729_174215/thubenchmark_atcnet_seed46_rpcf_at_pgd.pth
thubenchmark,atcnet,46,rpcf_at,cw,full_test,raw,clean,0.9619047619047619,ad_data/exp031/exp031_full_20260729_174215/thubenchmark_atcnet_seed46_rpcf_at_cw.pth
thubenchmark,atcnet,46,rpcf_at,cw,full_test,raw,robust,0.0011904761904761906,ad_data/exp031/exp031_full_20260729_174215/thubenchmark_atcnet_seed46_rpcf_at_cw.pth
thubenchmark,conformer,42,madry,autoattack,full_test,raw,clean,0.9500624219725343,ad_data/exp031/exp031_full_20260729_174215/thubenchmark_conformer_seed42_madry_autoattack.pth
thubenchmark,conformer,42,madry,autoattack,full_test,raw,robust,0.7478152309612984,ad_data/exp031/exp031_full_20260729_174215/thubenchmark_conformer_seed42_madry_autoattack.pth
thubenchmark,conformer,42,madry,fgsm,full_test,raw,clean,0.9500624219725343,ad_data/exp031/exp031_full_20260729_174215/thubenchmark_conformer_seed42_madry_fgsm.pth
thubenchmark,conformer,42,madry,fgsm,full_test,raw,robust,0.797752808988764,ad_data/exp031/exp031_full_20260729_174215/thubenchmark_conformer_seed42_madry_fgsm.pth
thubenchmark,conformer,42,madry,pgd,full_test,raw,clean,0.9500624219725343,ad_data/exp031/exp031_full_20260729_174215/thubenchmark_conformer_seed42_madry_pgd.pth
thubenchmark,conformer,42,madry,pgd,full_test,raw,robust,0.7515605493133583,ad_data/exp031/exp031_full_20260729_174215/thubenchmark_conformer_seed42_madry_pgd.pth
thubenchmark,conformer,42,madry,cw,full_test,raw,clean,0.9500624219725343,ad_data/exp031/exp031_full_20260729_174215/thubenchmark_conformer_seed42_madry_cw.pth
thubenchmark,conformer,42,madry,cw,full_test,raw,robust,0.0,ad_data/exp031/exp031_full_20260729_174215/thubenchmark_conformer_seed42_madry_cw.pth
thubenchmark,conformer,42,trades,autoattack,full_test,raw,clean,0.9538077403245943,ad_data/exp031/exp031_full_20260729_174215/thubenchmark_conformer_seed42_trades_autoattack.pth
thubenchmark,conformer,42,trades,autoattack,full_test,raw,robust,0.2671660424469413,ad_data/exp031/exp031_full_20260729_174215/thubenchmark_conformer_seed42_trades_autoattack.pth
thubenchmark,conformer,42,trades,fgsm,full_test,raw,clean,0.9538077403245943,ad_data/exp031/exp031_full_20260729_174215/thubenchmark_conformer_seed42_trades_fgsm.pth
thubenchmark,conformer,42,trades,fgsm,full_test,raw,robust,0.8838951310861424,ad_data/exp031/exp031_full_20260729_174215/thubenchmark_conformer_seed42_trades_fgsm.pth
thubenchmark,conformer,42,trades,pgd,full_test,raw,clean,0.9538077403245943,ad_data/exp031/exp031_full_20260729_174215/thubenchmark_conformer_seed42_trades_pgd.pth
thubenchmark,conformer,42,trades,pgd,full_test,raw,robust,0.41198501872659177,ad_data/exp031/exp031_full_20260729_174215/thubenchmark_conformer_seed42_trades_pgd.pth
thubenchmark,conformer,42,trades,cw,full_test,raw,clean,0.9538077403245943,ad_data/exp031/exp031_full_20260729_174215/thubenchmark_conformer_seed42_trades_cw.pth
thubenchmark,conformer,42,trades,cw,full_test,raw,robust,0.0012484394506866417,ad_data/exp031/exp031_full_20260729_174215/thubenchmark_conformer_seed42_trades_cw.pth
thubenchmark,conformer,42,fbf,autoattack,full_test,raw,clean,0.947565543071161,ad_data/exp031/exp031_full_20260729_174215/thubenchmark_conformer_seed42_fbf_autoattack.pth
thubenchmark,conformer,42,fbf,autoattack,full_test,raw,robust,0.4968789013732834,ad_data/exp031/exp031_full_20260729_174215/thubenchmark_conformer_seed42_fbf_autoattack.pth
thubenchmark,conformer,42,fbf,fgsm,full_test,raw,clean,0.947565543071161,ad_data/exp031/exp031_full_20260729_174215/thubenchmark_conformer_seed42_fbf_fgsm.pth
thubenchmark,conformer,42,fbf,fgsm,full_test,raw,robust,0.6978776529338327,ad_data/exp031/exp031_full_20260729_174215/thubenchmark_conformer_seed42_fbf_fgsm.pth
thubenchmark,conformer,42,fbf,pgd,full_test,raw,clean,0.947565543071161,ad_data/exp031/exp031_full_20260729_174215/thubenchmark_conformer_seed42_fbf_pgd.pth
thubenchmark,conformer,42,fbf,pgd,full_test,raw,robust,0.5742821473158551,ad_data/exp031/exp031_full_20260729_174215/thubenchmark_conformer_seed42_fbf_pgd.pth
thubenchmark,conformer,42,fbf,cw,full_test,raw,clean,0.947565543071161,ad_data/exp031/exp031_full_20260729_174215/thubenchmark_conformer_seed42_fbf_cw.pth
thubenchmark,conformer,42,fbf,cw,full_test,raw,robust,0.0,ad_data/exp031/exp031_full_20260729_174215/thubenchmark_conformer_seed42_fbf_cw.pth
thubenchmark,conformer,42,ea_forward,autoattack,full_test,raw,clean,0.9525593008739076,ad_data/exp031/exp031_full_20260729_174215/thubenchmark_conformer_seed42_ea_forward_autoattack.pth
thubenchmark,conformer,42,ea_forward,autoattack,full_test,raw,robust,0.19101123595505617,ad_data/exp031/exp031_full_20260729_174215/thubenchmark_conformer_seed42_ea_forward_autoattack.pth
thubenchmark,conformer,42,ea_forward,fgsm,full_test,raw,clean,0.9538077403245943,ad_data/exp031/exp031_full_20260729_174215/thubenchmark_conformer_seed42_ea_forward_fgsm.pth
thubenchmark,conformer,42,ea_forward,fgsm,full_test,raw,robust,0.5930087390761548,ad_data/exp031/exp031_full_20260729_174215/thubenchmark_conformer_seed42_ea_forward_fgsm.pth
thubenchmark,conformer,42,ea_forward,pgd,full_test,raw,clean,0.9538077403245943,ad_data/exp031/exp031_full_20260729_174215/thubenchmark_conformer_seed42_ea_forward_pgd.pth
thubenchmark,conformer,42,ea_forward,pgd,full_test,raw,robust,0.149812734082397,ad_data/exp031/exp031_full_20260729_174215/thubenchmark_conformer_seed42_ea_forward_pgd.pth
thubenchmark,conformer,42,ea_forward,cw,full_test,raw,clean,0.9538077403245943,ad_data/exp031/exp031_full_20260729_174215/thubenchmark_conformer_seed42_ea_forward_cw.pth
thubenchmark,conformer,42,ea_forward,cw,full_test,raw,robust,0.0,ad_data/exp031/exp031_full_20260729_174215/thubenchmark_conformer_seed42_ea_forward_cw.pth
thubenchmark,conformer,42,rpcf_at,autoattack,full_test,raw,clean,0.9413233458177278,ad_data/exp031/exp031_full_20260729_174215/thubenchmark_conformer_seed42_rpcf_at_autoattack.pth
thubenchmark,conformer,42,rpcf_at,autoattack,full_test,raw,robust,0.7253433208489388,ad_data/exp031/exp031_full_20260729_174215/thubenchmark_conformer_seed42_rpcf_at_autoattack.pth
thubenchmark,conformer,42,rpcf_at,fgsm,full_test,raw,clean,0.9413233458177278,ad_data/exp031/exp031_full_20260729_174215/thubenchmark_conformer_seed42_rpcf_at_fgsm.pth
thubenchmark,conformer,42,rpcf_at,fgsm,full_test,raw,robust,0.766541822721598,ad_data/exp031/exp031_full_20260729_174215/thubenchmark_conformer_seed42_rpcf_at_fgsm.pth
thubenchmark,conformer,42,rpcf_at,pgd,full_test,raw,clean,0.9413233458177278,ad_data/exp031/exp031_full_20260729_174215/thubenchmark_conformer_seed42_rpcf_at_pgd.pth
thubenchmark,conformer,42,rpcf_at,pgd,full_test,raw,robust,0.7328339575530587,ad_data/exp031/exp031_full_20260729_174215/thubenchmark_conformer_seed42_rpcf_at_pgd.pth
thubenchmark,conformer,42,rpcf_at,cw,full_test,raw,clean,0.9413233458177278,ad_data/exp031/exp031_full_20260729_174215/thubenchmark_conformer_seed42_rpcf_at_cw.pth
thubenchmark,conformer,42,rpcf_at,cw,full_test,raw,robust,0.0,ad_data/exp031/exp031_full_20260729_174215/thubenchmark_conformer_seed42_rpcf_at_cw.pth
thubenchmark,conformer,43,madry,autoattack,full_test,raw,clean,0.9369047619047619,ad_data/exp031/exp031_full_20260729_174215/thubenchmark_conformer_seed43_madry_autoattack.pth
thubenchmark,conformer,43,madry,autoattack,full_test,raw,robust,0.7607142857142857,ad_data/exp031/exp031_full_20260729_174215/thubenchmark_conformer_seed43_madry_autoattack.pth
thubenchmark,conformer,43,madry,fgsm,full_test,raw,clean,0.9369047619047619,ad_data/exp031/exp031_full_20260729_174215/thubenchmark_conformer_seed43_madry_fgsm.pth
thubenchmark,conformer,43,madry,fgsm,full_test,raw,robust,0.8142857142857143,ad_data/exp031/exp031_full_20260729_174215/thubenchmark_conformer_seed43_madry_fgsm.pth
thubenchmark,conformer,43,madry,pgd,full_test,raw,clean,0.9369047619047619,ad_data/exp031/exp031_full_20260729_174215/thubenchmark_conformer_seed43_madry_pgd.pth
thubenchmark,conformer,43,madry,pgd,full_test,raw,robust,0.7690476190476191,ad_data/exp031/exp031_full_20260729_174215/thubenchmark_conformer_seed43_madry_pgd.pth
thubenchmark,conformer,43,madry,cw,full_test,raw,clean,0.9369047619047619,ad_data/exp031/exp031_full_20260729_174215/thubenchmark_conformer_seed43_madry_cw.pth
thubenchmark,conformer,43,madry,cw,full_test,raw,robust,0.0,ad_data/exp031/exp031_full_20260729_174215/thubenchmark_conformer_seed43_madry_cw.pth
thubenchmark,conformer,43,trades,autoattack,full_test,raw,clean,0.9547619047619048,ad_data/exp031/exp031_full_20260729_174215/thubenchmark_conformer_seed43_trades_autoattack.pth
thubenchmark,conformer,43,trades,autoattack,full_test,raw,robust,0.5702380952380952,ad_data/exp031/exp031_full_20260729_174215/thubenchmark_conformer_seed43_trades_autoattack.pth
thubenchmark,conformer,43,trades,fgsm,full_test,raw,clean,0.9547619047619048,ad_data/exp031/exp031_full_20260729_174215/thubenchmark_conformer_seed43_trades_fgsm.pth
thubenchmark,conformer,43,trades,fgsm,full_test,raw,robust,0.6904761904761905,ad_data/exp031/exp031_full_20260729_174215/thubenchmark_conformer_seed43_trades_fgsm.pth
thubenchmark,conformer,43,trades,pgd,full_test,raw,clean,0.9547619047619048,ad_data/exp031/exp031_full_20260729_174215/thubenchmark_conformer_seed43_trades_pgd.pth
thubenchmark,conformer,43,trades,pgd,full_test,raw,robust,0.5797619047619048,ad_data/exp031/exp031_full_20260729_174215/thubenchmark_conformer_seed43_trades_pgd.pth
thubenchmark,conformer,43,trades,cw,full_test,raw,clean,0.9547619047619048,ad_data/exp031/exp031_full_20260729_174215/thubenchmark_conformer_seed43_trades_cw.pth
thubenchmark,conformer,43,trades,cw,full_test,raw,robust,0.0,ad_data/exp031/exp031_full_20260729_174215/thubenchmark_conformer_seed43_trades_cw.pth
thubenchmark,conformer,43,fbf,autoattack,full_test,raw,clean,0.9523809523809523,ad_data/exp031/exp031_full_20260729_174215/thubenchmark_conformer_seed43_fbf_autoattack.pth
thubenchmark,conformer,43,fbf,autoattack,full_test,raw,robust,0.5047619047619047,ad_data/exp031/exp031_full_20260729_174215/thubenchmark_conformer_seed43_fbf_autoattack.pth
thubenchmark,conformer,43,fbf,fgsm,full_test,raw,clean,0.9523809523809523,ad_data/exp031/exp031_full_20260729_174215/thubenchmark_conformer_seed43_fbf_fgsm.pth
thubenchmark,conformer,43,fbf,fgsm,full_test,raw,robust,0.7392857142857143,ad_data/exp031/exp031_full_20260729_174215/thubenchmark_conformer_seed43_fbf_fgsm.pth
thubenchmark,conformer,43,fbf,pgd,full_test,raw,clean,0.9523809523809523,ad_data/exp031/exp031_full_20260729_174215/thubenchmark_conformer_seed43_fbf_pgd.pth
thubenchmark,conformer,43,fbf,pgd,full_test,raw,robust,0.6511904761904762,ad_data/exp031/exp031_full_20260729_174215/thubenchmark_conformer_seed43_fbf_pgd.pth
thubenchmark,conformer,43,fbf,cw,full_test,raw,clean,0.9523809523809523,ad_data/exp031/exp031_full_20260729_174215/thubenchmark_conformer_seed43_fbf_cw.pth
thubenchmark,conformer,43,fbf,cw,full_test,raw,robust,0.0,ad_data/exp031/exp031_full_20260729_174215/thubenchmark_conformer_seed43_fbf_cw.pth
thubenchmark,conformer,43,ea_forward,autoattack,full_test,raw,clean,0.95,ad_data/exp031/exp031_full_20260729_174215/thubenchmark_conformer_seed43_ea_forward_autoattack.pth
thubenchmark,conformer,43,ea_forward,autoattack,full_test,raw,robust,0.1988095238095238,ad_data/exp031/exp031_full_20260729_174215/thubenchmark_conformer_seed43_ea_forward_autoattack.pth
thubenchmark,conformer,43,ea_forward,fgsm,full_test,raw,clean,0.9523809523809523,ad_data/exp031/exp031_full_20260729_174215/thubenchmark_conformer_seed43_ea_forward_fgsm.pth
thubenchmark,conformer,43,ea_forward,fgsm,full_test,raw,robust,0.5583333333333333,ad_data/exp031/exp031_full_20260729_174215/thubenchmark_conformer_seed43_ea_forward_fgsm.pth
thubenchmark,conformer,43,ea_forward,pgd,full_test,raw,clean,0.9523809523809523,ad_data/exp031/exp031_full_20260729_174215/thubenchmark_conformer_seed43_ea_forward_pgd.pth
thubenchmark,conformer,43,ea_forward,pgd,full_test,raw,robust,0.16547619047619047,ad_data/exp031/exp031_full_20260729_174215/thubenchmark_conformer_seed43_ea_forward_pgd.pth
thubenchmark,conformer,43,ea_forward,cw,full_test,raw,clean,0.9523809523809523,ad_data/exp031/exp031_full_20260729_174215/thubenchmark_conformer_seed43_ea_forward_cw.pth
thubenchmark,conformer,43,ea_forward,cw,full_test,raw,robust,0.0,ad_data/exp031/exp031_full_20260729_174215/thubenchmark_conformer_seed43_ea_forward_cw.pth
thubenchmark,conformer,43,rpcf_at,autoattack,full_test,raw,clean,0.9380952380952381,ad_data/exp031/exp031_full_20260729_174215/thubenchmark_conformer_seed43_rpcf_at_autoattack.pth
thubenchmark,conformer,43,rpcf_at,autoattack,full_test,raw,robust,0.7595238095238095,ad_data/exp031/exp031_full_20260729_174215/thubenchmark_conformer_seed43_rpcf_at_autoattack.pth
thubenchmark,conformer,43,rpcf_at,fgsm,full_test,raw,clean,0.9380952380952381,ad_data/exp031/exp031_full_20260729_174215/thubenchmark_conformer_seed43_rpcf_at_fgsm.pth
thubenchmark,conformer,43,rpcf_at,fgsm,full_test,raw,robust,0.805952380952381,ad_data/exp031/exp031_full_20260729_174215/thubenchmark_conformer_seed43_rpcf_at_fgsm.pth
thubenchmark,conformer,43,rpcf_at,pgd,full_test,raw,clean,0.9380952380952381,ad_data/exp031/exp031_full_20260729_174215/thubenchmark_conformer_seed43_rpcf_at_pgd.pth
thubenchmark,conformer,43,rpcf_at,pgd,full_test,raw,robust,0.7654761904761904,ad_data/exp031/exp031_full_20260729_174215/thubenchmark_conformer_seed43_rpcf_at_pgd.pth
thubenchmark,conformer,43,rpcf_at,cw,full_test,raw,clean,0.9380952380952381,ad_data/exp031/exp031_full_20260729_174215/thubenchmark_conformer_seed43_rpcf_at_cw.pth
thubenchmark,conformer,43,rpcf_at,cw,full_test,raw,robust,0.0,ad_data/exp031/exp031_full_20260729_174215/thubenchmark_conformer_seed43_rpcf_at_cw.pth
thubenchmark,conformer,44,madry,autoattack,full_test,raw,clean,0.9357142857142857,ad_data/exp031/exp031_full_20260729_174215/thubenchmark_conformer_seed44_madry_autoattack.pth
thubenchmark,conformer,44,madry,autoattack,full_test,raw,robust,0.7321428571428571,ad_data/exp031/exp031_full_20260729_174215/thubenchmark_conformer_seed44_madry_autoattack.pth
thubenchmark,conformer,44,madry,fgsm,full_test,raw,clean,0.9357142857142857,ad_data/exp031/exp031_full_20260729_174215/thubenchmark_conformer_seed44_madry_fgsm.pth
thubenchmark,conformer,44,madry,fgsm,full_test,raw,robust,0.7964285714285714,ad_data/exp031/exp031_full_20260729_174215/thubenchmark_conformer_seed44_madry_fgsm.pth
thubenchmark,conformer,44,madry,pgd,full_test,raw,clean,0.9357142857142857,ad_data/exp031/exp031_full_20260729_174215/thubenchmark_conformer_seed44_madry_pgd.pth
thubenchmark,conformer,44,madry,pgd,full_test,raw,robust,0.736904761904762,ad_data/exp031/exp031_full_20260729_174215/thubenchmark_conformer_seed44_madry_pgd.pth
thubenchmark,conformer,44,madry,cw,full_test,raw,clean,0.9357142857142857,ad_data/exp031/exp031_full_20260729_174215/thubenchmark_conformer_seed44_madry_cw.pth
thubenchmark,conformer,44,madry,cw,full_test,raw,robust,0.0,ad_data/exp031/exp031_full_20260729_174215/thubenchmark_conformer_seed44_madry_cw.pth
thubenchmark,conformer,44,trades,autoattack,full_test,raw,clean,0.9428571428571428,ad_data/exp031/exp031_full_20260729_174215/thubenchmark_conformer_seed44_trades_autoattack.pth
thubenchmark,conformer,44,trades,autoattack,full_test,raw,robust,0.5535714285714286,ad_data/exp031/exp031_full_20260729_174215/thubenchmark_conformer_seed44_trades_autoattack.pth
thubenchmark,conformer,44,trades,fgsm,full_test,raw,clean,0.9428571428571428,ad_data/exp031/exp031_full_20260729_174215/thubenchmark_conformer_seed44_trades_fgsm.pth
thubenchmark,conformer,44,trades,fgsm,full_test,raw,robust,0.65,ad_data/exp031/exp031_full_20260729_174215/thubenchmark_conformer_seed44_trades_fgsm.pth
thubenchmark,conformer,44,trades,pgd,full_test,raw,clean,0.9428571428571428,ad_data/exp031/exp031_full_20260729_174215/thubenchmark_conformer_seed44_trades_pgd.pth
thubenchmark,conformer,44,trades,pgd,full_test,raw,robust,0.5595238095238095,ad_data/exp031/exp031_full_20260729_174215/thubenchmark_conformer_seed44_trades_pgd.pth
thubenchmark,conformer,44,trades,cw,full_test,raw,clean,0.9428571428571428,ad_data/exp031/exp031_full_20260729_174215/thubenchmark_conformer_seed44_trades_cw.pth
thubenchmark,conformer,44,trades,cw,full_test,raw,robust,0.0,ad_data/exp031/exp031_full_20260729_174215/thubenchmark_conformer_seed44_trades_cw.pth
thubenchmark,conformer,44,fbf,autoattack,full_test,raw,clean,0.925,ad_data/exp031/exp031_full_20260729_174215/thubenchmark_conformer_seed44_fbf_autoattack.pth
thubenchmark,conformer,44,fbf,autoattack,full_test,raw,robust,0.4857142857142857,ad_data/exp031/exp031_full_20260729_174215/thubenchmark_conformer_seed44_fbf_autoattack.pth
thubenchmark,conformer,44,fbf,fgsm,full_test,raw,clean,0.925,ad_data/exp031/exp031_full_20260729_174215/thubenchmark_conformer_seed44_fbf_fgsm.pth
thubenchmark,conformer,44,fbf,fgsm,full_test,raw,robust,0.6095238095238096,ad_data/exp031/exp031_full_20260729_174215/thubenchmark_conformer_seed44_fbf_fgsm.pth
thubenchmark,conformer,44,fbf,pgd,full_test,raw,clean,0.925,ad_data/exp031/exp031_full_20260729_174215/thubenchmark_conformer_seed44_fbf_pgd.pth
thubenchmark,conformer,44,fbf,pgd,full_test,raw,robust,0.5035714285714286,ad_data/exp031/exp031_full_20260729_174215/thubenchmark_conformer_seed44_fbf_pgd.pth
thubenchmark,conformer,44,fbf,cw,full_test,raw,clean,0.925,ad_data/exp031/exp031_full_20260729_174215/thubenchmark_conformer_seed44_fbf_cw.pth
thubenchmark,conformer,44,fbf,cw,full_test,raw,robust,0.0,ad_data/exp031/exp031_full_20260729_174215/thubenchmark_conformer_seed44_fbf_cw.pth
thubenchmark,conformer,44,ea_forward,autoattack,full_test,raw,clean,0.02023809523809524,ad_data/exp031/exp031_full_20260729_174215/thubenchmark_conformer_seed44_ea_forward_autoattack.pth
thubenchmark,conformer,44,ea_forward,autoattack,full_test,raw,robust,0.02023809523809524,ad_data/exp031/exp031_full_20260729_174215/thubenchmark_conformer_seed44_ea_forward_autoattack.pth
thubenchmark,conformer,44,ea_forward,fgsm,full_test,raw,clean,0.02023809523809524,ad_data/exp031/exp031_full_20260729_174215/thubenchmark_conformer_seed44_ea_forward_fgsm.pth
thubenchmark,conformer,44,ea_forward,fgsm,full_test,raw,robust,0.02023809523809524,ad_data/exp031/exp031_full_20260729_174215/thubenchmark_conformer_seed44_ea_forward_fgsm.pth
thubenchmark,conformer,44,ea_forward,pgd,full_test,raw,clean,0.02023809523809524,ad_data/exp031/exp031_full_20260729_174215/thubenchmark_conformer_seed44_ea_forward_pgd.pth
thubenchmark,conformer,44,ea_forward,pgd,full_test,raw,robust,0.02023809523809524,ad_data/exp031/exp031_full_20260729_174215/thubenchmark_conformer_seed44_ea_forward_pgd.pth
thubenchmark,conformer,44,ea_forward,cw,full_test,raw,clean,0.02023809523809524,ad_data/exp031/exp031_full_20260729_174215/thubenchmark_conformer_seed44_ea_forward_cw.pth
thubenchmark,conformer,44,ea_forward,cw,full_test,raw,robust,0.02023809523809524,ad_data/exp031/exp031_full_20260729_174215/thubenchmark_conformer_seed44_ea_forward_cw.pth
thubenchmark,conformer,44,rpcf_at,autoattack,full_test,raw,clean,0.930952380952381,ad_data/exp031/exp031_full_20260729_174215/thubenchmark_conformer_seed44_rpcf_at_autoattack.pth
thubenchmark,conformer,44,rpcf_at,autoattack,full_test,raw,robust,0.725,ad_data/exp031/exp031_full_20260729_174215/thubenchmark_conformer_seed44_rpcf_at_autoattack.pth
thubenchmark,conformer,44,rpcf_at,fgsm,full_test,raw,clean,0.930952380952381,ad_data/exp031/exp031_full_20260729_174215/thubenchmark_conformer_seed44_rpcf_at_fgsm.pth
thubenchmark,conformer,44,rpcf_at,fgsm,full_test,raw,robust,0.7726190476190476,ad_data/exp031/exp031_full_20260729_174215/thubenchmark_conformer_seed44_rpcf_at_fgsm.pth
thubenchmark,conformer,44,rpcf_at,pgd,full_test,raw,clean,0.930952380952381,ad_data/exp031/exp031_full_20260729_174215/thubenchmark_conformer_seed44_rpcf_at_pgd.pth
thubenchmark,conformer,44,rpcf_at,pgd,full_test,raw,robust,0.7321428571428571,ad_data/exp031/exp031_full_20260729_174215/thubenchmark_conformer_seed44_rpcf_at_pgd.pth
thubenchmark,conformer,44,rpcf_at,cw,full_test,raw,clean,0.930952380952381,ad_data/exp031/exp031_full_20260729_174215/thubenchmark_conformer_seed44_rpcf_at_cw.pth
thubenchmark,conformer,44,rpcf_at,cw,full_test,raw,robust,0.0,ad_data/exp031/exp031_full_20260729_174215/thubenchmark_conformer_seed44_rpcf_at_cw.pth
thubenchmark,conformer,45,madry,autoattack,full_test,raw,clean,0.9428571428571428,ad_data/exp031/exp031_full_20260729_174215/thubenchmark_conformer_seed45_madry_autoattack.pth
thubenchmark,conformer,45,madry,autoattack,full_test,raw,robust,0.7619047619047619,ad_data/exp031/exp031_full_20260729_174215/thubenchmark_conformer_seed45_madry_autoattack.pth
thubenchmark,conformer,45,madry,fgsm,full_test,raw,clean,0.9428571428571428,ad_data/exp031/exp031_full_20260729_174215/thubenchmark_conformer_seed45_madry_fgsm.pth
thubenchmark,conformer,45,madry,fgsm,full_test,raw,robust,0.8166666666666667,ad_data/exp031/exp031_full_20260729_174215/thubenchmark_conformer_seed45_madry_fgsm.pth
thubenchmark,conformer,45,madry,pgd,full_test,raw,clean,0.9428571428571428,ad_data/exp031/exp031_full_20260729_174215/thubenchmark_conformer_seed45_madry_pgd.pth
thubenchmark,conformer,45,madry,pgd,full_test,raw,robust,0.7726190476190476,ad_data/exp031/exp031_full_20260729_174215/thubenchmark_conformer_seed45_madry_pgd.pth
thubenchmark,conformer,45,madry,cw,full_test,raw,clean,0.9428571428571428,ad_data/exp031/exp031_full_20260729_174215/thubenchmark_conformer_seed45_madry_cw.pth
thubenchmark,conformer,45,madry,cw,full_test,raw,robust,0.0,ad_data/exp031/exp031_full_20260729_174215/thubenchmark_conformer_seed45_madry_cw.pth
thubenchmark,conformer,45,trades,autoattack,full_test,raw,clean,0.9535714285714286,ad_data/exp031/exp031_full_20260729_174215/thubenchmark_conformer_seed45_trades_autoattack.pth
thubenchmark,conformer,45,trades,autoattack,full_test,raw,robust,0.6678571428571428,ad_data/exp031/exp031_full_20260729_174215/thubenchmark_conformer_seed45_trades_autoattack.pth
thubenchmark,conformer,45,trades,fgsm,full_test,raw,clean,0.9535714285714286,ad_data/exp031/exp031_full_20260729_174215/thubenchmark_conformer_seed45_trades_fgsm.pth
thubenchmark,conformer,45,trades,fgsm,full_test,raw,robust,0.7392857142857143,ad_data/exp031/exp031_full_20260729_174215/thubenchmark_conformer_seed45_trades_fgsm.pth
thubenchmark,conformer,45,trades,pgd,full_test,raw,clean,0.9535714285714286,ad_data/exp031/exp031_full_20260729_174215/thubenchmark_conformer_seed45_trades_pgd.pth
thubenchmark,conformer,45,trades,pgd,full_test,raw,robust,0.6738095238095239,ad_data/exp031/exp031_full_20260729_174215/thubenchmark_conformer_seed45_trades_pgd.pth
thubenchmark,conformer,45,trades,cw,full_test,raw,clean,0.9535714285714286,ad_data/exp031/exp031_full_20260729_174215/thubenchmark_conformer_seed45_trades_cw.pth
thubenchmark,conformer,45,trades,cw,full_test,raw,robust,0.0,ad_data/exp031/exp031_full_20260729_174215/thubenchmark_conformer_seed45_trades_cw.pth
thubenchmark,conformer,45,fbf,autoattack,full_test,raw,clean,0.9333333333333333,ad_data/exp031/exp031_full_20260729_174215/thubenchmark_conformer_seed45_fbf_autoattack.pth
thubenchmark,conformer,45,fbf,autoattack,full_test,raw,robust,0.49642857142857144,ad_data/exp031/exp031_full_20260729_174215/thubenchmark_conformer_seed45_fbf_autoattack.pth
thubenchmark,conformer,45,fbf,fgsm,full_test,raw,clean,0.9333333333333333,ad_data/exp031/exp031_full_20260729_174215/thubenchmark_conformer_seed45_fbf_fgsm.pth
thubenchmark,conformer,45,fbf,fgsm,full_test,raw,robust,0.6261904761904762,ad_data/exp031/exp031_full_20260729_174215/thubenchmark_conformer_seed45_fbf_fgsm.pth
thubenchmark,conformer,45,fbf,pgd,full_test,raw,clean,0.9333333333333333,ad_data/exp031/exp031_full_20260729_174215/thubenchmark_conformer_seed45_fbf_pgd.pth
thubenchmark,conformer,45,fbf,pgd,full_test,raw,robust,0.513095238095238,ad_data/exp031/exp031_full_20260729_174215/thubenchmark_conformer_seed45_fbf_pgd.pth
thubenchmark,conformer,45,fbf,cw,full_test,raw,clean,0.9333333333333333,ad_data/exp031/exp031_full_20260729_174215/thubenchmark_conformer_seed45_fbf_cw.pth
thubenchmark,conformer,45,fbf,cw,full_test,raw,robust,0.0,ad_data/exp031/exp031_full_20260729_174215/thubenchmark_conformer_seed45_fbf_cw.pth
thubenchmark,conformer,45,ea_forward,autoattack,full_test,raw,clean,0.02857142857142857,ad_data/exp031/exp031_full_20260729_174215/thubenchmark_conformer_seed45_ea_forward_autoattack.pth
thubenchmark,conformer,45,ea_forward,autoattack,full_test,raw,robust,0.008333333333333333,ad_data/exp031/exp031_full_20260729_174215/thubenchmark_conformer_seed45_ea_forward_autoattack.pth
thubenchmark,conformer,45,ea_forward,fgsm,full_test,raw,clean,0.02619047619047619,ad_data/exp031/exp031_full_20260729_174215/thubenchmark_conformer_seed45_ea_forward_fgsm.pth
thubenchmark,conformer,45,ea_forward,fgsm,full_test,raw,robust,0.008333333333333333,ad_data/exp031/exp031_full_20260729_174215/thubenchmark_conformer_seed45_ea_forward_fgsm.pth
thubenchmark,conformer,45,ea_forward,pgd,full_test,raw,clean,0.02619047619047619,ad_data/exp031/exp031_full_20260729_174215/thubenchmark_conformer_seed45_ea_forward_pgd.pth
thubenchmark,conformer,45,ea_forward,pgd,full_test,raw,robust,0.004761904761904762,ad_data/exp031/exp031_full_20260729_174215/thubenchmark_conformer_seed45_ea_forward_pgd.pth
thubenchmark,conformer,45,ea_forward,cw,full_test,raw,clean,0.02619047619047619,ad_data/exp031/exp031_full_20260729_174215/thubenchmark_conformer_seed45_ea_forward_cw.pth
thubenchmark,conformer,45,ea_forward,cw,full_test,raw,robust,0.0,ad_data/exp031/exp031_full_20260729_174215/thubenchmark_conformer_seed45_ea_forward_cw.pth
thubenchmark,conformer,45,rpcf_at,autoattack,full_test,raw,clean,0.9297619047619048,ad_data/exp031/exp031_full_20260729_174215/thubenchmark_conformer_seed45_rpcf_at_autoattack.pth
thubenchmark,conformer,45,rpcf_at,autoattack,full_test,raw,robust,0.705952380952381,ad_data/exp031/exp031_full_20260729_174215/thubenchmark_conformer_seed45_rpcf_at_autoattack.pth
thubenchmark,conformer,45,rpcf_at,fgsm,full_test,raw,clean,0.9297619047619048,ad_data/exp031/exp031_full_20260729_174215/thubenchmark_conformer_seed45_rpcf_at_fgsm.pth
thubenchmark,conformer,45,rpcf_at,fgsm,full_test,raw,robust,0.763095238095238,ad_data/exp031/exp031_full_20260729_174215/thubenchmark_conformer_seed45_rpcf_at_fgsm.pth
thubenchmark,conformer,45,rpcf_at,pgd,full_test,raw,clean,0.9297619047619048,ad_data/exp031/exp031_full_20260729_174215/thubenchmark_conformer_seed45_rpcf_at_pgd.pth
thubenchmark,conformer,45,rpcf_at,pgd,full_test,raw,robust,0.719047619047619,ad_data/exp031/exp031_full_20260729_174215/thubenchmark_conformer_seed45_rpcf_at_pgd.pth
thubenchmark,conformer,45,rpcf_at,cw,full_test,raw,clean,0.9297619047619048,ad_data/exp031/exp031_full_20260729_174215/thubenchmark_conformer_seed45_rpcf_at_cw.pth
thubenchmark,conformer,45,rpcf_at,cw,full_test,raw,robust,0.0,ad_data/exp031/exp031_full_20260729_174215/thubenchmark_conformer_seed45_rpcf_at_cw.pth
thubenchmark,conformer,46,madry,autoattack,full_test,raw,clean,0.9357142857142857,ad_data/exp031/exp031_full_20260729_174215/thubenchmark_conformer_seed46_madry_autoattack.pth
thubenchmark,conformer,46,madry,autoattack,full_test,raw,robust,0.7297619047619047,ad_data/exp031/exp031_full_20260729_174215/thubenchmark_conformer_seed46_madry_autoattack.pth
thubenchmark,conformer,46,madry,fgsm,full_test,raw,clean,0.9357142857142857,ad_data/exp031/exp031_full_20260729_174215/thubenchmark_conformer_seed46_madry_fgsm.pth
thubenchmark,conformer,46,madry,fgsm,full_test,raw,robust,0.7821428571428571,ad_data/exp031/exp031_full_20260729_174215/thubenchmark_conformer_seed46_madry_fgsm.pth
thubenchmark,conformer,46,madry,pgd,full_test,raw,clean,0.9357142857142857,ad_data/exp031/exp031_full_20260729_174215/thubenchmark_conformer_seed46_madry_pgd.pth
thubenchmark,conformer,46,madry,pgd,full_test,raw,robust,0.75,ad_data/exp031/exp031_full_20260729_174215/thubenchmark_conformer_seed46_madry_pgd.pth
thubenchmark,conformer,46,madry,cw,full_test,raw,clean,0.9357142857142857,ad_data/exp031/exp031_full_20260729_174215/thubenchmark_conformer_seed46_madry_cw.pth
thubenchmark,conformer,46,madry,cw,full_test,raw,robust,0.0,ad_data/exp031/exp031_full_20260729_174215/thubenchmark_conformer_seed46_madry_cw.pth
thubenchmark,conformer,46,trades,autoattack,full_test,raw,clean,0.9464285714285714,ad_data/exp031/exp031_full_20260729_174215/thubenchmark_conformer_seed46_trades_autoattack.pth
thubenchmark,conformer,46,trades,autoattack,full_test,raw,robust,0.6523809523809524,ad_data/exp031/exp031_full_20260729_174215/thubenchmark_conformer_seed46_trades_autoattack.pth
thubenchmark,conformer,46,trades,fgsm,full_test,raw,clean,0.9464285714285714,ad_data/exp031/exp031_full_20260729_174215/thubenchmark_conformer_seed46_trades_fgsm.pth
thubenchmark,conformer,46,trades,fgsm,full_test,raw,robust,0.7321428571428571,ad_data/exp031/exp031_full_20260729_174215/thubenchmark_conformer_seed46_trades_fgsm.pth
thubenchmark,conformer,46,trades,pgd,full_test,raw,clean,0.9464285714285714,ad_data/exp031/exp031_full_20260729_174215/thubenchmark_conformer_seed46_trades_pgd.pth
thubenchmark,conformer,46,trades,pgd,full_test,raw,robust,0.655952380952381,ad_data/exp031/exp031_full_20260729_174215/thubenchmark_conformer_seed46_trades_pgd.pth
thubenchmark,conformer,46,trades,cw,full_test,raw,clean,0.9464285714285714,ad_data/exp031/exp031_full_20260729_174215/thubenchmark_conformer_seed46_trades_cw.pth
thubenchmark,conformer,46,trades,cw,full_test,raw,robust,0.0,ad_data/exp031/exp031_full_20260729_174215/thubenchmark_conformer_seed46_trades_cw.pth
thubenchmark,conformer,46,fbf,autoattack,full_test,raw,clean,0.9392857142857143,ad_data/exp031/exp031_full_20260729_174215/thubenchmark_conformer_seed46_fbf_autoattack.pth
thubenchmark,conformer,46,fbf,autoattack,full_test,raw,robust,0.49047619047619045,ad_data/exp031/exp031_full_20260729_174215/thubenchmark_conformer_seed46_fbf_autoattack.pth
thubenchmark,conformer,46,fbf,fgsm,full_test,raw,clean,0.9392857142857143,ad_data/exp031/exp031_full_20260729_174215/thubenchmark_conformer_seed46_fbf_fgsm.pth
thubenchmark,conformer,46,fbf,fgsm,full_test,raw,robust,0.7226190476190476,ad_data/exp031/exp031_full_20260729_174215/thubenchmark_conformer_seed46_fbf_fgsm.pth
thubenchmark,conformer,46,fbf,pgd,full_test,raw,clean,0.9392857142857143,ad_data/exp031/exp031_full_20260729_174215/thubenchmark_conformer_seed46_fbf_pgd.pth
thubenchmark,conformer,46,fbf,pgd,full_test,raw,robust,0.6154761904761905,ad_data/exp031/exp031_full_20260729_174215/thubenchmark_conformer_seed46_fbf_pgd.pth
thubenchmark,conformer,46,fbf,cw,full_test,raw,clean,0.9392857142857143,ad_data/exp031/exp031_full_20260729_174215/thubenchmark_conformer_seed46_fbf_cw.pth
thubenchmark,conformer,46,fbf,cw,full_test,raw,robust,0.0,ad_data/exp031/exp031_full_20260729_174215/thubenchmark_conformer_seed46_fbf_cw.pth
thubenchmark,conformer,46,ea_forward,autoattack,full_test,raw,clean,0.9654761904761905,ad_data/exp031/exp031_full_20260729_174215/thubenchmark_conformer_seed46_ea_forward_autoattack.pth
thubenchmark,conformer,46,ea_forward,autoattack,full_test,raw,robust,0.21666666666666667,ad_data/exp031/exp031_full_20260729_174215/thubenchmark_conformer_seed46_ea_forward_autoattack.pth
thubenchmark,conformer,46,ea_forward,fgsm,full_test,raw,clean,0.9666666666666667,ad_data/exp031/exp031_full_20260729_174215/thubenchmark_conformer_seed46_ea_forward_fgsm.pth
thubenchmark,conformer,46,ea_forward,fgsm,full_test,raw,robust,0.594047619047619,ad_data/exp031/exp031_full_20260729_174215/thubenchmark_conformer_seed46_ea_forward_fgsm.pth
thubenchmark,conformer,46,ea_forward,pgd,full_test,raw,clean,0.9666666666666667,ad_data/exp031/exp031_full_20260729_174215/thubenchmark_conformer_seed46_ea_forward_pgd.pth
thubenchmark,conformer,46,ea_forward,pgd,full_test,raw,robust,0.17976190476190476,ad_data/exp031/exp031_full_20260729_174215/thubenchmark_conformer_seed46_ea_forward_pgd.pth
thubenchmark,conformer,46,ea_forward,cw,full_test,raw,clean,0.9666666666666667,ad_data/exp031/exp031_full_20260729_174215/thubenchmark_conformer_seed46_ea_forward_cw.pth
thubenchmark,conformer,46,ea_forward,cw,full_test,raw,robust,0.0,ad_data/exp031/exp031_full_20260729_174215/thubenchmark_conformer_seed46_ea_forward_cw.pth
thubenchmark,conformer,46,rpcf_at,autoattack,full_test,raw,clean,0.9333333333333333,ad_data/exp031/exp031_full_20260729_174215/thubenchmark_conformer_seed46_rpcf_at_autoattack.pth
thubenchmark,conformer,46,rpcf_at,autoattack,full_test,raw,robust,0.7535714285714286,ad_data/exp031/exp031_full_20260729_174215/thubenchmark_conformer_seed46_rpcf_at_autoattack.pth
thubenchmark,conformer,46,rpcf_at,fgsm,full_test,raw,clean,0.9333333333333333,ad_data/exp031/exp031_full_20260729_174215/thubenchmark_conformer_seed46_rpcf_at_fgsm.pth
thubenchmark,conformer,46,rpcf_at,fgsm,full_test,raw,robust,0.8,ad_data/exp031/exp031_full_20260729_174215/thubenchmark_conformer_seed46_rpcf_at_fgsm.pth
thubenchmark,conformer,46,rpcf_at,pgd,full_test,raw,clean,0.9333333333333333,ad_data/exp031/exp031_full_20260729_174215/thubenchmark_conformer_seed46_rpcf_at_pgd.pth
thubenchmark,conformer,46,rpcf_at,pgd,full_test,raw,robust,0.7595238095238095,ad_data/exp031/exp031_full_20260729_174215/thubenchmark_conformer_seed46_rpcf_at_pgd.pth
thubenchmark,conformer,46,rpcf_at,cw,full_test,raw,clean,0.9333333333333333,ad_data/exp031/exp031_full_20260729_174215/thubenchmark_conformer_seed46_rpcf_at_cw.pth
thubenchmark,conformer,46,rpcf_at,cw,full_test,raw,robust,0.0,ad_data/exp031/exp031_full_20260729_174215/thubenchmark_conformer_seed46_rpcf_at_cw.pth
thubenchmark,tcnet,42,madry,autoattack,full_test,raw,clean,0.8302122347066168,ad_data/exp031/exp031_full_20260729_174215/thubenchmark_tcnet_seed42_madry_autoattack.pth
thubenchmark,tcnet,42,madry,autoattack,full_test,raw,robust,0.41697877652933835,ad_data/exp031/exp031_full_20260729_174215/thubenchmark_tcnet_seed42_madry_autoattack.pth
thubenchmark,tcnet,42,madry,fgsm,full_test,raw,clean,0.8302122347066168,ad_data/exp031/exp031_full_20260729_174215/thubenchmark_tcnet_seed42_madry_fgsm.pth
thubenchmark,tcnet,42,madry,fgsm,full_test,raw,robust,0.533083645443196,ad_data/exp031/exp031_full_20260729_174215/thubenchmark_tcnet_seed42_madry_fgsm.pth
thubenchmark,tcnet,42,madry,pgd,full_test,raw,clean,0.8302122347066168,ad_data/exp031/exp031_full_20260729_174215/thubenchmark_tcnet_seed42_madry_pgd.pth
thubenchmark,tcnet,42,madry,pgd,full_test,raw,robust,0.4681647940074906,ad_data/exp031/exp031_full_20260729_174215/thubenchmark_tcnet_seed42_madry_pgd.pth
thubenchmark,tcnet,42,madry,cw,full_test,raw,clean,0.8302122347066168,ad_data/exp031/exp031_full_20260729_174215/thubenchmark_tcnet_seed42_madry_cw.pth
thubenchmark,tcnet,42,madry,cw,full_test,raw,robust,0.03620474406991261,ad_data/exp031/exp031_full_20260729_174215/thubenchmark_tcnet_seed42_madry_cw.pth
thubenchmark,tcnet,42,trades,autoattack,full_test,raw,clean,0.8564294631710362,ad_data/exp031/exp031_full_20260729_174215/thubenchmark_tcnet_seed42_trades_autoattack.pth
thubenchmark,tcnet,42,trades,autoattack,full_test,raw,robust,0.19101123595505617,ad_data/exp031/exp031_full_20260729_174215/thubenchmark_tcnet_seed42_trades_autoattack.pth
thubenchmark,tcnet,42,trades,fgsm,full_test,raw,clean,0.8564294631710362,ad_data/exp031/exp031_full_20260729_174215/thubenchmark_tcnet_seed42_trades_fgsm.pth
thubenchmark,tcnet,42,trades,fgsm,full_test,raw,robust,0.33083645443196,ad_data/exp031/exp031_full_20260729_174215/thubenchmark_tcnet_seed42_trades_fgsm.pth
thubenchmark,tcnet,42,trades,pgd,full_test,raw,clean,0.8564294631710362,ad_data/exp031/exp031_full_20260729_174215/thubenchmark_tcnet_seed42_trades_pgd.pth
thubenchmark,tcnet,42,trades,pgd,full_test,raw,robust,0.21598002496878901,ad_data/exp031/exp031_full_20260729_174215/thubenchmark_tcnet_seed42_trades_pgd.pth
thubenchmark,tcnet,42,trades,cw,full_test,raw,clean,0.8564294631710362,ad_data/exp031/exp031_full_20260729_174215/thubenchmark_tcnet_seed42_trades_cw.pth
thubenchmark,tcnet,42,trades,cw,full_test,raw,robust,0.052434456928838954,ad_data/exp031/exp031_full_20260729_174215/thubenchmark_tcnet_seed42_trades_cw.pth
thubenchmark,tcnet,42,fbf,autoattack,full_test,raw,clean,0.8789013732833958,ad_data/exp031/exp031_full_20260729_174215/thubenchmark_tcnet_seed42_fbf_autoattack.pth
thubenchmark,tcnet,42,fbf,autoattack,full_test,raw,robust,0.20224719101123595,ad_data/exp031/exp031_full_20260729_174215/thubenchmark_tcnet_seed42_fbf_autoattack.pth
thubenchmark,tcnet,42,fbf,fgsm,full_test,raw,clean,0.8789013732833958,ad_data/exp031/exp031_full_20260729_174215/thubenchmark_tcnet_seed42_fbf_fgsm.pth
thubenchmark,tcnet,42,fbf,fgsm,full_test,raw,robust,0.3682896379525593,ad_data/exp031/exp031_full_20260729_174215/thubenchmark_tcnet_seed42_fbf_fgsm.pth
thubenchmark,tcnet,42,fbf,pgd,full_test,raw,clean,0.8789013732833958,ad_data/exp031/exp031_full_20260729_174215/thubenchmark_tcnet_seed42_fbf_pgd.pth
thubenchmark,tcnet,42,fbf,pgd,full_test,raw,robust,0.2247191011235955,ad_data/exp031/exp031_full_20260729_174215/thubenchmark_tcnet_seed42_fbf_pgd.pth
thubenchmark,tcnet,42,fbf,cw,full_test,raw,clean,0.8789013732833958,ad_data/exp031/exp031_full_20260729_174215/thubenchmark_tcnet_seed42_fbf_cw.pth
thubenchmark,tcnet,42,fbf,cw,full_test,raw,robust,0.05867665418227216,ad_data/exp031/exp031_full_20260729_174215/thubenchmark_tcnet_seed42_fbf_cw.pth
thubenchmark,tcnet,42,ea_forward,autoattack,full_test,raw,clean,0.011235955056179775,ad_data/exp031/exp031_full_20260729_174215/thubenchmark_tcnet_seed42_ea_forward_autoattack.pth
thubenchmark,tcnet,42,ea_forward,autoattack,full_test,raw,robust,0.0,ad_data/exp031/exp031_full_20260729_174215/thubenchmark_tcnet_seed42_ea_forward_autoattack.pth
thubenchmark,tcnet,42,ea_forward,fgsm,full_test,raw,clean,0.01373283395755306,ad_data/exp031/exp031_full_20260729_174215/thubenchmark_tcnet_seed42_ea_forward_fgsm.pth
thubenchmark,tcnet,42,ea_forward,fgsm,full_test,raw,robust,0.0012484394506866417,ad_data/exp031/exp031_full_20260729_174215/thubenchmark_tcnet_seed42_ea_forward_fgsm.pth
thubenchmark,tcnet,42,ea_forward,pgd,full_test,raw,clean,0.01373283395755306,ad_data/exp031/exp031_full_20260729_174215/thubenchmark_tcnet_seed42_ea_forward_pgd.pth
thubenchmark,tcnet,42,ea_forward,pgd,full_test,raw,robust,0.0,ad_data/exp031/exp031_full_20260729_174215/thubenchmark_tcnet_seed42_ea_forward_pgd.pth
thubenchmark,tcnet,42,ea_forward,cw,full_test,raw,clean,0.01373283395755306,ad_data/exp031/exp031_full_20260729_174215/thubenchmark_tcnet_seed42_ea_forward_cw.pth
thubenchmark,tcnet,42,ea_forward,cw,full_test,raw,robust,0.02122347066167291,ad_data/exp031/exp031_full_20260729_174215/thubenchmark_tcnet_seed42_ea_forward_cw.pth
thubenchmark,tcnet,42,rpcf_at,autoattack,full_test,raw,clean,0.8614232209737828,ad_data/exp031/exp031_full_20260729_174215/thubenchmark_tcnet_seed42_rpcf_at_autoattack.pth
thubenchmark,tcnet,42,rpcf_at,autoattack,full_test,raw,robust,0.4232209737827715,ad_data/exp031/exp031_full_20260729_174215/thubenchmark_tcnet_seed42_rpcf_at_autoattack.pth
thubenchmark,tcnet,42,rpcf_at,fgsm,full_test,raw,clean,0.8614232209737828,ad_data/exp031/exp031_full_20260729_174215/thubenchmark_tcnet_seed42_rpcf_at_fgsm.pth
thubenchmark,tcnet,42,rpcf_at,fgsm,full_test,raw,robust,0.5430711610486891,ad_data/exp031/exp031_full_20260729_174215/thubenchmark_tcnet_seed42_rpcf_at_fgsm.pth
thubenchmark,tcnet,42,rpcf_at,pgd,full_test,raw,clean,0.8614232209737828,ad_data/exp031/exp031_full_20260729_174215/thubenchmark_tcnet_seed42_rpcf_at_pgd.pth
thubenchmark,tcnet,42,rpcf_at,pgd,full_test,raw,robust,0.46691635455680397,ad_data/exp031/exp031_full_20260729_174215/thubenchmark_tcnet_seed42_rpcf_at_pgd.pth
thubenchmark,tcnet,42,rpcf_at,cw,full_test,raw,clean,0.8614232209737828,ad_data/exp031/exp031_full_20260729_174215/thubenchmark_tcnet_seed42_rpcf_at_cw.pth
thubenchmark,tcnet,42,rpcf_at,cw,full_test,raw,robust,0.03745318352059925,ad_data/exp031/exp031_full_20260729_174215/thubenchmark_tcnet_seed42_rpcf_at_cw.pth
thubenchmark,tcnet,43,madry,autoattack,full_test,raw,clean,0.8559523809523809,ad_data/exp031/exp031_full_20260729_174215/thubenchmark_tcnet_seed43_madry_autoattack.pth
thubenchmark,tcnet,43,madry,autoattack,full_test,raw,robust,0.4452380952380952,ad_data/exp031/exp031_full_20260729_174215/thubenchmark_tcnet_seed43_madry_autoattack.pth
thubenchmark,tcnet,43,madry,fgsm,full_test,raw,clean,0.8559523809523809,ad_data/exp031/exp031_full_20260729_174215/thubenchmark_tcnet_seed43_madry_fgsm.pth
thubenchmark,tcnet,43,madry,fgsm,full_test,raw,robust,0.569047619047619,ad_data/exp031/exp031_full_20260729_174215/thubenchmark_tcnet_seed43_madry_fgsm.pth
thubenchmark,tcnet,43,madry,pgd,full_test,raw,clean,0.8559523809523809,ad_data/exp031/exp031_full_20260729_174215/thubenchmark_tcnet_seed43_madry_pgd.pth
thubenchmark,tcnet,43,madry,pgd,full_test,raw,robust,0.5261904761904762,ad_data/exp031/exp031_full_20260729_174215/thubenchmark_tcnet_seed43_madry_pgd.pth
thubenchmark,tcnet,43,madry,cw,full_test,raw,clean,0.8559523809523809,ad_data/exp031/exp031_full_20260729_174215/thubenchmark_tcnet_seed43_madry_cw.pth
thubenchmark,tcnet,43,madry,cw,full_test,raw,robust,0.02261904761904762,ad_data/exp031/exp031_full_20260729_174215/thubenchmark_tcnet_seed43_madry_cw.pth
thubenchmark,tcnet,43,trades,autoattack,full_test,raw,clean,0.8761904761904762,ad_data/exp031/exp031_full_20260729_174215/thubenchmark_tcnet_seed43_trades_autoattack.pth
thubenchmark,tcnet,43,trades,autoattack,full_test,raw,robust,0.2130952380952381,ad_data/exp031/exp031_full_20260729_174215/thubenchmark_tcnet_seed43_trades_autoattack.pth
thubenchmark,tcnet,43,trades,fgsm,full_test,raw,clean,0.8761904761904762,ad_data/exp031/exp031_full_20260729_174215/thubenchmark_tcnet_seed43_trades_fgsm.pth
thubenchmark,tcnet,43,trades,fgsm,full_test,raw,robust,0.3607142857142857,ad_data/exp031/exp031_full_20260729_174215/thubenchmark_tcnet_seed43_trades_fgsm.pth
thubenchmark,tcnet,43,trades,pgd,full_test,raw,clean,0.8761904761904762,ad_data/exp031/exp031_full_20260729_174215/thubenchmark_tcnet_seed43_trades_pgd.pth
thubenchmark,tcnet,43,trades,pgd,full_test,raw,robust,0.2488095238095238,ad_data/exp031/exp031_full_20260729_174215/thubenchmark_tcnet_seed43_trades_pgd.pth
thubenchmark,tcnet,43,trades,cw,full_test,raw,clean,0.8761904761904762,ad_data/exp031/exp031_full_20260729_174215/thubenchmark_tcnet_seed43_trades_cw.pth
thubenchmark,tcnet,43,trades,cw,full_test,raw,robust,0.05119047619047619,ad_data/exp031/exp031_full_20260729_174215/thubenchmark_tcnet_seed43_trades_cw.pth
thubenchmark,tcnet,43,fbf,autoattack,full_test,raw,clean,0.8642857142857143,ad_data/exp031/exp031_full_20260729_174215/thubenchmark_tcnet_seed43_fbf_autoattack.pth
thubenchmark,tcnet,43,fbf,autoattack,full_test,raw,robust,0.21904761904761905,ad_data/exp031/exp031_full_20260729_174215/thubenchmark_tcnet_seed43_fbf_autoattack.pth
thubenchmark,tcnet,43,fbf,fgsm,full_test,raw,clean,0.8642857142857143,ad_data/exp031/exp031_full_20260729_174215/thubenchmark_tcnet_seed43_fbf_fgsm.pth
thubenchmark,tcnet,43,fbf,fgsm,full_test,raw,robust,0.4023809523809524,ad_data/exp031/exp031_full_20260729_174215/thubenchmark_tcnet_seed43_fbf_fgsm.pth
thubenchmark,tcnet,43,fbf,pgd,full_test,raw,clean,0.8642857142857143,ad_data/exp031/exp031_full_20260729_174215/thubenchmark_tcnet_seed43_fbf_pgd.pth
thubenchmark,tcnet,43,fbf,pgd,full_test,raw,robust,0.275,ad_data/exp031/exp031_full_20260729_174215/thubenchmark_tcnet_seed43_fbf_pgd.pth
thubenchmark,tcnet,43,fbf,cw,full_test,raw,clean,0.8642857142857143,ad_data/exp031/exp031_full_20260729_174215/thubenchmark_tcnet_seed43_fbf_cw.pth
thubenchmark,tcnet,43,fbf,cw,full_test,raw,robust,0.05714285714285714,ad_data/exp031/exp031_full_20260729_174215/thubenchmark_tcnet_seed43_fbf_cw.pth
thubenchmark,tcnet,43,ea_forward,autoattack,full_test,raw,clean,0.02619047619047619,ad_data/exp031/exp031_full_20260729_174215/thubenchmark_tcnet_seed43_ea_forward_autoattack.pth
thubenchmark,tcnet,43,ea_forward,autoattack,full_test,raw,robust,0.0035714285714285713,ad_data/exp031/exp031_full_20260729_174215/thubenchmark_tcnet_seed43_ea_forward_autoattack.pth
thubenchmark,tcnet,43,ea_forward,fgsm,full_test,raw,clean,0.02619047619047619,ad_data/exp031/exp031_full_20260729_174215/thubenchmark_tcnet_seed43_ea_forward_fgsm.pth
thubenchmark,tcnet,43,ea_forward,fgsm,full_test,raw,robust,0.023809523809523808,ad_data/exp031/exp031_full_20260729_174215/thubenchmark_tcnet_seed43_ea_forward_fgsm.pth
thubenchmark,tcnet,43,ea_forward,pgd,full_test,raw,clean,0.02619047619047619,ad_data/exp031/exp031_full_20260729_174215/thubenchmark_tcnet_seed43_ea_forward_pgd.pth
thubenchmark,tcnet,43,ea_forward,pgd,full_test,raw,robust,0.0,ad_data/exp031/exp031_full_20260729_174215/thubenchmark_tcnet_seed43_ea_forward_pgd.pth
thubenchmark,tcnet,43,ea_forward,cw,full_test,raw,clean,0.02619047619047619,ad_data/exp031/exp031_full_20260729_174215/thubenchmark_tcnet_seed43_ea_forward_cw.pth
thubenchmark,tcnet,43,ea_forward,cw,full_test,raw,robust,0.02619047619047619,ad_data/exp031/exp031_full_20260729_174215/thubenchmark_tcnet_seed43_ea_forward_cw.pth
thubenchmark,tcnet,43,rpcf_at,autoattack,full_test,raw,clean,0.8452380952380952,ad_data/exp031/exp031_full_20260729_174215/thubenchmark_tcnet_seed43_rpcf_at_autoattack.pth
thubenchmark,tcnet,43,rpcf_at,autoattack,full_test,raw,robust,0.4607142857142857,ad_data/exp031/exp031_full_20260729_174215/thubenchmark_tcnet_seed43_rpcf_at_autoattack.pth
thubenchmark,tcnet,43,rpcf_at,fgsm,full_test,raw,clean,0.8452380952380952,ad_data/exp031/exp031_full_20260729_174215/thubenchmark_tcnet_seed43_rpcf_at_fgsm.pth
thubenchmark,tcnet,43,rpcf_at,fgsm,full_test,raw,robust,0.5773809523809523,ad_data/exp031/exp031_full_20260729_174215/thubenchmark_tcnet_seed43_rpcf_at_fgsm.pth
thubenchmark,tcnet,43,rpcf_at,pgd,full_test,raw,clean,0.8452380952380952,ad_data/exp031/exp031_full_20260729_174215/thubenchmark_tcnet_seed43_rpcf_at_pgd.pth
thubenchmark,tcnet,43,rpcf_at,pgd,full_test,raw,robust,0.5178571428571429,ad_data/exp031/exp031_full_20260729_174215/thubenchmark_tcnet_seed43_rpcf_at_pgd.pth
thubenchmark,tcnet,43,rpcf_at,cw,full_test,raw,clean,0.8452380952380952,ad_data/exp031/exp031_full_20260729_174215/thubenchmark_tcnet_seed43_rpcf_at_cw.pth
thubenchmark,tcnet,43,rpcf_at,cw,full_test,raw,robust,0.017857142857142856,ad_data/exp031/exp031_full_20260729_174215/thubenchmark_tcnet_seed43_rpcf_at_cw.pth
thubenchmark,tcnet,44,madry,autoattack,full_test,raw,clean,0.8154761904761905,ad_data/exp031/exp031_full_20260729_174215/thubenchmark_tcnet_seed44_madry_autoattack.pth
thubenchmark,tcnet,44,madry,autoattack,full_test,raw,robust,0.4583333333333333,ad_data/exp031/exp031_full_20260729_174215/thubenchmark_tcnet_seed44_madry_autoattack.pth
thubenchmark,tcnet,44,madry,fgsm,full_test,raw,clean,0.8154761904761905,ad_data/exp031/exp031_full_20260729_174215/thubenchmark_tcnet_seed44_madry_fgsm.pth
thubenchmark,tcnet,44,madry,fgsm,full_test,raw,robust,0.5607142857142857,ad_data/exp031/exp031_full_20260729_174215/thubenchmark_tcnet_seed44_madry_fgsm.pth
thubenchmark,tcnet,44,madry,pgd,full_test,raw,clean,0.8154761904761905,ad_data/exp031/exp031_full_20260729_174215/thubenchmark_tcnet_seed44_madry_pgd.pth
thubenchmark,tcnet,44,madry,pgd,full_test,raw,robust,0.5261904761904762,ad_data/exp031/exp031_full_20260729_174215/thubenchmark_tcnet_seed44_madry_pgd.pth
thubenchmark,tcnet,44,madry,cw,full_test,raw,clean,0.8154761904761905,ad_data/exp031/exp031_full_20260729_174215/thubenchmark_tcnet_seed44_madry_cw.pth
thubenchmark,tcnet,44,madry,cw,full_test,raw,robust,0.0380952380952381,ad_data/exp031/exp031_full_20260729_174215/thubenchmark_tcnet_seed44_madry_cw.pth
thubenchmark,tcnet,44,trades,autoattack,full_test,raw,clean,0.8261904761904761,ad_data/exp031/exp031_full_20260729_174215/thubenchmark_tcnet_seed44_trades_autoattack.pth
thubenchmark,tcnet,44,trades,autoattack,full_test,raw,robust,0.20952380952380953,ad_data/exp031/exp031_full_20260729_174215/thubenchmark_tcnet_seed44_trades_autoattack.pth
thubenchmark,tcnet,44,trades,fgsm,full_test,raw,clean,0.8261904761904761,ad_data/exp031/exp031_full_20260729_174215/thubenchmark_tcnet_seed44_trades_fgsm.pth
thubenchmark,tcnet,44,trades,fgsm,full_test,raw,robust,0.3488095238095238,ad_data/exp031/exp031_full_20260729_174215/thubenchmark_tcnet_seed44_trades_fgsm.pth
thubenchmark,tcnet,44,trades,pgd,full_test,raw,clean,0.8261904761904761,ad_data/exp031/exp031_full_20260729_174215/thubenchmark_tcnet_seed44_trades_pgd.pth
thubenchmark,tcnet,44,trades,pgd,full_test,raw,robust,0.23095238095238096,ad_data/exp031/exp031_full_20260729_174215/thubenchmark_tcnet_seed44_trades_pgd.pth
thubenchmark,tcnet,44,trades,cw,full_test,raw,clean,0.8261904761904761,ad_data/exp031/exp031_full_20260729_174215/thubenchmark_tcnet_seed44_trades_cw.pth
thubenchmark,tcnet,44,trades,cw,full_test,raw,robust,0.05714285714285714,ad_data/exp031/exp031_full_20260729_174215/thubenchmark_tcnet_seed44_trades_cw.pth
thubenchmark,tcnet,44,fbf,autoattack,full_test,raw,clean,0.8404761904761905,ad_data/exp031/exp031_full_20260729_174215/thubenchmark_tcnet_seed44_fbf_autoattack.pth
thubenchmark,tcnet,44,fbf,autoattack,full_test,raw,robust,0.1988095238095238,ad_data/exp031/exp031_full_20260729_174215/thubenchmark_tcnet_seed44_fbf_autoattack.pth
thubenchmark,tcnet,44,fbf,fgsm,full_test,raw,clean,0.8404761904761905,ad_data/exp031/exp031_full_20260729_174215/thubenchmark_tcnet_seed44_fbf_fgsm.pth
thubenchmark,tcnet,44,fbf,fgsm,full_test,raw,robust,0.36904761904761907,ad_data/exp031/exp031_full_20260729_174215/thubenchmark_tcnet_seed44_fbf_fgsm.pth
thubenchmark,tcnet,44,fbf,pgd,full_test,raw,clean,0.8404761904761905,ad_data/exp031/exp031_full_20260729_174215/thubenchmark_tcnet_seed44_fbf_pgd.pth
thubenchmark,tcnet,44,fbf,pgd,full_test,raw,robust,0.225,ad_data/exp031/exp031_full_20260729_174215/thubenchmark_tcnet_seed44_fbf_pgd.pth
thubenchmark,tcnet,44,fbf,cw,full_test,raw,clean,0.8404761904761905,ad_data/exp031/exp031_full_20260729_174215/thubenchmark_tcnet_seed44_fbf_cw.pth
thubenchmark,tcnet,44,fbf,cw,full_test,raw,robust,0.10119047619047619,ad_data/exp031/exp031_full_20260729_174215/thubenchmark_tcnet_seed44_fbf_cw.pth
thubenchmark,tcnet,44,ea_forward,autoattack,full_test,raw,clean,0.023809523809523808,ad_data/exp031/exp031_full_20260729_174215/thubenchmark_tcnet_seed44_ea_forward_autoattack.pth
thubenchmark,tcnet,44,ea_forward,autoattack,full_test,raw,robust,0.002380952380952381,ad_data/exp031/exp031_full_20260729_174215/thubenchmark_tcnet_seed44_ea_forward_autoattack.pth
thubenchmark,tcnet,44,ea_forward,fgsm,full_test,raw,clean,0.02142857142857143,ad_data/exp031/exp031_full_20260729_174215/thubenchmark_tcnet_seed44_ea_forward_fgsm.pth
thubenchmark,tcnet,44,ea_forward,fgsm,full_test,raw,robust,0.02619047619047619,ad_data/exp031/exp031_full_20260729_174215/thubenchmark_tcnet_seed44_ea_forward_fgsm.pth
thubenchmark,tcnet,44,ea_forward,pgd,full_test,raw,clean,0.02142857142857143,ad_data/exp031/exp031_full_20260729_174215/thubenchmark_tcnet_seed44_ea_forward_pgd.pth
thubenchmark,tcnet,44,ea_forward,pgd,full_test,raw,robust,0.0,ad_data/exp031/exp031_full_20260729_174215/thubenchmark_tcnet_seed44_ea_forward_pgd.pth
thubenchmark,tcnet,44,ea_forward,cw,full_test,raw,clean,0.02142857142857143,ad_data/exp031/exp031_full_20260729_174215/thubenchmark_tcnet_seed44_ea_forward_cw.pth
thubenchmark,tcnet,44,ea_forward,cw,full_test,raw,robust,0.010714285714285714,ad_data/exp031/exp031_full_20260729_174215/thubenchmark_tcnet_seed44_ea_forward_cw.pth
thubenchmark,tcnet,44,rpcf_at,autoattack,full_test,raw,clean,0.8285714285714286,ad_data/exp031/exp031_full_20260729_174215/thubenchmark_tcnet_seed44_rpcf_at_autoattack.pth
thubenchmark,tcnet,44,rpcf_at,autoattack,full_test,raw,robust,0.45595238095238094,ad_data/exp031/exp031_full_20260729_174215/thubenchmark_tcnet_seed44_rpcf_at_autoattack.pth
thubenchmark,tcnet,44,rpcf_at,fgsm,full_test,raw,clean,0.8285714285714286,ad_data/exp031/exp031_full_20260729_174215/thubenchmark_tcnet_seed44_rpcf_at_fgsm.pth
thubenchmark,tcnet,44,rpcf_at,fgsm,full_test,raw,robust,0.580952380952381,ad_data/exp031/exp031_full_20260729_174215/thubenchmark_tcnet_seed44_rpcf_at_fgsm.pth
thubenchmark,tcnet,44,rpcf_at,pgd,full_test,raw,clean,0.8285714285714286,ad_data/exp031/exp031_full_20260729_174215/thubenchmark_tcnet_seed44_rpcf_at_pgd.pth
thubenchmark,tcnet,44,rpcf_at,pgd,full_test,raw,robust,0.5285714285714286,ad_data/exp031/exp031_full_20260729_174215/thubenchmark_tcnet_seed44_rpcf_at_pgd.pth
thubenchmark,tcnet,44,rpcf_at,cw,full_test,raw,clean,0.8285714285714286,ad_data/exp031/exp031_full_20260729_174215/thubenchmark_tcnet_seed44_rpcf_at_cw.pth
thubenchmark,tcnet,44,rpcf_at,cw,full_test,raw,robust,0.04880952380952381,ad_data/exp031/exp031_full_20260729_174215/thubenchmark_tcnet_seed44_rpcf_at_cw.pth
thubenchmark,tcnet,45,madry,autoattack,full_test,raw,clean,0.8345238095238096,ad_data/exp031/exp031_full_20260729_174215/thubenchmark_tcnet_seed45_madry_autoattack.pth
thubenchmark,tcnet,45,madry,autoattack,full_test,raw,robust,0.38452380952380955,ad_data/exp031/exp031_full_20260729_174215/thubenchmark_tcnet_seed45_madry_autoattack.pth
thubenchmark,tcnet,45,madry,fgsm,full_test,raw,clean,0.8345238095238096,ad_data/exp031/exp031_full_20260729_174215/thubenchmark_tcnet_seed45_madry_fgsm.pth
thubenchmark,tcnet,45,madry,fgsm,full_test,raw,robust,0.5190476190476191,ad_data/exp031/exp031_full_20260729_174215/thubenchmark_tcnet_seed45_madry_fgsm.pth
thubenchmark,tcnet,45,madry,pgd,full_test,raw,clean,0.8345238095238096,ad_data/exp031/exp031_full_20260729_174215/thubenchmark_tcnet_seed45_madry_pgd.pth
thubenchmark,tcnet,45,madry,pgd,full_test,raw,robust,0.4642857142857143,ad_data/exp031/exp031_full_20260729_174215/thubenchmark_tcnet_seed45_madry_pgd.pth
thubenchmark,tcnet,45,madry,cw,full_test,raw,clean,0.8345238095238096,ad_data/exp031/exp031_full_20260729_174215/thubenchmark_tcnet_seed45_madry_cw.pth
thubenchmark,tcnet,45,madry,cw,full_test,raw,robust,0.02976190476190476,ad_data/exp031/exp031_full_20260729_174215/thubenchmark_tcnet_seed45_madry_cw.pth
thubenchmark,tcnet,45,trades,autoattack,full_test,raw,clean,0.875,ad_data/exp031/exp031_full_20260729_174215/thubenchmark_tcnet_seed45_trades_autoattack.pth
thubenchmark,tcnet,45,trades,autoattack,full_test,raw,robust,0.2488095238095238,ad_data/exp031/exp031_full_20260729_174215/thubenchmark_tcnet_seed45_trades_autoattack.pth
thubenchmark,tcnet,45,trades,fgsm,full_test,raw,clean,0.875,ad_data/exp031/exp031_full_20260729_174215/thubenchmark_tcnet_seed45_trades_fgsm.pth
thubenchmark,tcnet,45,trades,fgsm,full_test,raw,robust,0.37857142857142856,ad_data/exp031/exp031_full_20260729_174215/thubenchmark_tcnet_seed45_trades_fgsm.pth
thubenchmark,tcnet,45,trades,pgd,full_test,raw,clean,0.875,ad_data/exp031/exp031_full_20260729_174215/thubenchmark_tcnet_seed45_trades_pgd.pth
thubenchmark,tcnet,45,trades,pgd,full_test,raw,robust,0.2630952380952381,ad_data/exp031/exp031_full_20260729_174215/thubenchmark_tcnet_seed45_trades_pgd.pth
thubenchmark,tcnet,45,trades,cw,full_test,raw,clean,0.875,ad_data/exp031/exp031_full_20260729_174215/thubenchmark_tcnet_seed45_trades_cw.pth
thubenchmark,tcnet,45,trades,cw,full_test,raw,robust,0.06547619047619048,ad_data/exp031/exp031_full_20260729_174215/thubenchmark_tcnet_seed45_trades_cw.pth
thubenchmark,tcnet,45,fbf,autoattack,full_test,raw,clean,0.8845238095238095,ad_data/exp031/exp031_full_20260729_174215/thubenchmark_tcnet_seed45_fbf_autoattack.pth
thubenchmark,tcnet,45,fbf,autoattack,full_test,raw,robust,0.22142857142857142,ad_data/exp031/exp031_full_20260729_174215/thubenchmark_tcnet_seed45_fbf_autoattack.pth
thubenchmark,tcnet,45,fbf,fgsm,full_test,raw,clean,0.8845238095238095,ad_data/exp031/exp031_full_20260729_174215/thubenchmark_tcnet_seed45_fbf_fgsm.pth
thubenchmark,tcnet,45,fbf,fgsm,full_test,raw,robust,0.36666666666666664,ad_data/exp031/exp031_full_20260729_174215/thubenchmark_tcnet_seed45_fbf_fgsm.pth
thubenchmark,tcnet,45,fbf,pgd,full_test,raw,clean,0.8845238095238095,ad_data/exp031/exp031_full_20260729_174215/thubenchmark_tcnet_seed45_fbf_pgd.pth
thubenchmark,tcnet,45,fbf,pgd,full_test,raw,robust,0.24047619047619048,ad_data/exp031/exp031_full_20260729_174215/thubenchmark_tcnet_seed45_fbf_pgd.pth
thubenchmark,tcnet,45,fbf,cw,full_test,raw,clean,0.8845238095238095,ad_data/exp031/exp031_full_20260729_174215/thubenchmark_tcnet_seed45_fbf_cw.pth
thubenchmark,tcnet,45,fbf,cw,full_test,raw,robust,0.06785714285714285,ad_data/exp031/exp031_full_20260729_174215/thubenchmark_tcnet_seed45_fbf_cw.pth
thubenchmark,tcnet,45,ea_forward,autoattack,full_test,raw,clean,0.025,ad_data/exp031/exp031_full_20260729_174215/thubenchmark_tcnet_seed45_ea_forward_autoattack.pth
thubenchmark,tcnet,45,ea_forward,autoattack,full_test,raw,robust,0.0035714285714285713,ad_data/exp031/exp031_full_20260729_174215/thubenchmark_tcnet_seed45_ea_forward_autoattack.pth
thubenchmark,tcnet,45,ea_forward,fgsm,full_test,raw,clean,0.02261904761904762,ad_data/exp031/exp031_full_20260729_174215/thubenchmark_tcnet_seed45_ea_forward_fgsm.pth
thubenchmark,tcnet,45,ea_forward,fgsm,full_test,raw,robust,0.0011904761904761906,ad_data/exp031/exp031_full_20260729_174215/thubenchmark_tcnet_seed45_ea_forward_fgsm.pth
thubenchmark,tcnet,45,ea_forward,pgd,full_test,raw,clean,0.02261904761904762,ad_data/exp031/exp031_full_20260729_174215/thubenchmark_tcnet_seed45_ea_forward_pgd.pth
thubenchmark,tcnet,45,ea_forward,pgd,full_test,raw,robust,0.0,ad_data/exp031/exp031_full_20260729_174215/thubenchmark_tcnet_seed45_ea_forward_pgd.pth
thubenchmark,tcnet,45,ea_forward,cw,full_test,raw,clean,0.02261904761904762,ad_data/exp031/exp031_full_20260729_174215/thubenchmark_tcnet_seed45_ea_forward_cw.pth
thubenchmark,tcnet,45,ea_forward,cw,full_test,raw,robust,0.009523809523809525,ad_data/exp031/exp031_full_20260729_174215/thubenchmark_tcnet_seed45_ea_forward_cw.pth
thubenchmark,tcnet,45,rpcf_at,autoattack,full_test,raw,clean,0.8214285714285714,ad_data/exp031/exp031_full_20260729_174215/thubenchmark_tcnet_seed45_rpcf_at_autoattack.pth
thubenchmark,tcnet,45,rpcf_at,autoattack,full_test,raw,robust,0.39404761904761904,ad_data/exp031/exp031_full_20260729_174215/thubenchmark_tcnet_seed45_rpcf_at_autoattack.pth
thubenchmark,tcnet,45,rpcf_at,fgsm,full_test,raw,clean,0.8214285714285714,ad_data/exp031/exp031_full_20260729_174215/thubenchmark_tcnet_seed45_rpcf_at_fgsm.pth
thubenchmark,tcnet,45,rpcf_at,fgsm,full_test,raw,robust,0.5071428571428571,ad_data/exp031/exp031_full_20260729_174215/thubenchmark_tcnet_seed45_rpcf_at_fgsm.pth
thubenchmark,tcnet,45,rpcf_at,pgd,full_test,raw,clean,0.8214285714285714,ad_data/exp031/exp031_full_20260729_174215/thubenchmark_tcnet_seed45_rpcf_at_pgd.pth
thubenchmark,tcnet,45,rpcf_at,pgd,full_test,raw,robust,0.47023809523809523,ad_data/exp031/exp031_full_20260729_174215/thubenchmark_tcnet_seed45_rpcf_at_pgd.pth
thubenchmark,tcnet,45,rpcf_at,cw,full_test,raw,clean,0.8214285714285714,ad_data/exp031/exp031_full_20260729_174215/thubenchmark_tcnet_seed45_rpcf_at_cw.pth
thubenchmark,tcnet,45,rpcf_at,cw,full_test,raw,robust,0.02619047619047619,ad_data/exp031/exp031_full_20260729_174215/thubenchmark_tcnet_seed45_rpcf_at_cw.pth
thubenchmark,tcnet,46,madry,autoattack,full_test,raw,clean,0.8321428571428572,ad_data/exp031/exp031_full_20260729_174215/thubenchmark_tcnet_seed46_madry_autoattack.pth
thubenchmark,tcnet,46,madry,autoattack,full_test,raw,robust,0.45595238095238094,ad_data/exp031/exp031_full_20260729_174215/thubenchmark_tcnet_seed46_madry_autoattack.pth
thubenchmark,tcnet,46,madry,fgsm,full_test,raw,clean,0.8321428571428572,ad_data/exp031/exp031_full_20260729_174215/thubenchmark_tcnet_seed46_madry_fgsm.pth
thubenchmark,tcnet,46,madry,fgsm,full_test,raw,robust,0.5678571428571428,ad_data/exp031/exp031_full_20260729_174215/thubenchmark_tcnet_seed46_madry_fgsm.pth
thubenchmark,tcnet,46,madry,pgd,full_test,raw,clean,0.8321428571428572,ad_data/exp031/exp031_full_20260729_174215/thubenchmark_tcnet_seed46_madry_pgd.pth
thubenchmark,tcnet,46,madry,pgd,full_test,raw,robust,0.5214285714285715,ad_data/exp031/exp031_full_20260729_174215/thubenchmark_tcnet_seed46_madry_pgd.pth
thubenchmark,tcnet,46,madry,cw,full_test,raw,clean,0.8321428571428572,ad_data/exp031/exp031_full_20260729_174215/thubenchmark_tcnet_seed46_madry_cw.pth
thubenchmark,tcnet,46,madry,cw,full_test,raw,robust,0.04047619047619048,ad_data/exp031/exp031_full_20260729_174215/thubenchmark_tcnet_seed46_madry_cw.pth
thubenchmark,tcnet,46,trades,autoattack,full_test,raw,clean,0.861904761904762,ad_data/exp031/exp031_full_20260729_174215/thubenchmark_tcnet_seed46_trades_autoattack.pth
thubenchmark,tcnet,46,trades,autoattack,full_test,raw,robust,0.2392857142857143,ad_data/exp031/exp031_full_20260729_174215/thubenchmark_tcnet_seed46_trades_autoattack.pth
thubenchmark,tcnet,46,trades,fgsm,full_test,raw,clean,0.861904761904762,ad_data/exp031/exp031_full_20260729_174215/thubenchmark_tcnet_seed46_trades_fgsm.pth
thubenchmark,tcnet,46,trades,fgsm,full_test,raw,robust,0.4142857142857143,ad_data/exp031/exp031_full_20260729_174215/thubenchmark_tcnet_seed46_trades_fgsm.pth
thubenchmark,tcnet,46,trades,pgd,full_test,raw,clean,0.861904761904762,ad_data/exp031/exp031_full_20260729_174215/thubenchmark_tcnet_seed46_trades_pgd.pth
thubenchmark,tcnet,46,trades,pgd,full_test,raw,robust,0.2785714285714286,ad_data/exp031/exp031_full_20260729_174215/thubenchmark_tcnet_seed46_trades_pgd.pth
thubenchmark,tcnet,46,trades,cw,full_test,raw,clean,0.861904761904762,ad_data/exp031/exp031_full_20260729_174215/thubenchmark_tcnet_seed46_trades_cw.pth
thubenchmark,tcnet,46,trades,cw,full_test,raw,robust,0.08571428571428572,ad_data/exp031/exp031_full_20260729_174215/thubenchmark_tcnet_seed46_trades_cw.pth
thubenchmark,tcnet,46,fbf,autoattack,full_test,raw,clean,0.8642857142857143,ad_data/exp031/exp031_full_20260729_174215/thubenchmark_tcnet_seed46_fbf_autoattack.pth
thubenchmark,tcnet,46,fbf,autoattack,full_test,raw,robust,0.20952380952380953,ad_data/exp031/exp031_full_20260729_174215/thubenchmark_tcnet_seed46_fbf_autoattack.pth
thubenchmark,tcnet,46,fbf,fgsm,full_test,raw,clean,0.8642857142857143,ad_data/exp031/exp031_full_20260729_174215/thubenchmark_tcnet_seed46_fbf_fgsm.pth
thubenchmark,tcnet,46,fbf,fgsm,full_test,raw,robust,0.375,ad_data/exp031/exp031_full_20260729_174215/thubenchmark_tcnet_seed46_fbf_fgsm.pth
thubenchmark,tcnet,46,fbf,pgd,full_test,raw,clean,0.8642857142857143,ad_data/exp031/exp031_full_20260729_174215/thubenchmark_tcnet_seed46_fbf_pgd.pth
thubenchmark,tcnet,46,fbf,pgd,full_test,raw,robust,0.24047619047619048,ad_data/exp031/exp031_full_20260729_174215/thubenchmark_tcnet_seed46_fbf_pgd.pth
thubenchmark,tcnet,46,fbf,cw,full_test,raw,clean,0.8642857142857143,ad_data/exp031/exp031_full_20260729_174215/thubenchmark_tcnet_seed46_fbf_cw.pth
thubenchmark,tcnet,46,fbf,cw,full_test,raw,robust,0.0880952380952381,ad_data/exp031/exp031_full_20260729_174215/thubenchmark_tcnet_seed46_fbf_cw.pth
thubenchmark,tcnet,46,ea_forward,autoattack,full_test,raw,clean,0.016666666666666666,ad_data/exp031/exp031_full_20260729_174215/thubenchmark_tcnet_seed46_ea_forward_autoattack.pth
thubenchmark,tcnet,46,ea_forward,autoattack,full_test,raw,robust,0.002380952380952381,ad_data/exp031/exp031_full_20260729_174215/thubenchmark_tcnet_seed46_ea_forward_autoattack.pth
thubenchmark,tcnet,46,ea_forward,fgsm,full_test,raw,clean,0.017857142857142856,ad_data/exp031/exp031_full_20260729_174215/thubenchmark_tcnet_seed46_ea_forward_fgsm.pth
thubenchmark,tcnet,46,ea_forward,fgsm,full_test,raw,robust,0.0011904761904761906,ad_data/exp031/exp031_full_20260729_174215/thubenchmark_tcnet_seed46_ea_forward_fgsm.pth
thubenchmark,tcnet,46,ea_forward,pgd,full_test,raw,clean,0.017857142857142856,ad_data/exp031/exp031_full_20260729_174215/thubenchmark_tcnet_seed46_ea_forward_pgd.pth
thubenchmark,tcnet,46,ea_forward,pgd,full_test,raw,robust,0.0,ad_data/exp031/exp031_full_20260729_174215/thubenchmark_tcnet_seed46_ea_forward_pgd.pth
thubenchmark,tcnet,46,ea_forward,cw,full_test,raw,clean,0.017857142857142856,ad_data/exp031/exp031_full_20260729_174215/thubenchmark_tcnet_seed46_ea_forward_cw.pth
thubenchmark,tcnet,46,ea_forward,cw,full_test,raw,robust,0.013095238095238096,ad_data/exp031/exp031_full_20260729_174215/thubenchmark_tcnet_seed46_ea_forward_cw.pth
thubenchmark,tcnet,46,rpcf_at,autoattack,full_test,raw,clean,0.8333333333333334,ad_data/exp031/exp031_full_20260729_174215/thubenchmark_tcnet_seed46_rpcf_at_autoattack.pth
thubenchmark,tcnet,46,rpcf_at,autoattack,full_test,raw,robust,0.4452380952380952,ad_data/exp031/exp031_full_20260729_174215/thubenchmark_tcnet_seed46_rpcf_at_autoattack.pth
thubenchmark,tcnet,46,rpcf_at,fgsm,full_test,raw,clean,0.8333333333333334,ad_data/exp031/exp031_full_20260729_174215/thubenchmark_tcnet_seed46_rpcf_at_fgsm.pth
thubenchmark,tcnet,46,rpcf_at,fgsm,full_test,raw,robust,0.5642857142857143,ad_data/exp031/exp031_full_20260729_174215/thubenchmark_tcnet_seed46_rpcf_at_fgsm.pth
thubenchmark,tcnet,46,rpcf_at,pgd,full_test,raw,clean,0.8333333333333334,ad_data/exp031/exp031_full_20260729_174215/thubenchmark_tcnet_seed46_rpcf_at_pgd.pth
thubenchmark,tcnet,46,rpcf_at,pgd,full_test,raw,robust,0.5035714285714286,ad_data/exp031/exp031_full_20260729_174215/thubenchmark_tcnet_seed46_rpcf_at_pgd.pth
thubenchmark,tcnet,46,rpcf_at,cw,full_test,raw,clean,0.8333333333333334,ad_data/exp031/exp031_full_20260729_174215/thubenchmark_tcnet_seed46_rpcf_at_cw.pth
thubenchmark,tcnet,46,rpcf_at,cw,full_test,raw,robust,0.04285714285714286,ad_data/exp031/exp031_full_20260729_174215/thubenchmark_tcnet_seed46_rpcf_at_cw.pth
seediv,eegnet,42,madry,autoattack,full_test,raw,clean,0.36706507304116864,ad_data/exp031/exp031_full_20260729_174215/seediv_eegnet_seed42_madry_autoattack.pth
seediv,eegnet,42,madry,autoattack,full_test,raw,robust,0.27729083665338644,ad_data/exp031/exp031_full_20260729_174215/seediv_eegnet_seed42_madry_autoattack.pth
seediv,eegnet,42,madry,fgsm,full_test,raw,clean,0.36706507304116864,ad_data/exp031/exp031_full_20260729_174215/seediv_eegnet_seed42_madry_fgsm.pth
seediv,eegnet,42,madry,fgsm,full_test,raw,robust,0.2932270916334661,ad_data/exp031/exp031_full_20260729_174215/seediv_eegnet_seed42_madry_fgsm.pth
seediv,eegnet,42,madry,pgd,full_test,raw,clean,0.36706507304116864,ad_data/exp031/exp031_full_20260729_174215/seediv_eegnet_seed42_madry_pgd.pth
seediv,eegnet,42,madry,pgd,full_test,raw,robust,0.29243027888446216,ad_data/exp031/exp031_full_20260729_174215/seediv_eegnet_seed42_madry_pgd.pth
seediv,eegnet,42,madry,cw,full_test,raw,clean,0.36706507304116864,ad_data/exp031/exp031_full_20260729_174215/seediv_eegnet_seed42_madry_cw.pth
seediv,eegnet,42,madry,cw,full_test,raw,robust,0.0,ad_data/exp031/exp031_full_20260729_174215/seediv_eegnet_seed42_madry_cw.pth
seediv,eegnet,42,trades,autoattack,full_test,raw,clean,0.5904382470119522,ad_data/exp031/exp031_full_20260729_174215/seediv_eegnet_seed42_trades_autoattack.pth
seediv,eegnet,42,trades,autoattack,full_test,raw,robust,0.01593625498007968,ad_data/exp031/exp031_full_20260729_174215/seediv_eegnet_seed42_trades_autoattack.pth
seediv,eegnet,42,trades,fgsm,full_test,raw,clean,0.5904382470119522,ad_data/exp031/exp031_full_20260729_174215/seediv_eegnet_seed42_trades_fgsm.pth
seediv,eegnet,42,trades,fgsm,full_test,raw,robust,0.024701195219123506,ad_data/exp031/exp031_full_20260729_174215/seediv_eegnet_seed42_trades_fgsm.pth
seediv,eegnet,42,trades,pgd,full_test,raw,clean,0.5904382470119522,ad_data/exp031/exp031_full_20260729_174215/seediv_eegnet_seed42_trades_pgd.pth
seediv,eegnet,42,trades,pgd,full_test,raw,robust,0.020717131474103586,ad_data/exp031/exp031_full_20260729_174215/seediv_eegnet_seed42_trades_pgd.pth
seediv,eegnet,42,trades,cw,full_test,raw,clean,0.5904382470119522,ad_data/exp031/exp031_full_20260729_174215/seediv_eegnet_seed42_trades_cw.pth
seediv,eegnet,42,trades,cw,full_test,raw,robust,0.0002656042496679947,ad_data/exp031/exp031_full_20260729_174215/seediv_eegnet_seed42_trades_cw.pth
seediv,eegnet,42,fbf,autoattack,full_test,raw,clean,0.5258964143426295,ad_data/exp031/exp031_full_20260729_174215/seediv_eegnet_seed42_fbf_autoattack.pth
seediv,eegnet,42,fbf,autoattack,full_test,raw,robust,0.09296148738379814,ad_data/exp031/exp031_full_20260729_174215/seediv_eegnet_seed42_fbf_autoattack.pth
seediv,eegnet,42,fbf,fgsm,full_test,raw,clean,0.5258964143426295,ad_data/exp031/exp031_full_20260729_174215/seediv_eegnet_seed42_fbf_fgsm.pth
seediv,eegnet,42,fbf,fgsm,full_test,raw,robust,0.1197875166002656,ad_data/exp031/exp031_full_20260729_174215/seediv_eegnet_seed42_fbf_fgsm.pth
seediv,eegnet,42,fbf,pgd,full_test,raw,clean,0.5258964143426295,ad_data/exp031/exp031_full_20260729_174215/seediv_eegnet_seed42_fbf_pgd.pth
seediv,eegnet,42,fbf,pgd,full_test,raw,robust,0.11367861885790173,ad_data/exp031/exp031_full_20260729_174215/seediv_eegnet_seed42_fbf_pgd.pth
seediv,eegnet,42,fbf,cw,full_test,raw,clean,0.5258964143426295,ad_data/exp031/exp031_full_20260729_174215/seediv_eegnet_seed42_fbf_cw.pth
seediv,eegnet,42,fbf,cw,full_test,raw,robust,0.0,ad_data/exp031/exp031_full_20260729_174215/seediv_eegnet_seed42_fbf_cw.pth
seediv,eegnet,42,ea_forward,autoattack,full_test,raw,clean,0.2711819389110226,ad_data/exp031/exp031_full_20260729_174215/seediv_eegnet_seed42_ea_forward_autoattack.pth
seediv,eegnet,42,ea_forward,autoattack,full_test,raw,robust,0.2711819389110226,ad_data/exp031/exp031_full_20260729_174215/seediv_eegnet_seed42_ea_forward_autoattack.pth
seediv,eegnet,42,ea_forward,fgsm,full_test,raw,clean,0.2711819389110226,ad_data/exp031/exp031_full_20260729_174215/seediv_eegnet_seed42_ea_forward_fgsm.pth
seediv,eegnet,42,ea_forward,fgsm,full_test,raw,robust,0.2711819389110226,ad_data/exp031/exp031_full_20260729_174215/seediv_eegnet_seed42_ea_forward_fgsm.pth
seediv,eegnet,42,ea_forward,pgd,full_test,raw,clean,0.2711819389110226,ad_data/exp031/exp031_full_20260729_174215/seediv_eegnet_seed42_ea_forward_pgd.pth
seediv,eegnet,42,ea_forward,pgd,full_test,raw,robust,0.2711819389110226,ad_data/exp031/exp031_full_20260729_174215/seediv_eegnet_seed42_ea_forward_pgd.pth
seediv,eegnet,42,ea_forward,cw,full_test,raw,clean,0.2711819389110226,ad_data/exp031/exp031_full_20260729_174215/seediv_eegnet_seed42_ea_forward_cw.pth
seediv,eegnet,42,ea_forward,cw,full_test,raw,robust,0.09216467463479415,ad_data/exp031/exp031_full_20260729_174215/seediv_eegnet_seed42_ea_forward_cw.pth
seediv,eegnet,42,rpcf_at,autoattack,full_test,raw,clean,0.3787516600265604,ad_data/exp031/exp031_full_20260729_174215/seediv_eegnet_seed42_rpcf_at_autoattack.pth
seediv,eegnet,42,rpcf_at,autoattack,full_test,raw,robust,0.26666666666666666,ad_data/exp031/exp031_full_20260729_174215/seediv_eegnet_seed42_rpcf_at_autoattack.pth
seediv,eegnet,42,rpcf_at,fgsm,full_test,raw,clean,0.3787516600265604,ad_data/exp031/exp031_full_20260729_174215/seediv_eegnet_seed42_rpcf_at_fgsm.pth
seediv,eegnet,42,rpcf_at,fgsm,full_test,raw,robust,0.28313413014608235,ad_data/exp031/exp031_full_20260729_174215/seediv_eegnet_seed42_rpcf_at_fgsm.pth
seediv,eegnet,42,rpcf_at,pgd,full_test,raw,clean,0.3787516600265604,ad_data/exp031/exp031_full_20260729_174215/seediv_eegnet_seed42_rpcf_at_pgd.pth
seediv,eegnet,42,rpcf_at,pgd,full_test,raw,robust,0.2836653386454183,ad_data/exp031/exp031_full_20260729_174215/seediv_eegnet_seed42_rpcf_at_pgd.pth
seediv,eegnet,42,rpcf_at,cw,full_test,raw,clean,0.3787516600265604,ad_data/exp031/exp031_full_20260729_174215/seediv_eegnet_seed42_rpcf_at_cw.pth
seediv,eegnet,42,rpcf_at,cw,full_test,raw,robust,0.0,ad_data/exp031/exp031_full_20260729_174215/seediv_eegnet_seed42_rpcf_at_cw.pth
seediv,eegnet,43,madry,autoattack,full_test,raw,clean,0.3790172642762284,ad_data/exp031/exp031_full_20260729_174215/seediv_eegnet_seed43_madry_autoattack.pth
seediv,eegnet,43,madry,autoattack,full_test,raw,robust,0.2844621513944223,ad_data/exp031/exp031_full_20260729_174215/seediv_eegnet_seed43_madry_autoattack.pth
seediv,eegnet,43,madry,fgsm,full_test,raw,clean,0.3790172642762284,ad_data/exp031/exp031_full_20260729_174215/seediv_eegnet_seed43_madry_fgsm.pth
seediv,eegnet,43,madry,fgsm,full_test,raw,robust,0.300132802124834,ad_data/exp031/exp031_full_20260729_174215/seediv_eegnet_seed43_madry_fgsm.pth
seediv,eegnet,43,madry,pgd,full_test,raw,clean,0.3790172642762284,ad_data/exp031/exp031_full_20260729_174215/seediv_eegnet_seed43_madry_pgd.pth
seediv,eegnet,43,madry,pgd,full_test,raw,robust,0.29933598937583,ad_data/exp031/exp031_full_20260729_174215/seediv_eegnet_seed43_madry_pgd.pth
seediv,eegnet,43,madry,cw,full_test,raw,clean,0.3790172642762284,ad_data/exp031/exp031_full_20260729_174215/seediv_eegnet_seed43_madry_cw.pth
seediv,eegnet,43,madry,cw,full_test,raw,robust,0.0,ad_data/exp031/exp031_full_20260729_174215/seediv_eegnet_seed43_madry_cw.pth
seediv,eegnet,43,trades,autoattack,full_test,raw,clean,0.5691899070385126,ad_data/exp031/exp031_full_20260729_174215/seediv_eegnet_seed43_trades_autoattack.pth
seediv,eegnet,43,trades,autoattack,full_test,raw,robust,0.017795484727755644,ad_data/exp031/exp031_full_20260729_174215/seediv_eegnet_seed43_trades_autoattack.pth
seediv,eegnet,43,trades,fgsm,full_test,raw,clean,0.5691899070385126,ad_data/exp031/exp031_full_20260729_174215/seediv_eegnet_seed43_trades_fgsm.pth
seediv,eegnet,43,trades,fgsm,full_test,raw,robust,0.02257636122177955,ad_data/exp031/exp031_full_20260729_174215/seediv_eegnet_seed43_trades_fgsm.pth
seediv,eegnet,43,trades,pgd,full_test,raw,clean,0.5691899070385126,ad_data/exp031/exp031_full_20260729_174215/seediv_eegnet_seed43_trades_pgd.pth
seediv,eegnet,43,trades,pgd,full_test,raw,robust,0.020185922974767595,ad_data/exp031/exp031_full_20260729_174215/seediv_eegnet_seed43_trades_pgd.pth
seediv,eegnet,43,trades,cw,full_test,raw,clean,0.5691899070385126,ad_data/exp031/exp031_full_20260729_174215/seediv_eegnet_seed43_trades_cw.pth
seediv,eegnet,43,trades,cw,full_test,raw,robust,0.0002656042496679947,ad_data/exp031/exp031_full_20260729_174215/seediv_eegnet_seed43_trades_cw.pth
seediv,eegnet,43,fbf,autoattack,full_test,raw,clean,0.5301460823373174,ad_data/exp031/exp031_full_20260729_174215/seediv_eegnet_seed43_fbf_autoattack.pth
seediv,eegnet,43,fbf,autoattack,full_test,raw,robust,0.07091633466135458,ad_data/exp031/exp031_full_20260729_174215/seediv_eegnet_seed43_fbf_autoattack.pth
seediv,eegnet,43,fbf,fgsm,full_test,raw,clean,0.5301460823373174,ad_data/exp031/exp031_full_20260729_174215/seediv_eegnet_seed43_fbf_fgsm.pth
seediv,eegnet,43,fbf,fgsm,full_test,raw,robust,0.09667994687915006,ad_data/exp031/exp031_full_20260729_174215/seediv_eegnet_seed43_fbf_fgsm.pth
seediv,eegnet,43,fbf,pgd,full_test,raw,clean,0.5301460823373174,ad_data/exp031/exp031_full_20260729_174215/seediv_eegnet_seed43_fbf_pgd.pth
seediv,eegnet,43,fbf,pgd,full_test,raw,robust,0.0905710491367862,ad_data/exp031/exp031_full_20260729_174215/seediv_eegnet_seed43_fbf_pgd.pth
seediv,eegnet,43,fbf,cw,full_test,raw,clean,0.5301460823373174,ad_data/exp031/exp031_full_20260729_174215/seediv_eegnet_seed43_fbf_cw.pth
seediv,eegnet,43,fbf,cw,full_test,raw,robust,0.0002656042496679947,ad_data/exp031/exp031_full_20260729_174215/seediv_eegnet_seed43_fbf_cw.pth
seediv,eegnet,43,ea_forward,autoattack,full_test,raw,clean,0.2857901726427623,ad_data/exp031/exp031_full_20260729_174215/seediv_eegnet_seed43_ea_forward_autoattack.pth
seediv,eegnet,43,ea_forward,autoattack,full_test,raw,robust,0.18140770252324037,ad_data/exp031/exp031_full_20260729_174215/seediv_eegnet_seed43_ea_forward_autoattack.pth
seediv,eegnet,43,ea_forward,fgsm,full_test,raw,clean,0.2844621513944223,ad_data/exp031/exp031_full_20260729_174215/seediv_eegnet_seed43_ea_forward_fgsm.pth
seediv,eegnet,43,ea_forward,fgsm,full_test,raw,robust,0.200265604249668,ad_data/exp031/exp031_full_20260729_174215/seediv_eegnet_seed43_ea_forward_fgsm.pth
seediv,eegnet,43,ea_forward,pgd,full_test,raw,clean,0.2844621513944223,ad_data/exp031/exp031_full_20260729_174215/seediv_eegnet_seed43_ea_forward_pgd.pth
seediv,eegnet,43,ea_forward,pgd,full_test,raw,robust,0.15086321381142098,ad_data/exp031/exp031_full_20260729_174215/seediv_eegnet_seed43_ea_forward_pgd.pth
seediv,eegnet,43,ea_forward,cw,full_test,raw,clean,0.2844621513944223,ad_data/exp031/exp031_full_20260729_174215/seediv_eegnet_seed43_ea_forward_cw.pth
seediv,eegnet,43,ea_forward,cw,full_test,raw,robust,0.004780876494023904,ad_data/exp031/exp031_full_20260729_174215/seediv_eegnet_seed43_ea_forward_cw.pth
seediv,eegnet,43,rpcf_at,autoattack,full_test,raw,clean,0.3837981407702523,ad_data/exp031/exp031_full_20260729_174215/seediv_eegnet_seed43_rpcf_at_autoattack.pth
seediv,eegnet,43,rpcf_at,autoattack,full_test,raw,robust,0.2868525896414343,ad_data/exp031/exp031_full_20260729_174215/seediv_eegnet_seed43_rpcf_at_autoattack.pth
seediv,eegnet,43,rpcf_at,fgsm,full_test,raw,clean,0.3837981407702523,ad_data/exp031/exp031_full_20260729_174215/seediv_eegnet_seed43_rpcf_at_fgsm.pth
seediv,eegnet,43,rpcf_at,fgsm,full_test,raw,robust,0.30252324037184597,ad_data/exp031/exp031_full_20260729_174215/seediv_eegnet_seed43_rpcf_at_fgsm.pth
seediv,eegnet,43,rpcf_at,pgd,full_test,raw,clean,0.3837981407702523,ad_data/exp031/exp031_full_20260729_174215/seediv_eegnet_seed43_rpcf_at_pgd.pth
seediv,eegnet,43,rpcf_at,pgd,full_test,raw,robust,0.30305444887118194,ad_data/exp031/exp031_full_20260729_174215/seediv_eegnet_seed43_rpcf_at_pgd.pth
seediv,eegnet,43,rpcf_at,cw,full_test,raw,clean,0.3837981407702523,ad_data/exp031/exp031_full_20260729_174215/seediv_eegnet_seed43_rpcf_at_cw.pth
seediv,eegnet,43,rpcf_at,cw,full_test,raw,robust,0.0,ad_data/exp031/exp031_full_20260729_174215/seediv_eegnet_seed43_rpcf_at_cw.pth
seediv,eegnet,44,madry,autoattack,full_test,raw,clean,0.31314741035856575,ad_data/exp031/exp031_full_20260729_174215/seediv_eegnet_seed44_madry_autoattack.pth
seediv,eegnet,44,madry,autoattack,full_test,raw,robust,0.21088977423638777,ad_data/exp031/exp031_full_20260729_174215/seediv_eegnet_seed44_madry_autoattack.pth
seediv,eegnet,44,madry,fgsm,full_test,raw,clean,0.31314741035856575,ad_data/exp031/exp031_full_20260729_174215/seediv_eegnet_seed44_madry_fgsm.pth
seediv,eegnet,44,madry,fgsm,full_test,raw,robust,0.23187250996015937,ad_data/exp031/exp031_full_20260729_174215/seediv_eegnet_seed44_madry_fgsm.pth
seediv,eegnet,44,madry,pgd,full_test,raw,clean,0.31314741035856575,ad_data/exp031/exp031_full_20260729_174215/seediv_eegnet_seed44_madry_pgd.pth
seediv,eegnet,44,madry,pgd,full_test,raw,robust,0.23213811420982736,ad_data/exp031/exp031_full_20260729_174215/seediv_eegnet_seed44_madry_pgd.pth
seediv,eegnet,44,madry,cw,full_test,raw,clean,0.31314741035856575,ad_data/exp031/exp031_full_20260729_174215/seediv_eegnet_seed44_madry_cw.pth
seediv,eegnet,44,madry,cw,full_test,raw,robust,0.06879150066401063,ad_data/exp031/exp031_full_20260729_174215/seediv_eegnet_seed44_madry_cw.pth
seediv,eegnet,44,trades,autoattack,full_test,raw,clean,0.5625498007968127,ad_data/exp031/exp031_full_20260729_174215/seediv_eegnet_seed44_trades_autoattack.pth
seediv,eegnet,44,trades,autoattack,full_test,raw,robust,0.014342629482071713,ad_data/exp031/exp031_full_20260729_174215/seediv_eegnet_seed44_trades_autoattack.pth
seediv,eegnet,44,trades,fgsm,full_test,raw,clean,0.5625498007968127,ad_data/exp031/exp031_full_20260729_174215/seediv_eegnet_seed44_trades_fgsm.pth
seediv,eegnet,44,trades,fgsm,full_test,raw,robust,0.02098273572377158,ad_data/exp031/exp031_full_20260729_174215/seediv_eegnet_seed44_trades_fgsm.pth
seediv,eegnet,44,trades,pgd,full_test,raw,clean,0.5625498007968127,ad_data/exp031/exp031_full_20260729_174215/seediv_eegnet_seed44_trades_pgd.pth
seediv,eegnet,44,trades,pgd,full_test,raw,robust,0.017264276228419653,ad_data/exp031/exp031_full_20260729_174215/seediv_eegnet_seed44_trades_pgd.pth
seediv,eegnet,44,trades,cw,full_test,raw,clean,0.5625498007968127,ad_data/exp031/exp031_full_20260729_174215/seediv_eegnet_seed44_trades_cw.pth
seediv,eegnet,44,trades,cw,full_test,raw,robust,0.0002656042496679947,ad_data/exp031/exp031_full_20260729_174215/seediv_eegnet_seed44_trades_cw.pth
seediv,eegnet,44,fbf,autoattack,full_test,raw,clean,0.5258964143426295,ad_data/exp031/exp031_full_20260729_174215/seediv_eegnet_seed44_fbf_autoattack.pth
seediv,eegnet,44,fbf,autoattack,full_test,raw,robust,0.07410358565737052,ad_data/exp031/exp031_full_20260729_174215/seediv_eegnet_seed44_fbf_autoattack.pth
seediv,eegnet,44,fbf,fgsm,full_test,raw,clean,0.5258964143426295,ad_data/exp031/exp031_full_20260729_174215/seediv_eegnet_seed44_fbf_fgsm.pth
seediv,eegnet,44,fbf,fgsm,full_test,raw,robust,0.10199203187250996,ad_data/exp031/exp031_full_20260729_174215/seediv_eegnet_seed44_fbf_fgsm.pth
seediv,eegnet,44,fbf,pgd,full_test,raw,clean,0.5258964143426295,ad_data/exp031/exp031_full_20260729_174215/seediv_eegnet_seed44_fbf_pgd.pth
seediv,eegnet,44,fbf,pgd,full_test,raw,robust,0.09588313413014608,ad_data/exp031/exp031_full_20260729_174215/seediv_eegnet_seed44_fbf_pgd.pth
seediv,eegnet,44,fbf,cw,full_test,raw,clean,0.5258964143426295,ad_data/exp031/exp031_full_20260729_174215/seediv_eegnet_seed44_fbf_cw.pth
seediv,eegnet,44,fbf,cw,full_test,raw,robust,0.0,ad_data/exp031/exp031_full_20260729_174215/seediv_eegnet_seed44_fbf_cw.pth
seediv,eegnet,44,ea_forward,autoattack,full_test,raw,clean,0.27197875166002655,ad_data/exp031/exp031_full_20260729_174215/seediv_eegnet_seed44_ea_forward_autoattack.pth
seediv,eegnet,44,ea_forward,autoattack,full_test,raw,robust,0.15803452855245684,ad_data/exp031/exp031_full_20260729_174215/seediv_eegnet_seed44_ea_forward_autoattack.pth
seediv,eegnet,44,ea_forward,fgsm,full_test,raw,clean,0.2711819389110226,ad_data/exp031/exp031_full_20260729_174215/seediv_eegnet_seed44_ea_forward_fgsm.pth
seediv,eegnet,44,ea_forward,fgsm,full_test,raw,robust,0.23798140770252324,ad_data/exp031/exp031_full_20260729_174215/seediv_eegnet_seed44_ea_forward_fgsm.pth
seediv,eegnet,44,ea_forward,pgd,full_test,raw,clean,0.2711819389110226,ad_data/exp031/exp031_full_20260729_174215/seediv_eegnet_seed44_ea_forward_pgd.pth
seediv,eegnet,44,ea_forward,pgd,full_test,raw,robust,0.199734395750332,ad_data/exp031/exp031_full_20260729_174215/seediv_eegnet_seed44_ea_forward_pgd.pth
seediv,eegnet,44,ea_forward,cw,full_test,raw,clean,0.2711819389110226,ad_data/exp031/exp031_full_20260729_174215/seediv_eegnet_seed44_ea_forward_cw.pth
seediv,eegnet,44,ea_forward,cw,full_test,raw,robust,0.04648074369189907,ad_data/exp031/exp031_full_20260729_174215/seediv_eegnet_seed44_ea_forward_cw.pth
seediv,eegnet,44,rpcf_at,autoattack,full_test,raw,clean,0.34130146082337315,ad_data/exp031/exp031_full_20260729_174215/seediv_eegnet_seed44_rpcf_at_autoattack.pth
seediv,eegnet,44,rpcf_at,autoattack,full_test,raw,robust,0.2661354581673307,ad_data/exp031/exp031_full_20260729_174215/seediv_eegnet_seed44_rpcf_at_autoattack.pth
seediv,eegnet,44,rpcf_at,fgsm,full_test,raw,clean,0.34130146082337315,ad_data/exp031/exp031_full_20260729_174215/seediv_eegnet_seed44_rpcf_at_fgsm.pth
seediv,eegnet,44,rpcf_at,fgsm,full_test,raw,robust,0.2796812749003984,ad_data/exp031/exp031_full_20260729_174215/seediv_eegnet_seed44_rpcf_at_fgsm.pth
seediv,eegnet,44,rpcf_at,pgd,full_test,raw,clean,0.34130146082337315,ad_data/exp031/exp031_full_20260729_174215/seediv_eegnet_seed44_rpcf_at_pgd.pth
seediv,eegnet,44,rpcf_at,pgd,full_test,raw,robust,0.2796812749003984,ad_data/exp031/exp031_full_20260729_174215/seediv_eegnet_seed44_rpcf_at_pgd.pth
seediv,eegnet,44,rpcf_at,cw,full_test,raw,clean,0.34130146082337315,ad_data/exp031/exp031_full_20260729_174215/seediv_eegnet_seed44_rpcf_at_cw.pth
seediv,eegnet,44,rpcf_at,cw,full_test,raw,robust,0.006374501992031873,ad_data/exp031/exp031_full_20260729_174215/seediv_eegnet_seed44_rpcf_at_cw.pth
seediv,eegnet,45,madry,autoattack,full_test,raw,clean,0.3604249667994688,ad_data/exp031/exp031_full_20260729_174215/seediv_eegnet_seed45_madry_autoattack.pth
seediv,eegnet,45,madry,autoattack,full_test,raw,robust,0.23559096945551128,ad_data/exp031/exp031_full_20260729_174215/seediv_eegnet_seed45_madry_autoattack.pth
seediv,eegnet,45,madry,fgsm,full_test,raw,clean,0.3604249667994688,ad_data/exp031/exp031_full_20260729_174215/seediv_eegnet_seed45_madry_fgsm.pth
seediv,eegnet,45,madry,fgsm,full_test,raw,robust,0.26162018592297476,ad_data/exp031/exp031_full_20260729_174215/seediv_eegnet_seed45_madry_fgsm.pth
seediv,eegnet,45,madry,pgd,full_test,raw,clean,0.3604249667994688,ad_data/exp031/exp031_full_20260729_174215/seediv_eegnet_seed45_madry_pgd.pth
seediv,eegnet,45,madry,pgd,full_test,raw,robust,0.2613545816733068,ad_data/exp031/exp031_full_20260729_174215/seediv_eegnet_seed45_madry_pgd.pth
seediv,eegnet,45,madry,cw,full_test,raw,clean,0.3604249667994688,ad_data/exp031/exp031_full_20260729_174215/seediv_eegnet_seed45_madry_cw.pth
seediv,eegnet,45,madry,cw,full_test,raw,robust,0.018326693227091632,ad_data/exp031/exp031_full_20260729_174215/seediv_eegnet_seed45_madry_cw.pth
seediv,eegnet,45,trades,autoattack,full_test,raw,clean,0.5768924302788845,ad_data/exp031/exp031_full_20260729_174215/seediv_eegnet_seed45_trades_autoattack.pth
seediv,eegnet,45,trades,autoattack,full_test,raw,robust,0.016201859229747675,ad_data/exp031/exp031_full_20260729_174215/seediv_eegnet_seed45_trades_autoattack.pth
seediv,eegnet,45,trades,fgsm,full_test,raw,clean,0.5768924302788845,ad_data/exp031/exp031_full_20260729_174215/seediv_eegnet_seed45_trades_fgsm.pth
seediv,eegnet,45,trades,fgsm,full_test,raw,robust,0.02549800796812749,ad_data/exp031/exp031_full_20260729_174215/seediv_eegnet_seed45_trades_fgsm.pth
seediv,eegnet,45,trades,pgd,full_test,raw,clean,0.5768924302788845,ad_data/exp031/exp031_full_20260729_174215/seediv_eegnet_seed45_trades_pgd.pth
seediv,eegnet,45,trades,pgd,full_test,raw,robust,0.01859229747675963,ad_data/exp031/exp031_full_20260729_174215/seediv_eegnet_seed45_trades_pgd.pth
seediv,eegnet,45,trades,cw,full_test,raw,clean,0.5768924302788845,ad_data/exp031/exp031_full_20260729_174215/seediv_eegnet_seed45_trades_cw.pth
seediv,eegnet,45,trades,cw,full_test,raw,robust,0.0,ad_data/exp031/exp031_full_20260729_174215/seediv_eegnet_seed45_trades_cw.pth
seediv,eegnet,45,fbf,autoattack,full_test,raw,clean,0.5354581673306773,ad_data/exp031/exp031_full_20260729_174215/seediv_eegnet_seed45_fbf_autoattack.pth
seediv,eegnet,45,fbf,autoattack,full_test,raw,robust,0.07782204515272244,ad_data/exp031/exp031_full_20260729_174215/seediv_eegnet_seed45_fbf_autoattack.pth
seediv,eegnet,45,fbf,fgsm,full_test,raw,clean,0.5354581673306773,ad_data/exp031/exp031_full_20260729_174215/seediv_eegnet_seed45_fbf_fgsm.pth
seediv,eegnet,45,fbf,fgsm,full_test,raw,robust,0.09535192563081009,ad_data/exp031/exp031_full_20260729_174215/seediv_eegnet_seed45_fbf_fgsm.pth
seediv,eegnet,45,fbf,pgd,full_test,raw,clean,0.5354581673306773,ad_data/exp031/exp031_full_20260729_174215/seediv_eegnet_seed45_fbf_pgd.pth
seediv,eegnet,45,fbf,pgd,full_test,raw,robust,0.09136786188579017,ad_data/exp031/exp031_full_20260729_174215/seediv_eegnet_seed45_fbf_pgd.pth
seediv,eegnet,45,fbf,cw,full_test,raw,clean,0.5354581673306773,ad_data/exp031/exp031_full_20260729_174215/seediv_eegnet_seed45_fbf_cw.pth
seediv,eegnet,45,fbf,cw,full_test,raw,robust,0.0,ad_data/exp031/exp031_full_20260729_174215/seediv_eegnet_seed45_fbf_cw.pth
seediv,eegnet,45,ea_forward,autoattack,full_test,raw,clean,0.27277556440903056,ad_data/exp031/exp031_full_20260729_174215/seediv_eegnet_seed45_ea_forward_autoattack.pth
seediv,eegnet,45,ea_forward,autoattack,full_test,raw,robust,0.26666666666666666,ad_data/exp031/exp031_full_20260729_174215/seediv_eegnet_seed45_ea_forward_autoattack.pth
seediv,eegnet,45,ea_forward,fgsm,full_test,raw,clean,0.27277556440903056,ad_data/exp031/exp031_full_20260729_174215/seediv_eegnet_seed45_ea_forward_fgsm.pth
seediv,eegnet,45,ea_forward,fgsm,full_test,raw,robust,0.2661354581673307,ad_data/exp031/exp031_full_20260729_174215/seediv_eegnet_seed45_ea_forward_fgsm.pth
seediv,eegnet,45,ea_forward,pgd,full_test,raw,clean,0.27277556440903056,ad_data/exp031/exp031_full_20260729_174215/seediv_eegnet_seed45_ea_forward_pgd.pth
seediv,eegnet,45,ea_forward,pgd,full_test,raw,robust,0.25763612217795484,ad_data/exp031/exp031_full_20260729_174215/seediv_eegnet_seed45_ea_forward_pgd.pth
seediv,eegnet,45,ea_forward,cw,full_test,raw,clean,0.27277556440903056,ad_data/exp031/exp031_full_20260729_174215/seediv_eegnet_seed45_ea_forward_cw.pth
seediv,eegnet,45,ea_forward,cw,full_test,raw,robust,0.07702523240371846,ad_data/exp031/exp031_full_20260729_174215/seediv_eegnet_seed45_ea_forward_cw.pth
seediv,eegnet,45,rpcf_at,autoattack,full_test,raw,clean,0.38247011952191234,ad_data/exp031/exp031_full_20260729_174215/seediv_eegnet_seed45_rpcf_at_autoattack.pth
seediv,eegnet,45,rpcf_at,autoattack,full_test,raw,robust,0.2746347941567065,ad_data/exp031/exp031_full_20260729_174215/seediv_eegnet_seed45_rpcf_at_autoattack.pth
seediv,eegnet,45,rpcf_at,fgsm,full_test,raw,clean,0.38247011952191234,ad_data/exp031/exp031_full_20260729_174215/seediv_eegnet_seed45_rpcf_at_fgsm.pth
seediv,eegnet,45,rpcf_at,fgsm,full_test,raw,robust,0.29243027888446216,ad_data/exp031/exp031_full_20260729_174215/seediv_eegnet_seed45_rpcf_at_fgsm.pth
seediv,eegnet,45,rpcf_at,pgd,full_test,raw,clean,0.38247011952191234,ad_data/exp031/exp031_full_20260729_174215/seediv_eegnet_seed45_rpcf_at_pgd.pth
seediv,eegnet,45,rpcf_at,pgd,full_test,raw,robust,0.2921646746347942,ad_data/exp031/exp031_full_20260729_174215/seediv_eegnet_seed45_rpcf_at_pgd.pth
seediv,eegnet,45,rpcf_at,cw,full_test,raw,clean,0.38247011952191234,ad_data/exp031/exp031_full_20260729_174215/seediv_eegnet_seed45_rpcf_at_cw.pth
seediv,eegnet,45,rpcf_at,cw,full_test,raw,robust,0.009030544488711819,ad_data/exp031/exp031_full_20260729_174215/seediv_eegnet_seed45_rpcf_at_cw.pth
seediv,eegnet,46,madry,autoattack,full_test,raw,clean,0.33067729083665337,ad_data/exp031/exp031_full_20260729_174215/seediv_eegnet_seed46_madry_autoattack.pth
seediv,eegnet,46,madry,autoattack,full_test,raw,robust,0.18273572377158034,ad_data/exp031/exp031_full_20260729_174215/seediv_eegnet_seed46_madry_autoattack.pth
seediv,eegnet,46,madry,fgsm,full_test,raw,clean,0.33067729083665337,ad_data/exp031/exp031_full_20260729_174215/seediv_eegnet_seed46_madry_fgsm.pth
seediv,eegnet,46,madry,fgsm,full_test,raw,robust,0.21434262948207172,ad_data/exp031/exp031_full_20260729_174215/seediv_eegnet_seed46_madry_fgsm.pth
seediv,eegnet,46,madry,pgd,full_test,raw,clean,0.33067729083665337,ad_data/exp031/exp031_full_20260729_174215/seediv_eegnet_seed46_madry_pgd.pth
seediv,eegnet,46,madry,pgd,full_test,raw,robust,0.2140770252324037,ad_data/exp031/exp031_full_20260729_174215/seediv_eegnet_seed46_madry_pgd.pth
seediv,eegnet,46,madry,cw,full_test,raw,clean,0.33067729083665337,ad_data/exp031/exp031_full_20260729_174215/seediv_eegnet_seed46_madry_cw.pth
seediv,eegnet,46,madry,cw,full_test,raw,robust,0.07277556440903055,ad_data/exp031/exp031_full_20260729_174215/seediv_eegnet_seed46_madry_cw.pth
seediv,eegnet,46,trades,autoattack,full_test,raw,clean,0.5944223107569722,ad_data/exp031/exp031_full_20260729_174215/seediv_eegnet_seed46_trades_autoattack.pth
seediv,eegnet,46,trades,autoattack,full_test,raw,robust,0.016201859229747675,ad_data/exp031/exp031_full_20260729_174215/seediv_eegnet_seed46_trades_autoattack.pth
seediv,eegnet,46,trades,fgsm,full_test,raw,clean,0.5944223107569722,ad_data/exp031/exp031_full_20260729_174215/seediv_eegnet_seed46_trades_fgsm.pth
seediv,eegnet,46,trades,fgsm,full_test,raw,robust,0.024169986719787515,ad_data/exp031/exp031_full_20260729_174215/seediv_eegnet_seed46_trades_fgsm.pth
seediv,eegnet,46,trades,pgd,full_test,raw,clean,0.5944223107569722,ad_data/exp031/exp031_full_20260729_174215/seediv_eegnet_seed46_trades_pgd.pth
seediv,eegnet,46,trades,pgd,full_test,raw,robust,0.01859229747675963,ad_data/exp031/exp031_full_20260729_174215/seediv_eegnet_seed46_trades_pgd.pth
seediv,eegnet,46,trades,cw,full_test,raw,clean,0.5944223107569722,ad_data/exp031/exp031_full_20260729_174215/seediv_eegnet_seed46_trades_cw.pth
seediv,eegnet,46,trades,cw,full_test,raw,robust,0.0,ad_data/exp031/exp031_full_20260729_174215/seediv_eegnet_seed46_trades_cw.pth
seediv,eegnet,46,fbf,autoattack,full_test,raw,clean,0.5423638778220452,ad_data/exp031/exp031_full_20260729_174215/seediv_eegnet_seed46_fbf_autoattack.pth
seediv,eegnet,46,fbf,autoattack,full_test,raw,robust,0.08419654714475432,ad_data/exp031/exp031_full_20260729_174215/seediv_eegnet_seed46_fbf_autoattack.pth
seediv,eegnet,46,fbf,fgsm,full_test,raw,clean,0.5423638778220452,ad_data/exp031/exp031_full_20260729_174215/seediv_eegnet_seed46_fbf_fgsm.pth
seediv,eegnet,46,fbf,fgsm,full_test,raw,robust,0.11660026560424967,ad_data/exp031/exp031_full_20260729_174215/seediv_eegnet_seed46_fbf_fgsm.pth
seediv,eegnet,46,fbf,pgd,full_test,raw,clean,0.5423638778220452,ad_data/exp031/exp031_full_20260729_174215/seediv_eegnet_seed46_fbf_pgd.pth
seediv,eegnet,46,fbf,pgd,full_test,raw,robust,0.10650730411686588,ad_data/exp031/exp031_full_20260729_174215/seediv_eegnet_seed46_fbf_pgd.pth
seediv,eegnet,46,fbf,cw,full_test,raw,clean,0.5423638778220452,ad_data/exp031/exp031_full_20260729_174215/seediv_eegnet_seed46_fbf_cw.pth
seediv,eegnet,46,fbf,cw,full_test,raw,robust,0.0,ad_data/exp031/exp031_full_20260729_174215/seediv_eegnet_seed46_fbf_cw.pth
seediv,eegnet,46,ea_forward,autoattack,full_test,raw,clean,0.2775564409030544,ad_data/exp031/exp031_full_20260729_174215/seediv_eegnet_seed46_ea_forward_autoattack.pth
seediv,eegnet,46,ea_forward,autoattack,full_test,raw,robust,0.22098273572377158,ad_data/exp031/exp031_full_20260729_174215/seediv_eegnet_seed46_ea_forward_autoattack.pth
seediv,eegnet,46,ea_forward,fgsm,full_test,raw,clean,0.2775564409030544,ad_data/exp031/exp031_full_20260729_174215/seediv_eegnet_seed46_ea_forward_fgsm.pth
seediv,eegnet,46,ea_forward,fgsm,full_test,raw,robust,0.24063745019920318,ad_data/exp031/exp031_full_20260729_174215/seediv_eegnet_seed46_ea_forward_fgsm.pth
seediv,eegnet,46,ea_forward,pgd,full_test,raw,clean,0.2775564409030544,ad_data/exp031/exp031_full_20260729_174215/seediv_eegnet_seed46_ea_forward_pgd.pth
seediv,eegnet,46,ea_forward,pgd,full_test,raw,robust,0.2106241699867198,ad_data/exp031/exp031_full_20260729_174215/seediv_eegnet_seed46_ea_forward_pgd.pth
seediv,eegnet,46,ea_forward,cw,full_test,raw,clean,0.2775564409030544,ad_data/exp031/exp031_full_20260729_174215/seediv_eegnet_seed46_ea_forward_cw.pth
seediv,eegnet,46,ea_forward,cw,full_test,raw,robust,0.0,ad_data/exp031/exp031_full_20260729_174215/seediv_eegnet_seed46_ea_forward_cw.pth
seediv,eegnet,46,rpcf_at,autoattack,full_test,raw,clean,0.36069057104913677,ad_data/exp031/exp031_full_20260729_174215/seediv_eegnet_seed46_rpcf_at_autoattack.pth
seediv,eegnet,46,rpcf_at,autoattack,full_test,raw,robust,0.2610889774236388,ad_data/exp031/exp031_full_20260729_174215/seediv_eegnet_seed46_rpcf_at_autoattack.pth
seediv,eegnet,46,rpcf_at,fgsm,full_test,raw,clean,0.36069057104913677,ad_data/exp031/exp031_full_20260729_174215/seediv_eegnet_seed46_rpcf_at_fgsm.pth
seediv,eegnet,46,rpcf_at,fgsm,full_test,raw,robust,0.27383798140770255,ad_data/exp031/exp031_full_20260729_174215/seediv_eegnet_seed46_rpcf_at_fgsm.pth
seediv,eegnet,46,rpcf_at,pgd,full_test,raw,clean,0.36069057104913677,ad_data/exp031/exp031_full_20260729_174215/seediv_eegnet_seed46_rpcf_at_pgd.pth
seediv,eegnet,46,rpcf_at,pgd,full_test,raw,robust,0.2735723771580345,ad_data/exp031/exp031_full_20260729_174215/seediv_eegnet_seed46_rpcf_at_pgd.pth
seediv,eegnet,46,rpcf_at,cw,full_test,raw,clean,0.36069057104913677,ad_data/exp031/exp031_full_20260729_174215/seediv_eegnet_seed46_rpcf_at_cw.pth
seediv,eegnet,46,rpcf_at,cw,full_test,raw,robust,0.0013280212483399733,ad_data/exp031/exp031_full_20260729_174215/seediv_eegnet_seed46_rpcf_at_cw.pth
seediv,deepconvnet,42,madry,autoattack,full_test,raw,clean,0.42788844621513944,ad_data/exp031/exp031_full_20260729_174215/seediv_deepconvnet_seed42_madry_autoattack.pth
seediv,deepconvnet,42,madry,autoattack,full_test,raw,robust,0.21195219123505976,ad_data/exp031/exp031_full_20260729_174215/seediv_deepconvnet_seed42_madry_autoattack.pth
seediv,deepconvnet,42,madry,fgsm,full_test,raw,clean,0.42788844621513944,ad_data/exp031/exp031_full_20260729_174215/seediv_deepconvnet_seed42_madry_fgsm.pth
seediv,deepconvnet,42,madry,fgsm,full_test,raw,robust,0.2353253652058433,ad_data/exp031/exp031_full_20260729_174215/seediv_deepconvnet_seed42_madry_fgsm.pth
seediv,deepconvnet,42,madry,pgd,full_test,raw,clean,0.42788844621513944,ad_data/exp031/exp031_full_20260729_174215/seediv_deepconvnet_seed42_madry_pgd.pth
seediv,deepconvnet,42,madry,pgd,full_test,raw,robust,0.23081009296148738,ad_data/exp031/exp031_full_20260729_174215/seediv_deepconvnet_seed42_madry_pgd.pth
seediv,deepconvnet,42,madry,cw,full_test,raw,clean,0.42788844621513944,ad_data/exp031/exp031_full_20260729_174215/seediv_deepconvnet_seed42_madry_cw.pth
seediv,deepconvnet,42,madry,cw,full_test,raw,robust,0.0010624169986719787,ad_data/exp031/exp031_full_20260729_174215/seediv_deepconvnet_seed42_madry_cw.pth
seediv,deepconvnet,42,trades,autoattack,full_test,raw,clean,0.5808764940239044,ad_data/exp031/exp031_full_20260729_174215/seediv_deepconvnet_seed42_trades_autoattack.pth
seediv,deepconvnet,42,trades,autoattack,full_test,raw,robust,0.009296148738379814,ad_data/exp031/exp031_full_20260729_174215/seediv_deepconvnet_seed42_trades_autoattack.pth
seediv,deepconvnet,42,trades,fgsm,full_test,raw,clean,0.5808764940239044,ad_data/exp031/exp031_full_20260729_174215/seediv_deepconvnet_seed42_trades_fgsm.pth
seediv,deepconvnet,42,trades,fgsm,full_test,raw,robust,0.015139442231075698,ad_data/exp031/exp031_full_20260729_174215/seediv_deepconvnet_seed42_trades_fgsm.pth
seediv,deepconvnet,42,trades,pgd,full_test,raw,clean,0.5808764940239044,ad_data/exp031/exp031_full_20260729_174215/seediv_deepconvnet_seed42_trades_pgd.pth
seediv,deepconvnet,42,trades,pgd,full_test,raw,robust,0.009296148738379814,ad_data/exp031/exp031_full_20260729_174215/seediv_deepconvnet_seed42_trades_pgd.pth
seediv,deepconvnet,42,trades,cw,full_test,raw,clean,0.5808764940239044,ad_data/exp031/exp031_full_20260729_174215/seediv_deepconvnet_seed42_trades_cw.pth
seediv,deepconvnet,42,trades,cw,full_test,raw,robust,0.0010624169986719787,ad_data/exp031/exp031_full_20260729_174215/seediv_deepconvnet_seed42_trades_cw.pth
seediv,deepconvnet,42,fbf,autoattack,full_test,raw,clean,0.5739707835325365,ad_data/exp031/exp031_full_20260729_174215/seediv_deepconvnet_seed42_fbf_autoattack.pth
seediv,deepconvnet,42,fbf,autoattack,full_test,raw,robust,0.03532536520584329,ad_data/exp031/exp031_full_20260729_174215/seediv_deepconvnet_seed42_fbf_autoattack.pth
seediv,deepconvnet,42,fbf,fgsm,full_test,raw,clean,0.5739707835325365,ad_data/exp031/exp031_full_20260729_174215/seediv_deepconvnet_seed42_fbf_fgsm.pth
seediv,deepconvnet,42,fbf,fgsm,full_test,raw,robust,0.05152722443559097,ad_data/exp031/exp031_full_20260729_174215/seediv_deepconvnet_seed42_fbf_fgsm.pth
seediv,deepconvnet,42,fbf,pgd,full_test,raw,clean,0.5739707835325365,ad_data/exp031/exp031_full_20260729_174215/seediv_deepconvnet_seed42_fbf_pgd.pth
seediv,deepconvnet,42,fbf,pgd,full_test,raw,robust,0.042762284196547144,ad_data/exp031/exp031_full_20260729_174215/seediv_deepconvnet_seed42_fbf_pgd.pth
seediv,deepconvnet,42,fbf,cw,full_test,raw,clean,0.5739707835325365,ad_data/exp031/exp031_full_20260729_174215/seediv_deepconvnet_seed42_fbf_cw.pth
seediv,deepconvnet,42,fbf,cw,full_test,raw,robust,0.0,ad_data/exp031/exp031_full_20260729_174215/seediv_deepconvnet_seed42_fbf_cw.pth
seediv,deepconvnet,42,ea_forward,autoattack,full_test,raw,clean,0.29880478087649404,ad_data/exp031/exp031_full_20260729_174215/seediv_deepconvnet_seed42_ea_forward_autoattack.pth
seediv,deepconvnet,42,ea_forward,autoattack,full_test,raw,robust,0.18804780876494023,ad_data/exp031/exp031_full_20260729_174215/seediv_deepconvnet_seed42_ea_forward_autoattack.pth
seediv,deepconvnet,42,ea_forward,fgsm,full_test,raw,clean,0.30172642762284196,ad_data/exp031/exp031_full_20260729_174215/seediv_deepconvnet_seed42_ea_forward_fgsm.pth
seediv,deepconvnet,42,ea_forward,fgsm,full_test,raw,robust,0.1460823373173971,ad_data/exp031/exp031_full_20260729_174215/seediv_deepconvnet_seed42_ea_forward_fgsm.pth
seediv,deepconvnet,42,ea_forward,pgd,full_test,raw,clean,0.30172642762284196,ad_data/exp031/exp031_full_20260729_174215/seediv_deepconvnet_seed42_ea_forward_pgd.pth
seediv,deepconvnet,42,ea_forward,pgd,full_test,raw,robust,0.10916334661354582,ad_data/exp031/exp031_full_20260729_174215/seediv_deepconvnet_seed42_ea_forward_pgd.pth
seediv,deepconvnet,42,ea_forward,cw,full_test,raw,clean,0.30172642762284196,ad_data/exp031/exp031_full_20260729_174215/seediv_deepconvnet_seed42_ea_forward_cw.pth
seediv,deepconvnet,42,ea_forward,cw,full_test,raw,robust,0.0007968127490039841,ad_data/exp031/exp031_full_20260729_174215/seediv_deepconvnet_seed42_ea_forward_cw.pth
seediv,deepconvnet,42,rpcf_at,autoattack,full_test,raw,clean,0.43904382470119524,ad_data/exp031/exp031_full_20260729_174215/seediv_deepconvnet_seed42_rpcf_at_autoattack.pth
seediv,deepconvnet,42,rpcf_at,autoattack,full_test,raw,robust,0.18778220451527225,ad_data/exp031/exp031_full_20260729_174215/seediv_deepconvnet_seed42_rpcf_at_autoattack.pth
seediv,deepconvnet,42,rpcf_at,fgsm,full_test,raw,clean,0.43904382470119524,ad_data/exp031/exp031_full_20260729_174215/seediv_deepconvnet_seed42_rpcf_at_fgsm.pth
seediv,deepconvnet,42,rpcf_at,fgsm,full_test,raw,robust,0.21593625498007968,ad_data/exp031/exp031_full_20260729_174215/seediv_deepconvnet_seed42_rpcf_at_fgsm.pth
seediv,deepconvnet,42,rpcf_at,pgd,full_test,raw,clean,0.43904382470119524,ad_data/exp031/exp031_full_20260729_174215/seediv_deepconvnet_seed42_rpcf_at_pgd.pth
seediv,deepconvnet,42,rpcf_at,pgd,full_test,raw,robust,0.20796812749003984,ad_data/exp031/exp031_full_20260729_174215/seediv_deepconvnet_seed42_rpcf_at_pgd.pth
seediv,deepconvnet,42,rpcf_at,cw,full_test,raw,clean,0.43904382470119524,ad_data/exp031/exp031_full_20260729_174215/seediv_deepconvnet_seed42_rpcf_at_cw.pth
seediv,deepconvnet,42,rpcf_at,cw,full_test,raw,robust,0.0010624169986719787,ad_data/exp031/exp031_full_20260729_174215/seediv_deepconvnet_seed42_rpcf_at_cw.pth
seediv,deepconvnet,43,madry,autoattack,full_test,raw,clean,0.44223107569721115,ad_data/exp031/exp031_full_20260729_174215/seediv_deepconvnet_seed43_madry_autoattack.pth
seediv,deepconvnet,43,madry,autoattack,full_test,raw,robust,0.21779548472775564,ad_data/exp031/exp031_full_20260729_174215/seediv_deepconvnet_seed43_madry_autoattack.pth
seediv,deepconvnet,43,madry,fgsm,full_test,raw,clean,0.44223107569721115,ad_data/exp031/exp031_full_20260729_174215/seediv_deepconvnet_seed43_madry_fgsm.pth
seediv,deepconvnet,43,madry,fgsm,full_test,raw,robust,0.2401062416998672,ad_data/exp031/exp031_full_20260729_174215/seediv_deepconvnet_seed43_madry_fgsm.pth
seediv,deepconvnet,43,madry,pgd,full_test,raw,clean,0.44223107569721115,ad_data/exp031/exp031_full_20260729_174215/seediv_deepconvnet_seed43_madry_pgd.pth
seediv,deepconvnet,43,madry,pgd,full_test,raw,robust,0.2353253652058433,ad_data/exp031/exp031_full_20260729_174215/seediv_deepconvnet_seed43_madry_pgd.pth
seediv,deepconvnet,43,madry,cw,full_test,raw,clean,0.44223107569721115,ad_data/exp031/exp031_full_20260729_174215/seediv_deepconvnet_seed43_madry_cw.pth
seediv,deepconvnet,43,madry,cw,full_test,raw,robust,0.0018592297476759628,ad_data/exp031/exp031_full_20260729_174215/seediv_deepconvnet_seed43_madry_cw.pth
seediv,deepconvnet,43,trades,autoattack,full_test,raw,clean,0.5891102257636123,ad_data/exp031/exp031_full_20260729_174215/seediv_deepconvnet_seed43_trades_autoattack.pth
seediv,deepconvnet,43,trades,autoattack,full_test,raw,robust,0.009030544488711819,ad_data/exp031/exp031_full_20260729_174215/seediv_deepconvnet_seed43_trades_autoattack.pth
seediv,deepconvnet,43,trades,fgsm,full_test,raw,clean,0.5891102257636123,ad_data/exp031/exp031_full_20260729_174215/seediv_deepconvnet_seed43_trades_fgsm.pth
seediv,deepconvnet,43,trades,fgsm,full_test,raw,robust,0.014608233731739707,ad_data/exp031/exp031_full_20260729_174215/seediv_deepconvnet_seed43_trades_fgsm.pth
seediv,deepconvnet,43,trades,pgd,full_test,raw,clean,0.5891102257636123,ad_data/exp031/exp031_full_20260729_174215/seediv_deepconvnet_seed43_trades_pgd.pth
seediv,deepconvnet,43,trades,pgd,full_test,raw,robust,0.009296148738379814,ad_data/exp031/exp031_full_20260729_174215/seediv_deepconvnet_seed43_trades_pgd.pth
seediv,deepconvnet,43,trades,cw,full_test,raw,clean,0.5891102257636123,ad_data/exp031/exp031_full_20260729_174215/seediv_deepconvnet_seed43_trades_cw.pth
seediv,deepconvnet,43,trades,cw,full_test,raw,robust,0.0,ad_data/exp031/exp031_full_20260729_174215/seediv_deepconvnet_seed43_trades_cw.pth
seediv,deepconvnet,43,fbf,autoattack,full_test,raw,clean,0.5583001328021249,ad_data/exp031/exp031_full_20260729_174215/seediv_deepconvnet_seed43_fbf_autoattack.pth
seediv,deepconvnet,43,fbf,autoattack,full_test,raw,robust,0.03745019920318725,ad_data/exp031/exp031_full_20260729_174215/seediv_deepconvnet_seed43_fbf_autoattack.pth
seediv,deepconvnet,43,fbf,fgsm,full_test,raw,clean,0.5583001328021249,ad_data/exp031/exp031_full_20260729_174215/seediv_deepconvnet_seed43_fbf_fgsm.pth
seediv,deepconvnet,43,fbf,fgsm,full_test,raw,robust,0.0549800796812749,ad_data/exp031/exp031_full_20260729_174215/seediv_deepconvnet_seed43_fbf_fgsm.pth
seediv,deepconvnet,43,fbf,pgd,full_test,raw,clean,0.5583001328021249,ad_data/exp031/exp031_full_20260729_174215/seediv_deepconvnet_seed43_fbf_pgd.pth
seediv,deepconvnet,43,fbf,pgd,full_test,raw,robust,0.042762284196547144,ad_data/exp031/exp031_full_20260729_174215/seediv_deepconvnet_seed43_fbf_pgd.pth
seediv,deepconvnet,43,fbf,cw,full_test,raw,clean,0.5583001328021249,ad_data/exp031/exp031_full_20260729_174215/seediv_deepconvnet_seed43_fbf_cw.pth
seediv,deepconvnet,43,fbf,cw,full_test,raw,robust,0.0002656042496679947,ad_data/exp031/exp031_full_20260729_174215/seediv_deepconvnet_seed43_fbf_cw.pth
seediv,deepconvnet,43,ea_forward,autoattack,full_test,raw,clean,0.3737051792828685,ad_data/exp031/exp031_full_20260729_174215/seediv_deepconvnet_seed43_ea_forward_autoattack.pth
seediv,deepconvnet,43,ea_forward,autoattack,full_test,raw,robust,0.2302788844621514,ad_data/exp031/exp031_full_20260729_174215/seediv_deepconvnet_seed43_ea_forward_autoattack.pth
seediv,deepconvnet,43,ea_forward,fgsm,full_test,raw,clean,0.401593625498008,ad_data/exp031/exp031_full_20260729_174215/seediv_deepconvnet_seed43_ea_forward_fgsm.pth
seediv,deepconvnet,43,ea_forward,fgsm,full_test,raw,robust,0.17423638778220452,ad_data/exp031/exp031_full_20260729_174215/seediv_deepconvnet_seed43_ea_forward_fgsm.pth
seediv,deepconvnet,43,ea_forward,pgd,full_test,raw,clean,0.401593625498008,ad_data/exp031/exp031_full_20260729_174215/seediv_deepconvnet_seed43_ea_forward_pgd.pth
seediv,deepconvnet,43,ea_forward,pgd,full_test,raw,robust,0.12855245683930944,ad_data/exp031/exp031_full_20260729_174215/seediv_deepconvnet_seed43_ea_forward_pgd.pth
seediv,deepconvnet,43,ea_forward,cw,full_test,raw,clean,0.401593625498008,ad_data/exp031/exp031_full_20260729_174215/seediv_deepconvnet_seed43_ea_forward_cw.pth
seediv,deepconvnet,43,ea_forward,cw,full_test,raw,robust,0.0002656042496679947,ad_data/exp031/exp031_full_20260729_174215/seediv_deepconvnet_seed43_ea_forward_cw.pth
seediv,deepconvnet,43,rpcf_at,autoattack,full_test,raw,clean,0.44807436918990706,ad_data/exp031/exp031_full_20260729_174215/seediv_deepconvnet_seed43_rpcf_at_autoattack.pth
seediv,deepconvnet,43,rpcf_at,autoattack,full_test,raw,robust,0.1800796812749004,ad_data/exp031/exp031_full_20260729_174215/seediv_deepconvnet_seed43_rpcf_at_autoattack.pth
seediv,deepconvnet,43,rpcf_at,fgsm,full_test,raw,clean,0.44807436918990706,ad_data/exp031/exp031_full_20260729_174215/seediv_deepconvnet_seed43_rpcf_at_fgsm.pth
seediv,deepconvnet,43,rpcf_at,fgsm,full_test,raw,robust,0.21221779548472774,ad_data/exp031/exp031_full_20260729_174215/seediv_deepconvnet_seed43_rpcf_at_fgsm.pth
seediv,deepconvnet,43,rpcf_at,pgd,full_test,raw,clean,0.44807436918990706,ad_data/exp031/exp031_full_20260729_174215/seediv_deepconvnet_seed43_rpcf_at_pgd.pth
seediv,deepconvnet,43,rpcf_at,pgd,full_test,raw,robust,0.20159362549800797,ad_data/exp031/exp031_full_20260729_174215/seediv_deepconvnet_seed43_rpcf_at_pgd.pth
seediv,deepconvnet,43,rpcf_at,cw,full_test,raw,clean,0.44807436918990706,ad_data/exp031/exp031_full_20260729_174215/seediv_deepconvnet_seed43_rpcf_at_cw.pth
seediv,deepconvnet,43,rpcf_at,cw,full_test,raw,robust,0.0013280212483399733,ad_data/exp031/exp031_full_20260729_174215/seediv_deepconvnet_seed43_rpcf_at_cw.pth
seediv,deepconvnet,44,madry,autoattack,full_test,raw,clean,0.43320053120849933,ad_data/exp031/exp031_full_20260729_174215/seediv_deepconvnet_seed44_madry_autoattack.pth
seediv,deepconvnet,44,madry,autoattack,full_test,raw,robust,0.1952191235059761,ad_data/exp031/exp031_full_20260729_174215/seediv_deepconvnet_seed44_madry_autoattack.pth
seediv,deepconvnet,44,madry,fgsm,full_test,raw,clean,0.43320053120849933,ad_data/exp031/exp031_full_20260729_174215/seediv_deepconvnet_seed44_madry_fgsm.pth
seediv,deepconvnet,44,madry,fgsm,full_test,raw,robust,0.21673306772908366,ad_data/exp031/exp031_full_20260729_174215/seediv_deepconvnet_seed44_madry_fgsm.pth
seediv,deepconvnet,44,madry,pgd,full_test,raw,clean,0.43320053120849933,ad_data/exp031/exp031_full_20260729_174215/seediv_deepconvnet_seed44_madry_pgd.pth
seediv,deepconvnet,44,madry,pgd,full_test,raw,robust,0.21221779548472774,ad_data/exp031/exp031_full_20260729_174215/seediv_deepconvnet_seed44_madry_pgd.pth
seediv,deepconvnet,44,madry,cw,full_test,raw,clean,0.43320053120849933,ad_data/exp031/exp031_full_20260729_174215/seediv_deepconvnet_seed44_madry_cw.pth
seediv,deepconvnet,44,madry,cw,full_test,raw,robust,0.0007968127490039841,ad_data/exp031/exp031_full_20260729_174215/seediv_deepconvnet_seed44_madry_cw.pth
seediv,deepconvnet,44,trades,autoattack,full_test,raw,clean,0.5604249667994687,ad_data/exp031/exp031_full_20260729_174215/seediv_deepconvnet_seed44_trades_autoattack.pth
seediv,deepconvnet,44,trades,autoattack,full_test,raw,robust,0.005046480743691899,ad_data/exp031/exp031_full_20260729_174215/seediv_deepconvnet_seed44_trades_autoattack.pth
seediv,deepconvnet,44,trades,fgsm,full_test,raw,clean,0.5604249667994687,ad_data/exp031/exp031_full_20260729_174215/seediv_deepconvnet_seed44_trades_fgsm.pth
seediv,deepconvnet,44,trades,fgsm,full_test,raw,robust,0.01195219123505976,ad_data/exp031/exp031_full_20260729_174215/seediv_deepconvnet_seed44_trades_fgsm.pth
seediv,deepconvnet,44,trades,pgd,full_test,raw,clean,0.5604249667994687,ad_data/exp031/exp031_full_20260729_174215/seediv_deepconvnet_seed44_trades_pgd.pth
seediv,deepconvnet,44,trades,pgd,full_test,raw,robust,0.005312084993359893,ad_data/exp031/exp031_full_20260729_174215/seediv_deepconvnet_seed44_trades_pgd.pth
seediv,deepconvnet,44,trades,cw,full_test,raw,clean,0.5604249667994687,ad_data/exp031/exp031_full_20260729_174215/seediv_deepconvnet_seed44_trades_cw.pth
seediv,deepconvnet,44,trades,cw,full_test,raw,robust,0.0029216467463479417,ad_data/exp031/exp031_full_20260729_174215/seediv_deepconvnet_seed44_trades_cw.pth
seediv,deepconvnet,44,fbf,autoattack,full_test,raw,clean,0.5545816733067729,ad_data/exp031/exp031_full_20260729_174215/seediv_deepconvnet_seed44_fbf_autoattack.pth
seediv,deepconvnet,44,fbf,autoattack,full_test,raw,robust,0.028154050464807436,ad_data/exp031/exp031_full_20260729_174215/seediv_deepconvnet_seed44_fbf_autoattack.pth
seediv,deepconvnet,44,fbf,fgsm,full_test,raw,clean,0.5545816733067729,ad_data/exp031/exp031_full_20260729_174215/seediv_deepconvnet_seed44_fbf_fgsm.pth
seediv,deepconvnet,44,fbf,fgsm,full_test,raw,robust,0.04860557768924303,ad_data/exp031/exp031_full_20260729_174215/seediv_deepconvnet_seed44_fbf_fgsm.pth
seediv,deepconvnet,44,fbf,pgd,full_test,raw,clean,0.5545816733067729,ad_data/exp031/exp031_full_20260729_174215/seediv_deepconvnet_seed44_fbf_pgd.pth
seediv,deepconvnet,44,fbf,pgd,full_test,raw,robust,0.030810092961487383,ad_data/exp031/exp031_full_20260729_174215/seediv_deepconvnet_seed44_fbf_pgd.pth
seediv,deepconvnet,44,fbf,cw,full_test,raw,clean,0.5545816733067729,ad_data/exp031/exp031_full_20260729_174215/seediv_deepconvnet_seed44_fbf_cw.pth
seediv,deepconvnet,44,fbf,cw,full_test,raw,robust,0.0002656042496679947,ad_data/exp031/exp031_full_20260729_174215/seediv_deepconvnet_seed44_fbf_cw.pth
seediv,deepconvnet,44,ea_forward,autoattack,full_test,raw,clean,0.36812749003984063,ad_data/exp031/exp031_full_20260729_174215/seediv_deepconvnet_seed44_ea_forward_autoattack.pth
seediv,deepconvnet,44,ea_forward,autoattack,full_test,raw,robust,0.22629482071713147,ad_data/exp031/exp031_full_20260729_174215/seediv_deepconvnet_seed44_ea_forward_autoattack.pth
seediv,deepconvnet,44,ea_forward,fgsm,full_test,raw,clean,0.3896414342629482,ad_data/exp031/exp031_full_20260729_174215/seediv_deepconvnet_seed44_ea_forward_fgsm.pth
seediv,deepconvnet,44,ea_forward,fgsm,full_test,raw,robust,0.18725099601593626,ad_data/exp031/exp031_full_20260729_174215/seediv_deepconvnet_seed44_ea_forward_fgsm.pth
seediv,deepconvnet,44,ea_forward,pgd,full_test,raw,clean,0.3896414342629482,ad_data/exp031/exp031_full_20260729_174215/seediv_deepconvnet_seed44_ea_forward_pgd.pth
seediv,deepconvnet,44,ea_forward,pgd,full_test,raw,robust,0.13731739707835325,ad_data/exp031/exp031_full_20260729_174215/seediv_deepconvnet_seed44_ea_forward_pgd.pth
seediv,deepconvnet,44,ea_forward,cw,full_test,raw,clean,0.3896414342629482,ad_data/exp031/exp031_full_20260729_174215/seediv_deepconvnet_seed44_ea_forward_cw.pth
seediv,deepconvnet,44,ea_forward,cw,full_test,raw,robust,0.0005312084993359894,ad_data/exp031/exp031_full_20260729_174215/seediv_deepconvnet_seed44_ea_forward_cw.pth
seediv,deepconvnet,44,rpcf_at,autoattack,full_test,raw,clean,0.4355909694555113,ad_data/exp031/exp031_full_20260729_174215/seediv_deepconvnet_seed44_rpcf_at_autoattack.pth
seediv,deepconvnet,44,rpcf_at,autoattack,full_test,raw,robust,0.17370517928286852,ad_data/exp031/exp031_full_20260729_174215/seediv_deepconvnet_seed44_rpcf_at_autoattack.pth
seediv,deepconvnet,44,rpcf_at,fgsm,full_test,raw,clean,0.4355909694555113,ad_data/exp031/exp031_full_20260729_174215/seediv_deepconvnet_seed44_rpcf_at_fgsm.pth
seediv,deepconvnet,44,rpcf_at,fgsm,full_test,raw,robust,0.19946879150066402,ad_data/exp031/exp031_full_20260729_174215/seediv_deepconvnet_seed44_rpcf_at_fgsm.pth
seediv,deepconvnet,44,rpcf_at,pgd,full_test,raw,clean,0.4355909694555113,ad_data/exp031/exp031_full_20260729_174215/seediv_deepconvnet_seed44_rpcf_at_pgd.pth
seediv,deepconvnet,44,rpcf_at,pgd,full_test,raw,robust,0.19123505976095617,ad_data/exp031/exp031_full_20260729_174215/seediv_deepconvnet_seed44_rpcf_at_pgd.pth
seediv,deepconvnet,44,rpcf_at,cw,full_test,raw,clean,0.4355909694555113,ad_data/exp031/exp031_full_20260729_174215/seediv_deepconvnet_seed44_rpcf_at_cw.pth
seediv,deepconvnet,44,rpcf_at,cw,full_test,raw,robust,0.0029216467463479417,ad_data/exp031/exp031_full_20260729_174215/seediv_deepconvnet_seed44_rpcf_at_cw.pth
seediv,deepconvnet,45,madry,autoattack,full_test,raw,clean,0.4446215139442231,ad_data/exp031/exp031_full_20260729_174215/seediv_deepconvnet_seed45_madry_autoattack.pth
seediv,deepconvnet,45,madry,autoattack,full_test,raw,robust,0.22523240371845948,ad_data/exp031/exp031_full_20260729_174215/seediv_deepconvnet_seed45_madry_autoattack.pth
seediv,deepconvnet,45,madry,fgsm,full_test,raw,clean,0.4446215139442231,ad_data/exp031/exp031_full_20260729_174215/seediv_deepconvnet_seed45_madry_fgsm.pth
seediv,deepconvnet,45,madry,fgsm,full_test,raw,robust,0.24860557768924302,ad_data/exp031/exp031_full_20260729_174215/seediv_deepconvnet_seed45_madry_fgsm.pth
seediv,deepconvnet,45,madry,pgd,full_test,raw,clean,0.4446215139442231,ad_data/exp031/exp031_full_20260729_174215/seediv_deepconvnet_seed45_madry_pgd.pth
seediv,deepconvnet,45,madry,pgd,full_test,raw,robust,0.24276228419654713,ad_data/exp031/exp031_full_20260729_174215/seediv_deepconvnet_seed45_madry_pgd.pth
seediv,deepconvnet,45,madry,cw,full_test,raw,clean,0.4446215139442231,ad_data/exp031/exp031_full_20260729_174215/seediv_deepconvnet_seed45_madry_cw.pth
seediv,deepconvnet,45,madry,cw,full_test,raw,robust,0.0013280212483399733,ad_data/exp031/exp031_full_20260729_174215/seediv_deepconvnet_seed45_madry_cw.pth
seediv,deepconvnet,45,trades,autoattack,full_test,raw,clean,0.6180610889774236,ad_data/exp031/exp031_full_20260729_174215/seediv_deepconvnet_seed45_trades_autoattack.pth
seediv,deepconvnet,45,trades,autoattack,full_test,raw,robust,0.007702523240371846,ad_data/exp031/exp031_full_20260729_174215/seediv_deepconvnet_seed45_trades_autoattack.pth
seediv,deepconvnet,45,trades,fgsm,full_test,raw,clean,0.6180610889774236,ad_data/exp031/exp031_full_20260729_174215/seediv_deepconvnet_seed45_trades_fgsm.pth
seediv,deepconvnet,45,trades,fgsm,full_test,raw,robust,0.01301460823373174,ad_data/exp031/exp031_full_20260729_174215/seediv_deepconvnet_seed45_trades_fgsm.pth
seediv,deepconvnet,45,trades,pgd,full_test,raw,clean,0.6180610889774236,ad_data/exp031/exp031_full_20260729_174215/seediv_deepconvnet_seed45_trades_pgd.pth
seediv,deepconvnet,45,trades,pgd,full_test,raw,robust,0.007702523240371846,ad_data/exp031/exp031_full_20260729_174215/seediv_deepconvnet_seed45_trades_pgd.pth
seediv,deepconvnet,45,trades,cw,full_test,raw,clean,0.6180610889774236,ad_data/exp031/exp031_full_20260729_174215/seediv_deepconvnet_seed45_trades_cw.pth
seediv,deepconvnet,45,trades,cw,full_test,raw,robust,0.0005312084993359894,ad_data/exp031/exp031_full_20260729_174215/seediv_deepconvnet_seed45_trades_cw.pth
seediv,deepconvnet,45,fbf,autoattack,full_test,raw,clean,0.5540504648074369,ad_data/exp031/exp031_full_20260729_174215/seediv_deepconvnet_seed45_fbf_autoattack.pth
seediv,deepconvnet,45,fbf,autoattack,full_test,raw,robust,0.04648074369189907,ad_data/exp031/exp031_full_20260729_174215/seediv_deepconvnet_seed45_fbf_autoattack.pth
seediv,deepconvnet,45,fbf,fgsm,full_test,raw,clean,0.5540504648074369,ad_data/exp031/exp031_full_20260729_174215/seediv_deepconvnet_seed45_fbf_fgsm.pth
seediv,deepconvnet,45,fbf,fgsm,full_test,raw,robust,0.06746347941567066,ad_data/exp031/exp031_full_20260729_174215/seediv_deepconvnet_seed45_fbf_fgsm.pth
seediv,deepconvnet,45,fbf,pgd,full_test,raw,clean,0.5540504648074369,ad_data/exp031/exp031_full_20260729_174215/seediv_deepconvnet_seed45_fbf_pgd.pth
seediv,deepconvnet,45,fbf,pgd,full_test,raw,robust,0.05551128818061089,ad_data/exp031/exp031_full_20260729_174215/seediv_deepconvnet_seed45_fbf_pgd.pth
seediv,deepconvnet,45,fbf,cw,full_test,raw,clean,0.5540504648074369,ad_data/exp031/exp031_full_20260729_174215/seediv_deepconvnet_seed45_fbf_cw.pth
seediv,deepconvnet,45,fbf,cw,full_test,raw,robust,0.0,ad_data/exp031/exp031_full_20260729_174215/seediv_deepconvnet_seed45_fbf_cw.pth
seediv,deepconvnet,45,ea_forward,autoattack,full_test,raw,clean,0.38220451527224436,ad_data/exp031/exp031_full_20260729_174215/seediv_deepconvnet_seed45_ea_forward_autoattack.pth
seediv,deepconvnet,45,ea_forward,autoattack,full_test,raw,robust,0.24648074369189907,ad_data/exp031/exp031_full_20260729_174215/seediv_deepconvnet_seed45_ea_forward_autoattack.pth
seediv,deepconvnet,45,ea_forward,fgsm,full_test,raw,clean,0.3930942895086321,ad_data/exp031/exp031_full_20260729_174215/seediv_deepconvnet_seed45_ea_forward_fgsm.pth
seediv,deepconvnet,45,ea_forward,fgsm,full_test,raw,robust,0.18725099601593626,ad_data/exp031/exp031_full_20260729_174215/seediv_deepconvnet_seed45_ea_forward_fgsm.pth
seediv,deepconvnet,45,ea_forward,pgd,full_test,raw,clean,0.3930942895086321,ad_data/exp031/exp031_full_20260729_174215/seediv_deepconvnet_seed45_ea_forward_pgd.pth
seediv,deepconvnet,45,ea_forward,pgd,full_test,raw,robust,0.14369189907038513,ad_data/exp031/exp031_full_20260729_174215/seediv_deepconvnet_seed45_ea_forward_pgd.pth
seediv,deepconvnet,45,ea_forward,cw,full_test,raw,clean,0.3930942895086321,ad_data/exp031/exp031_full_20260729_174215/seediv_deepconvnet_seed45_ea_forward_cw.pth
seediv,deepconvnet,45,ea_forward,cw,full_test,raw,robust,0.0,ad_data/exp031/exp031_full_20260729_174215/seediv_deepconvnet_seed45_ea_forward_cw.pth
seediv,deepconvnet,45,rpcf_at,autoattack,full_test,raw,clean,0.44860557768924303,ad_data/exp031/exp031_full_20260729_174215/seediv_deepconvnet_seed45_rpcf_at_autoattack.pth
seediv,deepconvnet,45,rpcf_at,autoattack,full_test,raw,robust,0.18193891102257637,ad_data/exp031/exp031_full_20260729_174215/seediv_deepconvnet_seed45_rpcf_at_autoattack.pth
seediv,deepconvnet,45,rpcf_at,fgsm,full_test,raw,clean,0.44860557768924303,ad_data/exp031/exp031_full_20260729_174215/seediv_deepconvnet_seed45_rpcf_at_fgsm.pth
seediv,deepconvnet,45,rpcf_at,fgsm,full_test,raw,robust,0.20770252324037183,ad_data/exp031/exp031_full_20260729_174215/seediv_deepconvnet_seed45_rpcf_at_fgsm.pth
seediv,deepconvnet,45,rpcf_at,pgd,full_test,raw,clean,0.44860557768924303,ad_data/exp031/exp031_full_20260729_174215/seediv_deepconvnet_seed45_rpcf_at_pgd.pth
seediv,deepconvnet,45,rpcf_at,pgd,full_test,raw,robust,0.20106241699867197,ad_data/exp031/exp031_full_20260729_174215/seediv_deepconvnet_seed45_rpcf_at_pgd.pth
seediv,deepconvnet,45,rpcf_at,cw,full_test,raw,clean,0.44860557768924303,ad_data/exp031/exp031_full_20260729_174215/seediv_deepconvnet_seed45_rpcf_at_cw.pth
seediv,deepconvnet,45,rpcf_at,cw,full_test,raw,robust,0.0026560424966799467,ad_data/exp031/exp031_full_20260729_174215/seediv_deepconvnet_seed45_rpcf_at_cw.pth
seediv,deepconvnet,46,madry,autoattack,full_test,raw,clean,0.43266932270916336,ad_data/exp031/exp031_full_20260729_174215/seediv_deepconvnet_seed46_madry_autoattack.pth
seediv,deepconvnet,46,madry,autoattack,full_test,raw,robust,0.23107569721115537,ad_data/exp031/exp031_full_20260729_174215/seediv_deepconvnet_seed46_madry_autoattack.pth
seediv,deepconvnet,46,madry,fgsm,full_test,raw,clean,0.43266932270916336,ad_data/exp031/exp031_full_20260729_174215/seediv_deepconvnet_seed46_madry_fgsm.pth
seediv,deepconvnet,46,madry,fgsm,full_test,raw,robust,0.24727755644090305,ad_data/exp031/exp031_full_20260729_174215/seediv_deepconvnet_seed46_madry_fgsm.pth
seediv,deepconvnet,46,madry,pgd,full_test,raw,clean,0.43266932270916336,ad_data/exp031/exp031_full_20260729_174215/seediv_deepconvnet_seed46_madry_pgd.pth
seediv,deepconvnet,46,madry,pgd,full_test,raw,robust,0.24541832669322708,ad_data/exp031/exp031_full_20260729_174215/seediv_deepconvnet_seed46_madry_pgd.pth
seediv,deepconvnet,46,madry,cw,full_test,raw,clean,0.43266932270916336,ad_data/exp031/exp031_full_20260729_174215/seediv_deepconvnet_seed46_madry_cw.pth
seediv,deepconvnet,46,madry,cw,full_test,raw,robust,0.0018592297476759628,ad_data/exp031/exp031_full_20260729_174215/seediv_deepconvnet_seed46_madry_cw.pth
seediv,deepconvnet,46,trades,autoattack,full_test,raw,clean,0.5758300132802124,ad_data/exp031/exp031_full_20260729_174215/seediv_deepconvnet_seed46_trades_autoattack.pth
seediv,deepconvnet,46,trades,autoattack,full_test,raw,robust,0.010092961487383798,ad_data/exp031/exp031_full_20260729_174215/seediv_deepconvnet_seed46_trades_autoattack.pth
seediv,deepconvnet,46,trades,fgsm,full_test,raw,clean,0.5758300132802124,ad_data/exp031/exp031_full_20260729_174215/seediv_deepconvnet_seed46_trades_fgsm.pth
seediv,deepconvnet,46,trades,fgsm,full_test,raw,robust,0.017795484727755644,ad_data/exp031/exp031_full_20260729_174215/seediv_deepconvnet_seed46_trades_fgsm.pth
seediv,deepconvnet,46,trades,pgd,full_test,raw,clean,0.5758300132802124,ad_data/exp031/exp031_full_20260729_174215/seediv_deepconvnet_seed46_trades_pgd.pth
seediv,deepconvnet,46,trades,pgd,full_test,raw,robust,0.010092961487383798,ad_data/exp031/exp031_full_20260729_174215/seediv_deepconvnet_seed46_trades_pgd.pth
seediv,deepconvnet,46,trades,cw,full_test,raw,clean,0.5758300132802124,ad_data/exp031/exp031_full_20260729_174215/seediv_deepconvnet_seed46_trades_cw.pth
seediv,deepconvnet,46,trades,cw,full_test,raw,robust,0.0005312084993359894,ad_data/exp031/exp031_full_20260729_174215/seediv_deepconvnet_seed46_trades_cw.pth
seediv,deepconvnet,46,fbf,autoattack,full_test,raw,clean,0.551394422310757,ad_data/exp031/exp031_full_20260729_174215/seediv_deepconvnet_seed46_fbf_autoattack.pth
seediv,deepconvnet,46,fbf,autoattack,full_test,raw,robust,0.030810092961487383,ad_data/exp031/exp031_full_20260729_174215/seediv_deepconvnet_seed46_fbf_autoattack.pth
seediv,deepconvnet,46,fbf,fgsm,full_test,raw,clean,0.551394422310757,ad_data/exp031/exp031_full_20260729_174215/seediv_deepconvnet_seed46_fbf_fgsm.pth
seediv,deepconvnet,46,fbf,fgsm,full_test,raw,robust,0.053917662682602924,ad_data/exp031/exp031_full_20260729_174215/seediv_deepconvnet_seed46_fbf_fgsm.pth
seediv,deepconvnet,46,fbf,pgd,full_test,raw,clean,0.551394422310757,ad_data/exp031/exp031_full_20260729_174215/seediv_deepconvnet_seed46_fbf_pgd.pth
seediv,deepconvnet,46,fbf,pgd,full_test,raw,robust,0.035856573705179286,ad_data/exp031/exp031_full_20260729_174215/seediv_deepconvnet_seed46_fbf_pgd.pth
seediv,deepconvnet,46,fbf,cw,full_test,raw,clean,0.551394422310757,ad_data/exp031/exp031_full_20260729_174215/seediv_deepconvnet_seed46_fbf_cw.pth
seediv,deepconvnet,46,fbf,cw,full_test,raw,robust,0.0002656042496679947,ad_data/exp031/exp031_full_20260729_174215/seediv_deepconvnet_seed46_fbf_cw.pth
seediv,deepconvnet,46,ea_forward,autoattack,full_test,raw,clean,0.27596281540504647,ad_data/exp031/exp031_full_20260729_174215/seediv_deepconvnet_seed46_ea_forward_autoattack.pth
seediv,deepconvnet,46,ea_forward,autoattack,full_test,raw,robust,0.18725099601593626,ad_data/exp031/exp031_full_20260729_174215/seediv_deepconvnet_seed46_ea_forward_autoattack.pth
seediv,deepconvnet,46,ea_forward,fgsm,full_test,raw,clean,0.2855245683930943,ad_data/exp031/exp031_full_20260729_174215/seediv_deepconvnet_seed46_ea_forward_fgsm.pth
seediv,deepconvnet,46,ea_forward,fgsm,full_test,raw,robust,0.14236387782204515,ad_data/exp031/exp031_full_20260729_174215/seediv_deepconvnet_seed46_ea_forward_fgsm.pth
seediv,deepconvnet,46,ea_forward,pgd,full_test,raw,clean,0.2855245683930943,ad_data/exp031/exp031_full_20260729_174215/seediv_deepconvnet_seed46_ea_forward_pgd.pth
seediv,deepconvnet,46,ea_forward,pgd,full_test,raw,robust,0.10119521912350597,ad_data/exp031/exp031_full_20260729_174215/seediv_deepconvnet_seed46_ea_forward_pgd.pth
seediv,deepconvnet,46,ea_forward,cw,full_test,raw,clean,0.2855245683930943,ad_data/exp031/exp031_full_20260729_174215/seediv_deepconvnet_seed46_ea_forward_cw.pth
seediv,deepconvnet,46,ea_forward,cw,full_test,raw,robust,0.013280212483399735,ad_data/exp031/exp031_full_20260729_174215/seediv_deepconvnet_seed46_ea_forward_cw.pth
seediv,deepconvnet,46,rpcf_at,autoattack,full_test,raw,clean,0.4284196547144754,ad_data/exp031/exp031_full_20260729_174215/seediv_deepconvnet_seed46_rpcf_at_autoattack.pth
seediv,deepconvnet,46,rpcf_at,autoattack,full_test,raw,robust,0.19282868525896416,ad_data/exp031/exp031_full_20260729_174215/seediv_deepconvnet_seed46_rpcf_at_autoattack.pth
seediv,deepconvnet,46,rpcf_at,fgsm,full_test,raw,clean,0.4284196547144754,ad_data/exp031/exp031_full_20260729_174215/seediv_deepconvnet_seed46_rpcf_at_fgsm.pth
seediv,deepconvnet,46,rpcf_at,fgsm,full_test,raw,robust,0.2140770252324037,ad_data/exp031/exp031_full_20260729_174215/seediv_deepconvnet_seed46_rpcf_at_fgsm.pth
seediv,deepconvnet,46,rpcf_at,pgd,full_test,raw,clean,0.4284196547144754,ad_data/exp031/exp031_full_20260729_174215/seediv_deepconvnet_seed46_rpcf_at_pgd.pth
seediv,deepconvnet,46,rpcf_at,pgd,full_test,raw,robust,0.2095617529880478,ad_data/exp031/exp031_full_20260729_174215/seediv_deepconvnet_seed46_rpcf_at_pgd.pth
seediv,deepconvnet,46,rpcf_at,cw,full_test,raw,clean,0.4284196547144754,ad_data/exp031/exp031_full_20260729_174215/seediv_deepconvnet_seed46_rpcf_at_cw.pth
seediv,deepconvnet,46,rpcf_at,cw,full_test,raw,robust,0.0018592297476759628,ad_data/exp031/exp031_full_20260729_174215/seediv_deepconvnet_seed46_rpcf_at_cw.pth
seediv,tsception,42,madry,autoattack,full_test,raw,clean,0.4881806108897742,ad_data/exp031/exp031_full_20260729_174215/seediv_tsception_seed42_madry_autoattack.pth
seediv,tsception,42,madry,autoattack,full_test,raw,robust,0.30278884462151395,ad_data/exp031/exp031_full_20260729_174215/seediv_tsception_seed42_madry_autoattack.pth
seediv,tsception,42,madry,fgsm,full_test,raw,clean,0.4881806108897742,ad_data/exp031/exp031_full_20260729_174215/seediv_tsception_seed42_madry_fgsm.pth
seediv,tsception,42,madry,fgsm,full_test,raw,robust,0.34634794156706505,ad_data/exp031/exp031_full_20260729_174215/seediv_tsception_seed42_madry_fgsm.pth
seediv,tsception,42,madry,pgd,full_test,raw,clean,0.4881806108897742,ad_data/exp031/exp031_full_20260729_174215/seediv_tsception_seed42_madry_pgd.pth
seediv,tsception,42,madry,pgd,full_test,raw,robust,0.33758300132802127,ad_data/exp031/exp031_full_20260729_174215/seediv_tsception_seed42_madry_pgd.pth
seediv,tsception,42,madry,cw,full_test,raw,clean,0.4881806108897742,ad_data/exp031/exp031_full_20260729_174215/seediv_tsception_seed42_madry_cw.pth
seediv,tsception,42,madry,cw,full_test,raw,robust,0.007171314741035857,ad_data/exp031/exp031_full_20260729_174215/seediv_tsception_seed42_madry_cw.pth
seediv,tsception,42,trades,autoattack,full_test,raw,clean,0.645949535192563,ad_data/exp031/exp031_full_20260729_174215/seediv_tsception_seed42_trades_autoattack.pth
seediv,tsception,42,trades,autoattack,full_test,raw,robust,0.0045152722443559095,ad_data/exp031/exp031_full_20260729_174215/seediv_tsception_seed42_trades_autoattack.pth
seediv,tsception,42,trades,fgsm,full_test,raw,clean,0.645949535192563,ad_data/exp031/exp031_full_20260729_174215/seediv_tsception_seed42_trades_fgsm.pth
seediv,tsception,42,trades,fgsm,full_test,raw,robust,0.010624169986719787,ad_data/exp031/exp031_full_20260729_174215/seediv_tsception_seed42_trades_fgsm.pth
seediv,tsception,42,trades,pgd,full_test,raw,clean,0.645949535192563,ad_data/exp031/exp031_full_20260729_174215/seediv_tsception_seed42_trades_pgd.pth
seediv,tsception,42,trades,pgd,full_test,raw,robust,0.004780876494023904,ad_data/exp031/exp031_full_20260729_174215/seediv_tsception_seed42_trades_pgd.pth
seediv,tsception,42,trades,cw,full_test,raw,clean,0.645949535192563,ad_data/exp031/exp031_full_20260729_174215/seediv_tsception_seed42_trades_cw.pth
seediv,tsception,42,trades,cw,full_test,raw,robust,0.0,ad_data/exp031/exp031_full_20260729_174215/seediv_tsception_seed42_trades_cw.pth
seediv,tsception,42,fbf,autoattack,full_test,raw,clean,0.6385126162018593,ad_data/exp031/exp031_full_20260729_174215/seediv_tsception_seed42_fbf_autoattack.pth
seediv,tsception,42,fbf,autoattack,full_test,raw,robust,0.025763612217795485,ad_data/exp031/exp031_full_20260729_174215/seediv_tsception_seed42_fbf_autoattack.pth
seediv,tsception,42,fbf,fgsm,full_test,raw,clean,0.6385126162018593,ad_data/exp031/exp031_full_20260729_174215/seediv_tsception_seed42_fbf_fgsm.pth
seediv,tsception,42,fbf,fgsm,full_test,raw,robust,0.06586985391766269,ad_data/exp031/exp031_full_20260729_174215/seediv_tsception_seed42_fbf_fgsm.pth
seediv,tsception,42,fbf,pgd,full_test,raw,clean,0.6385126162018593,ad_data/exp031/exp031_full_20260729_174215/seediv_tsception_seed42_fbf_pgd.pth
seediv,tsception,42,fbf,pgd,full_test,raw,robust,0.032934926958831344,ad_data/exp031/exp031_full_20260729_174215/seediv_tsception_seed42_fbf_pgd.pth
seediv,tsception,42,fbf,cw,full_test,raw,clean,0.6385126162018593,ad_data/exp031/exp031_full_20260729_174215/seediv_tsception_seed42_fbf_cw.pth
seediv,tsception,42,fbf,cw,full_test,raw,robust,0.0013280212483399733,ad_data/exp031/exp031_full_20260729_174215/seediv_tsception_seed42_fbf_cw.pth
seediv,tsception,42,ea_forward,autoattack,full_test,raw,clean,0.26693227091633465,ad_data/exp031/exp031_full_20260729_174215/seediv_tsception_seed42_ea_forward_autoattack.pth
seediv,tsception,42,ea_forward,autoattack,full_test,raw,robust,0.26693227091633465,ad_data/exp031/exp031_full_20260729_174215/seediv_tsception_seed42_ea_forward_autoattack.pth
seediv,tsception,42,ea_forward,fgsm,full_test,raw,clean,0.26693227091633465,ad_data/exp031/exp031_full_20260729_174215/seediv_tsception_seed42_ea_forward_fgsm.pth
seediv,tsception,42,ea_forward,fgsm,full_test,raw,robust,0.26693227091633465,ad_data/exp031/exp031_full_20260729_174215/seediv_tsception_seed42_ea_forward_fgsm.pth
seediv,tsception,42,ea_forward,pgd,full_test,raw,clean,0.26693227091633465,ad_data/exp031/exp031_full_20260729_174215/seediv_tsception_seed42_ea_forward_pgd.pth
seediv,tsception,42,ea_forward,pgd,full_test,raw,robust,0.26693227091633465,ad_data/exp031/exp031_full_20260729_174215/seediv_tsception_seed42_ea_forward_pgd.pth
seediv,tsception,42,ea_forward,cw,full_test,raw,clean,0.26693227091633465,ad_data/exp031/exp031_full_20260729_174215/seediv_tsception_seed42_ea_forward_cw.pth
seediv,tsception,42,ea_forward,cw,full_test,raw,robust,0.26693227091633465,ad_data/exp031/exp031_full_20260729_174215/seediv_tsception_seed42_ea_forward_cw.pth
seediv,tsception,42,rpcf_at,autoattack,full_test,raw,clean,0.49694555112881805,ad_data/exp031/exp031_full_20260729_174215/seediv_tsception_seed42_rpcf_at_autoattack.pth
seediv,tsception,42,rpcf_at,autoattack,full_test,raw,robust,0.2948207171314741,ad_data/exp031/exp031_full_20260729_174215/seediv_tsception_seed42_rpcf_at_autoattack.pth
seediv,tsception,42,rpcf_at,fgsm,full_test,raw,clean,0.49694555112881805,ad_data/exp031/exp031_full_20260729_174215/seediv_tsception_seed42_rpcf_at_fgsm.pth
seediv,tsception,42,rpcf_at,fgsm,full_test,raw,robust,0.33731739707835323,ad_data/exp031/exp031_full_20260729_174215/seediv_tsception_seed42_rpcf_at_fgsm.pth
seediv,tsception,42,rpcf_at,pgd,full_test,raw,clean,0.49694555112881805,ad_data/exp031/exp031_full_20260729_174215/seediv_tsception_seed42_rpcf_at_pgd.pth
seediv,tsception,42,rpcf_at,pgd,full_test,raw,robust,0.3304116865869854,ad_data/exp031/exp031_full_20260729_174215/seediv_tsception_seed42_rpcf_at_pgd.pth
seediv,tsception,42,rpcf_at,cw,full_test,raw,clean,0.49694555112881805,ad_data/exp031/exp031_full_20260729_174215/seediv_tsception_seed42_rpcf_at_cw.pth
seediv,tsception,42,rpcf_at,cw,full_test,raw,robust,0.00796812749003984,ad_data/exp031/exp031_full_20260729_174215/seediv_tsception_seed42_rpcf_at_cw.pth
seediv,tsception,43,madry,autoattack,full_test,raw,clean,0.49588313413014606,ad_data/exp031/exp031_full_20260729_174215/seediv_tsception_seed43_madry_autoattack.pth
seediv,tsception,43,madry,autoattack,full_test,raw,robust,0.301195219123506,ad_data/exp031/exp031_full_20260729_174215/seediv_tsception_seed43_madry_autoattack.pth
seediv,tsception,43,madry,fgsm,full_test,raw,clean,0.49588313413014606,ad_data/exp031/exp031_full_20260729_174215/seediv_tsception_seed43_madry_fgsm.pth
seediv,tsception,43,madry,fgsm,full_test,raw,robust,0.3455511288180611,ad_data/exp031/exp031_full_20260729_174215/seediv_tsception_seed43_madry_fgsm.pth
seediv,tsception,43,madry,pgd,full_test,raw,clean,0.49588313413014606,ad_data/exp031/exp031_full_20260729_174215/seediv_tsception_seed43_madry_pgd.pth
seediv,tsception,43,madry,pgd,full_test,raw,robust,0.3354581673306773,ad_data/exp031/exp031_full_20260729_174215/seediv_tsception_seed43_madry_pgd.pth
seediv,tsception,43,madry,cw,full_test,raw,clean,0.49588313413014606,ad_data/exp031/exp031_full_20260729_174215/seediv_tsception_seed43_madry_cw.pth
seediv,tsception,43,madry,cw,full_test,raw,robust,0.0002656042496679947,ad_data/exp031/exp031_full_20260729_174215/seediv_tsception_seed43_madry_cw.pth
seediv,tsception,43,trades,autoattack,full_test,raw,clean,0.6632138114209828,ad_data/exp031/exp031_full_20260729_174215/seediv_tsception_seed43_trades_autoattack.pth
seediv,tsception,43,trades,autoattack,full_test,raw,robust,0.003452855245683931,ad_data/exp031/exp031_full_20260729_174215/seediv_tsception_seed43_trades_autoattack.pth
seediv,tsception,43,trades,fgsm,full_test,raw,clean,0.6632138114209828,ad_data/exp031/exp031_full_20260729_174215/seediv_tsception_seed43_trades_fgsm.pth
seediv,tsception,43,trades,fgsm,full_test,raw,robust,0.011420982735723771,ad_data/exp031/exp031_full_20260729_174215/seediv_tsception_seed43_trades_fgsm.pth
seediv,tsception,43,trades,pgd,full_test,raw,clean,0.6632138114209828,ad_data/exp031/exp031_full_20260729_174215/seediv_tsception_seed43_trades_pgd.pth
seediv,tsception,43,trades,pgd,full_test,raw,robust,0.0037184594953519256,ad_data/exp031/exp031_full_20260729_174215/seediv_tsception_seed43_trades_pgd.pth
seediv,tsception,43,trades,cw,full_test,raw,clean,0.6632138114209828,ad_data/exp031/exp031_full_20260729_174215/seediv_tsception_seed43_trades_cw.pth
seediv,tsception,43,trades,cw,full_test,raw,robust,0.0,ad_data/exp031/exp031_full_20260729_174215/seediv_tsception_seed43_trades_cw.pth
seediv,tsception,43,fbf,autoattack,full_test,raw,clean,0.646746347941567,ad_data/exp031/exp031_full_20260729_174215/seediv_tsception_seed43_fbf_autoattack.pth
seediv,tsception,43,fbf,autoattack,full_test,raw,robust,0.026294820717131476,ad_data/exp031/exp031_full_20260729_174215/seediv_tsception_seed43_fbf_autoattack.pth
seediv,tsception,43,fbf,fgsm,full_test,raw,clean,0.646746347941567,ad_data/exp031/exp031_full_20260729_174215/seediv_tsception_seed43_fbf_fgsm.pth
seediv,tsception,43,fbf,fgsm,full_test,raw,robust,0.06347941567065073,ad_data/exp031/exp031_full_20260729_174215/seediv_tsception_seed43_fbf_fgsm.pth
seediv,tsception,43,fbf,pgd,full_test,raw,clean,0.646746347941567,ad_data/exp031/exp031_full_20260729_174215/seediv_tsception_seed43_fbf_pgd.pth
seediv,tsception,43,fbf,pgd,full_test,raw,robust,0.03054448871181939,ad_data/exp031/exp031_full_20260729_174215/seediv_tsception_seed43_fbf_pgd.pth
seediv,tsception,43,fbf,cw,full_test,raw,clean,0.646746347941567,ad_data/exp031/exp031_full_20260729_174215/seediv_tsception_seed43_fbf_cw.pth
seediv,tsception,43,fbf,cw,full_test,raw,robust,0.0002656042496679947,ad_data/exp031/exp031_full_20260729_174215/seediv_tsception_seed43_fbf_cw.pth
seediv,tsception,43,ea_forward,autoattack,full_test,raw,clean,0.27091633466135456,ad_data/exp031/exp031_full_20260729_174215/seediv_tsception_seed43_ea_forward_autoattack.pth
seediv,tsception,43,ea_forward,autoattack,full_test,raw,robust,0.27091633466135456,ad_data/exp031/exp031_full_20260729_174215/seediv_tsception_seed43_ea_forward_autoattack.pth
seediv,tsception,43,ea_forward,fgsm,full_test,raw,clean,0.27091633466135456,ad_data/exp031/exp031_full_20260729_174215/seediv_tsception_seed43_ea_forward_fgsm.pth
seediv,tsception,43,ea_forward,fgsm,full_test,raw,robust,0.27091633466135456,ad_data/exp031/exp031_full_20260729_174215/seediv_tsception_seed43_ea_forward_fgsm.pth
seediv,tsception,43,ea_forward,pgd,full_test,raw,clean,0.27091633466135456,ad_data/exp031/exp031_full_20260729_174215/seediv_tsception_seed43_ea_forward_pgd.pth
seediv,tsception,43,ea_forward,pgd,full_test,raw,robust,0.27091633466135456,ad_data/exp031/exp031_full_20260729_174215/seediv_tsception_seed43_ea_forward_pgd.pth
seediv,tsception,43,ea_forward,cw,full_test,raw,clean,0.27091633466135456,ad_data/exp031/exp031_full_20260729_174215/seediv_tsception_seed43_ea_forward_cw.pth
seediv,tsception,43,ea_forward,cw,full_test,raw,robust,0.27091633466135456,ad_data/exp031/exp031_full_20260729_174215/seediv_tsception_seed43_ea_forward_cw.pth
seediv,tsception,43,rpcf_at,autoattack,full_test,raw,clean,0.49083665338645416,ad_data/exp031/exp031_full_20260729_174215/seediv_tsception_seed43_rpcf_at_autoattack.pth
seediv,tsception,43,rpcf_at,autoattack,full_test,raw,robust,0.2964143426294821,ad_data/exp031/exp031_full_20260729_174215/seediv_tsception_seed43_rpcf_at_autoattack.pth
seediv,tsception,43,rpcf_at,fgsm,full_test,raw,clean,0.49083665338645416,ad_data/exp031/exp031_full_20260729_174215/seediv_tsception_seed43_rpcf_at_fgsm.pth
seediv,tsception,43,rpcf_at,fgsm,full_test,raw,robust,0.3391766268260292,ad_data/exp031/exp031_full_20260729_174215/seediv_tsception_seed43_rpcf_at_fgsm.pth
seediv,tsception,43,rpcf_at,pgd,full_test,raw,clean,0.49083665338645416,ad_data/exp031/exp031_full_20260729_174215/seediv_tsception_seed43_rpcf_at_pgd.pth
seediv,tsception,43,rpcf_at,pgd,full_test,raw,robust,0.3301460823373174,ad_data/exp031/exp031_full_20260729_174215/seediv_tsception_seed43_rpcf_at_pgd.pth
seediv,tsception,43,rpcf_at,cw,full_test,raw,clean,0.49083665338645416,ad_data/exp031/exp031_full_20260729_174215/seediv_tsception_seed43_rpcf_at_cw.pth
seediv,tsception,43,rpcf_at,cw,full_test,raw,robust,0.0,ad_data/exp031/exp031_full_20260729_174215/seediv_tsception_seed43_rpcf_at_cw.pth
seediv,tsception,44,madry,autoattack,full_test,raw,clean,0.4767596281540505,ad_data/exp031/exp031_full_20260729_174215/seediv_tsception_seed44_madry_autoattack.pth
seediv,tsception,44,madry,autoattack,full_test,raw,robust,0.29561752988047807,ad_data/exp031/exp031_full_20260729_174215/seediv_tsception_seed44_madry_autoattack.pth
seediv,tsception,44,madry,fgsm,full_test,raw,clean,0.4767596281540505,ad_data/exp031/exp031_full_20260729_174215/seediv_tsception_seed44_madry_fgsm.pth
seediv,tsception,44,madry,fgsm,full_test,raw,robust,0.33200531208499334,ad_data/exp031/exp031_full_20260729_174215/seediv_tsception_seed44_madry_fgsm.pth
seediv,tsception,44,madry,pgd,full_test,raw,clean,0.4767596281540505,ad_data/exp031/exp031_full_20260729_174215/seediv_tsception_seed44_madry_pgd.pth
seediv,tsception,44,madry,pgd,full_test,raw,robust,0.3280212483399734,ad_data/exp031/exp031_full_20260729_174215/seediv_tsception_seed44_madry_pgd.pth
seediv,tsception,44,madry,cw,full_test,raw,clean,0.4767596281540505,ad_data/exp031/exp031_full_20260729_174215/seediv_tsception_seed44_madry_cw.pth
seediv,tsception,44,madry,cw,full_test,raw,robust,0.002390438247011952,ad_data/exp031/exp031_full_20260729_174215/seediv_tsception_seed44_madry_cw.pth
seediv,tsception,44,trades,autoattack,full_test,raw,clean,0.6547144754316069,ad_data/exp031/exp031_full_20260729_174215/seediv_tsception_seed44_trades_autoattack.pth
seediv,tsception,44,trades,autoattack,full_test,raw,robust,0.004249667994687915,ad_data/exp031/exp031_full_20260729_174215/seediv_tsception_seed44_trades_autoattack.pth
seediv,tsception,44,trades,fgsm,full_test,raw,clean,0.6547144754316069,ad_data/exp031/exp031_full_20260729_174215/seediv_tsception_seed44_trades_fgsm.pth
seediv,tsception,44,trades,fgsm,full_test,raw,robust,0.010358565737051793,ad_data/exp031/exp031_full_20260729_174215/seediv_tsception_seed44_trades_fgsm.pth
seediv,tsception,44,trades,pgd,full_test,raw,clean,0.6547144754316069,ad_data/exp031/exp031_full_20260729_174215/seediv_tsception_seed44_trades_pgd.pth
seediv,tsception,44,trades,pgd,full_test,raw,robust,0.005046480743691899,ad_data/exp031/exp031_full_20260729_174215/seediv_tsception_seed44_trades_pgd.pth
seediv,tsception,44,trades,cw,full_test,raw,clean,0.6547144754316069,ad_data/exp031/exp031_full_20260729_174215/seediv_tsception_seed44_trades_cw.pth
seediv,tsception,44,trades,cw,full_test,raw,robust,0.0007968127490039841,ad_data/exp031/exp031_full_20260729_174215/seediv_tsception_seed44_trades_cw.pth
seediv,tsception,44,fbf,autoattack,full_test,raw,clean,0.645949535192563,ad_data/exp031/exp031_full_20260729_174215/seediv_tsception_seed44_fbf_autoattack.pth
seediv,tsception,44,fbf,autoattack,full_test,raw,robust,0.023373173970783534,ad_data/exp031/exp031_full_20260729_174215/seediv_tsception_seed44_fbf_autoattack.pth
seediv,tsception,44,fbf,fgsm,full_test,raw,clean,0.645949535192563,ad_data/exp031/exp031_full_20260729_174215/seediv_tsception_seed44_fbf_fgsm.pth
seediv,tsception,44,fbf,fgsm,full_test,raw,robust,0.06294820717131475,ad_data/exp031/exp031_full_20260729_174215/seediv_tsception_seed44_fbf_fgsm.pth
seediv,tsception,44,fbf,pgd,full_test,raw,clean,0.645949535192563,ad_data/exp031/exp031_full_20260729_174215/seediv_tsception_seed44_fbf_pgd.pth
seediv,tsception,44,fbf,pgd,full_test,raw,robust,0.0350597609561753,ad_data/exp031/exp031_full_20260729_174215/seediv_tsception_seed44_fbf_pgd.pth
seediv,tsception,44,fbf,cw,full_test,raw,clean,0.645949535192563,ad_data/exp031/exp031_full_20260729_174215/seediv_tsception_seed44_fbf_cw.pth
seediv,tsception,44,fbf,cw,full_test,raw,robust,0.0021248339973439574,ad_data/exp031/exp031_full_20260729_174215/seediv_tsception_seed44_fbf_cw.pth
seediv,tsception,44,ea_forward,autoattack,full_test,raw,clean,0.2703851261620186,ad_data/exp031/exp031_full_20260729_174215/seediv_tsception_seed44_ea_forward_autoattack.pth
seediv,tsception,44,ea_forward,autoattack,full_test,raw,robust,0.2703851261620186,ad_data/exp031/exp031_full_20260729_174215/seediv_tsception_seed44_ea_forward_autoattack.pth
seediv,tsception,44,ea_forward,fgsm,full_test,raw,clean,0.2703851261620186,ad_data/exp031/exp031_full_20260729_174215/seediv_tsception_seed44_ea_forward_fgsm.pth
seediv,tsception,44,ea_forward,fgsm,full_test,raw,robust,0.2703851261620186,ad_data/exp031/exp031_full_20260729_174215/seediv_tsception_seed44_ea_forward_fgsm.pth
seediv,tsception,44,ea_forward,pgd,full_test,raw,clean,0.2703851261620186,ad_data/exp031/exp031_full_20260729_174215/seediv_tsception_seed44_ea_forward_pgd.pth
seediv,tsception,44,ea_forward,pgd,full_test,raw,robust,0.2703851261620186,ad_data/exp031/exp031_full_20260729_174215/seediv_tsception_seed44_ea_forward_pgd.pth
seediv,tsception,44,ea_forward,cw,full_test,raw,clean,0.2703851261620186,ad_data/exp031/exp031_full_20260729_174215/seediv_tsception_seed44_ea_forward_cw.pth
seediv,tsception,44,ea_forward,cw,full_test,raw,robust,0.2703851261620186,ad_data/exp031/exp031_full_20260729_174215/seediv_tsception_seed44_ea_forward_cw.pth
seediv,tsception,44,rpcf_at,autoattack,full_test,raw,clean,0.4900398406374502,ad_data/exp031/exp031_full_20260729_174215/seediv_tsception_seed44_rpcf_at_autoattack.pth
seediv,tsception,44,rpcf_at,autoattack,full_test,raw,robust,0.2868525896414343,ad_data/exp031/exp031_full_20260729_174215/seediv_tsception_seed44_rpcf_at_autoattack.pth
seediv,tsception,44,rpcf_at,fgsm,full_test,raw,clean,0.4900398406374502,ad_data/exp031/exp031_full_20260729_174215/seediv_tsception_seed44_rpcf_at_fgsm.pth
seediv,tsception,44,rpcf_at,fgsm,full_test,raw,robust,0.3290836653386454,ad_data/exp031/exp031_full_20260729_174215/seediv_tsception_seed44_rpcf_at_fgsm.pth
seediv,tsception,44,rpcf_at,pgd,full_test,raw,clean,0.4900398406374502,ad_data/exp031/exp031_full_20260729_174215/seediv_tsception_seed44_rpcf_at_pgd.pth
seediv,tsception,44,rpcf_at,pgd,full_test,raw,robust,0.32350597609561754,ad_data/exp031/exp031_full_20260729_174215/seediv_tsception_seed44_rpcf_at_pgd.pth
seediv,tsception,44,rpcf_at,cw,full_test,raw,clean,0.4900398406374502,ad_data/exp031/exp031_full_20260729_174215/seediv_tsception_seed44_rpcf_at_cw.pth
seediv,tsception,44,rpcf_at,cw,full_test,raw,robust,0.0021248339973439574,ad_data/exp031/exp031_full_20260729_174215/seediv_tsception_seed44_rpcf_at_cw.pth
seediv,tsception,45,madry,autoattack,full_test,raw,clean,0.501195219123506,ad_data/exp031/exp031_full_20260729_174215/seediv_tsception_seed45_madry_autoattack.pth
seediv,tsception,45,madry,autoattack,full_test,raw,robust,0.3115537848605578,ad_data/exp031/exp031_full_20260729_174215/seediv_tsception_seed45_madry_autoattack.pth
seediv,tsception,45,madry,fgsm,full_test,raw,clean,0.501195219123506,ad_data/exp031/exp031_full_20260729_174215/seediv_tsception_seed45_madry_fgsm.pth
seediv,tsception,45,madry,fgsm,full_test,raw,robust,0.35856573705179284,ad_data/exp031/exp031_full_20260729_174215/seediv_tsception_seed45_madry_fgsm.pth
seediv,tsception,45,madry,pgd,full_test,raw,clean,0.501195219123506,ad_data/exp031/exp031_full_20260729_174215/seediv_tsception_seed45_madry_pgd.pth
seediv,tsception,45,madry,pgd,full_test,raw,robust,0.349003984063745,ad_data/exp031/exp031_full_20260729_174215/seediv_tsception_seed45_madry_pgd.pth
seediv,tsception,45,madry,cw,full_test,raw,clean,0.501195219123506,ad_data/exp031/exp031_full_20260729_174215/seediv_tsception_seed45_madry_cw.pth
seediv,tsception,45,madry,cw,full_test,raw,robust,0.0029216467463479417,ad_data/exp031/exp031_full_20260729_174215/seediv_tsception_seed45_madry_cw.pth
seediv,tsception,45,trades,autoattack,full_test,raw,clean,0.649667994687915,ad_data/exp031/exp031_full_20260729_174215/seediv_tsception_seed45_trades_autoattack.pth
seediv,tsception,45,trades,autoattack,full_test,raw,robust,0.0037184594953519256,ad_data/exp031/exp031_full_20260729_174215/seediv_tsception_seed45_trades_autoattack.pth
seediv,tsception,45,trades,fgsm,full_test,raw,clean,0.649667994687915,ad_data/exp031/exp031_full_20260729_174215/seediv_tsception_seed45_trades_fgsm.pth
seediv,tsception,45,trades,fgsm,full_test,raw,robust,0.008764940239043825,ad_data/exp031/exp031_full_20260729_174215/seediv_tsception_seed45_trades_fgsm.pth
seediv,tsception,45,trades,pgd,full_test,raw,clean,0.649667994687915,ad_data/exp031/exp031_full_20260729_174215/seediv_tsception_seed45_trades_pgd.pth
seediv,tsception,45,trades,pgd,full_test,raw,robust,0.004249667994687915,ad_data/exp031/exp031_full_20260729_174215/seediv_tsception_seed45_trades_pgd.pth
seediv,tsception,45,trades,cw,full_test,raw,clean,0.649667994687915,ad_data/exp031/exp031_full_20260729_174215/seediv_tsception_seed45_trades_cw.pth
seediv,tsception,45,trades,cw,full_test,raw,robust,0.0,ad_data/exp031/exp031_full_20260729_174215/seediv_tsception_seed45_trades_cw.pth
seediv,tsception,45,fbf,autoattack,full_test,raw,clean,0.654448871181939,ad_data/exp031/exp031_full_20260729_174215/seediv_tsception_seed45_fbf_autoattack.pth
seediv,tsception,45,fbf,autoattack,full_test,raw,robust,0.02895086321381142,ad_data/exp031/exp031_full_20260729_174215/seediv_tsception_seed45_fbf_autoattack.pth
seediv,tsception,45,fbf,fgsm,full_test,raw,clean,0.654448871181939,ad_data/exp031/exp031_full_20260729_174215/seediv_tsception_seed45_fbf_fgsm.pth
seediv,tsception,45,fbf,fgsm,full_test,raw,robust,0.07065073041168658,ad_data/exp031/exp031_full_20260729_174215/seediv_tsception_seed45_fbf_fgsm.pth
seediv,tsception,45,fbf,pgd,full_test,raw,clean,0.654448871181939,ad_data/exp031/exp031_full_20260729_174215/seediv_tsception_seed45_fbf_pgd.pth
seediv,tsception,45,fbf,pgd,full_test,raw,robust,0.03691899070385126,ad_data/exp031/exp031_full_20260729_174215/seediv_tsception_seed45_fbf_pgd.pth
seediv,tsception,45,fbf,cw,full_test,raw,clean,0.654448871181939,ad_data/exp031/exp031_full_20260729_174215/seediv_tsception_seed45_fbf_cw.pth
seediv,tsception,45,fbf,cw,full_test,raw,robust,0.0026560424966799467,ad_data/exp031/exp031_full_20260729_174215/seediv_tsception_seed45_fbf_cw.pth
seediv,tsception,45,ea_forward,autoattack,full_test,raw,clean,0.27171314741035857,ad_data/exp031/exp031_full_20260729_174215/seediv_tsception_seed45_ea_forward_autoattack.pth
seediv,tsception,45,ea_forward,autoattack,full_test,raw,robust,0.27171314741035857,ad_data/exp031/exp031_full_20260729_174215/seediv_tsception_seed45_ea_forward_autoattack.pth
seediv,tsception,45,ea_forward,fgsm,full_test,raw,clean,0.27197875166002655,ad_data/exp031/exp031_full_20260729_174215/seediv_tsception_seed45_ea_forward_fgsm.pth
seediv,tsception,45,ea_forward,fgsm,full_test,raw,robust,0.27224435590969454,ad_data/exp031/exp031_full_20260729_174215/seediv_tsception_seed45_ea_forward_fgsm.pth
seediv,tsception,45,ea_forward,pgd,full_test,raw,clean,0.27197875166002655,ad_data/exp031/exp031_full_20260729_174215/seediv_tsception_seed45_ea_forward_pgd.pth
seediv,tsception,45,ea_forward,pgd,full_test,raw,robust,0.27171314741035857,ad_data/exp031/exp031_full_20260729_174215/seediv_tsception_seed45_ea_forward_pgd.pth
seediv,tsception,45,ea_forward,cw,full_test,raw,clean,0.27197875166002655,ad_data/exp031/exp031_full_20260729_174215/seediv_tsception_seed45_ea_forward_cw.pth
seediv,tsception,45,ea_forward,cw,full_test,raw,robust,0.27224435590969454,ad_data/exp031/exp031_full_20260729_174215/seediv_tsception_seed45_ea_forward_cw.pth
seediv,tsception,45,rpcf_at,autoattack,full_test,raw,clean,0.4953519256308101,ad_data/exp031/exp031_full_20260729_174215/seediv_tsception_seed45_rpcf_at_autoattack.pth
seediv,tsception,45,rpcf_at,autoattack,full_test,raw,robust,0.29136786188579017,ad_data/exp031/exp031_full_20260729_174215/seediv_tsception_seed45_rpcf_at_autoattack.pth
seediv,tsception,45,rpcf_at,fgsm,full_test,raw,clean,0.4953519256308101,ad_data/exp031/exp031_full_20260729_174215/seediv_tsception_seed45_rpcf_at_fgsm.pth
seediv,tsception,45,rpcf_at,fgsm,full_test,raw,robust,0.33811420982735724,ad_data/exp031/exp031_full_20260729_174215/seediv_tsception_seed45_rpcf_at_fgsm.pth
seediv,tsception,45,rpcf_at,pgd,full_test,raw,clean,0.4953519256308101,ad_data/exp031/exp031_full_20260729_174215/seediv_tsception_seed45_rpcf_at_pgd.pth
seediv,tsception,45,rpcf_at,pgd,full_test,raw,robust,0.32695883134130144,ad_data/exp031/exp031_full_20260729_174215/seediv_tsception_seed45_rpcf_at_pgd.pth
seediv,tsception,45,rpcf_at,cw,full_test,raw,clean,0.4953519256308101,ad_data/exp031/exp031_full_20260729_174215/seediv_tsception_seed45_rpcf_at_cw.pth
seediv,tsception,45,rpcf_at,cw,full_test,raw,robust,0.0018592297476759628,ad_data/exp031/exp031_full_20260729_174215/seediv_tsception_seed45_rpcf_at_cw.pth
seediv,tsception,46,madry,autoattack,full_test,raw,clean,0.49163346613545816,ad_data/exp031/exp031_full_20260729_174215/seediv_tsception_seed46_madry_autoattack.pth
seediv,tsception,46,madry,autoattack,full_test,raw,robust,0.31314741035856575,ad_data/exp031/exp031_full_20260729_174215/seediv_tsception_seed46_madry_autoattack.pth
seediv,tsception,46,madry,fgsm,full_test,raw,clean,0.49163346613545816,ad_data/exp031/exp031_full_20260729_174215/seediv_tsception_seed46_madry_fgsm.pth
seediv,tsception,46,madry,fgsm,full_test,raw,robust,0.3529880478087649,ad_data/exp031/exp031_full_20260729_174215/seediv_tsception_seed46_madry_fgsm.pth
seediv,tsception,46,madry,pgd,full_test,raw,clean,0.49163346613545816,ad_data/exp031/exp031_full_20260729_174215/seediv_tsception_seed46_madry_pgd.pth
seediv,tsception,46,madry,pgd,full_test,raw,robust,0.3468791500664011,ad_data/exp031/exp031_full_20260729_174215/seediv_tsception_seed46_madry_pgd.pth
seediv,tsception,46,madry,cw,full_test,raw,clean,0.49163346613545816,ad_data/exp031/exp031_full_20260729_174215/seediv_tsception_seed46_madry_cw.pth
seediv,tsception,46,madry,cw,full_test,raw,robust,0.0021248339973439574,ad_data/exp031/exp031_full_20260729_174215/seediv_tsception_seed46_madry_cw.pth
seediv,tsception,46,trades,autoattack,full_test,raw,clean,0.6693227091633466,ad_data/exp031/exp031_full_20260729_174215/seediv_tsception_seed46_trades_autoattack.pth
seediv,tsception,46,trades,autoattack,full_test,raw,robust,0.006108897742363878,ad_data/exp031/exp031_full_20260729_174215/seediv_tsception_seed46_trades_autoattack.pth
seediv,tsception,46,trades,fgsm,full_test,raw,clean,0.6693227091633466,ad_data/exp031/exp031_full_20260729_174215/seediv_tsception_seed46_trades_fgsm.pth
seediv,tsception,46,trades,fgsm,full_test,raw,robust,0.01593625498007968,ad_data/exp031/exp031_full_20260729_174215/seediv_tsception_seed46_trades_fgsm.pth
seediv,tsception,46,trades,pgd,full_test,raw,clean,0.6693227091633466,ad_data/exp031/exp031_full_20260729_174215/seediv_tsception_seed46_trades_pgd.pth
seediv,tsception,46,trades,pgd,full_test,raw,robust,0.006640106241699867,ad_data/exp031/exp031_full_20260729_174215/seediv_tsception_seed46_trades_pgd.pth
seediv,tsception,46,trades,cw,full_test,raw,clean,0.6693227091633466,ad_data/exp031/exp031_full_20260729_174215/seediv_tsception_seed46_trades_cw.pth
seediv,tsception,46,trades,cw,full_test,raw,robust,0.0002656042496679947,ad_data/exp031/exp031_full_20260729_174215/seediv_tsception_seed46_trades_cw.pth
seediv,tsception,46,fbf,autoattack,full_test,raw,clean,0.647277556440903,ad_data/exp031/exp031_full_20260729_174215/seediv_tsception_seed46_fbf_autoattack.pth
seediv,tsception,46,fbf,autoattack,full_test,raw,robust,0.03213811420982736,ad_data/exp031/exp031_full_20260729_174215/seediv_tsception_seed46_fbf_autoattack.pth
seediv,tsception,46,fbf,fgsm,full_test,raw,clean,0.647277556440903,ad_data/exp031/exp031_full_20260729_174215/seediv_tsception_seed46_fbf_fgsm.pth
seediv,tsception,46,fbf,fgsm,full_test,raw,robust,0.07569721115537849,ad_data/exp031/exp031_full_20260729_174215/seediv_tsception_seed46_fbf_fgsm.pth
seediv,tsception,46,fbf,pgd,full_test,raw,clean,0.647277556440903,ad_data/exp031/exp031_full_20260729_174215/seediv_tsception_seed46_fbf_pgd.pth
seediv,tsception,46,fbf,pgd,full_test,raw,robust,0.04249667994687915,ad_data/exp031/exp031_full_20260729_174215/seediv_tsception_seed46_fbf_pgd.pth
seediv,tsception,46,fbf,cw,full_test,raw,clean,0.647277556440903,ad_data/exp031/exp031_full_20260729_174215/seediv_tsception_seed46_fbf_cw.pth
seediv,tsception,46,fbf,cw,full_test,raw,robust,0.0,ad_data/exp031/exp031_full_20260729_174215/seediv_tsception_seed46_fbf_cw.pth
seediv,tsception,46,ea_forward,autoattack,full_test,raw,clean,0.2725099601593626,ad_data/exp031/exp031_full_20260729_174215/seediv_tsception_seed46_ea_forward_autoattack.pth
seediv,tsception,46,ea_forward,autoattack,full_test,raw,robust,0.2725099601593626,ad_data/exp031/exp031_full_20260729_174215/seediv_tsception_seed46_ea_forward_autoattack.pth
seediv,tsception,46,ea_forward,fgsm,full_test,raw,clean,0.2725099601593626,ad_data/exp031/exp031_full_20260729_174215/seediv_tsception_seed46_ea_forward_fgsm.pth
seediv,tsception,46,ea_forward,fgsm,full_test,raw,robust,0.2725099601593626,ad_data/exp031/exp031_full_20260729_174215/seediv_tsception_seed46_ea_forward_fgsm.pth
seediv,tsception,46,ea_forward,pgd,full_test,raw,clean,0.2725099601593626,ad_data/exp031/exp031_full_20260729_174215/seediv_tsception_seed46_ea_forward_pgd.pth
seediv,tsception,46,ea_forward,pgd,full_test,raw,robust,0.2725099601593626,ad_data/exp031/exp031_full_20260729_174215/seediv_tsception_seed46_ea_forward_pgd.pth
seediv,tsception,46,ea_forward,cw,full_test,raw,clean,0.2725099601593626,ad_data/exp031/exp031_full_20260729_174215/seediv_tsception_seed46_ea_forward_cw.pth
seediv,tsception,46,ea_forward,cw,full_test,raw,robust,0.2725099601593626,ad_data/exp031/exp031_full_20260729_174215/seediv_tsception_seed46_ea_forward_cw.pth
seediv,tsception,46,rpcf_at,autoattack,full_test,raw,clean,0.501460823373174,ad_data/exp031/exp031_full_20260729_174215/seediv_tsception_seed46_rpcf_at_autoattack.pth
seediv,tsception,46,rpcf_at,autoattack,full_test,raw,robust,0.3057104913678619,ad_data/exp031/exp031_full_20260729_174215/seediv_tsception_seed46_rpcf_at_autoattack.pth
seediv,tsception,46,rpcf_at,fgsm,full_test,raw,clean,0.501460823373174,ad_data/exp031/exp031_full_20260729_174215/seediv_tsception_seed46_rpcf_at_fgsm.pth
seediv,tsception,46,rpcf_at,fgsm,full_test,raw,robust,0.3444887118193891,ad_data/exp031/exp031_full_20260729_174215/seediv_tsception_seed46_rpcf_at_fgsm.pth
seediv,tsception,46,rpcf_at,pgd,full_test,raw,clean,0.501460823373174,ad_data/exp031/exp031_full_20260729_174215/seediv_tsception_seed46_rpcf_at_pgd.pth
seediv,tsception,46,rpcf_at,pgd,full_test,raw,robust,0.3357237715803453,ad_data/exp031/exp031_full_20260729_174215/seediv_tsception_seed46_rpcf_at_pgd.pth
seediv,tsception,46,rpcf_at,cw,full_test,raw,clean,0.501460823373174,ad_data/exp031/exp031_full_20260729_174215/seediv_tsception_seed46_rpcf_at_cw.pth
seediv,tsception,46,rpcf_at,cw,full_test,raw,robust,0.0007968127490039841,ad_data/exp031/exp031_full_20260729_174215/seediv_tsception_seed46_rpcf_at_cw.pth
seediv,atcnet,42,madry,autoattack,full_test,raw,clean,0.4563081009296149,ad_data/exp031/exp031_full_20260729_174215/seediv_atcnet_seed42_madry_autoattack.pth
seediv,atcnet,42,madry,autoattack,full_test,raw,robust,0.2621513944223108,ad_data/exp031/exp031_full_20260729_174215/seediv_atcnet_seed42_madry_autoattack.pth
seediv,atcnet,42,madry,fgsm,full_test,raw,clean,0.4563081009296149,ad_data/exp031/exp031_full_20260729_174215/seediv_atcnet_seed42_madry_fgsm.pth
seediv,atcnet,42,madry,fgsm,full_test,raw,robust,0.2860557768924303,ad_data/exp031/exp031_full_20260729_174215/seediv_atcnet_seed42_madry_fgsm.pth
seediv,atcnet,42,madry,pgd,full_test,raw,clean,0.4563081009296149,ad_data/exp031/exp031_full_20260729_174215/seediv_atcnet_seed42_madry_pgd.pth
seediv,atcnet,42,madry,pgd,full_test,raw,robust,0.28286852589641437,ad_data/exp031/exp031_full_20260729_174215/seediv_atcnet_seed42_madry_pgd.pth
seediv,atcnet,42,madry,cw,full_test,raw,clean,0.4563081009296149,ad_data/exp031/exp031_full_20260729_174215/seediv_atcnet_seed42_madry_cw.pth
seediv,atcnet,42,madry,cw,full_test,raw,robust,0.0010624169986719787,ad_data/exp031/exp031_full_20260729_174215/seediv_atcnet_seed42_madry_cw.pth
seediv,atcnet,42,trades,autoattack,full_test,raw,clean,0.6183266932270917,ad_data/exp031/exp031_full_20260729_174215/seediv_atcnet_seed42_trades_autoattack.pth
seediv,atcnet,42,trades,autoattack,full_test,raw,robust,0.017795484727755644,ad_data/exp031/exp031_full_20260729_174215/seediv_atcnet_seed42_trades_autoattack.pth
seediv,atcnet,42,trades,fgsm,full_test,raw,clean,0.6183266932270917,ad_data/exp031/exp031_full_20260729_174215/seediv_atcnet_seed42_trades_fgsm.pth
seediv,atcnet,42,trades,fgsm,full_test,raw,robust,0.031075697211155377,ad_data/exp031/exp031_full_20260729_174215/seediv_atcnet_seed42_trades_fgsm.pth
seediv,atcnet,42,trades,pgd,full_test,raw,clean,0.6183266932270917,ad_data/exp031/exp031_full_20260729_174215/seediv_atcnet_seed42_trades_pgd.pth
seediv,atcnet,42,trades,pgd,full_test,raw,robust,0.018061088977423638,ad_data/exp031/exp031_full_20260729_174215/seediv_atcnet_seed42_trades_pgd.pth
seediv,atcnet,42,trades,cw,full_test,raw,clean,0.6183266932270917,ad_data/exp031/exp031_full_20260729_174215/seediv_atcnet_seed42_trades_cw.pth
seediv,atcnet,42,trades,cw,full_test,raw,robust,0.003452855245683931,ad_data/exp031/exp031_full_20260729_174215/seediv_atcnet_seed42_trades_cw.pth
seediv,atcnet,42,fbf,autoattack,full_test,raw,clean,0.5755644090305445,ad_data/exp031/exp031_full_20260729_174215/seediv_atcnet_seed42_fbf_autoattack.pth
seediv,atcnet,42,fbf,autoattack,full_test,raw,robust,0.05444887118193891,ad_data/exp031/exp031_full_20260729_174215/seediv_atcnet_seed42_fbf_autoattack.pth
seediv,atcnet,42,fbf,fgsm,full_test,raw,clean,0.5755644090305445,ad_data/exp031/exp031_full_20260729_174215/seediv_atcnet_seed42_fbf_fgsm.pth
seediv,atcnet,42,fbf,fgsm,full_test,raw,robust,0.08366533864541832,ad_data/exp031/exp031_full_20260729_174215/seediv_atcnet_seed42_fbf_fgsm.pth
seediv,atcnet,42,fbf,pgd,full_test,raw,clean,0.5755644090305445,ad_data/exp031/exp031_full_20260729_174215/seediv_atcnet_seed42_fbf_pgd.pth
seediv,atcnet,42,fbf,pgd,full_test,raw,robust,0.0600265604249668,ad_data/exp031/exp031_full_20260729_174215/seediv_atcnet_seed42_fbf_pgd.pth
seediv,atcnet,42,fbf,cw,full_test,raw,clean,0.5755644090305445,ad_data/exp031/exp031_full_20260729_174215/seediv_atcnet_seed42_fbf_cw.pth
seediv,atcnet,42,fbf,cw,full_test,raw,robust,0.0,ad_data/exp031/exp031_full_20260729_174215/seediv_atcnet_seed42_fbf_cw.pth
seediv,atcnet,42,ea_forward,autoattack,full_test,raw,clean,0.3049136786188579,ad_data/exp031/exp031_full_20260729_174215/seediv_atcnet_seed42_ea_forward_autoattack.pth
seediv,atcnet,42,ea_forward,autoattack,full_test,raw,robust,0.16148738379814076,ad_data/exp031/exp031_full_20260729_174215/seediv_atcnet_seed42_ea_forward_autoattack.pth
seediv,atcnet,42,ea_forward,fgsm,full_test,raw,clean,0.300132802124834,ad_data/exp031/exp031_full_20260729_174215/seediv_atcnet_seed42_ea_forward_fgsm.pth
seediv,atcnet,42,ea_forward,fgsm,full_test,raw,robust,0.11314741035856574,ad_data/exp031/exp031_full_20260729_174215/seediv_atcnet_seed42_ea_forward_fgsm.pth
seediv,atcnet,42,ea_forward,pgd,full_test,raw,clean,0.300132802124834,ad_data/exp031/exp031_full_20260729_174215/seediv_atcnet_seed42_ea_forward_pgd.pth
seediv,atcnet,42,ea_forward,pgd,full_test,raw,robust,0.06932270916334661,ad_data/exp031/exp031_full_20260729_174215/seediv_atcnet_seed42_ea_forward_pgd.pth
seediv,atcnet,42,ea_forward,cw,full_test,raw,clean,0.300132802124834,ad_data/exp031/exp031_full_20260729_174215/seediv_atcnet_seed42_ea_forward_cw.pth
seediv,atcnet,42,ea_forward,cw,full_test,raw,robust,0.021779548472775564,ad_data/exp031/exp031_full_20260729_174215/seediv_atcnet_seed42_ea_forward_cw.pth
seediv,atcnet,42,rpcf_at,autoattack,full_test,raw,clean,0.45152722443559096,ad_data/exp031/exp031_full_20260729_174215/seediv_atcnet_seed42_rpcf_at_autoattack.pth
seediv,atcnet,42,rpcf_at,autoattack,full_test,raw,robust,0.2568393094289509,ad_data/exp031/exp031_full_20260729_174215/seediv_atcnet_seed42_rpcf_at_autoattack.pth
seediv,atcnet,42,rpcf_at,fgsm,full_test,raw,clean,0.45152722443559096,ad_data/exp031/exp031_full_20260729_174215/seediv_atcnet_seed42_rpcf_at_fgsm.pth
seediv,atcnet,42,rpcf_at,fgsm,full_test,raw,robust,0.27808764940239045,ad_data/exp031/exp031_full_20260729_174215/seediv_atcnet_seed42_rpcf_at_fgsm.pth
seediv,atcnet,42,rpcf_at,pgd,full_test,raw,clean,0.45152722443559096,ad_data/exp031/exp031_full_20260729_174215/seediv_atcnet_seed42_rpcf_at_pgd.pth
seediv,atcnet,42,rpcf_at,pgd,full_test,raw,robust,0.2764940239043825,ad_data/exp031/exp031_full_20260729_174215/seediv_atcnet_seed42_rpcf_at_pgd.pth
seediv,atcnet,42,rpcf_at,cw,full_test,raw,clean,0.45152722443559096,ad_data/exp031/exp031_full_20260729_174215/seediv_atcnet_seed42_rpcf_at_cw.pth
seediv,atcnet,42,rpcf_at,cw,full_test,raw,robust,0.0010624169986719787,ad_data/exp031/exp031_full_20260729_174215/seediv_atcnet_seed42_rpcf_at_cw.pth
seediv,atcnet,43,madry,autoattack,full_test,raw,clean,0.46719787516600264,ad_data/exp031/exp031_full_20260729_174215/seediv_atcnet_seed43_madry_autoattack.pth
seediv,atcnet,43,madry,autoattack,full_test,raw,robust,0.2703851261620186,ad_data/exp031/exp031_full_20260729_174215/seediv_atcnet_seed43_madry_autoattack.pth
seediv,atcnet,43,madry,fgsm,full_test,raw,clean,0.46719787516600264,ad_data/exp031/exp031_full_20260729_174215/seediv_atcnet_seed43_madry_fgsm.pth
seediv,atcnet,43,madry,fgsm,full_test,raw,robust,0.29694555112881804,ad_data/exp031/exp031_full_20260729_174215/seediv_atcnet_seed43_madry_fgsm.pth
seediv,atcnet,43,madry,pgd,full_test,raw,clean,0.46719787516600264,ad_data/exp031/exp031_full_20260729_174215/seediv_atcnet_seed43_madry_pgd.pth
seediv,atcnet,43,madry,pgd,full_test,raw,robust,0.2948207171314741,ad_data/exp031/exp031_full_20260729_174215/seediv_atcnet_seed43_madry_pgd.pth
seediv,atcnet,43,madry,cw,full_test,raw,clean,0.46719787516600264,ad_data/exp031/exp031_full_20260729_174215/seediv_atcnet_seed43_madry_cw.pth
seediv,atcnet,43,madry,cw,full_test,raw,robust,0.0018592297476759628,ad_data/exp031/exp031_full_20260729_174215/seediv_atcnet_seed43_madry_cw.pth
seediv,atcnet,43,trades,autoattack,full_test,raw,clean,0.6239043824701195,ad_data/exp031/exp031_full_20260729_174215/seediv_atcnet_seed43_trades_autoattack.pth
seediv,atcnet,43,trades,autoattack,full_test,raw,robust,0.020717131474103586,ad_data/exp031/exp031_full_20260729_174215/seediv_atcnet_seed43_trades_autoattack.pth
seediv,atcnet,43,trades,fgsm,full_test,raw,clean,0.6239043824701195,ad_data/exp031/exp031_full_20260729_174215/seediv_atcnet_seed43_trades_fgsm.pth
seediv,atcnet,43,trades,fgsm,full_test,raw,robust,0.036653386454183264,ad_data/exp031/exp031_full_20260729_174215/seediv_atcnet_seed43_trades_fgsm.pth
seediv,atcnet,43,trades,pgd,full_test,raw,clean,0.6239043824701195,ad_data/exp031/exp031_full_20260729_174215/seediv_atcnet_seed43_trades_pgd.pth
seediv,atcnet,43,trades,pgd,full_test,raw,robust,0.02098273572377158,ad_data/exp031/exp031_full_20260729_174215/seediv_atcnet_seed43_trades_pgd.pth
seediv,atcnet,43,trades,cw,full_test,raw,clean,0.6239043824701195,ad_data/exp031/exp031_full_20260729_174215/seediv_atcnet_seed43_trades_cw.pth
seediv,atcnet,43,trades,cw,full_test,raw,robust,0.0002656042496679947,ad_data/exp031/exp031_full_20260729_174215/seediv_atcnet_seed43_trades_cw.pth
seediv,atcnet,43,fbf,autoattack,full_test,raw,clean,0.5808764940239044,ad_data/exp031/exp031_full_20260729_174215/seediv_atcnet_seed43_fbf_autoattack.pth
seediv,atcnet,43,fbf,autoattack,full_test,raw,robust,0.05843293492695883,ad_data/exp031/exp031_full_20260729_174215/seediv_atcnet_seed43_fbf_autoattack.pth
seediv,atcnet,43,fbf,fgsm,full_test,raw,clean,0.5808764940239044,ad_data/exp031/exp031_full_20260729_174215/seediv_atcnet_seed43_fbf_fgsm.pth
seediv,atcnet,43,fbf,fgsm,full_test,raw,robust,0.08764940239043825,ad_data/exp031/exp031_full_20260729_174215/seediv_atcnet_seed43_fbf_fgsm.pth
seediv,atcnet,43,fbf,pgd,full_test,raw,clean,0.5808764940239044,ad_data/exp031/exp031_full_20260729_174215/seediv_atcnet_seed43_fbf_pgd.pth
seediv,atcnet,43,fbf,pgd,full_test,raw,robust,0.06374501992031872,ad_data/exp031/exp031_full_20260729_174215/seediv_atcnet_seed43_fbf_pgd.pth
seediv,atcnet,43,fbf,cw,full_test,raw,clean,0.5808764940239044,ad_data/exp031/exp031_full_20260729_174215/seediv_atcnet_seed43_fbf_cw.pth
seediv,atcnet,43,fbf,cw,full_test,raw,robust,0.0002656042496679947,ad_data/exp031/exp031_full_20260729_174215/seediv_atcnet_seed43_fbf_cw.pth
seediv,atcnet,43,ea_forward,autoattack,full_test,raw,clean,0.30278884462151395,ad_data/exp031/exp031_full_20260729_174215/seediv_atcnet_seed43_ea_forward_autoattack.pth
seediv,atcnet,43,ea_forward,autoattack,full_test,raw,robust,0.2695883134130146,ad_data/exp031/exp031_full_20260729_174215/seediv_atcnet_seed43_ea_forward_autoattack.pth
seediv,atcnet,43,ea_forward,fgsm,full_test,raw,clean,0.30624169986719785,ad_data/exp031/exp031_full_20260729_174215/seediv_atcnet_seed43_ea_forward_fgsm.pth
seediv,atcnet,43,ea_forward,fgsm,full_test,raw,robust,0.2539176626826029,ad_data/exp031/exp031_full_20260729_174215/seediv_atcnet_seed43_ea_forward_fgsm.pth
seediv,atcnet,43,ea_forward,pgd,full_test,raw,clean,0.30624169986719785,ad_data/exp031/exp031_full_20260729_174215/seediv_atcnet_seed43_ea_forward_pgd.pth
seediv,atcnet,43,ea_forward,pgd,full_test,raw,robust,0.22257636122177954,ad_data/exp031/exp031_full_20260729_174215/seediv_atcnet_seed43_ea_forward_pgd.pth
seediv,atcnet,43,ea_forward,cw,full_test,raw,clean,0.30624169986719785,ad_data/exp031/exp031_full_20260729_174215/seediv_atcnet_seed43_ea_forward_cw.pth
seediv,atcnet,43,ea_forward,cw,full_test,raw,robust,0.0905710491367862,ad_data/exp031/exp031_full_20260729_174215/seediv_atcnet_seed43_ea_forward_cw.pth
seediv,atcnet,43,rpcf_at,autoattack,full_test,raw,clean,0.46693227091633466,ad_data/exp031/exp031_full_20260729_174215/seediv_atcnet_seed43_rpcf_at_autoattack.pth
seediv,atcnet,43,rpcf_at,autoattack,full_test,raw,robust,0.2610889774236388,ad_data/exp031/exp031_full_20260729_174215/seediv_atcnet_seed43_rpcf_at_autoattack.pth
seediv,atcnet,43,rpcf_at,fgsm,full_test,raw,clean,0.46693227091633466,ad_data/exp031/exp031_full_20260729_174215/seediv_atcnet_seed43_rpcf_at_fgsm.pth
seediv,atcnet,43,rpcf_at,fgsm,full_test,raw,robust,0.2860557768924303,ad_data/exp031/exp031_full_20260729_174215/seediv_atcnet_seed43_rpcf_at_fgsm.pth
seediv,atcnet,43,rpcf_at,pgd,full_test,raw,clean,0.46693227091633466,ad_data/exp031/exp031_full_20260729_174215/seediv_atcnet_seed43_rpcf_at_pgd.pth
seediv,atcnet,43,rpcf_at,pgd,full_test,raw,robust,0.2839309428950863,ad_data/exp031/exp031_full_20260729_174215/seediv_atcnet_seed43_rpcf_at_pgd.pth
seediv,atcnet,43,rpcf_at,cw,full_test,raw,clean,0.46693227091633466,ad_data/exp031/exp031_full_20260729_174215/seediv_atcnet_seed43_rpcf_at_cw.pth
seediv,atcnet,43,rpcf_at,cw,full_test,raw,robust,0.0002656042496679947,ad_data/exp031/exp031_full_20260729_174215/seediv_atcnet_seed43_rpcf_at_cw.pth
seediv,atcnet,44,madry,autoattack,full_test,raw,clean,0.44621513944223107,ad_data/exp031/exp031_full_20260729_174215/seediv_atcnet_seed44_madry_autoattack.pth
seediv,atcnet,44,madry,autoattack,full_test,raw,robust,0.26985391766268263,ad_data/exp031/exp031_full_20260729_174215/seediv_atcnet_seed44_madry_autoattack.pth
seediv,atcnet,44,madry,fgsm,full_test,raw,clean,0.44621513944223107,ad_data/exp031/exp031_full_20260729_174215/seediv_atcnet_seed44_madry_fgsm.pth
seediv,atcnet,44,madry,fgsm,full_test,raw,robust,0.29269588313413014,ad_data/exp031/exp031_full_20260729_174215/seediv_atcnet_seed44_madry_fgsm.pth
seediv,atcnet,44,madry,pgd,full_test,raw,clean,0.44621513944223107,ad_data/exp031/exp031_full_20260729_174215/seediv_atcnet_seed44_madry_pgd.pth
seediv,atcnet,44,madry,pgd,full_test,raw,robust,0.29136786188579017,ad_data/exp031/exp031_full_20260729_174215/seediv_atcnet_seed44_madry_pgd.pth
seediv,atcnet,44,madry,cw,full_test,raw,clean,0.44621513944223107,ad_data/exp031/exp031_full_20260729_174215/seediv_atcnet_seed44_madry_cw.pth
seediv,atcnet,44,madry,cw,full_test,raw,robust,0.00796812749003984,ad_data/exp031/exp031_full_20260729_174215/seediv_atcnet_seed44_madry_cw.pth
seediv,atcnet,44,trades,autoattack,full_test,raw,clean,0.6172642762284196,ad_data/exp031/exp031_full_20260729_174215/seediv_atcnet_seed44_trades_autoattack.pth
seediv,atcnet,44,trades,autoattack,full_test,raw,robust,0.015139442231075698,ad_data/exp031/exp031_full_20260729_174215/seediv_atcnet_seed44_trades_autoattack.pth
seediv,atcnet,44,trades,fgsm,full_test,raw,clean,0.6172642762284196,ad_data/exp031/exp031_full_20260729_174215/seediv_atcnet_seed44_trades_fgsm.pth
seediv,atcnet,44,trades,fgsm,full_test,raw,robust,0.025763612217795485,ad_data/exp031/exp031_full_20260729_174215/seediv_atcnet_seed44_trades_fgsm.pth
seediv,atcnet,44,trades,pgd,full_test,raw,clean,0.6172642762284196,ad_data/exp031/exp031_full_20260729_174215/seediv_atcnet_seed44_trades_pgd.pth
seediv,atcnet,44,trades,pgd,full_test,raw,robust,0.015139442231075698,ad_data/exp031/exp031_full_20260729_174215/seediv_atcnet_seed44_trades_pgd.pth
seediv,atcnet,44,trades,cw,full_test,raw,clean,0.6172642762284196,ad_data/exp031/exp031_full_20260729_174215/seediv_atcnet_seed44_trades_cw.pth
seediv,atcnet,44,trades,cw,full_test,raw,robust,0.0002656042496679947,ad_data/exp031/exp031_full_20260729_174215/seediv_atcnet_seed44_trades_cw.pth
seediv,atcnet,44,fbf,autoattack,full_test,raw,clean,0.5590969455511288,ad_data/exp031/exp031_full_20260729_174215/seediv_atcnet_seed44_fbf_autoattack.pth
seediv,atcnet,44,fbf,autoattack,full_test,raw,robust,0.046215139442231074,ad_data/exp031/exp031_full_20260729_174215/seediv_atcnet_seed44_fbf_autoattack.pth
seediv,atcnet,44,fbf,fgsm,full_test,raw,clean,0.5590969455511288,ad_data/exp031/exp031_full_20260729_174215/seediv_atcnet_seed44_fbf_fgsm.pth
seediv,atcnet,44,fbf,fgsm,full_test,raw,robust,0.07383798140770252,ad_data/exp031/exp031_full_20260729_174215/seediv_atcnet_seed44_fbf_fgsm.pth
seediv,atcnet,44,fbf,pgd,full_test,raw,clean,0.5590969455511288,ad_data/exp031/exp031_full_20260729_174215/seediv_atcnet_seed44_fbf_pgd.pth
seediv,atcnet,44,fbf,pgd,full_test,raw,robust,0.05126162018592297,ad_data/exp031/exp031_full_20260729_174215/seediv_atcnet_seed44_fbf_pgd.pth
seediv,atcnet,44,fbf,cw,full_test,raw,clean,0.5590969455511288,ad_data/exp031/exp031_full_20260729_174215/seediv_atcnet_seed44_fbf_cw.pth
seediv,atcnet,44,fbf,cw,full_test,raw,robust,0.0002656042496679947,ad_data/exp031/exp031_full_20260729_174215/seediv_atcnet_seed44_fbf_cw.pth
seediv,atcnet,44,ea_forward,autoattack,full_test,raw,clean,0.2868525896414343,ad_data/exp031/exp031_full_20260729_174215/seediv_atcnet_seed44_ea_forward_autoattack.pth
seediv,atcnet,44,ea_forward,autoattack,full_test,raw,robust,0.18353253652058432,ad_data/exp031/exp031_full_20260729_174215/seediv_atcnet_seed44_ea_forward_autoattack.pth
seediv,atcnet,44,ea_forward,fgsm,full_test,raw,clean,0.2889774236387782,ad_data/exp031/exp031_full_20260729_174215/seediv_atcnet_seed44_ea_forward_fgsm.pth
seediv,atcnet,44,ea_forward,fgsm,full_test,raw,robust,0.17928286852589642,ad_data/exp031/exp031_full_20260729_174215/seediv_atcnet_seed44_ea_forward_fgsm.pth
seediv,atcnet,44,ea_forward,pgd,full_test,raw,clean,0.2889774236387782,ad_data/exp031/exp031_full_20260729_174215/seediv_atcnet_seed44_ea_forward_pgd.pth
seediv,atcnet,44,ea_forward,pgd,full_test,raw,robust,0.1397078353253652,ad_data/exp031/exp031_full_20260729_174215/seediv_atcnet_seed44_ea_forward_pgd.pth
seediv,atcnet,44,ea_forward,cw,full_test,raw,clean,0.2889774236387782,ad_data/exp031/exp031_full_20260729_174215/seediv_atcnet_seed44_ea_forward_cw.pth
seediv,atcnet,44,ea_forward,cw,full_test,raw,robust,0.046215139442231074,ad_data/exp031/exp031_full_20260729_174215/seediv_atcnet_seed44_ea_forward_cw.pth
seediv,atcnet,44,rpcf_at,autoattack,full_test,raw,clean,0.4448871181938911,ad_data/exp031/exp031_full_20260729_174215/seediv_atcnet_seed44_rpcf_at_autoattack.pth
seediv,atcnet,44,rpcf_at,autoattack,full_test,raw,robust,0.2589641434262948,ad_data/exp031/exp031_full_20260729_174215/seediv_atcnet_seed44_rpcf_at_autoattack.pth
seediv,atcnet,44,rpcf_at,fgsm,full_test,raw,clean,0.4448871181938911,ad_data/exp031/exp031_full_20260729_174215/seediv_atcnet_seed44_rpcf_at_fgsm.pth
seediv,atcnet,44,rpcf_at,fgsm,full_test,raw,robust,0.28950863213811423,ad_data/exp031/exp031_full_20260729_174215/seediv_atcnet_seed44_rpcf_at_fgsm.pth
seediv,atcnet,44,rpcf_at,pgd,full_test,raw,clean,0.4448871181938911,ad_data/exp031/exp031_full_20260729_174215/seediv_atcnet_seed44_rpcf_at_pgd.pth
seediv,atcnet,44,rpcf_at,pgd,full_test,raw,robust,0.2879150066401062,ad_data/exp031/exp031_full_20260729_174215/seediv_atcnet_seed44_rpcf_at_pgd.pth
seediv,atcnet,44,rpcf_at,cw,full_test,raw,clean,0.4448871181938911,ad_data/exp031/exp031_full_20260729_174215/seediv_atcnet_seed44_rpcf_at_cw.pth
seediv,atcnet,44,rpcf_at,cw,full_test,raw,robust,0.0058432934926958835,ad_data/exp031/exp031_full_20260729_174215/seediv_atcnet_seed44_rpcf_at_cw.pth
seediv,atcnet,45,madry,autoattack,full_test,raw,clean,0.44223107569721115,ad_data/exp031/exp031_full_20260729_174215/seediv_atcnet_seed45_madry_autoattack.pth
seediv,atcnet,45,madry,autoattack,full_test,raw,robust,0.27729083665338644,ad_data/exp031/exp031_full_20260729_174215/seediv_atcnet_seed45_madry_autoattack.pth
seediv,atcnet,45,madry,fgsm,full_test,raw,clean,0.44223107569721115,ad_data/exp031/exp031_full_20260729_174215/seediv_atcnet_seed45_madry_fgsm.pth
seediv,atcnet,45,madry,fgsm,full_test,raw,robust,0.3046480743691899,ad_data/exp031/exp031_full_20260729_174215/seediv_atcnet_seed45_madry_fgsm.pth
seediv,atcnet,45,madry,pgd,full_test,raw,clean,0.44223107569721115,ad_data/exp031/exp031_full_20260729_174215/seediv_atcnet_seed45_madry_pgd.pth
seediv,atcnet,45,madry,pgd,full_test,raw,robust,0.30092961487383796,ad_data/exp031/exp031_full_20260729_174215/seediv_atcnet_seed45_madry_pgd.pth
seediv,atcnet,45,madry,cw,full_test,raw,clean,0.44223107569721115,ad_data/exp031/exp031_full_20260729_174215/seediv_atcnet_seed45_madry_cw.pth
seediv,atcnet,45,madry,cw,full_test,raw,robust,0.0002656042496679947,ad_data/exp031/exp031_full_20260729_174215/seediv_atcnet_seed45_madry_cw.pth
seediv,atcnet,45,trades,autoattack,full_test,raw,clean,0.6143426294820717,ad_data/exp031/exp031_full_20260729_174215/seediv_atcnet_seed45_trades_autoattack.pth
seediv,atcnet,45,trades,autoattack,full_test,raw,robust,0.020185922974767595,ad_data/exp031/exp031_full_20260729_174215/seediv_atcnet_seed45_trades_autoattack.pth
seediv,atcnet,45,trades,fgsm,full_test,raw,clean,0.6143426294820717,ad_data/exp031/exp031_full_20260729_174215/seediv_atcnet_seed45_trades_fgsm.pth
seediv,atcnet,45,trades,fgsm,full_test,raw,robust,0.03745019920318725,ad_data/exp031/exp031_full_20260729_174215/seediv_atcnet_seed45_trades_fgsm.pth
seediv,atcnet,45,trades,pgd,full_test,raw,clean,0.6143426294820717,ad_data/exp031/exp031_full_20260729_174215/seediv_atcnet_seed45_trades_pgd.pth
seediv,atcnet,45,trades,pgd,full_test,raw,robust,0.020185922974767595,ad_data/exp031/exp031_full_20260729_174215/seediv_atcnet_seed45_trades_pgd.pth
seediv,atcnet,45,trades,cw,full_test,raw,clean,0.6143426294820717,ad_data/exp031/exp031_full_20260729_174215/seediv_atcnet_seed45_trades_cw.pth
seediv,atcnet,45,trades,cw,full_test,raw,robust,0.0002656042496679947,ad_data/exp031/exp031_full_20260729_174215/seediv_atcnet_seed45_trades_cw.pth
seediv,atcnet,45,fbf,autoattack,full_test,raw,clean,0.5758300132802124,ad_data/exp031/exp031_full_20260729_174215/seediv_atcnet_seed45_fbf_autoattack.pth
seediv,atcnet,45,fbf,autoattack,full_test,raw,robust,0.055245683930942896,ad_data/exp031/exp031_full_20260729_174215/seediv_atcnet_seed45_fbf_autoattack.pth
seediv,atcnet,45,fbf,fgsm,full_test,raw,clean,0.5758300132802124,ad_data/exp031/exp031_full_20260729_174215/seediv_atcnet_seed45_fbf_fgsm.pth
seediv,atcnet,45,fbf,fgsm,full_test,raw,robust,0.08685258964143426,ad_data/exp031/exp031_full_20260729_174215/seediv_atcnet_seed45_fbf_fgsm.pth
seediv,atcnet,45,fbf,pgd,full_test,raw,clean,0.5758300132802124,ad_data/exp031/exp031_full_20260729_174215/seediv_atcnet_seed45_fbf_pgd.pth
seediv,atcnet,45,fbf,pgd,full_test,raw,robust,0.06108897742363878,ad_data/exp031/exp031_full_20260729_174215/seediv_atcnet_seed45_fbf_pgd.pth
seediv,atcnet,45,fbf,cw,full_test,raw,clean,0.5758300132802124,ad_data/exp031/exp031_full_20260729_174215/seediv_atcnet_seed45_fbf_cw.pth
seediv,atcnet,45,fbf,cw,full_test,raw,robust,0.0,ad_data/exp031/exp031_full_20260729_174215/seediv_atcnet_seed45_fbf_cw.pth
seediv,atcnet,45,ea_forward,autoattack,full_test,raw,clean,0.3553784860557769,ad_data/exp031/exp031_full_20260729_174215/seediv_atcnet_seed45_ea_forward_autoattack.pth
seediv,atcnet,45,ea_forward,autoattack,full_test,raw,robust,0.2950863213811421,ad_data/exp031/exp031_full_20260729_174215/seediv_atcnet_seed45_ea_forward_autoattack.pth
seediv,atcnet,45,ea_forward,fgsm,full_test,raw,clean,0.349003984063745,ad_data/exp031/exp031_full_20260729_174215/seediv_atcnet_seed45_ea_forward_fgsm.pth
seediv,atcnet,45,ea_forward,fgsm,full_test,raw,robust,0.2249667994687915,ad_data/exp031/exp031_full_20260729_174215/seediv_atcnet_seed45_ea_forward_fgsm.pth
seediv,atcnet,45,ea_forward,pgd,full_test,raw,clean,0.349003984063745,ad_data/exp031/exp031_full_20260729_174215/seediv_atcnet_seed45_ea_forward_pgd.pth
seediv,atcnet,45,ea_forward,pgd,full_test,raw,robust,0.1946879150066401,ad_data/exp031/exp031_full_20260729_174215/seediv_atcnet_seed45_ea_forward_pgd.pth
seediv,atcnet,45,ea_forward,cw,full_test,raw,clean,0.349003984063745,ad_data/exp031/exp031_full_20260729_174215/seediv_atcnet_seed45_ea_forward_cw.pth
seediv,atcnet,45,ea_forward,cw,full_test,raw,robust,0.041168658698539175,ad_data/exp031/exp031_full_20260729_174215/seediv_atcnet_seed45_ea_forward_cw.pth
seediv,atcnet,45,rpcf_at,autoattack,full_test,raw,clean,0.449136786188579,ad_data/exp031/exp031_full_20260729_174215/seediv_atcnet_seed45_rpcf_at_autoattack.pth
seediv,atcnet,45,rpcf_at,autoattack,full_test,raw,robust,0.26799468791500664,ad_data/exp031/exp031_full_20260729_174215/seediv_atcnet_seed45_rpcf_at_autoattack.pth
seediv,atcnet,45,rpcf_at,fgsm,full_test,raw,clean,0.449136786188579,ad_data/exp031/exp031_full_20260729_174215/seediv_atcnet_seed45_rpcf_at_fgsm.pth
seediv,atcnet,45,rpcf_at,fgsm,full_test,raw,robust,0.29694555112881804,ad_data/exp031/exp031_full_20260729_174215/seediv_atcnet_seed45_rpcf_at_fgsm.pth
seediv,atcnet,45,rpcf_at,pgd,full_test,raw,clean,0.449136786188579,ad_data/exp031/exp031_full_20260729_174215/seediv_atcnet_seed45_rpcf_at_pgd.pth
seediv,atcnet,45,rpcf_at,pgd,full_test,raw,robust,0.2929614873837981,ad_data/exp031/exp031_full_20260729_174215/seediv_atcnet_seed45_rpcf_at_pgd.pth
seediv,atcnet,45,rpcf_at,cw,full_test,raw,clean,0.449136786188579,ad_data/exp031/exp031_full_20260729_174215/seediv_atcnet_seed45_rpcf_at_cw.pth
seediv,atcnet,45,rpcf_at,cw,full_test,raw,robust,0.0,ad_data/exp031/exp031_full_20260729_174215/seediv_atcnet_seed45_rpcf_at_cw.pth
seediv,atcnet,46,madry,autoattack,full_test,raw,clean,0.4366533864541833,ad_data/exp031/exp031_full_20260729_174215/seediv_atcnet_seed46_madry_autoattack.pth
seediv,atcnet,46,madry,autoattack,full_test,raw,robust,0.2549800796812749,ad_data/exp031/exp031_full_20260729_174215/seediv_atcnet_seed46_madry_autoattack.pth
seediv,atcnet,46,madry,fgsm,full_test,raw,clean,0.4366533864541833,ad_data/exp031/exp031_full_20260729_174215/seediv_atcnet_seed46_madry_fgsm.pth
seediv,atcnet,46,madry,fgsm,full_test,raw,robust,0.28021248339973437,ad_data/exp031/exp031_full_20260729_174215/seediv_atcnet_seed46_madry_fgsm.pth
seediv,atcnet,46,madry,pgd,full_test,raw,clean,0.4366533864541833,ad_data/exp031/exp031_full_20260729_174215/seediv_atcnet_seed46_madry_pgd.pth
seediv,atcnet,46,madry,pgd,full_test,raw,robust,0.2764940239043825,ad_data/exp031/exp031_full_20260729_174215/seediv_atcnet_seed46_madry_pgd.pth
seediv,atcnet,46,madry,cw,full_test,raw,clean,0.4366533864541833,ad_data/exp031/exp031_full_20260729_174215/seediv_atcnet_seed46_madry_cw.pth
seediv,atcnet,46,madry,cw,full_test,raw,robust,0.0007968127490039841,ad_data/exp031/exp031_full_20260729_174215/seediv_atcnet_seed46_madry_cw.pth
seediv,atcnet,46,trades,autoattack,full_test,raw,clean,0.6249667994687915,ad_data/exp031/exp031_full_20260729_174215/seediv_atcnet_seed46_trades_autoattack.pth
seediv,atcnet,46,trades,autoattack,full_test,raw,robust,0.01752988047808765,ad_data/exp031/exp031_full_20260729_174215/seediv_atcnet_seed46_trades_autoattack.pth
seediv,atcnet,46,trades,fgsm,full_test,raw,clean,0.6249667994687915,ad_data/exp031/exp031_full_20260729_174215/seediv_atcnet_seed46_trades_fgsm.pth
seediv,atcnet,46,trades,fgsm,full_test,raw,robust,0.03399734395750332,ad_data/exp031/exp031_full_20260729_174215/seediv_atcnet_seed46_trades_fgsm.pth
seediv,atcnet,46,trades,pgd,full_test,raw,clean,0.6249667994687915,ad_data/exp031/exp031_full_20260729_174215/seediv_atcnet_seed46_trades_pgd.pth
seediv,atcnet,46,trades,pgd,full_test,raw,robust,0.019389110225763614,ad_data/exp031/exp031_full_20260729_174215/seediv_atcnet_seed46_trades_pgd.pth
seediv,atcnet,46,trades,cw,full_test,raw,clean,0.6249667994687915,ad_data/exp031/exp031_full_20260729_174215/seediv_atcnet_seed46_trades_cw.pth
seediv,atcnet,46,trades,cw,full_test,raw,robust,0.0007968127490039841,ad_data/exp031/exp031_full_20260729_174215/seediv_atcnet_seed46_trades_cw.pth
seediv,atcnet,46,fbf,autoattack,full_test,raw,clean,0.5397078353253653,ad_data/exp031/exp031_full_20260729_174215/seediv_atcnet_seed46_fbf_autoattack.pth
seediv,atcnet,46,fbf,autoattack,full_test,raw,robust,0.054183266932270914,ad_data/exp031/exp031_full_20260729_174215/seediv_atcnet_seed46_fbf_autoattack.pth
seediv,atcnet,46,fbf,fgsm,full_test,raw,clean,0.5397078353253653,ad_data/exp031/exp031_full_20260729_174215/seediv_atcnet_seed46_fbf_fgsm.pth
seediv,atcnet,46,fbf,fgsm,full_test,raw,robust,0.07941567065073041,ad_data/exp031/exp031_full_20260729_174215/seediv_atcnet_seed46_fbf_fgsm.pth
seediv,atcnet,46,fbf,pgd,full_test,raw,clean,0.5397078353253653,ad_data/exp031/exp031_full_20260729_174215/seediv_atcnet_seed46_fbf_pgd.pth
seediv,atcnet,46,fbf,pgd,full_test,raw,robust,0.06162018592297477,ad_data/exp031/exp031_full_20260729_174215/seediv_atcnet_seed46_fbf_pgd.pth
seediv,atcnet,46,fbf,cw,full_test,raw,clean,0.5397078353253653,ad_data/exp031/exp031_full_20260729_174215/seediv_atcnet_seed46_fbf_cw.pth
seediv,atcnet,46,fbf,cw,full_test,raw,robust,0.0,ad_data/exp031/exp031_full_20260729_174215/seediv_atcnet_seed46_fbf_cw.pth
seediv,atcnet,46,ea_forward,autoattack,full_test,raw,clean,0.350863213811421,ad_data/exp031/exp031_full_20260729_174215/seediv_atcnet_seed46_ea_forward_autoattack.pth
seediv,atcnet,46,ea_forward,autoattack,full_test,raw,robust,0.3096945551128818,ad_data/exp031/exp031_full_20260729_174215/seediv_atcnet_seed46_ea_forward_autoattack.pth
seediv,atcnet,46,ea_forward,fgsm,full_test,raw,clean,0.3593625498007968,ad_data/exp031/exp031_full_20260729_174215/seediv_atcnet_seed46_ea_forward_fgsm.pth
seediv,atcnet,46,ea_forward,fgsm,full_test,raw,robust,0.24355909694555114,ad_data/exp031/exp031_full_20260729_174215/seediv_atcnet_seed46_ea_forward_fgsm.pth
seediv,atcnet,46,ea_forward,pgd,full_test,raw,clean,0.3593625498007968,ad_data/exp031/exp031_full_20260729_174215/seediv_atcnet_seed46_ea_forward_pgd.pth
seediv,atcnet,46,ea_forward,pgd,full_test,raw,robust,0.21142098273572377,ad_data/exp031/exp031_full_20260729_174215/seediv_atcnet_seed46_ea_forward_pgd.pth
seediv,atcnet,46,ea_forward,cw,full_test,raw,clean,0.3593625498007968,ad_data/exp031/exp031_full_20260729_174215/seediv_atcnet_seed46_ea_forward_cw.pth
seediv,atcnet,46,ea_forward,cw,full_test,raw,robust,0.07197875166002655,ad_data/exp031/exp031_full_20260729_174215/seediv_atcnet_seed46_ea_forward_cw.pth
seediv,atcnet,46,rpcf_at,autoattack,full_test,raw,clean,0.43824701195219123,ad_data/exp031/exp031_full_20260729_174215/seediv_atcnet_seed46_rpcf_at_autoattack.pth
seediv,atcnet,46,rpcf_at,autoattack,full_test,raw,robust,0.250730411686587,ad_data/exp031/exp031_full_20260729_174215/seediv_atcnet_seed46_rpcf_at_autoattack.pth
seediv,atcnet,46,rpcf_at,fgsm,full_test,raw,clean,0.43824701195219123,ad_data/exp031/exp031_full_20260729_174215/seediv_atcnet_seed46_rpcf_at_fgsm.pth
seediv,atcnet,46,rpcf_at,fgsm,full_test,raw,robust,0.2756972111553785,ad_data/exp031/exp031_full_20260729_174215/seediv_atcnet_seed46_rpcf_at_fgsm.pth
seediv,atcnet,46,rpcf_at,pgd,full_test,raw,clean,0.43824701195219123,ad_data/exp031/exp031_full_20260729_174215/seediv_atcnet_seed46_rpcf_at_pgd.pth
seediv,atcnet,46,rpcf_at,pgd,full_test,raw,robust,0.2733067729083665,ad_data/exp031/exp031_full_20260729_174215/seediv_atcnet_seed46_rpcf_at_pgd.pth
seediv,atcnet,46,rpcf_at,cw,full_test,raw,clean,0.43824701195219123,ad_data/exp031/exp031_full_20260729_174215/seediv_atcnet_seed46_rpcf_at_cw.pth
seediv,atcnet,46,rpcf_at,cw,full_test,raw,robust,0.0007968127490039841,ad_data/exp031/exp031_full_20260729_174215/seediv_atcnet_seed46_rpcf_at_cw.pth
seediv,conformer,42,madry,autoattack,full_test,raw,clean,0.6313413014608233,ad_data/exp031/exp031_full_20260729_174215/seediv_conformer_seed42_madry_autoattack.pth
seediv,conformer,42,madry,autoattack,full_test,raw,robust,0.32350597609561754,ad_data/exp031/exp031_full_20260729_174215/seediv_conformer_seed42_madry_autoattack.pth
seediv,conformer,42,madry,fgsm,full_test,raw,clean,0.6313413014608233,ad_data/exp031/exp031_full_20260729_174215/seediv_conformer_seed42_madry_fgsm.pth
seediv,conformer,42,madry,fgsm,full_test,raw,robust,0.39575033200531207,ad_data/exp031/exp031_full_20260729_174215/seediv_conformer_seed42_madry_fgsm.pth
seediv,conformer,42,madry,pgd,full_test,raw,clean,0.6313413014608233,ad_data/exp031/exp031_full_20260729_174215/seediv_conformer_seed42_madry_pgd.pth
seediv,conformer,42,madry,pgd,full_test,raw,robust,0.35776892430278884,ad_data/exp031/exp031_full_20260729_174215/seediv_conformer_seed42_madry_pgd.pth
seediv,conformer,42,madry,cw,full_test,raw,clean,0.6313413014608233,ad_data/exp031/exp031_full_20260729_174215/seediv_conformer_seed42_madry_cw.pth
seediv,conformer,42,madry,cw,full_test,raw,robust,0.021779548472775564,ad_data/exp031/exp031_full_20260729_174215/seediv_conformer_seed42_madry_cw.pth
seediv,conformer,42,trades,autoattack,full_test,raw,clean,0.6934926958831341,ad_data/exp031/exp031_full_20260729_174215/seediv_conformer_seed42_trades_autoattack.pth
seediv,conformer,42,trades,autoattack,full_test,raw,robust,0.0007968127490039841,ad_data/exp031/exp031_full_20260729_174215/seediv_conformer_seed42_trades_autoattack.pth
seediv,conformer,42,trades,fgsm,full_test,raw,clean,0.6934926958831341,ad_data/exp031/exp031_full_20260729_174215/seediv_conformer_seed42_trades_fgsm.pth
seediv,conformer,42,trades,fgsm,full_test,raw,robust,0.4108897742363878,ad_data/exp031/exp031_full_20260729_174215/seediv_conformer_seed42_trades_fgsm.pth
seediv,conformer,42,trades,pgd,full_test,raw,clean,0.6934926958831341,ad_data/exp031/exp031_full_20260729_174215/seediv_conformer_seed42_trades_pgd.pth
seediv,conformer,42,trades,pgd,full_test,raw,robust,0.2600265604249668,ad_data/exp031/exp031_full_20260729_174215/seediv_conformer_seed42_trades_pgd.pth
seediv,conformer,42,trades,cw,full_test,raw,clean,0.6934926958831341,ad_data/exp031/exp031_full_20260729_174215/seediv_conformer_seed42_trades_cw.pth
seediv,conformer,42,trades,cw,full_test,raw,robust,0.17211155378486057,ad_data/exp031/exp031_full_20260729_174215/seediv_conformer_seed42_trades_cw.pth
seediv,conformer,42,fbf,autoattack,full_test,raw,clean,0.6345285524568393,ad_data/exp031/exp031_full_20260729_174215/seediv_conformer_seed42_fbf_autoattack.pth
seediv,conformer,42,fbf,autoattack,full_test,raw,robust,0.054183266932270914,ad_data/exp031/exp031_full_20260729_174215/seediv_conformer_seed42_fbf_autoattack.pth
seediv,conformer,42,fbf,fgsm,full_test,raw,clean,0.6345285524568393,ad_data/exp031/exp031_full_20260729_174215/seediv_conformer_seed42_fbf_fgsm.pth
seediv,conformer,42,fbf,fgsm,full_test,raw,robust,0.12111553784860558,ad_data/exp031/exp031_full_20260729_174215/seediv_conformer_seed42_fbf_fgsm.pth
seediv,conformer,42,fbf,pgd,full_test,raw,clean,0.6345285524568393,ad_data/exp031/exp031_full_20260729_174215/seediv_conformer_seed42_fbf_pgd.pth
seediv,conformer,42,fbf,pgd,full_test,raw,robust,0.0650730411686587,ad_data/exp031/exp031_full_20260729_174215/seediv_conformer_seed42_fbf_pgd.pth
seediv,conformer,42,fbf,cw,full_test,raw,clean,0.6345285524568393,ad_data/exp031/exp031_full_20260729_174215/seediv_conformer_seed42_fbf_cw.pth
seediv,conformer,42,fbf,cw,full_test,raw,robust,0.0249667994687915,ad_data/exp031/exp031_full_20260729_174215/seediv_conformer_seed42_fbf_cw.pth
seediv,conformer,42,ea_forward,autoattack,full_test,raw,clean,0.3705179282868526,ad_data/exp031/exp031_full_20260729_174215/seediv_conformer_seed42_ea_forward_autoattack.pth
seediv,conformer,42,ea_forward,autoattack,full_test,raw,robust,0.2818061088977424,ad_data/exp031/exp031_full_20260729_174215/seediv_conformer_seed42_ea_forward_autoattack.pth
seediv,conformer,42,ea_forward,fgsm,full_test,raw,clean,0.37397078353253654,ad_data/exp031/exp031_full_20260729_174215/seediv_conformer_seed42_ea_forward_fgsm.pth
seediv,conformer,42,ea_forward,fgsm,full_test,raw,robust,0.20849933598937584,ad_data/exp031/exp031_full_20260729_174215/seediv_conformer_seed42_ea_forward_fgsm.pth
seediv,conformer,42,ea_forward,pgd,full_test,raw,clean,0.37397078353253654,ad_data/exp031/exp031_full_20260729_174215/seediv_conformer_seed42_ea_forward_pgd.pth
seediv,conformer,42,ea_forward,pgd,full_test,raw,robust,0.16759628154050465,ad_data/exp031/exp031_full_20260729_174215/seediv_conformer_seed42_ea_forward_pgd.pth
seediv,conformer,42,ea_forward,cw,full_test,raw,clean,0.37397078353253654,ad_data/exp031/exp031_full_20260729_174215/seediv_conformer_seed42_ea_forward_cw.pth
seediv,conformer,42,ea_forward,cw,full_test,raw,robust,0.2353253652058433,ad_data/exp031/exp031_full_20260729_174215/seediv_conformer_seed42_ea_forward_cw.pth
seediv,conformer,42,rpcf_at,autoattack,full_test,raw,clean,0.6207171314741036,ad_data/exp031/exp031_full_20260729_174215/seediv_conformer_seed42_rpcf_at_autoattack.pth
seediv,conformer,42,rpcf_at,autoattack,full_test,raw,robust,0.29774236387782205,ad_data/exp031/exp031_full_20260729_174215/seediv_conformer_seed42_rpcf_at_autoattack.pth
seediv,conformer,42,rpcf_at,fgsm,full_test,raw,clean,0.6207171314741036,ad_data/exp031/exp031_full_20260729_174215/seediv_conformer_seed42_rpcf_at_fgsm.pth
seediv,conformer,42,rpcf_at,fgsm,full_test,raw,robust,0.36679946879150066,ad_data/exp031/exp031_full_20260729_174215/seediv_conformer_seed42_rpcf_at_fgsm.pth
seediv,conformer,42,rpcf_at,pgd,full_test,raw,clean,0.6207171314741036,ad_data/exp031/exp031_full_20260729_174215/seediv_conformer_seed42_rpcf_at_pgd.pth
seediv,conformer,42,rpcf_at,pgd,full_test,raw,robust,0.32324037184594956,ad_data/exp031/exp031_full_20260729_174215/seediv_conformer_seed42_rpcf_at_pgd.pth
seediv,conformer,42,rpcf_at,cw,full_test,raw,clean,0.6207171314741036,ad_data/exp031/exp031_full_20260729_174215/seediv_conformer_seed42_rpcf_at_cw.pth
seediv,conformer,42,rpcf_at,cw,full_test,raw,robust,0.014608233731739707,ad_data/exp031/exp031_full_20260729_174215/seediv_conformer_seed42_rpcf_at_cw.pth
seediv,conformer,43,madry,autoattack,full_test,raw,clean,0.600265604249668,ad_data/exp031/exp031_full_20260729_174215/seediv_conformer_seed43_madry_autoattack.pth
seediv,conformer,43,madry,autoattack,full_test,raw,robust,0.32350597609561754,ad_data/exp031/exp031_full_20260729_174215/seediv_conformer_seed43_madry_autoattack.pth
seediv,conformer,43,madry,fgsm,full_test,raw,clean,0.600265604249668,ad_data/exp031/exp031_full_20260729_174215/seediv_conformer_seed43_madry_fgsm.pth
seediv,conformer,43,madry,fgsm,full_test,raw,robust,0.3904382470119522,ad_data/exp031/exp031_full_20260729_174215/seediv_conformer_seed43_madry_fgsm.pth
seediv,conformer,43,madry,pgd,full_test,raw,clean,0.600265604249668,ad_data/exp031/exp031_full_20260729_174215/seediv_conformer_seed43_madry_pgd.pth
seediv,conformer,43,madry,pgd,full_test,raw,robust,0.3548472775564409,ad_data/exp031/exp031_full_20260729_174215/seediv_conformer_seed43_madry_pgd.pth
seediv,conformer,43,madry,cw,full_test,raw,clean,0.600265604249668,ad_data/exp031/exp031_full_20260729_174215/seediv_conformer_seed43_madry_cw.pth
seediv,conformer,43,madry,cw,full_test,raw,robust,0.4305444887118194,ad_data/exp031/exp031_full_20260729_174215/seediv_conformer_seed43_madry_cw.pth
seediv,conformer,43,trades,autoattack,full_test,raw,clean,0.7073041168658698,ad_data/exp031/exp031_full_20260729_174215/seediv_conformer_seed43_trades_autoattack.pth
seediv,conformer,43,trades,autoattack,full_test,raw,robust,0.0002656042496679947,ad_data/exp031/exp031_full_20260729_174215/seediv_conformer_seed43_trades_autoattack.pth
seediv,conformer,43,trades,fgsm,full_test,raw,clean,0.7073041168658698,ad_data/exp031/exp031_full_20260729_174215/seediv_conformer_seed43_trades_fgsm.pth
seediv,conformer,43,trades,fgsm,full_test,raw,robust,0.40265604249667997,ad_data/exp031/exp031_full_20260729_174215/seediv_conformer_seed43_trades_fgsm.pth
seediv,conformer,43,trades,pgd,full_test,raw,clean,0.7073041168658698,ad_data/exp031/exp031_full_20260729_174215/seediv_conformer_seed43_trades_pgd.pth
seediv,conformer,43,trades,pgd,full_test,raw,robust,0.24355909694555114,ad_data/exp031/exp031_full_20260729_174215/seediv_conformer_seed43_trades_pgd.pth
seediv,conformer,43,trades,cw,full_test,raw,clean,0.7073041168658698,ad_data/exp031/exp031_full_20260729_174215/seediv_conformer_seed43_trades_cw.pth
seediv,conformer,43,trades,cw,full_test,raw,robust,0.16148738379814076,ad_data/exp031/exp031_full_20260729_174215/seediv_conformer_seed43_trades_cw.pth
seediv,conformer,43,fbf,autoattack,full_test,raw,clean,0.6719787516600265,ad_data/exp031/exp031_full_20260729_174215/seediv_conformer_seed43_fbf_autoattack.pth
seediv,conformer,43,fbf,autoattack,full_test,raw,robust,0.0300132802124834,ad_data/exp031/exp031_full_20260729_174215/seediv_conformer_seed43_fbf_autoattack.pth
seediv,conformer,43,fbf,fgsm,full_test,raw,clean,0.6719787516600265,ad_data/exp031/exp031_full_20260729_174215/seediv_conformer_seed43_fbf_fgsm.pth
seediv,conformer,43,fbf,fgsm,full_test,raw,robust,0.12855245683930944,ad_data/exp031/exp031_full_20260729_174215/seediv_conformer_seed43_fbf_fgsm.pth
seediv,conformer,43,fbf,pgd,full_test,raw,clean,0.6719787516600265,ad_data/exp031/exp031_full_20260729_174215/seediv_conformer_seed43_fbf_pgd.pth
seediv,conformer,43,fbf,pgd,full_test,raw,robust,0.04143426294820717,ad_data/exp031/exp031_full_20260729_174215/seediv_conformer_seed43_fbf_pgd.pth
seediv,conformer,43,fbf,cw,full_test,raw,clean,0.6719787516600265,ad_data/exp031/exp031_full_20260729_174215/seediv_conformer_seed43_fbf_cw.pth
seediv,conformer,43,fbf,cw,full_test,raw,robust,0.1750332005312085,ad_data/exp031/exp031_full_20260729_174215/seediv_conformer_seed43_fbf_cw.pth
seediv,conformer,43,ea_forward,autoattack,full_test,raw,clean,0.33306772908366533,ad_data/exp031/exp031_full_20260729_174215/seediv_conformer_seed43_ea_forward_autoattack.pth
seediv,conformer,43,ea_forward,autoattack,full_test,raw,robust,0.28738379814077025,ad_data/exp031/exp031_full_20260729_174215/seediv_conformer_seed43_ea_forward_autoattack.pth
seediv,conformer,43,ea_forward,fgsm,full_test,raw,clean,0.3569721115537849,ad_data/exp031/exp031_full_20260729_174215/seediv_conformer_seed43_ea_forward_fgsm.pth
seediv,conformer,43,ea_forward,fgsm,full_test,raw,robust,0.24674634794156705,ad_data/exp031/exp031_full_20260729_174215/seediv_conformer_seed43_ea_forward_fgsm.pth
seediv,conformer,43,ea_forward,pgd,full_test,raw,clean,0.3569721115537849,ad_data/exp031/exp031_full_20260729_174215/seediv_conformer_seed43_ea_forward_pgd.pth
seediv,conformer,43,ea_forward,pgd,full_test,raw,robust,0.2050464807436919,ad_data/exp031/exp031_full_20260729_174215/seediv_conformer_seed43_ea_forward_pgd.pth
seediv,conformer,43,ea_forward,cw,full_test,raw,clean,0.3569721115537849,ad_data/exp031/exp031_full_20260729_174215/seediv_conformer_seed43_ea_forward_cw.pth
seediv,conformer,43,ea_forward,cw,full_test,raw,robust,0.12563081009296148,ad_data/exp031/exp031_full_20260729_174215/seediv_conformer_seed43_ea_forward_cw.pth
seediv,conformer,43,rpcf_at,autoattack,full_test,raw,clean,0.5800796812749004,ad_data/exp031/exp031_full_20260729_174215/seediv_conformer_seed43_rpcf_at_autoattack.pth
seediv,conformer,43,rpcf_at,autoattack,full_test,raw,robust,0.2632138114209827,ad_data/exp031/exp031_full_20260729_174215/seediv_conformer_seed43_rpcf_at_autoattack.pth
seediv,conformer,43,rpcf_at,fgsm,full_test,raw,clean,0.5800796812749004,ad_data/exp031/exp031_full_20260729_174215/seediv_conformer_seed43_rpcf_at_fgsm.pth
seediv,conformer,43,rpcf_at,fgsm,full_test,raw,robust,0.3280212483399734,ad_data/exp031/exp031_full_20260729_174215/seediv_conformer_seed43_rpcf_at_fgsm.pth
seediv,conformer,43,rpcf_at,pgd,full_test,raw,clean,0.5800796812749004,ad_data/exp031/exp031_full_20260729_174215/seediv_conformer_seed43_rpcf_at_pgd.pth
seediv,conformer,43,rpcf_at,pgd,full_test,raw,robust,0.2849933598937583,ad_data/exp031/exp031_full_20260729_174215/seediv_conformer_seed43_rpcf_at_pgd.pth
seediv,conformer,43,rpcf_at,cw,full_test,raw,clean,0.5800796812749004,ad_data/exp031/exp031_full_20260729_174215/seediv_conformer_seed43_rpcf_at_cw.pth
seediv,conformer,43,rpcf_at,cw,full_test,raw,robust,0.37290836653386455,ad_data/exp031/exp031_full_20260729_174215/seediv_conformer_seed43_rpcf_at_cw.pth
seediv,conformer,44,madry,autoattack,full_test,raw,clean,0.5771580345285524,ad_data/exp031/exp031_full_20260729_174215/seediv_conformer_seed44_madry_autoattack.pth
seediv,conformer,44,madry,autoattack,full_test,raw,robust,0.298273572377158,ad_data/exp031/exp031_full_20260729_174215/seediv_conformer_seed44_madry_autoattack.pth
seediv,conformer,44,madry,fgsm,full_test,raw,clean,0.5771580345285524,ad_data/exp031/exp031_full_20260729_174215/seediv_conformer_seed44_madry_fgsm.pth
seediv,conformer,44,madry,fgsm,full_test,raw,robust,0.3707835325365206,ad_data/exp031/exp031_full_20260729_174215/seediv_conformer_seed44_madry_fgsm.pth
seediv,conformer,44,madry,pgd,full_test,raw,clean,0.5771580345285524,ad_data/exp031/exp031_full_20260729_174215/seediv_conformer_seed44_madry_pgd.pth
seediv,conformer,44,madry,pgd,full_test,raw,robust,0.3386454183266932,ad_data/exp031/exp031_full_20260729_174215/seediv_conformer_seed44_madry_pgd.pth
seediv,conformer,44,madry,cw,full_test,raw,clean,0.5771580345285524,ad_data/exp031/exp031_full_20260729_174215/seediv_conformer_seed44_madry_cw.pth
seediv,conformer,44,madry,cw,full_test,raw,robust,0.3737051792828685,ad_data/exp031/exp031_full_20260729_174215/seediv_conformer_seed44_madry_cw.pth
seediv,conformer,44,trades,autoattack,full_test,raw,clean,0.6778220451527225,ad_data/exp031/exp031_full_20260729_174215/seediv_conformer_seed44_trades_autoattack.pth
seediv,conformer,44,trades,autoattack,full_test,raw,robust,0.0010624169986719787,ad_data/exp031/exp031_full_20260729_174215/seediv_conformer_seed44_trades_autoattack.pth
seediv,conformer,44,trades,fgsm,full_test,raw,clean,0.6778220451527225,ad_data/exp031/exp031_full_20260729_174215/seediv_conformer_seed44_trades_fgsm.pth
seediv,conformer,44,trades,fgsm,full_test,raw,robust,0.35723771580345287,ad_data/exp031/exp031_full_20260729_174215/seediv_conformer_seed44_trades_fgsm.pth
seediv,conformer,44,trades,pgd,full_test,raw,clean,0.6778220451527225,ad_data/exp031/exp031_full_20260729_174215/seediv_conformer_seed44_trades_pgd.pth
seediv,conformer,44,trades,pgd,full_test,raw,robust,0.17768924302788844,ad_data/exp031/exp031_full_20260729_174215/seediv_conformer_seed44_trades_pgd.pth
seediv,conformer,44,trades,cw,full_test,raw,clean,0.6778220451527225,ad_data/exp031/exp031_full_20260729_174215/seediv_conformer_seed44_trades_cw.pth
seediv,conformer,44,trades,cw,full_test,raw,robust,0.150066401062417,ad_data/exp031/exp031_full_20260729_174215/seediv_conformer_seed44_trades_cw.pth
seediv,conformer,44,fbf,autoattack,full_test,raw,clean,0.6584329349269589,ad_data/exp031/exp031_full_20260729_174215/seediv_conformer_seed44_fbf_autoattack.pth
seediv,conformer,44,fbf,autoattack,full_test,raw,robust,0.03187250996015936,ad_data/exp031/exp031_full_20260729_174215/seediv_conformer_seed44_fbf_autoattack.pth
seediv,conformer,44,fbf,fgsm,full_test,raw,clean,0.6584329349269589,ad_data/exp031/exp031_full_20260729_174215/seediv_conformer_seed44_fbf_fgsm.pth
seediv,conformer,44,fbf,fgsm,full_test,raw,robust,0.11394422310756971,ad_data/exp031/exp031_full_20260729_174215/seediv_conformer_seed44_fbf_fgsm.pth
seediv,conformer,44,fbf,pgd,full_test,raw,clean,0.6584329349269589,ad_data/exp031/exp031_full_20260729_174215/seediv_conformer_seed44_fbf_pgd.pth
seediv,conformer,44,fbf,pgd,full_test,raw,robust,0.04169986719787517,ad_data/exp031/exp031_full_20260729_174215/seediv_conformer_seed44_fbf_pgd.pth
seediv,conformer,44,fbf,cw,full_test,raw,clean,0.6584329349269589,ad_data/exp031/exp031_full_20260729_174215/seediv_conformer_seed44_fbf_cw.pth
seediv,conformer,44,fbf,cw,full_test,raw,robust,0.062151394422310755,ad_data/exp031/exp031_full_20260729_174215/seediv_conformer_seed44_fbf_cw.pth
seediv,conformer,44,ea_forward,autoattack,full_test,raw,clean,0.3075697211155379,ad_data/exp031/exp031_full_20260729_174215/seediv_conformer_seed44_ea_forward_autoattack.pth
seediv,conformer,44,ea_forward,autoattack,full_test,raw,robust,0.21168658698539178,ad_data/exp031/exp031_full_20260729_174215/seediv_conformer_seed44_ea_forward_autoattack.pth
seediv,conformer,44,ea_forward,fgsm,full_test,raw,clean,0.3107569721115538,ad_data/exp031/exp031_full_20260729_174215/seediv_conformer_seed44_ea_forward_fgsm.pth
seediv,conformer,44,ea_forward,fgsm,full_test,raw,robust,0.14714475431606905,ad_data/exp031/exp031_full_20260729_174215/seediv_conformer_seed44_ea_forward_fgsm.pth
seediv,conformer,44,ea_forward,pgd,full_test,raw,clean,0.3107569721115538,ad_data/exp031/exp031_full_20260729_174215/seediv_conformer_seed44_ea_forward_pgd.pth
seediv,conformer,44,ea_forward,pgd,full_test,raw,robust,0.1253652058432935,ad_data/exp031/exp031_full_20260729_174215/seediv_conformer_seed44_ea_forward_pgd.pth
seediv,conformer,44,ea_forward,cw,full_test,raw,clean,0.3107569721115538,ad_data/exp031/exp031_full_20260729_174215/seediv_conformer_seed44_ea_forward_cw.pth
seediv,conformer,44,ea_forward,cw,full_test,raw,robust,0.12802124833997344,ad_data/exp031/exp031_full_20260729_174215/seediv_conformer_seed44_ea_forward_cw.pth
seediv,conformer,44,rpcf_at,autoattack,full_test,raw,clean,0.5628154050464808,ad_data/exp031/exp031_full_20260729_174215/seediv_conformer_seed44_rpcf_at_autoattack.pth
seediv,conformer,44,rpcf_at,autoattack,full_test,raw,robust,0.24143426294820716,ad_data/exp031/exp031_full_20260729_174215/seediv_conformer_seed44_rpcf_at_autoattack.pth
seediv,conformer,44,rpcf_at,fgsm,full_test,raw,clean,0.5628154050464808,ad_data/exp031/exp031_full_20260729_174215/seediv_conformer_seed44_rpcf_at_fgsm.pth
seediv,conformer,44,rpcf_at,fgsm,full_test,raw,robust,0.3049136786188579,ad_data/exp031/exp031_full_20260729_174215/seediv_conformer_seed44_rpcf_at_fgsm.pth
seediv,conformer,44,rpcf_at,pgd,full_test,raw,clean,0.5628154050464808,ad_data/exp031/exp031_full_20260729_174215/seediv_conformer_seed44_rpcf_at_pgd.pth
seediv,conformer,44,rpcf_at,pgd,full_test,raw,robust,0.26693227091633465,ad_data/exp031/exp031_full_20260729_174215/seediv_conformer_seed44_rpcf_at_pgd.pth
seediv,conformer,44,rpcf_at,cw,full_test,raw,clean,0.5628154050464808,ad_data/exp031/exp031_full_20260729_174215/seediv_conformer_seed44_rpcf_at_cw.pth
seediv,conformer,44,rpcf_at,cw,full_test,raw,robust,0.3954847277556441,ad_data/exp031/exp031_full_20260729_174215/seediv_conformer_seed44_rpcf_at_cw.pth
seediv,conformer,45,madry,autoattack,full_test,raw,clean,0.6124833997343957,ad_data/exp031/exp031_full_20260729_174215/seediv_conformer_seed45_madry_autoattack.pth
seediv,conformer,45,madry,autoattack,full_test,raw,robust,0.3041168658698539,ad_data/exp031/exp031_full_20260729_174215/seediv_conformer_seed45_madry_autoattack.pth
seediv,conformer,45,madry,fgsm,full_test,raw,clean,0.6124833997343957,ad_data/exp031/exp031_full_20260729_174215/seediv_conformer_seed45_madry_fgsm.pth
seediv,conformer,45,madry,fgsm,full_test,raw,robust,0.3880478087649402,ad_data/exp031/exp031_full_20260729_174215/seediv_conformer_seed45_madry_fgsm.pth
seediv,conformer,45,madry,pgd,full_test,raw,clean,0.6124833997343957,ad_data/exp031/exp031_full_20260729_174215/seediv_conformer_seed45_madry_pgd.pth
seediv,conformer,45,madry,pgd,full_test,raw,robust,0.349535192563081,ad_data/exp031/exp031_full_20260729_174215/seediv_conformer_seed45_madry_pgd.pth
seediv,conformer,45,madry,cw,full_test,raw,clean,0.6124833997343957,ad_data/exp031/exp031_full_20260729_174215/seediv_conformer_seed45_madry_cw.pth
seediv,conformer,45,madry,cw,full_test,raw,robust,0.24169986719787517,ad_data/exp031/exp031_full_20260729_174215/seediv_conformer_seed45_madry_cw.pth
seediv,conformer,45,trades,autoattack,full_test,raw,clean,0.6961487383798141,ad_data/exp031/exp031_full_20260729_174215/seediv_conformer_seed45_trades_autoattack.pth
seediv,conformer,45,trades,autoattack,full_test,raw,robust,0.0002656042496679947,ad_data/exp031/exp031_full_20260729_174215/seediv_conformer_seed45_trades_autoattack.pth
seediv,conformer,45,trades,fgsm,full_test,raw,clean,0.6961487383798141,ad_data/exp031/exp031_full_20260729_174215/seediv_conformer_seed45_trades_fgsm.pth
seediv,conformer,45,trades,fgsm,full_test,raw,robust,0.3043824701195219,ad_data/exp031/exp031_full_20260729_174215/seediv_conformer_seed45_trades_fgsm.pth
seediv,conformer,45,trades,pgd,full_test,raw,clean,0.6961487383798141,ad_data/exp031/exp031_full_20260729_174215/seediv_conformer_seed45_trades_pgd.pth
seediv,conformer,45,trades,pgd,full_test,raw,robust,0.17928286852589642,ad_data/exp031/exp031_full_20260729_174215/seediv_conformer_seed45_trades_pgd.pth
seediv,conformer,45,trades,cw,full_test,raw,clean,0.6961487383798141,ad_data/exp031/exp031_full_20260729_174215/seediv_conformer_seed45_trades_cw.pth
seediv,conformer,45,trades,cw,full_test,raw,robust,0.0897742363877822,ad_data/exp031/exp031_full_20260729_174215/seediv_conformer_seed45_trades_cw.pth
seediv,conformer,45,fbf,autoattack,full_test,raw,clean,0.6735723771580345,ad_data/exp031/exp031_full_20260729_174215/seediv_conformer_seed45_fbf_autoattack.pth
seediv,conformer,45,fbf,autoattack,full_test,raw,robust,0.0451527224435591,ad_data/exp031/exp031_full_20260729_174215/seediv_conformer_seed45_fbf_autoattack.pth
seediv,conformer,45,fbf,fgsm,full_test,raw,clean,0.6735723771580345,ad_data/exp031/exp031_full_20260729_174215/seediv_conformer_seed45_fbf_fgsm.pth
seediv,conformer,45,fbf,fgsm,full_test,raw,robust,0.1341301460823373,ad_data/exp031/exp031_full_20260729_174215/seediv_conformer_seed45_fbf_fgsm.pth
seediv,conformer,45,fbf,pgd,full_test,raw,clean,0.6735723771580345,ad_data/exp031/exp031_full_20260729_174215/seediv_conformer_seed45_fbf_pgd.pth
seediv,conformer,45,fbf,pgd,full_test,raw,robust,0.06268260292164675,ad_data/exp031/exp031_full_20260729_174215/seediv_conformer_seed45_fbf_pgd.pth
seediv,conformer,45,fbf,cw,full_test,raw,clean,0.6735723771580345,ad_data/exp031/exp031_full_20260729_174215/seediv_conformer_seed45_fbf_cw.pth
seediv,conformer,45,fbf,cw,full_test,raw,robust,0.100398406374502,ad_data/exp031/exp031_full_20260729_174215/seediv_conformer_seed45_fbf_cw.pth
seediv,conformer,45,ea_forward,autoattack,full_test,raw,clean,0.37715803452855245,ad_data/exp031/exp031_full_20260729_174215/seediv_conformer_seed45_ea_forward_autoattack.pth
seediv,conformer,45,ea_forward,autoattack,full_test,raw,robust,0.31235059760956174,ad_data/exp031/exp031_full_20260729_174215/seediv_conformer_seed45_ea_forward_autoattack.pth
seediv,conformer,45,ea_forward,fgsm,full_test,raw,clean,0.3944223107569721,ad_data/exp031/exp031_full_20260729_174215/seediv_conformer_seed45_ea_forward_fgsm.pth
seediv,conformer,45,ea_forward,fgsm,full_test,raw,robust,0.23134130146082338,ad_data/exp031/exp031_full_20260729_174215/seediv_conformer_seed45_ea_forward_fgsm.pth
seediv,conformer,45,ea_forward,pgd,full_test,raw,clean,0.3944223107569721,ad_data/exp031/exp031_full_20260729_174215/seediv_conformer_seed45_ea_forward_pgd.pth
seediv,conformer,45,ea_forward,pgd,full_test,raw,robust,0.16706507304116866,ad_data/exp031/exp031_full_20260729_174215/seediv_conformer_seed45_ea_forward_pgd.pth
seediv,conformer,45,ea_forward,cw,full_test,raw,clean,0.3944223107569721,ad_data/exp031/exp031_full_20260729_174215/seediv_conformer_seed45_ea_forward_cw.pth
seediv,conformer,45,ea_forward,cw,full_test,raw,robust,0.2249667994687915,ad_data/exp031/exp031_full_20260729_174215/seediv_conformer_seed45_ea_forward_cw.pth
seediv,conformer,45,rpcf_at,autoattack,full_test,raw,clean,0.5968127490039841,ad_data/exp031/exp031_full_20260729_174215/seediv_conformer_seed45_rpcf_at_autoattack.pth
seediv,conformer,45,rpcf_at,autoattack,full_test,raw,robust,0.2589641434262948,ad_data/exp031/exp031_full_20260729_174215/seediv_conformer_seed45_rpcf_at_autoattack.pth
seediv,conformer,45,rpcf_at,fgsm,full_test,raw,clean,0.5968127490039841,ad_data/exp031/exp031_full_20260729_174215/seediv_conformer_seed45_rpcf_at_fgsm.pth
seediv,conformer,45,rpcf_at,fgsm,full_test,raw,robust,0.33306772908366533,ad_data/exp031/exp031_full_20260729_174215/seediv_conformer_seed45_rpcf_at_fgsm.pth
seediv,conformer,45,rpcf_at,pgd,full_test,raw,clean,0.5968127490039841,ad_data/exp031/exp031_full_20260729_174215/seediv_conformer_seed45_rpcf_at_pgd.pth
seediv,conformer,45,rpcf_at,pgd,full_test,raw,robust,0.2911022576361222,ad_data/exp031/exp031_full_20260729_174215/seediv_conformer_seed45_rpcf_at_pgd.pth
seediv,conformer,45,rpcf_at,cw,full_test,raw,clean,0.5968127490039841,ad_data/exp031/exp031_full_20260729_174215/seediv_conformer_seed45_rpcf_at_cw.pth
seediv,conformer,45,rpcf_at,cw,full_test,raw,robust,0.22895086321381142,ad_data/exp031/exp031_full_20260729_174215/seediv_conformer_seed45_rpcf_at_cw.pth
seediv,conformer,46,madry,autoattack,full_test,raw,clean,0.6228419654714475,ad_data/exp031/exp031_full_20260729_174215/seediv_conformer_seed46_madry_autoattack.pth
seediv,conformer,46,madry,autoattack,full_test,raw,robust,0.32138114209827356,ad_data/exp031/exp031_full_20260729_174215/seediv_conformer_seed46_madry_autoattack.pth
seediv,conformer,46,madry,fgsm,full_test,raw,clean,0.6228419654714475,ad_data/exp031/exp031_full_20260729_174215/seediv_conformer_seed46_madry_fgsm.pth
seediv,conformer,46,madry,fgsm,full_test,raw,robust,0.39282868525896414,ad_data/exp031/exp031_full_20260729_174215/seediv_conformer_seed46_madry_fgsm.pth
seediv,conformer,46,madry,pgd,full_test,raw,clean,0.6228419654714475,ad_data/exp031/exp031_full_20260729_174215/seediv_conformer_seed46_madry_pgd.pth
seediv,conformer,46,madry,pgd,full_test,raw,robust,0.35776892430278884,ad_data/exp031/exp031_full_20260729_174215/seediv_conformer_seed46_madry_pgd.pth
seediv,conformer,46,madry,cw,full_test,raw,clean,0.6228419654714475,ad_data/exp031/exp031_full_20260729_174215/seediv_conformer_seed46_madry_cw.pth
seediv,conformer,46,madry,cw,full_test,raw,robust,0.3240371845949535,ad_data/exp031/exp031_full_20260729_174215/seediv_conformer_seed46_madry_cw.pth
seediv,conformer,46,trades,autoattack,full_test,raw,clean,0.6969455511288181,ad_data/exp031/exp031_full_20260729_174215/seediv_conformer_seed46_trades_autoattack.pth
seediv,conformer,46,trades,autoattack,full_test,raw,robust,0.0,ad_data/exp031/exp031_full_20260729_174215/seediv_conformer_seed46_trades_autoattack.pth
seediv,conformer,46,trades,fgsm,full_test,raw,clean,0.6969455511288181,ad_data/exp031/exp031_full_20260729_174215/seediv_conformer_seed46_trades_fgsm.pth
seediv,conformer,46,trades,fgsm,full_test,raw,robust,0.4334661354581673,ad_data/exp031/exp031_full_20260729_174215/seediv_conformer_seed46_trades_fgsm.pth
seediv,conformer,46,trades,pgd,full_test,raw,clean,0.6969455511288181,ad_data/exp031/exp031_full_20260729_174215/seediv_conformer_seed46_trades_pgd.pth
seediv,conformer,46,trades,pgd,full_test,raw,robust,0.3644090305444887,ad_data/exp031/exp031_full_20260729_174215/seediv_conformer_seed46_trades_pgd.pth
seediv,conformer,46,trades,cw,full_test,raw,clean,0.6969455511288181,ad_data/exp031/exp031_full_20260729_174215/seediv_conformer_seed46_trades_cw.pth
seediv,conformer,46,trades,cw,full_test,raw,robust,0.13094289508632137,ad_data/exp031/exp031_full_20260729_174215/seediv_conformer_seed46_trades_cw.pth
seediv,conformer,46,fbf,autoattack,full_test,raw,clean,0.6640106241699867,ad_data/exp031/exp031_full_20260729_174215/seediv_conformer_seed46_fbf_autoattack.pth
seediv,conformer,46,fbf,autoattack,full_test,raw,robust,0.04833997343957503,ad_data/exp031/exp031_full_20260729_174215/seediv_conformer_seed46_fbf_autoattack.pth
seediv,conformer,46,fbf,fgsm,full_test,raw,clean,0.6640106241699867,ad_data/exp031/exp031_full_20260729_174215/seediv_conformer_seed46_fbf_fgsm.pth
seediv,conformer,46,fbf,fgsm,full_test,raw,robust,0.12908366533864543,ad_data/exp031/exp031_full_20260729_174215/seediv_conformer_seed46_fbf_fgsm.pth
seediv,conformer,46,fbf,pgd,full_test,raw,clean,0.6640106241699867,ad_data/exp031/exp031_full_20260729_174215/seediv_conformer_seed46_fbf_pgd.pth
seediv,conformer,46,fbf,pgd,full_test,raw,robust,0.05816733067729084,ad_data/exp031/exp031_full_20260729_174215/seediv_conformer_seed46_fbf_pgd.pth
seediv,conformer,46,fbf,cw,full_test,raw,clean,0.6640106241699867,ad_data/exp031/exp031_full_20260729_174215/seediv_conformer_seed46_fbf_cw.pth
seediv,conformer,46,fbf,cw,full_test,raw,robust,0.10358565737051793,ad_data/exp031/exp031_full_20260729_174215/seediv_conformer_seed46_fbf_cw.pth
seediv,conformer,46,ea_forward,autoattack,full_test,raw,clean,0.33359893758300135,ad_data/exp031/exp031_full_20260729_174215/seediv_conformer_seed46_ea_forward_autoattack.pth
seediv,conformer,46,ea_forward,autoattack,full_test,raw,robust,0.28233731739707835,ad_data/exp031/exp031_full_20260729_174215/seediv_conformer_seed46_ea_forward_autoattack.pth
seediv,conformer,46,ea_forward,fgsm,full_test,raw,clean,0.3646746347941567,ad_data/exp031/exp031_full_20260729_174215/seediv_conformer_seed46_ea_forward_fgsm.pth
seediv,conformer,46,ea_forward,fgsm,full_test,raw,robust,0.24249667994687915,ad_data/exp031/exp031_full_20260729_174215/seediv_conformer_seed46_ea_forward_fgsm.pth
seediv,conformer,46,ea_forward,pgd,full_test,raw,clean,0.3646746347941567,ad_data/exp031/exp031_full_20260729_174215/seediv_conformer_seed46_ea_forward_pgd.pth
seediv,conformer,46,ea_forward,pgd,full_test,raw,robust,0.19229747675962816,ad_data/exp031/exp031_full_20260729_174215/seediv_conformer_seed46_ea_forward_pgd.pth
seediv,conformer,46,ea_forward,cw,full_test,raw,clean,0.3646746347941567,ad_data/exp031/exp031_full_20260729_174215/seediv_conformer_seed46_ea_forward_cw.pth
seediv,conformer,46,ea_forward,cw,full_test,raw,robust,0.13705179282868526,ad_data/exp031/exp031_full_20260729_174215/seediv_conformer_seed46_ea_forward_cw.pth
seediv,conformer,46,rpcf_at,autoattack,full_test,raw,clean,0.6146082337317397,ad_data/exp031/exp031_full_20260729_174215/seediv_conformer_seed46_rpcf_at_autoattack.pth
seediv,conformer,46,rpcf_at,autoattack,full_test,raw,robust,0.27091633466135456,ad_data/exp031/exp031_full_20260729_174215/seediv_conformer_seed46_rpcf_at_autoattack.pth
seediv,conformer,46,rpcf_at,fgsm,full_test,raw,clean,0.6146082337317397,ad_data/exp031/exp031_full_20260729_174215/seediv_conformer_seed46_rpcf_at_fgsm.pth
seediv,conformer,46,rpcf_at,fgsm,full_test,raw,robust,0.349535192563081,ad_data/exp031/exp031_full_20260729_174215/seediv_conformer_seed46_rpcf_at_fgsm.pth
seediv,conformer,46,rpcf_at,pgd,full_test,raw,clean,0.6146082337317397,ad_data/exp031/exp031_full_20260729_174215/seediv_conformer_seed46_rpcf_at_pgd.pth
seediv,conformer,46,rpcf_at,pgd,full_test,raw,robust,0.3033200531208499,ad_data/exp031/exp031_full_20260729_174215/seediv_conformer_seed46_rpcf_at_pgd.pth
seediv,conformer,46,rpcf_at,cw,full_test,raw,clean,0.6146082337317397,ad_data/exp031/exp031_full_20260729_174215/seediv_conformer_seed46_rpcf_at_cw.pth
seediv,conformer,46,rpcf_at,cw,full_test,raw,robust,0.25338645418326694,ad_data/exp031/exp031_full_20260729_174215/seediv_conformer_seed46_rpcf_at_cw.pth
seediv,tcnet,42,madry,autoattack,full_test,raw,clean,0.42895086321381143,ad_data/exp031/exp031_full_20260729_174215/seediv_tcnet_seed42_madry_autoattack.pth
seediv,tcnet,42,madry,autoattack,full_test,raw,robust,0.3033200531208499,ad_data/exp031/exp031_full_20260729_174215/seediv_tcnet_seed42_madry_autoattack.pth
seediv,tcnet,42,madry,fgsm,full_test,raw,clean,0.42895086321381143,ad_data/exp031/exp031_full_20260729_174215/seediv_tcnet_seed42_madry_fgsm.pth
seediv,tcnet,42,madry,fgsm,full_test,raw,robust,0.3272244355909695,ad_data/exp031/exp031_full_20260729_174215/seediv_tcnet_seed42_madry_fgsm.pth
seediv,tcnet,42,madry,pgd,full_test,raw,clean,0.42895086321381143,ad_data/exp031/exp031_full_20260729_174215/seediv_tcnet_seed42_madry_pgd.pth
seediv,tcnet,42,madry,pgd,full_test,raw,robust,0.3195219123505976,ad_data/exp031/exp031_full_20260729_174215/seediv_tcnet_seed42_madry_pgd.pth
seediv,tcnet,42,madry,cw,full_test,raw,clean,0.42895086321381143,ad_data/exp031/exp031_full_20260729_174215/seediv_tcnet_seed42_madry_cw.pth
seediv,tcnet,42,madry,cw,full_test,raw,robust,0.0007968127490039841,ad_data/exp031/exp031_full_20260729_174215/seediv_tcnet_seed42_madry_cw.pth
seediv,tcnet,42,trades,autoattack,full_test,raw,clean,0.6377158034528553,ad_data/exp031/exp031_full_20260729_174215/seediv_tcnet_seed42_trades_autoattack.pth
seediv,tcnet,42,trades,autoattack,full_test,raw,robust,0.00398406374501992,ad_data/exp031/exp031_full_20260729_174215/seediv_tcnet_seed42_trades_autoattack.pth
seediv,tcnet,42,trades,fgsm,full_test,raw,clean,0.6377158034528553,ad_data/exp031/exp031_full_20260729_174215/seediv_tcnet_seed42_trades_fgsm.pth
seediv,tcnet,42,trades,fgsm,full_test,raw,robust,0.016467463479415672,ad_data/exp031/exp031_full_20260729_174215/seediv_tcnet_seed42_trades_fgsm.pth
seediv,tcnet,42,trades,pgd,full_test,raw,clean,0.6377158034528553,ad_data/exp031/exp031_full_20260729_174215/seediv_tcnet_seed42_trades_pgd.pth
seediv,tcnet,42,trades,pgd,full_test,raw,robust,0.004780876494023904,ad_data/exp031/exp031_full_20260729_174215/seediv_tcnet_seed42_trades_pgd.pth
seediv,tcnet,42,trades,cw,full_test,raw,clean,0.6377158034528553,ad_data/exp031/exp031_full_20260729_174215/seediv_tcnet_seed42_trades_cw.pth
seediv,tcnet,42,trades,cw,full_test,raw,robust,0.00849933598937583,ad_data/exp031/exp031_full_20260729_174215/seediv_tcnet_seed42_trades_cw.pth
seediv,tcnet,42,fbf,autoattack,full_test,raw,clean,0.5737051792828686,ad_data/exp031/exp031_full_20260729_174215/seediv_tcnet_seed42_fbf_autoattack.pth
seediv,tcnet,42,fbf,autoattack,full_test,raw,robust,0.055776892430278883,ad_data/exp031/exp031_full_20260729_174215/seediv_tcnet_seed42_fbf_autoattack.pth
seediv,tcnet,42,fbf,fgsm,full_test,raw,clean,0.5737051792828686,ad_data/exp031/exp031_full_20260729_174215/seediv_tcnet_seed42_fbf_fgsm.pth
seediv,tcnet,42,fbf,fgsm,full_test,raw,robust,0.1341301460823373,ad_data/exp031/exp031_full_20260729_174215/seediv_tcnet_seed42_fbf_fgsm.pth
seediv,tcnet,42,fbf,pgd,full_test,raw,clean,0.5737051792828686,ad_data/exp031/exp031_full_20260729_174215/seediv_tcnet_seed42_fbf_pgd.pth
seediv,tcnet,42,fbf,pgd,full_test,raw,robust,0.07144754316069057,ad_data/exp031/exp031_full_20260729_174215/seediv_tcnet_seed42_fbf_pgd.pth
seediv,tcnet,42,fbf,cw,full_test,raw,clean,0.5737051792828686,ad_data/exp031/exp031_full_20260729_174215/seediv_tcnet_seed42_fbf_cw.pth
seediv,tcnet,42,fbf,cw,full_test,raw,robust,0.005312084993359893,ad_data/exp031/exp031_full_20260729_174215/seediv_tcnet_seed42_fbf_cw.pth
seediv,tcnet,42,ea_forward,autoattack,full_test,raw,clean,0.3699867197875166,ad_data/exp031/exp031_full_20260729_174215/seediv_tcnet_seed42_ea_forward_autoattack.pth
seediv,tcnet,42,ea_forward,autoattack,full_test,raw,robust,0.23346613545816733,ad_data/exp031/exp031_full_20260729_174215/seediv_tcnet_seed42_ea_forward_autoattack.pth
seediv,tcnet,42,ea_forward,fgsm,full_test,raw,clean,0.35033200531208497,ad_data/exp031/exp031_full_20260729_174215/seediv_tcnet_seed42_ea_forward_fgsm.pth
seediv,tcnet,42,ea_forward,fgsm,full_test,raw,robust,0.23266932270916335,ad_data/exp031/exp031_full_20260729_174215/seediv_tcnet_seed42_ea_forward_fgsm.pth
seediv,tcnet,42,ea_forward,pgd,full_test,raw,clean,0.35033200531208497,ad_data/exp031/exp031_full_20260729_174215/seediv_tcnet_seed42_ea_forward_pgd.pth
seediv,tcnet,42,ea_forward,pgd,full_test,raw,robust,0.17689243027888446,ad_data/exp031/exp031_full_20260729_174215/seediv_tcnet_seed42_ea_forward_pgd.pth
seediv,tcnet,42,ea_forward,cw,full_test,raw,clean,0.35033200531208497,ad_data/exp031/exp031_full_20260729_174215/seediv_tcnet_seed42_ea_forward_cw.pth
seediv,tcnet,42,ea_forward,cw,full_test,raw,robust,0.027357237715803454,ad_data/exp031/exp031_full_20260729_174215/seediv_tcnet_seed42_ea_forward_cw.pth
seediv,tcnet,42,rpcf_at,autoattack,full_test,raw,clean,0.43266932270916336,ad_data/exp031/exp031_full_20260729_174215/seediv_tcnet_seed42_rpcf_at_autoattack.pth
seediv,tcnet,42,rpcf_at,autoattack,full_test,raw,robust,0.30305444887118194,ad_data/exp031/exp031_full_20260729_174215/seediv_tcnet_seed42_rpcf_at_autoattack.pth
seediv,tcnet,42,rpcf_at,fgsm,full_test,raw,clean,0.43266932270916336,ad_data/exp031/exp031_full_20260729_174215/seediv_tcnet_seed42_rpcf_at_fgsm.pth
seediv,tcnet,42,rpcf_at,fgsm,full_test,raw,robust,0.32881806108897743,ad_data/exp031/exp031_full_20260729_174215/seediv_tcnet_seed42_rpcf_at_fgsm.pth
seediv,tcnet,42,rpcf_at,pgd,full_test,raw,clean,0.43266932270916336,ad_data/exp031/exp031_full_20260729_174215/seediv_tcnet_seed42_rpcf_at_pgd.pth
seediv,tcnet,42,rpcf_at,pgd,full_test,raw,robust,0.3208499335989376,ad_data/exp031/exp031_full_20260729_174215/seediv_tcnet_seed42_rpcf_at_pgd.pth
seediv,tcnet,42,rpcf_at,cw,full_test,raw,clean,0.43266932270916336,ad_data/exp031/exp031_full_20260729_174215/seediv_tcnet_seed42_rpcf_at_cw.pth
seediv,tcnet,42,rpcf_at,cw,full_test,raw,robust,0.0029216467463479417,ad_data/exp031/exp031_full_20260729_174215/seediv_tcnet_seed42_rpcf_at_cw.pth
seediv,tcnet,43,madry,autoattack,full_test,raw,clean,0.40318725099601593,ad_data/exp031/exp031_full_20260729_174215/seediv_tcnet_seed43_madry_autoattack.pth
seediv,tcnet,43,madry,autoattack,full_test,raw,robust,0.30783532536520586,ad_data/exp031/exp031_full_20260729_174215/seediv_tcnet_seed43_madry_autoattack.pth
seediv,tcnet,43,madry,fgsm,full_test,raw,clean,0.40318725099601593,ad_data/exp031/exp031_full_20260729_174215/seediv_tcnet_seed43_madry_fgsm.pth
seediv,tcnet,43,madry,fgsm,full_test,raw,robust,0.3304116865869854,ad_data/exp031/exp031_full_20260729_174215/seediv_tcnet_seed43_madry_fgsm.pth
seediv,tcnet,43,madry,pgd,full_test,raw,clean,0.40318725099601593,ad_data/exp031/exp031_full_20260729_174215/seediv_tcnet_seed43_madry_pgd.pth
seediv,tcnet,43,madry,pgd,full_test,raw,robust,0.32563081009296146,ad_data/exp031/exp031_full_20260729_174215/seediv_tcnet_seed43_madry_pgd.pth
seediv,tcnet,43,madry,cw,full_test,raw,clean,0.40318725099601593,ad_data/exp031/exp031_full_20260729_174215/seediv_tcnet_seed43_madry_cw.pth
seediv,tcnet,43,madry,cw,full_test,raw,robust,0.020717131474103586,ad_data/exp031/exp031_full_20260729_174215/seediv_tcnet_seed43_madry_cw.pth
seediv,tcnet,43,trades,autoattack,full_test,raw,clean,0.6300132802124834,ad_data/exp031/exp031_full_20260729_174215/seediv_tcnet_seed43_trades_autoattack.pth
seediv,tcnet,43,trades,autoattack,full_test,raw,robust,0.0029216467463479417,ad_data/exp031/exp031_full_20260729_174215/seediv_tcnet_seed43_trades_autoattack.pth
seediv,tcnet,43,trades,fgsm,full_test,raw,clean,0.6300132802124834,ad_data/exp031/exp031_full_20260729_174215/seediv_tcnet_seed43_trades_fgsm.pth
seediv,tcnet,43,trades,fgsm,full_test,raw,robust,0.008233731739707836,ad_data/exp031/exp031_full_20260729_174215/seediv_tcnet_seed43_trades_fgsm.pth
seediv,tcnet,43,trades,pgd,full_test,raw,clean,0.6300132802124834,ad_data/exp031/exp031_full_20260729_174215/seediv_tcnet_seed43_trades_pgd.pth
seediv,tcnet,43,trades,pgd,full_test,raw,robust,0.003452855245683931,ad_data/exp031/exp031_full_20260729_174215/seediv_tcnet_seed43_trades_pgd.pth
seediv,tcnet,43,trades,cw,full_test,raw,clean,0.6300132802124834,ad_data/exp031/exp031_full_20260729_174215/seediv_tcnet_seed43_trades_cw.pth
seediv,tcnet,43,trades,cw,full_test,raw,robust,0.009561752988047808,ad_data/exp031/exp031_full_20260729_174215/seediv_tcnet_seed43_trades_cw.pth
seediv,tcnet,43,fbf,autoattack,full_test,raw,clean,0.5697211155378487,ad_data/exp031/exp031_full_20260729_174215/seediv_tcnet_seed43_fbf_autoattack.pth
seediv,tcnet,43,fbf,autoattack,full_test,raw,robust,0.058698539176626825,ad_data/exp031/exp031_full_20260729_174215/seediv_tcnet_seed43_fbf_autoattack.pth
seediv,tcnet,43,fbf,fgsm,full_test,raw,clean,0.5697211155378487,ad_data/exp031/exp031_full_20260729_174215/seediv_tcnet_seed43_fbf_fgsm.pth
seediv,tcnet,43,fbf,fgsm,full_test,raw,robust,0.12828685258964143,ad_data/exp031/exp031_full_20260729_174215/seediv_tcnet_seed43_fbf_fgsm.pth
seediv,tcnet,43,fbf,pgd,full_test,raw,clean,0.5697211155378487,ad_data/exp031/exp031_full_20260729_174215/seediv_tcnet_seed43_fbf_pgd.pth
seediv,tcnet,43,fbf,pgd,full_test,raw,robust,0.07277556440903055,ad_data/exp031/exp031_full_20260729_174215/seediv_tcnet_seed43_fbf_pgd.pth
seediv,tcnet,43,fbf,cw,full_test,raw,clean,0.5697211155378487,ad_data/exp031/exp031_full_20260729_174215/seediv_tcnet_seed43_fbf_cw.pth
seediv,tcnet,43,fbf,cw,full_test,raw,robust,0.007171314741035857,ad_data/exp031/exp031_full_20260729_174215/seediv_tcnet_seed43_fbf_cw.pth
seediv,tcnet,43,ea_forward,autoattack,full_test,raw,clean,0.35644090305444887,ad_data/exp031/exp031_full_20260729_174215/seediv_tcnet_seed43_ea_forward_autoattack.pth
seediv,tcnet,43,ea_forward,autoattack,full_test,raw,robust,0.24169986719787517,ad_data/exp031/exp031_full_20260729_174215/seediv_tcnet_seed43_ea_forward_autoattack.pth
seediv,tcnet,43,ea_forward,fgsm,full_test,raw,clean,0.33811420982735724,ad_data/exp031/exp031_full_20260729_174215/seediv_tcnet_seed43_ea_forward_fgsm.pth
seediv,tcnet,43,ea_forward,fgsm,full_test,raw,robust,0.23346613545816733,ad_data/exp031/exp031_full_20260729_174215/seediv_tcnet_seed43_ea_forward_fgsm.pth
seediv,tcnet,43,ea_forward,pgd,full_test,raw,clean,0.33811420982735724,ad_data/exp031/exp031_full_20260729_174215/seediv_tcnet_seed43_ea_forward_pgd.pth
seediv,tcnet,43,ea_forward,pgd,full_test,raw,robust,0.20159362549800797,ad_data/exp031/exp031_full_20260729_174215/seediv_tcnet_seed43_ea_forward_pgd.pth
seediv,tcnet,43,ea_forward,cw,full_test,raw,clean,0.33811420982735724,ad_data/exp031/exp031_full_20260729_174215/seediv_tcnet_seed43_ea_forward_cw.pth
seediv,tcnet,43,ea_forward,cw,full_test,raw,robust,0.008764940239043825,ad_data/exp031/exp031_full_20260729_174215/seediv_tcnet_seed43_ea_forward_cw.pth
seediv,tcnet,43,rpcf_at,autoattack,full_test,raw,clean,0.40690571049136787,ad_data/exp031/exp031_full_20260729_174215/seediv_tcnet_seed43_rpcf_at_autoattack.pth
seediv,tcnet,43,rpcf_at,autoattack,full_test,raw,robust,0.3041168658698539,ad_data/exp031/exp031_full_20260729_174215/seediv_tcnet_seed43_rpcf_at_autoattack.pth
seediv,tcnet,43,rpcf_at,fgsm,full_test,raw,clean,0.40690571049136787,ad_data/exp031/exp031_full_20260729_174215/seediv_tcnet_seed43_rpcf_at_fgsm.pth
seediv,tcnet,43,rpcf_at,fgsm,full_test,raw,robust,0.3258964143426295,ad_data/exp031/exp031_full_20260729_174215/seediv_tcnet_seed43_rpcf_at_fgsm.pth
seediv,tcnet,43,rpcf_at,pgd,full_test,raw,clean,0.40690571049136787,ad_data/exp031/exp031_full_20260729_174215/seediv_tcnet_seed43_rpcf_at_pgd.pth
seediv,tcnet,43,rpcf_at,pgd,full_test,raw,robust,0.3211155378486056,ad_data/exp031/exp031_full_20260729_174215/seediv_tcnet_seed43_rpcf_at_pgd.pth
seediv,tcnet,43,rpcf_at,cw,full_test,raw,clean,0.40690571049136787,ad_data/exp031/exp031_full_20260729_174215/seediv_tcnet_seed43_rpcf_at_cw.pth
seediv,tcnet,43,rpcf_at,cw,full_test,raw,robust,0.019654714475431607,ad_data/exp031/exp031_full_20260729_174215/seediv_tcnet_seed43_rpcf_at_cw.pth
seediv,tcnet,44,madry,autoattack,full_test,raw,clean,0.4063745019920319,ad_data/exp031/exp031_full_20260729_174215/seediv_tcnet_seed44_madry_autoattack.pth
seediv,tcnet,44,madry,autoattack,full_test,raw,robust,0.30225763612217793,ad_data/exp031/exp031_full_20260729_174215/seediv_tcnet_seed44_madry_autoattack.pth
seediv,tcnet,44,madry,fgsm,full_test,raw,clean,0.4063745019920319,ad_data/exp031/exp031_full_20260729_174215/seediv_tcnet_seed44_madry_fgsm.pth
seediv,tcnet,44,madry,fgsm,full_test,raw,robust,0.3237715803452855,ad_data/exp031/exp031_full_20260729_174215/seediv_tcnet_seed44_madry_fgsm.pth
seediv,tcnet,44,madry,pgd,full_test,raw,clean,0.4063745019920319,ad_data/exp031/exp031_full_20260729_174215/seediv_tcnet_seed44_madry_pgd.pth
seediv,tcnet,44,madry,pgd,full_test,raw,robust,0.3179282868525896,ad_data/exp031/exp031_full_20260729_174215/seediv_tcnet_seed44_madry_pgd.pth
seediv,tcnet,44,madry,cw,full_test,raw,clean,0.4063745019920319,ad_data/exp031/exp031_full_20260729_174215/seediv_tcnet_seed44_madry_cw.pth
seediv,tcnet,44,madry,cw,full_test,raw,robust,0.0018592297476759628,ad_data/exp031/exp031_full_20260729_174215/seediv_tcnet_seed44_madry_cw.pth
seediv,tcnet,44,trades,autoattack,full_test,raw,clean,0.6273572377158034,ad_data/exp031/exp031_full_20260729_174215/seediv_tcnet_seed44_trades_autoattack.pth
seediv,tcnet,44,trades,autoattack,full_test,raw,robust,0.0013280212483399733,ad_data/exp031/exp031_full_20260729_174215/seediv_tcnet_seed44_trades_autoattack.pth
seediv,tcnet,44,trades,fgsm,full_test,raw,clean,0.6273572377158034,ad_data/exp031/exp031_full_20260729_174215/seediv_tcnet_seed44_trades_fgsm.pth
seediv,tcnet,44,trades,fgsm,full_test,raw,robust,0.01248339973439575,ad_data/exp031/exp031_full_20260729_174215/seediv_tcnet_seed44_trades_fgsm.pth
seediv,tcnet,44,trades,pgd,full_test,raw,clean,0.6273572377158034,ad_data/exp031/exp031_full_20260729_174215/seediv_tcnet_seed44_trades_pgd.pth
seediv,tcnet,44,trades,pgd,full_test,raw,robust,0.002390438247011952,ad_data/exp031/exp031_full_20260729_174215/seediv_tcnet_seed44_trades_pgd.pth
seediv,tcnet,44,trades,cw,full_test,raw,clean,0.6273572377158034,ad_data/exp031/exp031_full_20260729_174215/seediv_tcnet_seed44_trades_cw.pth
seediv,tcnet,44,trades,cw,full_test,raw,robust,0.007702523240371846,ad_data/exp031/exp031_full_20260729_174215/seediv_tcnet_seed44_trades_cw.pth
seediv,tcnet,44,fbf,autoattack,full_test,raw,clean,0.550863213811421,ad_data/exp031/exp031_full_20260729_174215/seediv_tcnet_seed44_fbf_autoattack.pth
seediv,tcnet,44,fbf,autoattack,full_test,raw,robust,0.055245683930942896,ad_data/exp031/exp031_full_20260729_174215/seediv_tcnet_seed44_fbf_autoattack.pth
seediv,tcnet,44,fbf,fgsm,full_test,raw,clean,0.550863213811421,ad_data/exp031/exp031_full_20260729_174215/seediv_tcnet_seed44_fbf_fgsm.pth
seediv,tcnet,44,fbf,fgsm,full_test,raw,robust,0.11819389110225764,ad_data/exp031/exp031_full_20260729_174215/seediv_tcnet_seed44_fbf_fgsm.pth
seediv,tcnet,44,fbf,pgd,full_test,raw,clean,0.550863213811421,ad_data/exp031/exp031_full_20260729_174215/seediv_tcnet_seed44_fbf_pgd.pth
seediv,tcnet,44,fbf,pgd,full_test,raw,robust,0.06454183266932272,ad_data/exp031/exp031_full_20260729_174215/seediv_tcnet_seed44_fbf_pgd.pth
seediv,tcnet,44,fbf,cw,full_test,raw,clean,0.550863213811421,ad_data/exp031/exp031_full_20260729_174215/seediv_tcnet_seed44_fbf_cw.pth
seediv,tcnet,44,fbf,cw,full_test,raw,robust,0.006374501992031873,ad_data/exp031/exp031_full_20260729_174215/seediv_tcnet_seed44_fbf_cw.pth
seediv,tcnet,44,ea_forward,autoattack,full_test,raw,clean,0.3537848605577689,ad_data/exp031/exp031_full_20260729_174215/seediv_tcnet_seed44_ea_forward_autoattack.pth
seediv,tcnet,44,ea_forward,autoattack,full_test,raw,robust,0.21673306772908366,ad_data/exp031/exp031_full_20260729_174215/seediv_tcnet_seed44_ea_forward_autoattack.pth
seediv,tcnet,44,ea_forward,fgsm,full_test,raw,clean,0.3383798140770252,ad_data/exp031/exp031_full_20260729_174215/seediv_tcnet_seed44_ea_forward_fgsm.pth
seediv,tcnet,44,ea_forward,fgsm,full_test,raw,robust,0.25816733067729086,ad_data/exp031/exp031_full_20260729_174215/seediv_tcnet_seed44_ea_forward_fgsm.pth
seediv,tcnet,44,ea_forward,pgd,full_test,raw,clean,0.3383798140770252,ad_data/exp031/exp031_full_20260729_174215/seediv_tcnet_seed44_ea_forward_pgd.pth
seediv,tcnet,44,ea_forward,pgd,full_test,raw,robust,0.19681274900398407,ad_data/exp031/exp031_full_20260729_174215/seediv_tcnet_seed44_ea_forward_pgd.pth
seediv,tcnet,44,ea_forward,cw,full_test,raw,clean,0.3383798140770252,ad_data/exp031/exp031_full_20260729_174215/seediv_tcnet_seed44_ea_forward_cw.pth
seediv,tcnet,44,ea_forward,cw,full_test,raw,robust,0.044355909694555114,ad_data/exp031/exp031_full_20260729_174215/seediv_tcnet_seed44_ea_forward_cw.pth
seediv,tcnet,44,rpcf_at,autoattack,full_test,raw,clean,0.4058432934926959,ad_data/exp031/exp031_full_20260729_174215/seediv_tcnet_seed44_rpcf_at_autoattack.pth
seediv,tcnet,44,rpcf_at,autoattack,full_test,raw,robust,0.30225763612217793,ad_data/exp031/exp031_full_20260729_174215/seediv_tcnet_seed44_rpcf_at_autoattack.pth
seediv,tcnet,44,rpcf_at,fgsm,full_test,raw,clean,0.4058432934926959,ad_data/exp031/exp031_full_20260729_174215/seediv_tcnet_seed44_rpcf_at_fgsm.pth
seediv,tcnet,44,rpcf_at,fgsm,full_test,raw,robust,0.32270916334661354,ad_data/exp031/exp031_full_20260729_174215/seediv_tcnet_seed44_rpcf_at_fgsm.pth
seediv,tcnet,44,rpcf_at,pgd,full_test,raw,clean,0.4058432934926959,ad_data/exp031/exp031_full_20260729_174215/seediv_tcnet_seed44_rpcf_at_pgd.pth
seediv,tcnet,44,rpcf_at,pgd,full_test,raw,robust,0.31845949535192564,ad_data/exp031/exp031_full_20260729_174215/seediv_tcnet_seed44_rpcf_at_pgd.pth
seediv,tcnet,44,rpcf_at,cw,full_test,raw,clean,0.4058432934926959,ad_data/exp031/exp031_full_20260729_174215/seediv_tcnet_seed44_rpcf_at_cw.pth
seediv,tcnet,44,rpcf_at,cw,full_test,raw,robust,0.0005312084993359894,ad_data/exp031/exp031_full_20260729_174215/seediv_tcnet_seed44_rpcf_at_cw.pth
seediv,tcnet,45,madry,autoattack,full_test,raw,clean,0.42151394422310756,ad_data/exp031/exp031_full_20260729_174215/seediv_tcnet_seed45_madry_autoattack.pth
seediv,tcnet,45,madry,autoattack,full_test,raw,robust,0.30172642762284196,ad_data/exp031/exp031_full_20260729_174215/seediv_tcnet_seed45_madry_autoattack.pth
seediv,tcnet,45,madry,fgsm,full_test,raw,clean,0.42151394422310756,ad_data/exp031/exp031_full_20260729_174215/seediv_tcnet_seed45_madry_fgsm.pth
seediv,tcnet,45,madry,fgsm,full_test,raw,robust,0.3280212483399734,ad_data/exp031/exp031_full_20260729_174215/seediv_tcnet_seed45_madry_fgsm.pth
seediv,tcnet,45,madry,pgd,full_test,raw,clean,0.42151394422310756,ad_data/exp031/exp031_full_20260729_174215/seediv_tcnet_seed45_madry_pgd.pth
seediv,tcnet,45,madry,pgd,full_test,raw,robust,0.3219123505976096,ad_data/exp031/exp031_full_20260729_174215/seediv_tcnet_seed45_madry_pgd.pth
seediv,tcnet,45,madry,cw,full_test,raw,clean,0.42151394422310756,ad_data/exp031/exp031_full_20260729_174215/seediv_tcnet_seed45_madry_cw.pth
seediv,tcnet,45,madry,cw,full_test,raw,robust,0.0026560424966799467,ad_data/exp031/exp031_full_20260729_174215/seediv_tcnet_seed45_madry_cw.pth
seediv,tcnet,45,trades,autoattack,full_test,raw,clean,0.603718459495352,ad_data/exp031/exp031_full_20260729_174215/seediv_tcnet_seed45_trades_autoattack.pth
seediv,tcnet,45,trades,autoattack,full_test,raw,robust,0.007702523240371846,ad_data/exp031/exp031_full_20260729_174215/seediv_tcnet_seed45_trades_autoattack.pth
seediv,tcnet,45,trades,fgsm,full_test,raw,clean,0.603718459495352,ad_data/exp031/exp031_full_20260729_174215/seediv_tcnet_seed45_trades_fgsm.pth
seediv,tcnet,45,trades,fgsm,full_test,raw,robust,0.019389110225763614,ad_data/exp031/exp031_full_20260729_174215/seediv_tcnet_seed45_trades_fgsm.pth
seediv,tcnet,45,trades,pgd,full_test,raw,clean,0.603718459495352,ad_data/exp031/exp031_full_20260729_174215/seediv_tcnet_seed45_trades_pgd.pth
seediv,tcnet,45,trades,pgd,full_test,raw,robust,0.008233731739707836,ad_data/exp031/exp031_full_20260729_174215/seediv_tcnet_seed45_trades_pgd.pth
seediv,tcnet,45,trades,cw,full_test,raw,clean,0.603718459495352,ad_data/exp031/exp031_full_20260729_174215/seediv_tcnet_seed45_trades_cw.pth
seediv,tcnet,45,trades,cw,full_test,raw,robust,0.010889774236387782,ad_data/exp031/exp031_full_20260729_174215/seediv_tcnet_seed45_trades_cw.pth
seediv,tcnet,45,fbf,autoattack,full_test,raw,clean,0.5686586985391766,ad_data/exp031/exp031_full_20260729_174215/seediv_tcnet_seed45_fbf_autoattack.pth
seediv,tcnet,45,fbf,autoattack,full_test,raw,robust,0.054183266932270914,ad_data/exp031/exp031_full_20260729_174215/seediv_tcnet_seed45_fbf_autoattack.pth
seediv,tcnet,45,fbf,fgsm,full_test,raw,clean,0.5686586985391766,ad_data/exp031/exp031_full_20260729_174215/seediv_tcnet_seed45_fbf_fgsm.pth
seediv,tcnet,45,fbf,fgsm,full_test,raw,robust,0.12775564409030543,ad_data/exp031/exp031_full_20260729_174215/seediv_tcnet_seed45_fbf_fgsm.pth
seediv,tcnet,45,fbf,pgd,full_test,raw,clean,0.5686586985391766,ad_data/exp031/exp031_full_20260729_174215/seediv_tcnet_seed45_fbf_pgd.pth
seediv,tcnet,45,fbf,pgd,full_test,raw,robust,0.0650730411686587,ad_data/exp031/exp031_full_20260729_174215/seediv_tcnet_seed45_fbf_pgd.pth
seediv,tcnet,45,fbf,cw,full_test,raw,clean,0.5686586985391766,ad_data/exp031/exp031_full_20260729_174215/seediv_tcnet_seed45_fbf_cw.pth
seediv,tcnet,45,fbf,cw,full_test,raw,robust,0.009296148738379814,ad_data/exp031/exp031_full_20260729_174215/seediv_tcnet_seed45_fbf_cw.pth
seediv,tcnet,45,ea_forward,autoattack,full_test,raw,clean,0.32164674634794155,ad_data/exp031/exp031_full_20260729_174215/seediv_tcnet_seed45_ea_forward_autoattack.pth
seediv,tcnet,45,ea_forward,autoattack,full_test,raw,robust,0.26162018592297476,ad_data/exp031/exp031_full_20260729_174215/seediv_tcnet_seed45_ea_forward_autoattack.pth
seediv,tcnet,45,ea_forward,fgsm,full_test,raw,clean,0.3075697211155379,ad_data/exp031/exp031_full_20260729_174215/seediv_tcnet_seed45_ea_forward_fgsm.pth
seediv,tcnet,45,ea_forward,fgsm,full_test,raw,robust,0.2786188579017264,ad_data/exp031/exp031_full_20260729_174215/seediv_tcnet_seed45_ea_forward_fgsm.pth
seediv,tcnet,45,ea_forward,pgd,full_test,raw,clean,0.3075697211155379,ad_data/exp031/exp031_full_20260729_174215/seediv_tcnet_seed45_ea_forward_pgd.pth
seediv,tcnet,45,ea_forward,pgd,full_test,raw,robust,0.249933598937583,ad_data/exp031/exp031_full_20260729_174215/seediv_tcnet_seed45_ea_forward_pgd.pth
seediv,tcnet,45,ea_forward,cw,full_test,raw,clean,0.3075697211155379,ad_data/exp031/exp031_full_20260729_174215/seediv_tcnet_seed45_ea_forward_cw.pth
seediv,tcnet,45,ea_forward,cw,full_test,raw,robust,0.22416998671978752,ad_data/exp031/exp031_full_20260729_174215/seediv_tcnet_seed45_ea_forward_cw.pth
seediv,tcnet,45,rpcf_at,autoattack,full_test,raw,clean,0.42231075697211157,ad_data/exp031/exp031_full_20260729_174215/seediv_tcnet_seed45_rpcf_at_autoattack.pth
seediv,tcnet,45,rpcf_at,autoattack,full_test,raw,robust,0.300398406374502,ad_data/exp031/exp031_full_20260729_174215/seediv_tcnet_seed45_rpcf_at_autoattack.pth
seediv,tcnet,45,rpcf_at,fgsm,full_test,raw,clean,0.42231075697211157,ad_data/exp031/exp031_full_20260729_174215/seediv_tcnet_seed45_rpcf_at_fgsm.pth
seediv,tcnet,45,rpcf_at,fgsm,full_test,raw,robust,0.32695883134130144,ad_data/exp031/exp031_full_20260729_174215/seediv_tcnet_seed45_rpcf_at_fgsm.pth
seediv,tcnet,45,rpcf_at,pgd,full_test,raw,clean,0.42231075697211157,ad_data/exp031/exp031_full_20260729_174215/seediv_tcnet_seed45_rpcf_at_pgd.pth
seediv,tcnet,45,rpcf_at,pgd,full_test,raw,robust,0.3200531208499336,ad_data/exp031/exp031_full_20260729_174215/seediv_tcnet_seed45_rpcf_at_pgd.pth
seediv,tcnet,45,rpcf_at,cw,full_test,raw,clean,0.42231075697211157,ad_data/exp031/exp031_full_20260729_174215/seediv_tcnet_seed45_rpcf_at_cw.pth
seediv,tcnet,45,rpcf_at,cw,full_test,raw,robust,0.0026560424966799467,ad_data/exp031/exp031_full_20260729_174215/seediv_tcnet_seed45_rpcf_at_cw.pth
seediv,tcnet,46,madry,autoattack,full_test,raw,clean,0.4273572377158035,ad_data/exp031/exp031_full_20260729_174215/seediv_tcnet_seed46_madry_autoattack.pth
seediv,tcnet,46,madry,autoattack,full_test,raw,robust,0.300398406374502,ad_data/exp031/exp031_full_20260729_174215/seediv_tcnet_seed46_madry_autoattack.pth
seediv,tcnet,46,madry,fgsm,full_test,raw,clean,0.4273572377158035,ad_data/exp031/exp031_full_20260729_174215/seediv_tcnet_seed46_madry_fgsm.pth
seediv,tcnet,46,madry,fgsm,full_test,raw,robust,0.3298804780876494,ad_data/exp031/exp031_full_20260729_174215/seediv_tcnet_seed46_madry_fgsm.pth
seediv,tcnet,46,madry,pgd,full_test,raw,clean,0.4273572377158035,ad_data/exp031/exp031_full_20260729_174215/seediv_tcnet_seed46_madry_pgd.pth
seediv,tcnet,46,madry,pgd,full_test,raw,robust,0.3240371845949535,ad_data/exp031/exp031_full_20260729_174215/seediv_tcnet_seed46_madry_pgd.pth
seediv,tcnet,46,madry,cw,full_test,raw,clean,0.4273572377158035,ad_data/exp031/exp031_full_20260729_174215/seediv_tcnet_seed46_madry_cw.pth
seediv,tcnet,46,madry,cw,full_test,raw,robust,0.0029216467463479417,ad_data/exp031/exp031_full_20260729_174215/seediv_tcnet_seed46_madry_cw.pth
seediv,tcnet,46,trades,autoattack,full_test,raw,clean,0.6201859229747676,ad_data/exp031/exp031_full_20260729_174215/seediv_tcnet_seed46_trades_autoattack.pth
seediv,tcnet,46,trades,autoattack,full_test,raw,robust,0.0013280212483399733,ad_data/exp031/exp031_full_20260729_174215/seediv_tcnet_seed46_trades_autoattack.pth
seediv,tcnet,46,trades,fgsm,full_test,raw,clean,0.6201859229747676,ad_data/exp031/exp031_full_20260729_174215/seediv_tcnet_seed46_trades_fgsm.pth
seediv,tcnet,46,trades,fgsm,full_test,raw,robust,0.010358565737051793,ad_data/exp031/exp031_full_20260729_174215/seediv_tcnet_seed46_trades_fgsm.pth
seediv,tcnet,46,trades,pgd,full_test,raw,clean,0.6201859229747676,ad_data/exp031/exp031_full_20260729_174215/seediv_tcnet_seed46_trades_pgd.pth
seediv,tcnet,46,trades,pgd,full_test,raw,robust,0.0018592297476759628,ad_data/exp031/exp031_full_20260729_174215/seediv_tcnet_seed46_trades_pgd.pth
seediv,tcnet,46,trades,cw,full_test,raw,clean,0.6201859229747676,ad_data/exp031/exp031_full_20260729_174215/seediv_tcnet_seed46_trades_cw.pth
seediv,tcnet,46,trades,cw,full_test,raw,robust,0.0045152722443559095,ad_data/exp031/exp031_full_20260729_174215/seediv_tcnet_seed46_trades_cw.pth
seediv,tcnet,46,fbf,autoattack,full_test,raw,clean,0.5779548472775564,ad_data/exp031/exp031_full_20260729_174215/seediv_tcnet_seed46_fbf_autoattack.pth
seediv,tcnet,46,fbf,autoattack,full_test,raw,robust,0.0451527224435591,ad_data/exp031/exp031_full_20260729_174215/seediv_tcnet_seed46_fbf_autoattack.pth
seediv,tcnet,46,fbf,fgsm,full_test,raw,clean,0.5779548472775564,ad_data/exp031/exp031_full_20260729_174215/seediv_tcnet_seed46_fbf_fgsm.pth
seediv,tcnet,46,fbf,fgsm,full_test,raw,robust,0.10677290836653386,ad_data/exp031/exp031_full_20260729_174215/seediv_tcnet_seed46_fbf_fgsm.pth
seediv,tcnet,46,fbf,pgd,full_test,raw,clean,0.5779548472775564,ad_data/exp031/exp031_full_20260729_174215/seediv_tcnet_seed46_fbf_pgd.pth
seediv,tcnet,46,fbf,pgd,full_test,raw,robust,0.05551128818061089,ad_data/exp031/exp031_full_20260729_174215/seediv_tcnet_seed46_fbf_pgd.pth
seediv,tcnet,46,fbf,cw,full_test,raw,clean,0.5779548472775564,ad_data/exp031/exp031_full_20260729_174215/seediv_tcnet_seed46_fbf_cw.pth
seediv,tcnet,46,fbf,cw,full_test,raw,robust,0.009030544488711819,ad_data/exp031/exp031_full_20260729_174215/seediv_tcnet_seed46_fbf_cw.pth
seediv,tcnet,46,ea_forward,autoattack,full_test,raw,clean,0.26879150066401064,ad_data/exp031/exp031_full_20260729_174215/seediv_tcnet_seed46_ea_forward_autoattack.pth
seediv,tcnet,46,ea_forward,autoattack,full_test,raw,robust,0.19123505976095617,ad_data/exp031/exp031_full_20260729_174215/seediv_tcnet_seed46_ea_forward_autoattack.pth
seediv,tcnet,46,ea_forward,fgsm,full_test,raw,clean,0.2685258964143426,ad_data/exp031/exp031_full_20260729_174215/seediv_tcnet_seed46_ea_forward_fgsm.pth
seediv,tcnet,46,ea_forward,fgsm,full_test,raw,robust,0.26347941567065075,ad_data/exp031/exp031_full_20260729_174215/seediv_tcnet_seed46_ea_forward_fgsm.pth
seediv,tcnet,46,ea_forward,pgd,full_test,raw,clean,0.2685258964143426,ad_data/exp031/exp031_full_20260729_174215/seediv_tcnet_seed46_ea_forward_pgd.pth
seediv,tcnet,46,ea_forward,pgd,full_test,raw,robust,0.14342629482071714,ad_data/exp031/exp031_full_20260729_174215/seediv_tcnet_seed46_ea_forward_pgd.pth
seediv,tcnet,46,ea_forward,cw,full_test,raw,clean,0.2685258964143426,ad_data/exp031/exp031_full_20260729_174215/seediv_tcnet_seed46_ea_forward_cw.pth
seediv,tcnet,46,ea_forward,cw,full_test,raw,robust,0.16308100929614874,ad_data/exp031/exp031_full_20260729_174215/seediv_tcnet_seed46_ea_forward_cw.pth
seediv,tcnet,46,rpcf_at,autoattack,full_test,raw,clean,0.42895086321381143,ad_data/exp031/exp031_full_20260729_174215/seediv_tcnet_seed46_rpcf_at_autoattack.pth
seediv,tcnet,46,rpcf_at,autoattack,full_test,raw,robust,0.29880478087649404,ad_data/exp031/exp031_full_20260729_174215/seediv_tcnet_seed46_rpcf_at_autoattack.pth
seediv,tcnet,46,rpcf_at,fgsm,full_test,raw,clean,0.42895086321381143,ad_data/exp031/exp031_full_20260729_174215/seediv_tcnet_seed46_rpcf_at_fgsm.pth
seediv,tcnet,46,rpcf_at,fgsm,full_test,raw,robust,0.3290836653386454,ad_data/exp031/exp031_full_20260729_174215/seediv_tcnet_seed46_rpcf_at_fgsm.pth
seediv,tcnet,46,rpcf_at,pgd,full_test,raw,clean,0.42895086321381143,ad_data/exp031/exp031_full_20260729_174215/seediv_tcnet_seed46_rpcf_at_pgd.pth
seediv,tcnet,46,rpcf_at,pgd,full_test,raw,robust,0.3203187250996016,ad_data/exp031/exp031_full_20260729_174215/seediv_tcnet_seed46_rpcf_at_pgd.pth
seediv,tcnet,46,rpcf_at,cw,full_test,raw,clean,0.42895086321381143,ad_data/exp031/exp031_full_20260729_174215/seediv_tcnet_seed46_rpcf_at_cw.pth
seediv,tcnet,46,rpcf_at,cw,full_test,raw,robust,0.005577689243027889,ad_data/exp031/exp031_full_20260729_174215/seediv_tcnet_seed46_rpcf_at_cw.pth
bciciv2a,eegnet,42,madry,autoattack,full_test,raw,clean,0.49233716475095785,ad_data/exp031/exp031_full_20260729_174215/bciciv2a_eegnet_seed42_madry_autoattack.pth
bciciv2a,eegnet,42,madry,autoattack,full_test,raw,robust,0.28735632183908044,ad_data/exp031/exp031_full_20260729_174215/bciciv2a_eegnet_seed42_madry_autoattack.pth
bciciv2a,eegnet,42,madry,fgsm,full_test,raw,clean,0.49233716475095785,ad_data/exp031/exp031_full_20260729_174215/bciciv2a_eegnet_seed42_madry_fgsm.pth
bciciv2a,eegnet,42,madry,fgsm,full_test,raw,robust,0.31800766283524906,ad_data/exp031/exp031_full_20260729_174215/bciciv2a_eegnet_seed42_madry_fgsm.pth
bciciv2a,eegnet,42,madry,pgd,full_test,raw,clean,0.49233716475095785,ad_data/exp031/exp031_full_20260729_174215/bciciv2a_eegnet_seed42_madry_pgd.pth
bciciv2a,eegnet,42,madry,pgd,full_test,raw,robust,0.31800766283524906,ad_data/exp031/exp031_full_20260729_174215/bciciv2a_eegnet_seed42_madry_pgd.pth
bciciv2a,eegnet,42,madry,cw,full_test,raw,clean,0.49233716475095785,ad_data/exp031/exp031_full_20260729_174215/bciciv2a_eegnet_seed42_madry_cw.pth
bciciv2a,eegnet,42,madry,cw,full_test,raw,robust,0.0,ad_data/exp031/exp031_full_20260729_174215/bciciv2a_eegnet_seed42_madry_cw.pth
bciciv2a,eegnet,42,trades,autoattack,full_test,raw,clean,0.6877394636015326,ad_data/exp031/exp031_full_20260729_174215/bciciv2a_eegnet_seed42_trades_autoattack.pth
bciciv2a,eegnet,42,trades,autoattack,full_test,raw,robust,0.04597701149425287,ad_data/exp031/exp031_full_20260729_174215/bciciv2a_eegnet_seed42_trades_autoattack.pth
bciciv2a,eegnet,42,trades,fgsm,full_test,raw,clean,0.6877394636015326,ad_data/exp031/exp031_full_20260729_174215/bciciv2a_eegnet_seed42_trades_fgsm.pth
bciciv2a,eegnet,42,trades,fgsm,full_test,raw,robust,0.06130268199233716,ad_data/exp031/exp031_full_20260729_174215/bciciv2a_eegnet_seed42_trades_fgsm.pth
bciciv2a,eegnet,42,trades,pgd,full_test,raw,clean,0.6877394636015326,ad_data/exp031/exp031_full_20260729_174215/bciciv2a_eegnet_seed42_trades_pgd.pth
bciciv2a,eegnet,42,trades,pgd,full_test,raw,robust,0.04980842911877394,ad_data/exp031/exp031_full_20260729_174215/bciciv2a_eegnet_seed42_trades_pgd.pth
bciciv2a,eegnet,42,trades,cw,full_test,raw,clean,0.6877394636015326,ad_data/exp031/exp031_full_20260729_174215/bciciv2a_eegnet_seed42_trades_cw.pth
bciciv2a,eegnet,42,trades,cw,full_test,raw,robust,0.0,ad_data/exp031/exp031_full_20260729_174215/bciciv2a_eegnet_seed42_trades_cw.pth
bciciv2a,eegnet,42,fbf,autoattack,full_test,raw,clean,0.6992337164750958,ad_data/exp031/exp031_full_20260729_174215/bciciv2a_eegnet_seed42_fbf_autoattack.pth
bciciv2a,eegnet,42,fbf,autoattack,full_test,raw,robust,0.05938697318007663,ad_data/exp031/exp031_full_20260729_174215/bciciv2a_eegnet_seed42_fbf_autoattack.pth
bciciv2a,eegnet,42,fbf,fgsm,full_test,raw,clean,0.6992337164750958,ad_data/exp031/exp031_full_20260729_174215/bciciv2a_eegnet_seed42_fbf_fgsm.pth
bciciv2a,eegnet,42,fbf,fgsm,full_test,raw,robust,0.06704980842911877,ad_data/exp031/exp031_full_20260729_174215/bciciv2a_eegnet_seed42_fbf_fgsm.pth
bciciv2a,eegnet,42,fbf,pgd,full_test,raw,clean,0.6992337164750958,ad_data/exp031/exp031_full_20260729_174215/bciciv2a_eegnet_seed42_fbf_pgd.pth
bciciv2a,eegnet,42,fbf,pgd,full_test,raw,robust,0.06513409961685823,ad_data/exp031/exp031_full_20260729_174215/bciciv2a_eegnet_seed42_fbf_pgd.pth
bciciv2a,eegnet,42,fbf,cw,full_test,raw,clean,0.6992337164750958,ad_data/exp031/exp031_full_20260729_174215/bciciv2a_eegnet_seed42_fbf_cw.pth
bciciv2a,eegnet,42,fbf,cw,full_test,raw,robust,0.0,ad_data/exp031/exp031_full_20260729_174215/bciciv2a_eegnet_seed42_fbf_cw.pth
bciciv2a,eegnet,42,ea_forward,autoattack,full_test,raw,clean,0.32375478927203066,ad_data/exp031/exp031_full_20260729_174215/bciciv2a_eegnet_seed42_ea_forward_autoattack.pth
bciciv2a,eegnet,42,ea_forward,autoattack,full_test,raw,robust,0.007662835249042145,ad_data/exp031/exp031_full_20260729_174215/bciciv2a_eegnet_seed42_ea_forward_autoattack.pth
bciciv2a,eegnet,42,ea_forward,fgsm,full_test,raw,clean,0.31800766283524906,ad_data/exp031/exp031_full_20260729_174215/bciciv2a_eegnet_seed42_ea_forward_fgsm.pth
bciciv2a,eegnet,42,ea_forward,fgsm,full_test,raw,robust,0.0,ad_data/exp031/exp031_full_20260729_174215/bciciv2a_eegnet_seed42_ea_forward_fgsm.pth
bciciv2a,eegnet,42,ea_forward,pgd,full_test,raw,clean,0.31800766283524906,ad_data/exp031/exp031_full_20260729_174215/bciciv2a_eegnet_seed42_ea_forward_pgd.pth
bciciv2a,eegnet,42,ea_forward,pgd,full_test,raw,robust,0.0,ad_data/exp031/exp031_full_20260729_174215/bciciv2a_eegnet_seed42_ea_forward_pgd.pth
bciciv2a,eegnet,42,ea_forward,cw,full_test,raw,clean,0.31800766283524906,ad_data/exp031/exp031_full_20260729_174215/bciciv2a_eegnet_seed42_ea_forward_cw.pth
bciciv2a,eegnet,42,ea_forward,cw,full_test,raw,robust,0.2471264367816092,ad_data/exp031/exp031_full_20260729_174215/bciciv2a_eegnet_seed42_ea_forward_cw.pth
bciciv2a,eegnet,42,rpcf_at,autoattack,full_test,raw,clean,0.5019157088122606,ad_data/exp031/exp031_full_20260729_174215/bciciv2a_eegnet_seed42_rpcf_at_autoattack.pth
bciciv2a,eegnet,42,rpcf_at,autoattack,full_test,raw,robust,0.27011494252873564,ad_data/exp031/exp031_full_20260729_174215/bciciv2a_eegnet_seed42_rpcf_at_autoattack.pth
bciciv2a,eegnet,42,rpcf_at,fgsm,full_test,raw,clean,0.5019157088122606,ad_data/exp031/exp031_full_20260729_174215/bciciv2a_eegnet_seed42_rpcf_at_fgsm.pth
bciciv2a,eegnet,42,rpcf_at,fgsm,full_test,raw,robust,0.289272030651341,ad_data/exp031/exp031_full_20260729_174215/bciciv2a_eegnet_seed42_rpcf_at_fgsm.pth
bciciv2a,eegnet,42,rpcf_at,pgd,full_test,raw,clean,0.5019157088122606,ad_data/exp031/exp031_full_20260729_174215/bciciv2a_eegnet_seed42_rpcf_at_pgd.pth
bciciv2a,eegnet,42,rpcf_at,pgd,full_test,raw,robust,0.29118773946360155,ad_data/exp031/exp031_full_20260729_174215/bciciv2a_eegnet_seed42_rpcf_at_pgd.pth
bciciv2a,eegnet,42,rpcf_at,cw,full_test,raw,clean,0.5019157088122606,ad_data/exp031/exp031_full_20260729_174215/bciciv2a_eegnet_seed42_rpcf_at_cw.pth
bciciv2a,eegnet,42,rpcf_at,cw,full_test,raw,robust,0.0,ad_data/exp031/exp031_full_20260729_174215/bciciv2a_eegnet_seed42_rpcf_at_cw.pth
bciciv2a,eegnet,43,madry,autoattack,full_test,raw,clean,0.4540229885057471,ad_data/exp031/exp031_full_20260729_174215/bciciv2a_eegnet_seed43_madry_autoattack.pth
bciciv2a,eegnet,43,madry,autoattack,full_test,raw,robust,0.2413793103448276,ad_data/exp031/exp031_full_20260729_174215/bciciv2a_eegnet_seed43_madry_autoattack.pth
bciciv2a,eegnet,43,madry,fgsm,full_test,raw,clean,0.4540229885057471,ad_data/exp031/exp031_full_20260729_174215/bciciv2a_eegnet_seed43_madry_fgsm.pth
bciciv2a,eegnet,43,madry,fgsm,full_test,raw,robust,0.2662835249042146,ad_data/exp031/exp031_full_20260729_174215/bciciv2a_eegnet_seed43_madry_fgsm.pth
bciciv2a,eegnet,43,madry,pgd,full_test,raw,clean,0.4540229885057471,ad_data/exp031/exp031_full_20260729_174215/bciciv2a_eegnet_seed43_madry_pgd.pth
bciciv2a,eegnet,43,madry,pgd,full_test,raw,robust,0.2681992337164751,ad_data/exp031/exp031_full_20260729_174215/bciciv2a_eegnet_seed43_madry_pgd.pth
bciciv2a,eegnet,43,madry,cw,full_test,raw,clean,0.4540229885057471,ad_data/exp031/exp031_full_20260729_174215/bciciv2a_eegnet_seed43_madry_cw.pth
bciciv2a,eegnet,43,madry,cw,full_test,raw,robust,0.0,ad_data/exp031/exp031_full_20260729_174215/bciciv2a_eegnet_seed43_madry_cw.pth
bciciv2a,eegnet,43,trades,autoattack,full_test,raw,clean,0.6954022988505747,ad_data/exp031/exp031_full_20260729_174215/bciciv2a_eegnet_seed43_trades_autoattack.pth
bciciv2a,eegnet,43,trades,autoattack,full_test,raw,robust,0.032567049808429116,ad_data/exp031/exp031_full_20260729_174215/bciciv2a_eegnet_seed43_trades_autoattack.pth
bciciv2a,eegnet,43,trades,fgsm,full_test,raw,clean,0.6954022988505747,ad_data/exp031/exp031_full_20260729_174215/bciciv2a_eegnet_seed43_trades_fgsm.pth
bciciv2a,eegnet,43,trades,fgsm,full_test,raw,robust,0.04597701149425287,ad_data/exp031/exp031_full_20260729_174215/bciciv2a_eegnet_seed43_trades_fgsm.pth
bciciv2a,eegnet,43,trades,pgd,full_test,raw,clean,0.6954022988505747,ad_data/exp031/exp031_full_20260729_174215/bciciv2a_eegnet_seed43_trades_pgd.pth
bciciv2a,eegnet,43,trades,pgd,full_test,raw,robust,0.034482758620689655,ad_data/exp031/exp031_full_20260729_174215/bciciv2a_eegnet_seed43_trades_pgd.pth
bciciv2a,eegnet,43,trades,cw,full_test,raw,clean,0.6954022988505747,ad_data/exp031/exp031_full_20260729_174215/bciciv2a_eegnet_seed43_trades_cw.pth
bciciv2a,eegnet,43,trades,cw,full_test,raw,robust,0.0,ad_data/exp031/exp031_full_20260729_174215/bciciv2a_eegnet_seed43_trades_cw.pth
bciciv2a,eegnet,43,fbf,autoattack,full_test,raw,clean,0.6609195402298851,ad_data/exp031/exp031_full_20260729_174215/bciciv2a_eegnet_seed43_fbf_autoattack.pth
bciciv2a,eegnet,43,fbf,autoattack,full_test,raw,robust,0.07662835249042145,ad_data/exp031/exp031_full_20260729_174215/bciciv2a_eegnet_seed43_fbf_autoattack.pth
bciciv2a,eegnet,43,fbf,fgsm,full_test,raw,clean,0.6609195402298851,ad_data/exp031/exp031_full_20260729_174215/bciciv2a_eegnet_seed43_fbf_fgsm.pth
bciciv2a,eegnet,43,fbf,fgsm,full_test,raw,robust,0.09195402298850575,ad_data/exp031/exp031_full_20260729_174215/bciciv2a_eegnet_seed43_fbf_fgsm.pth
bciciv2a,eegnet,43,fbf,pgd,full_test,raw,clean,0.6609195402298851,ad_data/exp031/exp031_full_20260729_174215/bciciv2a_eegnet_seed43_fbf_pgd.pth
bciciv2a,eegnet,43,fbf,pgd,full_test,raw,robust,0.07854406130268199,ad_data/exp031/exp031_full_20260729_174215/bciciv2a_eegnet_seed43_fbf_pgd.pth
bciciv2a,eegnet,43,fbf,cw,full_test,raw,clean,0.6609195402298851,ad_data/exp031/exp031_full_20260729_174215/bciciv2a_eegnet_seed43_fbf_cw.pth
bciciv2a,eegnet,43,fbf,cw,full_test,raw,robust,0.0,ad_data/exp031/exp031_full_20260729_174215/bciciv2a_eegnet_seed43_fbf_cw.pth
bciciv2a,eegnet,43,ea_forward,autoattack,full_test,raw,clean,0.30842911877394635,ad_data/exp031/exp031_full_20260729_174215/bciciv2a_eegnet_seed43_ea_forward_autoattack.pth
bciciv2a,eegnet,43,ea_forward,autoattack,full_test,raw,robust,0.005747126436781609,ad_data/exp031/exp031_full_20260729_174215/bciciv2a_eegnet_seed43_ea_forward_autoattack.pth
bciciv2a,eegnet,43,ea_forward,fgsm,full_test,raw,clean,0.30842911877394635,ad_data/exp031/exp031_full_20260729_174215/bciciv2a_eegnet_seed43_ea_forward_fgsm.pth
bciciv2a,eegnet,43,ea_forward,fgsm,full_test,raw,robust,0.0,ad_data/exp031/exp031_full_20260729_174215/bciciv2a_eegnet_seed43_ea_forward_fgsm.pth
bciciv2a,eegnet,43,ea_forward,pgd,full_test,raw,clean,0.30842911877394635,ad_data/exp031/exp031_full_20260729_174215/bciciv2a_eegnet_seed43_ea_forward_pgd.pth
bciciv2a,eegnet,43,ea_forward,pgd,full_test,raw,robust,0.0,ad_data/exp031/exp031_full_20260729_174215/bciciv2a_eegnet_seed43_ea_forward_pgd.pth
bciciv2a,eegnet,43,ea_forward,cw,full_test,raw,clean,0.30842911877394635,ad_data/exp031/exp031_full_20260729_174215/bciciv2a_eegnet_seed43_ea_forward_cw.pth
bciciv2a,eegnet,43,ea_forward,cw,full_test,raw,robust,0.2835249042145594,ad_data/exp031/exp031_full_20260729_174215/bciciv2a_eegnet_seed43_ea_forward_cw.pth
bciciv2a,eegnet,43,rpcf_at,autoattack,full_test,raw,clean,0.4521072796934866,ad_data/exp031/exp031_full_20260729_174215/bciciv2a_eegnet_seed43_rpcf_at_autoattack.pth
bciciv2a,eegnet,43,rpcf_at,autoattack,full_test,raw,robust,0.23563218390804597,ad_data/exp031/exp031_full_20260729_174215/bciciv2a_eegnet_seed43_rpcf_at_autoattack.pth
bciciv2a,eegnet,43,rpcf_at,fgsm,full_test,raw,clean,0.4521072796934866,ad_data/exp031/exp031_full_20260729_174215/bciciv2a_eegnet_seed43_rpcf_at_fgsm.pth
bciciv2a,eegnet,43,rpcf_at,fgsm,full_test,raw,robust,0.2509578544061303,ad_data/exp031/exp031_full_20260729_174215/bciciv2a_eegnet_seed43_rpcf_at_fgsm.pth
bciciv2a,eegnet,43,rpcf_at,pgd,full_test,raw,clean,0.4521072796934866,ad_data/exp031/exp031_full_20260729_174215/bciciv2a_eegnet_seed43_rpcf_at_pgd.pth
bciciv2a,eegnet,43,rpcf_at,pgd,full_test,raw,robust,0.25287356321839083,ad_data/exp031/exp031_full_20260729_174215/bciciv2a_eegnet_seed43_rpcf_at_pgd.pth
bciciv2a,eegnet,43,rpcf_at,cw,full_test,raw,clean,0.4521072796934866,ad_data/exp031/exp031_full_20260729_174215/bciciv2a_eegnet_seed43_rpcf_at_cw.pth
bciciv2a,eegnet,43,rpcf_at,cw,full_test,raw,robust,0.0,ad_data/exp031/exp031_full_20260729_174215/bciciv2a_eegnet_seed43_rpcf_at_cw.pth
bciciv2a,eegnet,44,madry,autoattack,full_test,raw,clean,0.5383141762452107,ad_data/exp031/exp031_full_20260729_174215/bciciv2a_eegnet_seed44_madry_autoattack.pth
bciciv2a,eegnet,44,madry,autoattack,full_test,raw,robust,0.2547892720306513,ad_data/exp031/exp031_full_20260729_174215/bciciv2a_eegnet_seed44_madry_autoattack.pth
bciciv2a,eegnet,44,madry,fgsm,full_test,raw,clean,0.5383141762452107,ad_data/exp031/exp031_full_20260729_174215/bciciv2a_eegnet_seed44_madry_fgsm.pth
bciciv2a,eegnet,44,madry,fgsm,full_test,raw,robust,0.2739463601532567,ad_data/exp031/exp031_full_20260729_174215/bciciv2a_eegnet_seed44_madry_fgsm.pth
bciciv2a,eegnet,44,madry,pgd,full_test,raw,clean,0.5383141762452107,ad_data/exp031/exp031_full_20260729_174215/bciciv2a_eegnet_seed44_madry_pgd.pth
bciciv2a,eegnet,44,madry,pgd,full_test,raw,robust,0.2720306513409962,ad_data/exp031/exp031_full_20260729_174215/bciciv2a_eegnet_seed44_madry_pgd.pth
bciciv2a,eegnet,44,madry,cw,full_test,raw,clean,0.5383141762452107,ad_data/exp031/exp031_full_20260729_174215/bciciv2a_eegnet_seed44_madry_cw.pth
bciciv2a,eegnet,44,madry,cw,full_test,raw,robust,0.0,ad_data/exp031/exp031_full_20260729_174215/bciciv2a_eegnet_seed44_madry_cw.pth
bciciv2a,eegnet,44,trades,autoattack,full_test,raw,clean,0.6704980842911877,ad_data/exp031/exp031_full_20260729_174215/bciciv2a_eegnet_seed44_trades_autoattack.pth
bciciv2a,eegnet,44,trades,autoattack,full_test,raw,robust,0.034482758620689655,ad_data/exp031/exp031_full_20260729_174215/bciciv2a_eegnet_seed44_trades_autoattack.pth
bciciv2a,eegnet,44,trades,fgsm,full_test,raw,clean,0.6704980842911877,ad_data/exp031/exp031_full_20260729_174215/bciciv2a_eegnet_seed44_trades_fgsm.pth
bciciv2a,eegnet,44,trades,fgsm,full_test,raw,robust,0.04789272030651341,ad_data/exp031/exp031_full_20260729_174215/bciciv2a_eegnet_seed44_trades_fgsm.pth
bciciv2a,eegnet,44,trades,pgd,full_test,raw,clean,0.6704980842911877,ad_data/exp031/exp031_full_20260729_174215/bciciv2a_eegnet_seed44_trades_pgd.pth
bciciv2a,eegnet,44,trades,pgd,full_test,raw,robust,0.038314176245210725,ad_data/exp031/exp031_full_20260729_174215/bciciv2a_eegnet_seed44_trades_pgd.pth
bciciv2a,eegnet,44,trades,cw,full_test,raw,clean,0.6704980842911877,ad_data/exp031/exp031_full_20260729_174215/bciciv2a_eegnet_seed44_trades_cw.pth
bciciv2a,eegnet,44,trades,cw,full_test,raw,robust,0.0,ad_data/exp031/exp031_full_20260729_174215/bciciv2a_eegnet_seed44_trades_cw.pth
bciciv2a,eegnet,44,fbf,autoattack,full_test,raw,clean,0.6551724137931034,ad_data/exp031/exp031_full_20260729_174215/bciciv2a_eegnet_seed44_fbf_autoattack.pth
bciciv2a,eegnet,44,fbf,autoattack,full_test,raw,robust,0.05555555555555555,ad_data/exp031/exp031_full_20260729_174215/bciciv2a_eegnet_seed44_fbf_autoattack.pth
bciciv2a,eegnet,44,fbf,fgsm,full_test,raw,clean,0.6551724137931034,ad_data/exp031/exp031_full_20260729_174215/bciciv2a_eegnet_seed44_fbf_fgsm.pth
bciciv2a,eegnet,44,fbf,fgsm,full_test,raw,robust,0.07471264367816093,ad_data/exp031/exp031_full_20260729_174215/bciciv2a_eegnet_seed44_fbf_fgsm.pth
bciciv2a,eegnet,44,fbf,pgd,full_test,raw,clean,0.6551724137931034,ad_data/exp031/exp031_full_20260729_174215/bciciv2a_eegnet_seed44_fbf_pgd.pth
bciciv2a,eegnet,44,fbf,pgd,full_test,raw,robust,0.06130268199233716,ad_data/exp031/exp031_full_20260729_174215/bciciv2a_eegnet_seed44_fbf_pgd.pth
bciciv2a,eegnet,44,fbf,cw,full_test,raw,clean,0.6551724137931034,ad_data/exp031/exp031_full_20260729_174215/bciciv2a_eegnet_seed44_fbf_cw.pth
bciciv2a,eegnet,44,fbf,cw,full_test,raw,robust,0.0,ad_data/exp031/exp031_full_20260729_174215/bciciv2a_eegnet_seed44_fbf_cw.pth
bciciv2a,eegnet,44,ea_forward,autoattack,full_test,raw,clean,0.2835249042145594,ad_data/exp031/exp031_full_20260729_174215/bciciv2a_eegnet_seed44_ea_forward_autoattack.pth
bciciv2a,eegnet,44,ea_forward,autoattack,full_test,raw,robust,0.0,ad_data/exp031/exp031_full_20260729_174215/bciciv2a_eegnet_seed44_ea_forward_autoattack.pth
bciciv2a,eegnet,44,ea_forward,fgsm,full_test,raw,clean,0.289272030651341,ad_data/exp031/exp031_full_20260729_174215/bciciv2a_eegnet_seed44_ea_forward_fgsm.pth
bciciv2a,eegnet,44,ea_forward,fgsm,full_test,raw,robust,0.0,ad_data/exp031/exp031_full_20260729_174215/bciciv2a_eegnet_seed44_ea_forward_fgsm.pth
bciciv2a,eegnet,44,ea_forward,pgd,full_test,raw,clean,0.289272030651341,ad_data/exp031/exp031_full_20260729_174215/bciciv2a_eegnet_seed44_ea_forward_pgd.pth
bciciv2a,eegnet,44,ea_forward,pgd,full_test,raw,robust,0.0,ad_data/exp031/exp031_full_20260729_174215/bciciv2a_eegnet_seed44_ea_forward_pgd.pth
bciciv2a,eegnet,44,ea_forward,cw,full_test,raw,clean,0.289272030651341,ad_data/exp031/exp031_full_20260729_174215/bciciv2a_eegnet_seed44_ea_forward_cw.pth
bciciv2a,eegnet,44,ea_forward,cw,full_test,raw,robust,0.1685823754789272,ad_data/exp031/exp031_full_20260729_174215/bciciv2a_eegnet_seed44_ea_forward_cw.pth
bciciv2a,eegnet,44,rpcf_at,autoattack,full_test,raw,clean,0.5229885057471264,ad_data/exp031/exp031_full_20260729_174215/bciciv2a_eegnet_seed44_rpcf_at_autoattack.pth
bciciv2a,eegnet,44,rpcf_at,autoattack,full_test,raw,robust,0.24329501915708812,ad_data/exp031/exp031_full_20260729_174215/bciciv2a_eegnet_seed44_rpcf_at_autoattack.pth
bciciv2a,eegnet,44,rpcf_at,fgsm,full_test,raw,clean,0.5229885057471264,ad_data/exp031/exp031_full_20260729_174215/bciciv2a_eegnet_seed44_rpcf_at_fgsm.pth
bciciv2a,eegnet,44,rpcf_at,fgsm,full_test,raw,robust,0.26053639846743293,ad_data/exp031/exp031_full_20260729_174215/bciciv2a_eegnet_seed44_rpcf_at_fgsm.pth
bciciv2a,eegnet,44,rpcf_at,pgd,full_test,raw,clean,0.5229885057471264,ad_data/exp031/exp031_full_20260729_174215/bciciv2a_eegnet_seed44_rpcf_at_pgd.pth
bciciv2a,eegnet,44,rpcf_at,pgd,full_test,raw,robust,0.2567049808429119,ad_data/exp031/exp031_full_20260729_174215/bciciv2a_eegnet_seed44_rpcf_at_pgd.pth
bciciv2a,eegnet,44,rpcf_at,cw,full_test,raw,clean,0.5229885057471264,ad_data/exp031/exp031_full_20260729_174215/bciciv2a_eegnet_seed44_rpcf_at_cw.pth
bciciv2a,eegnet,44,rpcf_at,cw,full_test,raw,robust,0.0,ad_data/exp031/exp031_full_20260729_174215/bciciv2a_eegnet_seed44_rpcf_at_cw.pth
bciciv2a,eegnet,45,madry,autoattack,full_test,raw,clean,0.5229885057471264,ad_data/exp031/exp031_full_20260729_174215/bciciv2a_eegnet_seed45_madry_autoattack.pth
bciciv2a,eegnet,45,madry,autoattack,full_test,raw,robust,0.2950191570881226,ad_data/exp031/exp031_full_20260729_174215/bciciv2a_eegnet_seed45_madry_autoattack.pth
bciciv2a,eegnet,45,madry,fgsm,full_test,raw,clean,0.5229885057471264,ad_data/exp031/exp031_full_20260729_174215/bciciv2a_eegnet_seed45_madry_fgsm.pth
bciciv2a,eegnet,45,madry,fgsm,full_test,raw,robust,0.32567049808429116,ad_data/exp031/exp031_full_20260729_174215/bciciv2a_eegnet_seed45_madry_fgsm.pth
bciciv2a,eegnet,45,madry,pgd,full_test,raw,clean,0.5229885057471264,ad_data/exp031/exp031_full_20260729_174215/bciciv2a_eegnet_seed45_madry_pgd.pth
bciciv2a,eegnet,45,madry,pgd,full_test,raw,robust,0.32375478927203066,ad_data/exp031/exp031_full_20260729_174215/bciciv2a_eegnet_seed45_madry_pgd.pth
bciciv2a,eegnet,45,madry,cw,full_test,raw,clean,0.5229885057471264,ad_data/exp031/exp031_full_20260729_174215/bciciv2a_eegnet_seed45_madry_cw.pth
bciciv2a,eegnet,45,madry,cw,full_test,raw,robust,0.0038314176245210726,ad_data/exp031/exp031_full_20260729_174215/bciciv2a_eegnet_seed45_madry_cw.pth
bciciv2a,eegnet,45,trades,autoattack,full_test,raw,clean,0.6992337164750958,ad_data/exp031/exp031_full_20260729_174215/bciciv2a_eegnet_seed45_trades_autoattack.pth
bciciv2a,eegnet,45,trades,autoattack,full_test,raw,robust,0.034482758620689655,ad_data/exp031/exp031_full_20260729_174215/bciciv2a_eegnet_seed45_trades_autoattack.pth
bciciv2a,eegnet,45,trades,fgsm,full_test,raw,clean,0.6992337164750958,ad_data/exp031/exp031_full_20260729_174215/bciciv2a_eegnet_seed45_trades_fgsm.pth
bciciv2a,eegnet,45,trades,fgsm,full_test,raw,robust,0.04980842911877394,ad_data/exp031/exp031_full_20260729_174215/bciciv2a_eegnet_seed45_trades_fgsm.pth
bciciv2a,eegnet,45,trades,pgd,full_test,raw,clean,0.6992337164750958,ad_data/exp031/exp031_full_20260729_174215/bciciv2a_eegnet_seed45_trades_pgd.pth
bciciv2a,eegnet,45,trades,pgd,full_test,raw,robust,0.038314176245210725,ad_data/exp031/exp031_full_20260729_174215/bciciv2a_eegnet_seed45_trades_pgd.pth
bciciv2a,eegnet,45,trades,cw,full_test,raw,clean,0.6992337164750958,ad_data/exp031/exp031_full_20260729_174215/bciciv2a_eegnet_seed45_trades_cw.pth
bciciv2a,eegnet,45,trades,cw,full_test,raw,robust,0.0,ad_data/exp031/exp031_full_20260729_174215/bciciv2a_eegnet_seed45_trades_cw.pth
bciciv2a,eegnet,45,fbf,autoattack,full_test,raw,clean,0.6417624521072797,ad_data/exp031/exp031_full_20260729_174215/bciciv2a_eegnet_seed45_fbf_autoattack.pth
bciciv2a,eegnet,45,fbf,autoattack,full_test,raw,robust,0.07088122605363985,ad_data/exp031/exp031_full_20260729_174215/bciciv2a_eegnet_seed45_fbf_autoattack.pth
bciciv2a,eegnet,45,fbf,fgsm,full_test,raw,clean,0.6417624521072797,ad_data/exp031/exp031_full_20260729_174215/bciciv2a_eegnet_seed45_fbf_fgsm.pth
bciciv2a,eegnet,45,fbf,fgsm,full_test,raw,robust,0.08812260536398467,ad_data/exp031/exp031_full_20260729_174215/bciciv2a_eegnet_seed45_fbf_fgsm.pth
bciciv2a,eegnet,45,fbf,pgd,full_test,raw,clean,0.6417624521072797,ad_data/exp031/exp031_full_20260729_174215/bciciv2a_eegnet_seed45_fbf_pgd.pth
bciciv2a,eegnet,45,fbf,pgd,full_test,raw,robust,0.07088122605363985,ad_data/exp031/exp031_full_20260729_174215/bciciv2a_eegnet_seed45_fbf_pgd.pth
bciciv2a,eegnet,45,fbf,cw,full_test,raw,clean,0.6417624521072797,ad_data/exp031/exp031_full_20260729_174215/bciciv2a_eegnet_seed45_fbf_cw.pth
bciciv2a,eegnet,45,fbf,cw,full_test,raw,robust,0.0,ad_data/exp031/exp031_full_20260729_174215/bciciv2a_eegnet_seed45_fbf_cw.pth
bciciv2a,eegnet,45,ea_forward,autoattack,full_test,raw,clean,0.26053639846743293,ad_data/exp031/exp031_full_20260729_174215/bciciv2a_eegnet_seed45_ea_forward_autoattack.pth
bciciv2a,eegnet,45,ea_forward,autoattack,full_test,raw,robust,0.0019157088122605363,ad_data/exp031/exp031_full_20260729_174215/bciciv2a_eegnet_seed45_ea_forward_autoattack.pth
bciciv2a,eegnet,45,ea_forward,fgsm,full_test,raw,clean,0.2624521072796935,ad_data/exp031/exp031_full_20260729_174215/bciciv2a_eegnet_seed45_ea_forward_fgsm.pth
bciciv2a,eegnet,45,ea_forward,fgsm,full_test,raw,robust,0.0,ad_data/exp031/exp031_full_20260729_174215/bciciv2a_eegnet_seed45_ea_forward_fgsm.pth
bciciv2a,eegnet,45,ea_forward,pgd,full_test,raw,clean,0.2624521072796935,ad_data/exp031/exp031_full_20260729_174215/bciciv2a_eegnet_seed45_ea_forward_pgd.pth
bciciv2a,eegnet,45,ea_forward,pgd,full_test,raw,robust,0.0,ad_data/exp031/exp031_full_20260729_174215/bciciv2a_eegnet_seed45_ea_forward_pgd.pth
bciciv2a,eegnet,45,ea_forward,cw,full_test,raw,clean,0.2624521072796935,ad_data/exp031/exp031_full_20260729_174215/bciciv2a_eegnet_seed45_ea_forward_cw.pth
bciciv2a,eegnet,45,ea_forward,cw,full_test,raw,robust,0.15134099616858238,ad_data/exp031/exp031_full_20260729_174215/bciciv2a_eegnet_seed45_ea_forward_cw.pth
bciciv2a,eegnet,45,rpcf_at,autoattack,full_test,raw,clean,0.5095785440613027,ad_data/exp031/exp031_full_20260729_174215/bciciv2a_eegnet_seed45_rpcf_at_autoattack.pth
bciciv2a,eegnet,45,rpcf_at,autoattack,full_test,raw,robust,0.29310344827586204,ad_data/exp031/exp031_full_20260729_174215/bciciv2a_eegnet_seed45_rpcf_at_autoattack.pth
bciciv2a,eegnet,45,rpcf_at,fgsm,full_test,raw,clean,0.5095785440613027,ad_data/exp031/exp031_full_20260729_174215/bciciv2a_eegnet_seed45_rpcf_at_fgsm.pth
bciciv2a,eegnet,45,rpcf_at,fgsm,full_test,raw,robust,0.32375478927203066,ad_data/exp031/exp031_full_20260729_174215/bciciv2a_eegnet_seed45_rpcf_at_fgsm.pth
bciciv2a,eegnet,45,rpcf_at,pgd,full_test,raw,clean,0.5095785440613027,ad_data/exp031/exp031_full_20260729_174215/bciciv2a_eegnet_seed45_rpcf_at_pgd.pth
bciciv2a,eegnet,45,rpcf_at,pgd,full_test,raw,robust,0.3218390804597701,ad_data/exp031/exp031_full_20260729_174215/bciciv2a_eegnet_seed45_rpcf_at_pgd.pth
bciciv2a,eegnet,45,rpcf_at,cw,full_test,raw,clean,0.5095785440613027,ad_data/exp031/exp031_full_20260729_174215/bciciv2a_eegnet_seed45_rpcf_at_cw.pth
bciciv2a,eegnet,45,rpcf_at,cw,full_test,raw,robust,0.0,ad_data/exp031/exp031_full_20260729_174215/bciciv2a_eegnet_seed45_rpcf_at_cw.pth
bciciv2a,eegnet,46,madry,autoattack,full_test,raw,clean,0.5210727969348659,ad_data/exp031/exp031_full_20260729_174215/bciciv2a_eegnet_seed46_madry_autoattack.pth
bciciv2a,eegnet,46,madry,autoattack,full_test,raw,robust,0.29310344827586204,ad_data/exp031/exp031_full_20260729_174215/bciciv2a_eegnet_seed46_madry_autoattack.pth
bciciv2a,eegnet,46,madry,fgsm,full_test,raw,clean,0.5210727969348659,ad_data/exp031/exp031_full_20260729_174215/bciciv2a_eegnet_seed46_madry_fgsm.pth
bciciv2a,eegnet,46,madry,fgsm,full_test,raw,robust,0.32567049808429116,ad_data/exp031/exp031_full_20260729_174215/bciciv2a_eegnet_seed46_madry_fgsm.pth
bciciv2a,eegnet,46,madry,pgd,full_test,raw,clean,0.5210727969348659,ad_data/exp031/exp031_full_20260729_174215/bciciv2a_eegnet_seed46_madry_pgd.pth
bciciv2a,eegnet,46,madry,pgd,full_test,raw,robust,0.32567049808429116,ad_data/exp031/exp031_full_20260729_174215/bciciv2a_eegnet_seed46_madry_pgd.pth
bciciv2a,eegnet,46,madry,cw,full_test,raw,clean,0.5210727969348659,ad_data/exp031/exp031_full_20260729_174215/bciciv2a_eegnet_seed46_madry_cw.pth
bciciv2a,eegnet,46,madry,cw,full_test,raw,robust,0.0,ad_data/exp031/exp031_full_20260729_174215/bciciv2a_eegnet_seed46_madry_cw.pth
bciciv2a,eegnet,46,trades,autoattack,full_test,raw,clean,0.6494252873563219,ad_data/exp031/exp031_full_20260729_174215/bciciv2a_eegnet_seed46_trades_autoattack.pth
bciciv2a,eegnet,46,trades,autoattack,full_test,raw,robust,0.034482758620689655,ad_data/exp031/exp031_full_20260729_174215/bciciv2a_eegnet_seed46_trades_autoattack.pth
bciciv2a,eegnet,46,trades,fgsm,full_test,raw,clean,0.6494252873563219,ad_data/exp031/exp031_full_20260729_174215/bciciv2a_eegnet_seed46_trades_fgsm.pth
bciciv2a,eegnet,46,trades,fgsm,full_test,raw,robust,0.038314176245210725,ad_data/exp031/exp031_full_20260729_174215/bciciv2a_eegnet_seed46_trades_fgsm.pth
bciciv2a,eegnet,46,trades,pgd,full_test,raw,clean,0.6494252873563219,ad_data/exp031/exp031_full_20260729_174215/bciciv2a_eegnet_seed46_trades_pgd.pth
bciciv2a,eegnet,46,trades,pgd,full_test,raw,robust,0.03639846743295019,ad_data/exp031/exp031_full_20260729_174215/bciciv2a_eegnet_seed46_trades_pgd.pth
bciciv2a,eegnet,46,trades,cw,full_test,raw,clean,0.6494252873563219,ad_data/exp031/exp031_full_20260729_174215/bciciv2a_eegnet_seed46_trades_cw.pth
bciciv2a,eegnet,46,trades,cw,full_test,raw,robust,0.0,ad_data/exp031/exp031_full_20260729_174215/bciciv2a_eegnet_seed46_trades_cw.pth
bciciv2a,eegnet,46,fbf,autoattack,full_test,raw,clean,0.6379310344827587,ad_data/exp031/exp031_full_20260729_174215/bciciv2a_eegnet_seed46_fbf_autoattack.pth
bciciv2a,eegnet,46,fbf,autoattack,full_test,raw,robust,0.07088122605363985,ad_data/exp031/exp031_full_20260729_174215/bciciv2a_eegnet_seed46_fbf_autoattack.pth
bciciv2a,eegnet,46,fbf,fgsm,full_test,raw,clean,0.6379310344827587,ad_data/exp031/exp031_full_20260729_174215/bciciv2a_eegnet_seed46_fbf_fgsm.pth
bciciv2a,eegnet,46,fbf,fgsm,full_test,raw,robust,0.0842911877394636,ad_data/exp031/exp031_full_20260729_174215/bciciv2a_eegnet_seed46_fbf_fgsm.pth
bciciv2a,eegnet,46,fbf,pgd,full_test,raw,clean,0.6379310344827587,ad_data/exp031/exp031_full_20260729_174215/bciciv2a_eegnet_seed46_fbf_pgd.pth
bciciv2a,eegnet,46,fbf,pgd,full_test,raw,robust,0.07471264367816093,ad_data/exp031/exp031_full_20260729_174215/bciciv2a_eegnet_seed46_fbf_pgd.pth
bciciv2a,eegnet,46,fbf,cw,full_test,raw,clean,0.6379310344827587,ad_data/exp031/exp031_full_20260729_174215/bciciv2a_eegnet_seed46_fbf_cw.pth
bciciv2a,eegnet,46,fbf,cw,full_test,raw,robust,0.0,ad_data/exp031/exp031_full_20260729_174215/bciciv2a_eegnet_seed46_fbf_cw.pth
bciciv2a,eegnet,46,ea_forward,autoattack,full_test,raw,clean,0.2547892720306513,ad_data/exp031/exp031_full_20260729_174215/bciciv2a_eegnet_seed46_ea_forward_autoattack.pth
bciciv2a,eegnet,46,ea_forward,autoattack,full_test,raw,robust,0.0019157088122605363,ad_data/exp031/exp031_full_20260729_174215/bciciv2a_eegnet_seed46_ea_forward_autoattack.pth
bciciv2a,eegnet,46,ea_forward,fgsm,full_test,raw,clean,0.2624521072796935,ad_data/exp031/exp031_full_20260729_174215/bciciv2a_eegnet_seed46_ea_forward_fgsm.pth
bciciv2a,eegnet,46,ea_forward,fgsm,full_test,raw,robust,0.0,ad_data/exp031/exp031_full_20260729_174215/bciciv2a_eegnet_seed46_ea_forward_fgsm.pth
bciciv2a,eegnet,46,ea_forward,pgd,full_test,raw,clean,0.2624521072796935,ad_data/exp031/exp031_full_20260729_174215/bciciv2a_eegnet_seed46_ea_forward_pgd.pth
bciciv2a,eegnet,46,ea_forward,pgd,full_test,raw,robust,0.0,ad_data/exp031/exp031_full_20260729_174215/bciciv2a_eegnet_seed46_ea_forward_pgd.pth
bciciv2a,eegnet,46,ea_forward,cw,full_test,raw,clean,0.2624521072796935,ad_data/exp031/exp031_full_20260729_174215/bciciv2a_eegnet_seed46_ea_forward_cw.pth
bciciv2a,eegnet,46,ea_forward,cw,full_test,raw,robust,0.20114942528735633,ad_data/exp031/exp031_full_20260729_174215/bciciv2a_eegnet_seed46_ea_forward_cw.pth
bciciv2a,eegnet,46,rpcf_at,autoattack,full_test,raw,clean,0.5325670498084292,ad_data/exp031/exp031_full_20260729_174215/bciciv2a_eegnet_seed46_rpcf_at_autoattack.pth
bciciv2a,eegnet,46,rpcf_at,autoattack,full_test,raw,robust,0.2777777777777778,ad_data/exp031/exp031_full_20260729_174215/bciciv2a_eegnet_seed46_rpcf_at_autoattack.pth
bciciv2a,eegnet,46,rpcf_at,fgsm,full_test,raw,clean,0.5325670498084292,ad_data/exp031/exp031_full_20260729_174215/bciciv2a_eegnet_seed46_rpcf_at_fgsm.pth
bciciv2a,eegnet,46,rpcf_at,fgsm,full_test,raw,robust,0.3007662835249042,ad_data/exp031/exp031_full_20260729_174215/bciciv2a_eegnet_seed46_rpcf_at_fgsm.pth
bciciv2a,eegnet,46,rpcf_at,pgd,full_test,raw,clean,0.5325670498084292,ad_data/exp031/exp031_full_20260729_174215/bciciv2a_eegnet_seed46_rpcf_at_pgd.pth
bciciv2a,eegnet,46,rpcf_at,pgd,full_test,raw,robust,0.29693486590038315,ad_data/exp031/exp031_full_20260729_174215/bciciv2a_eegnet_seed46_rpcf_at_pgd.pth
bciciv2a,eegnet,46,rpcf_at,cw,full_test,raw,clean,0.5325670498084292,ad_data/exp031/exp031_full_20260729_174215/bciciv2a_eegnet_seed46_rpcf_at_cw.pth
bciciv2a,eegnet,46,rpcf_at,cw,full_test,raw,robust,0.0,ad_data/exp031/exp031_full_20260729_174215/bciciv2a_eegnet_seed46_rpcf_at_cw.pth
bciciv2a,deepconvnet,42,madry,autoattack,full_test,raw,clean,0.446360153256705,ad_data/exp031/exp031_full_20260729_174215/bciciv2a_deepconvnet_seed42_madry_autoattack.pth
bciciv2a,deepconvnet,42,madry,autoattack,full_test,raw,robust,0.13793103448275862,ad_data/exp031/exp031_full_20260729_174215/bciciv2a_deepconvnet_seed42_madry_autoattack.pth
bciciv2a,deepconvnet,42,madry,fgsm,full_test,raw,clean,0.446360153256705,ad_data/exp031/exp031_full_20260729_174215/bciciv2a_deepconvnet_seed42_madry_fgsm.pth
bciciv2a,deepconvnet,42,madry,fgsm,full_test,raw,robust,0.16475095785440613,ad_data/exp031/exp031_full_20260729_174215/bciciv2a_deepconvnet_seed42_madry_fgsm.pth
bciciv2a,deepconvnet,42,madry,pgd,full_test,raw,clean,0.446360153256705,ad_data/exp031/exp031_full_20260729_174215/bciciv2a_deepconvnet_seed42_madry_pgd.pth
bciciv2a,deepconvnet,42,madry,pgd,full_test,raw,robust,0.15900383141762453,ad_data/exp031/exp031_full_20260729_174215/bciciv2a_deepconvnet_seed42_madry_pgd.pth
bciciv2a,deepconvnet,42,madry,cw,full_test,raw,clean,0.446360153256705,ad_data/exp031/exp031_full_20260729_174215/bciciv2a_deepconvnet_seed42_madry_cw.pth
bciciv2a,deepconvnet,42,madry,cw,full_test,raw,robust,0.0,ad_data/exp031/exp031_full_20260729_174215/bciciv2a_deepconvnet_seed42_madry_cw.pth
bciciv2a,deepconvnet,42,trades,autoattack,full_test,raw,clean,0.5651340996168582,ad_data/exp031/exp031_full_20260729_174215/bciciv2a_deepconvnet_seed42_trades_autoattack.pth
bciciv2a,deepconvnet,42,trades,autoattack,full_test,raw,robust,0.040229885057471264,ad_data/exp031/exp031_full_20260729_174215/bciciv2a_deepconvnet_seed42_trades_autoattack.pth
bciciv2a,deepconvnet,42,trades,fgsm,full_test,raw,clean,0.5651340996168582,ad_data/exp031/exp031_full_20260729_174215/bciciv2a_deepconvnet_seed42_trades_fgsm.pth
bciciv2a,deepconvnet,42,trades,fgsm,full_test,raw,robust,0.044061302681992334,ad_data/exp031/exp031_full_20260729_174215/bciciv2a_deepconvnet_seed42_trades_fgsm.pth
bciciv2a,deepconvnet,42,trades,pgd,full_test,raw,clean,0.5651340996168582,ad_data/exp031/exp031_full_20260729_174215/bciciv2a_deepconvnet_seed42_trades_pgd.pth
bciciv2a,deepconvnet,42,trades,pgd,full_test,raw,robust,0.0421455938697318,ad_data/exp031/exp031_full_20260729_174215/bciciv2a_deepconvnet_seed42_trades_pgd.pth
bciciv2a,deepconvnet,42,trades,cw,full_test,raw,clean,0.5651340996168582,ad_data/exp031/exp031_full_20260729_174215/bciciv2a_deepconvnet_seed42_trades_cw.pth
bciciv2a,deepconvnet,42,trades,cw,full_test,raw,robust,0.0,ad_data/exp031/exp031_full_20260729_174215/bciciv2a_deepconvnet_seed42_trades_cw.pth
bciciv2a,deepconvnet,42,fbf,autoattack,full_test,raw,clean,0.5402298850574713,ad_data/exp031/exp031_full_20260729_174215/bciciv2a_deepconvnet_seed42_fbf_autoattack.pth
bciciv2a,deepconvnet,42,fbf,autoattack,full_test,raw,robust,0.08045977011494253,ad_data/exp031/exp031_full_20260729_174215/bciciv2a_deepconvnet_seed42_fbf_autoattack.pth
bciciv2a,deepconvnet,42,fbf,fgsm,full_test,raw,clean,0.5402298850574713,ad_data/exp031/exp031_full_20260729_174215/bciciv2a_deepconvnet_seed42_fbf_fgsm.pth
bciciv2a,deepconvnet,42,fbf,fgsm,full_test,raw,robust,0.09770114942528736,ad_data/exp031/exp031_full_20260729_174215/bciciv2a_deepconvnet_seed42_fbf_fgsm.pth
bciciv2a,deepconvnet,42,fbf,pgd,full_test,raw,clean,0.5402298850574713,ad_data/exp031/exp031_full_20260729_174215/bciciv2a_deepconvnet_seed42_fbf_pgd.pth
bciciv2a,deepconvnet,42,fbf,pgd,full_test,raw,robust,0.08620689655172414,ad_data/exp031/exp031_full_20260729_174215/bciciv2a_deepconvnet_seed42_fbf_pgd.pth
bciciv2a,deepconvnet,42,fbf,cw,full_test,raw,clean,0.5402298850574713,ad_data/exp031/exp031_full_20260729_174215/bciciv2a_deepconvnet_seed42_fbf_cw.pth
bciciv2a,deepconvnet,42,fbf,cw,full_test,raw,robust,0.0,ad_data/exp031/exp031_full_20260729_174215/bciciv2a_deepconvnet_seed42_fbf_cw.pth
bciciv2a,deepconvnet,42,ea_forward,autoattack,full_test,raw,clean,0.4674329501915709,ad_data/exp031/exp031_full_20260729_174215/bciciv2a_deepconvnet_seed42_ea_forward_autoattack.pth
bciciv2a,deepconvnet,42,ea_forward,autoattack,full_test,raw,robust,0.05363984674329502,ad_data/exp031/exp031_full_20260729_174215/bciciv2a_deepconvnet_seed42_ea_forward_autoattack.pth
bciciv2a,deepconvnet,42,ea_forward,fgsm,full_test,raw,clean,0.4846743295019157,ad_data/exp031/exp031_full_20260729_174215/bciciv2a_deepconvnet_seed42_ea_forward_fgsm.pth
bciciv2a,deepconvnet,42,ea_forward,fgsm,full_test,raw,robust,0.0019157088122605363,ad_data/exp031/exp031_full_20260729_174215/bciciv2a_deepconvnet_seed42_ea_forward_fgsm.pth
bciciv2a,deepconvnet,42,ea_forward,pgd,full_test,raw,clean,0.4846743295019157,ad_data/exp031/exp031_full_20260729_174215/bciciv2a_deepconvnet_seed42_ea_forward_pgd.pth
bciciv2a,deepconvnet,42,ea_forward,pgd,full_test,raw,robust,0.0,ad_data/exp031/exp031_full_20260729_174215/bciciv2a_deepconvnet_seed42_ea_forward_pgd.pth
bciciv2a,deepconvnet,42,ea_forward,cw,full_test,raw,clean,0.4846743295019157,ad_data/exp031/exp031_full_20260729_174215/bciciv2a_deepconvnet_seed42_ea_forward_cw.pth
bciciv2a,deepconvnet,42,ea_forward,cw,full_test,raw,robust,0.0,ad_data/exp031/exp031_full_20260729_174215/bciciv2a_deepconvnet_seed42_ea_forward_cw.pth
bciciv2a,deepconvnet,42,rpcf_at,autoattack,full_test,raw,clean,0.4386973180076628,ad_data/exp031/exp031_full_20260729_174215/bciciv2a_deepconvnet_seed42_rpcf_at_autoattack.pth
bciciv2a,deepconvnet,42,rpcf_at,autoattack,full_test,raw,robust,0.11494252873563218,ad_data/exp031/exp031_full_20260729_174215/bciciv2a_deepconvnet_seed42_rpcf_at_autoattack.pth
bciciv2a,deepconvnet,42,rpcf_at,fgsm,full_test,raw,clean,0.4386973180076628,ad_data/exp031/exp031_full_20260729_174215/bciciv2a_deepconvnet_seed42_rpcf_at_fgsm.pth
bciciv2a,deepconvnet,42,rpcf_at,fgsm,full_test,raw,robust,0.1417624521072797,ad_data/exp031/exp031_full_20260729_174215/bciciv2a_deepconvnet_seed42_rpcf_at_fgsm.pth
bciciv2a,deepconvnet,42,rpcf_at,pgd,full_test,raw,clean,0.4386973180076628,ad_data/exp031/exp031_full_20260729_174215/bciciv2a_deepconvnet_seed42_rpcf_at_pgd.pth
bciciv2a,deepconvnet,42,rpcf_at,pgd,full_test,raw,robust,0.12643678160919541,ad_data/exp031/exp031_full_20260729_174215/bciciv2a_deepconvnet_seed42_rpcf_at_pgd.pth
bciciv2a,deepconvnet,42,rpcf_at,cw,full_test,raw,clean,0.4386973180076628,ad_data/exp031/exp031_full_20260729_174215/bciciv2a_deepconvnet_seed42_rpcf_at_cw.pth
bciciv2a,deepconvnet,42,rpcf_at,cw,full_test,raw,robust,0.0,ad_data/exp031/exp031_full_20260729_174215/bciciv2a_deepconvnet_seed42_rpcf_at_cw.pth
bciciv2a,deepconvnet,43,madry,autoattack,full_test,raw,clean,0.40229885057471265,ad_data/exp031/exp031_full_20260729_174215/bciciv2a_deepconvnet_seed43_madry_autoattack.pth
bciciv2a,deepconvnet,43,madry,autoattack,full_test,raw,robust,0.16475095785440613,ad_data/exp031/exp031_full_20260729_174215/bciciv2a_deepconvnet_seed43_madry_autoattack.pth
bciciv2a,deepconvnet,43,madry,fgsm,full_test,raw,clean,0.40229885057471265,ad_data/exp031/exp031_full_20260729_174215/bciciv2a_deepconvnet_seed43_madry_fgsm.pth
bciciv2a,deepconvnet,43,madry,fgsm,full_test,raw,robust,0.19540229885057472,ad_data/exp031/exp031_full_20260729_174215/bciciv2a_deepconvnet_seed43_madry_fgsm.pth
bciciv2a,deepconvnet,43,madry,pgd,full_test,raw,clean,0.40229885057471265,ad_data/exp031/exp031_full_20260729_174215/bciciv2a_deepconvnet_seed43_madry_pgd.pth
bciciv2a,deepconvnet,43,madry,pgd,full_test,raw,robust,0.1896551724137931,ad_data/exp031/exp031_full_20260729_174215/bciciv2a_deepconvnet_seed43_madry_pgd.pth
bciciv2a,deepconvnet,43,madry,cw,full_test,raw,clean,0.40229885057471265,ad_data/exp031/exp031_full_20260729_174215/bciciv2a_deepconvnet_seed43_madry_cw.pth
bciciv2a,deepconvnet,43,madry,cw,full_test,raw,robust,0.0,ad_data/exp031/exp031_full_20260729_174215/bciciv2a_deepconvnet_seed43_madry_cw.pth
bciciv2a,deepconvnet,43,trades,autoattack,full_test,raw,clean,0.5498084291187739,ad_data/exp031/exp031_full_20260729_174215/bciciv2a_deepconvnet_seed43_trades_autoattack.pth
bciciv2a,deepconvnet,43,trades,autoattack,full_test,raw,robust,0.05747126436781609,ad_data/exp031/exp031_full_20260729_174215/bciciv2a_deepconvnet_seed43_trades_autoattack.pth
bciciv2a,deepconvnet,43,trades,fgsm,full_test,raw,clean,0.5498084291187739,ad_data/exp031/exp031_full_20260729_174215/bciciv2a_deepconvnet_seed43_trades_fgsm.pth
bciciv2a,deepconvnet,43,trades,fgsm,full_test,raw,robust,0.07088122605363985,ad_data/exp031/exp031_full_20260729_174215/bciciv2a_deepconvnet_seed43_trades_fgsm.pth
bciciv2a,deepconvnet,43,trades,pgd,full_test,raw,clean,0.5498084291187739,ad_data/exp031/exp031_full_20260729_174215/bciciv2a_deepconvnet_seed43_trades_pgd.pth
bciciv2a,deepconvnet,43,trades,pgd,full_test,raw,robust,0.05747126436781609,ad_data/exp031/exp031_full_20260729_174215/bciciv2a_deepconvnet_seed43_trades_pgd.pth
bciciv2a,deepconvnet,43,trades,cw,full_test,raw,clean,0.5498084291187739,ad_data/exp031/exp031_full_20260729_174215/bciciv2a_deepconvnet_seed43_trades_cw.pth
bciciv2a,deepconvnet,43,trades,cw,full_test,raw,robust,0.0,ad_data/exp031/exp031_full_20260729_174215/bciciv2a_deepconvnet_seed43_trades_cw.pth
bciciv2a,deepconvnet,43,fbf,autoattack,full_test,raw,clean,0.5191570881226054,ad_data/exp031/exp031_full_20260729_174215/bciciv2a_deepconvnet_seed43_fbf_autoattack.pth
bciciv2a,deepconvnet,43,fbf,autoattack,full_test,raw,robust,0.10153256704980843,ad_data/exp031/exp031_full_20260729_174215/bciciv2a_deepconvnet_seed43_fbf_autoattack.pth
bciciv2a,deepconvnet,43,fbf,fgsm,full_test,raw,clean,0.5191570881226054,ad_data/exp031/exp031_full_20260729_174215/bciciv2a_deepconvnet_seed43_fbf_fgsm.pth
bciciv2a,deepconvnet,43,fbf,fgsm,full_test,raw,robust,0.1206896551724138,ad_data/exp031/exp031_full_20260729_174215/bciciv2a_deepconvnet_seed43_fbf_fgsm.pth
bciciv2a,deepconvnet,43,fbf,pgd,full_test,raw,clean,0.5191570881226054,ad_data/exp031/exp031_full_20260729_174215/bciciv2a_deepconvnet_seed43_fbf_pgd.pth
bciciv2a,deepconvnet,43,fbf,pgd,full_test,raw,robust,0.11302681992337164,ad_data/exp031/exp031_full_20260729_174215/bciciv2a_deepconvnet_seed43_fbf_pgd.pth
bciciv2a,deepconvnet,43,fbf,cw,full_test,raw,clean,0.5191570881226054,ad_data/exp031/exp031_full_20260729_174215/bciciv2a_deepconvnet_seed43_fbf_cw.pth
bciciv2a,deepconvnet,43,fbf,cw,full_test,raw,robust,0.0,ad_data/exp031/exp031_full_20260729_174215/bciciv2a_deepconvnet_seed43_fbf_cw.pth
bciciv2a,deepconvnet,43,ea_forward,autoattack,full_test,raw,clean,0.46360153256704983,ad_data/exp031/exp031_full_20260729_174215/bciciv2a_deepconvnet_seed43_ea_forward_autoattack.pth
bciciv2a,deepconvnet,43,ea_forward,autoattack,full_test,raw,robust,0.0421455938697318,ad_data/exp031/exp031_full_20260729_174215/bciciv2a_deepconvnet_seed43_ea_forward_autoattack.pth
bciciv2a,deepconvnet,43,ea_forward,fgsm,full_test,raw,clean,0.4559386973180077,ad_data/exp031/exp031_full_20260729_174215/bciciv2a_deepconvnet_seed43_ea_forward_fgsm.pth
bciciv2a,deepconvnet,43,ea_forward,fgsm,full_test,raw,robust,0.017241379310344827,ad_data/exp031/exp031_full_20260729_174215/bciciv2a_deepconvnet_seed43_ea_forward_fgsm.pth
bciciv2a,deepconvnet,43,ea_forward,pgd,full_test,raw,clean,0.4559386973180077,ad_data/exp031/exp031_full_20260729_174215/bciciv2a_deepconvnet_seed43_ea_forward_pgd.pth
bciciv2a,deepconvnet,43,ea_forward,pgd,full_test,raw,robust,0.0,ad_data/exp031/exp031_full_20260729_174215/bciciv2a_deepconvnet_seed43_ea_forward_pgd.pth
bciciv2a,deepconvnet,43,ea_forward,cw,full_test,raw,clean,0.4559386973180077,ad_data/exp031/exp031_full_20260729_174215/bciciv2a_deepconvnet_seed43_ea_forward_cw.pth
bciciv2a,deepconvnet,43,ea_forward,cw,full_test,raw,robust,0.0,ad_data/exp031/exp031_full_20260729_174215/bciciv2a_deepconvnet_seed43_ea_forward_cw.pth
bciciv2a,deepconvnet,43,rpcf_at,autoattack,full_test,raw,clean,0.42528735632183906,ad_data/exp031/exp031_full_20260729_174215/bciciv2a_deepconvnet_seed43_rpcf_at_autoattack.pth
bciciv2a,deepconvnet,43,rpcf_at,autoattack,full_test,raw,robust,0.1417624521072797,ad_data/exp031/exp031_full_20260729_174215/bciciv2a_deepconvnet_seed43_rpcf_at_autoattack.pth
bciciv2a,deepconvnet,43,rpcf_at,fgsm,full_test,raw,clean,0.42528735632183906,ad_data/exp031/exp031_full_20260729_174215/bciciv2a_deepconvnet_seed43_rpcf_at_fgsm.pth
bciciv2a,deepconvnet,43,rpcf_at,fgsm,full_test,raw,robust,0.15708812260536398,ad_data/exp031/exp031_full_20260729_174215/bciciv2a_deepconvnet_seed43_rpcf_at_fgsm.pth
bciciv2a,deepconvnet,43,rpcf_at,pgd,full_test,raw,clean,0.42528735632183906,ad_data/exp031/exp031_full_20260729_174215/bciciv2a_deepconvnet_seed43_rpcf_at_pgd.pth
bciciv2a,deepconvnet,43,rpcf_at,pgd,full_test,raw,robust,0.15134099616858238,ad_data/exp031/exp031_full_20260729_174215/bciciv2a_deepconvnet_seed43_rpcf_at_pgd.pth
bciciv2a,deepconvnet,43,rpcf_at,cw,full_test,raw,clean,0.42528735632183906,ad_data/exp031/exp031_full_20260729_174215/bciciv2a_deepconvnet_seed43_rpcf_at_cw.pth
bciciv2a,deepconvnet,43,rpcf_at,cw,full_test,raw,robust,0.0,ad_data/exp031/exp031_full_20260729_174215/bciciv2a_deepconvnet_seed43_rpcf_at_cw.pth
bciciv2a,deepconvnet,44,madry,autoattack,full_test,raw,clean,0.40229885057471265,ad_data/exp031/exp031_full_20260729_174215/bciciv2a_deepconvnet_seed44_madry_autoattack.pth
bciciv2a,deepconvnet,44,madry,autoattack,full_test,raw,robust,0.15517241379310345,ad_data/exp031/exp031_full_20260729_174215/bciciv2a_deepconvnet_seed44_madry_autoattack.pth
bciciv2a,deepconvnet,44,madry,fgsm,full_test,raw,clean,0.40229885057471265,ad_data/exp031/exp031_full_20260729_174215/bciciv2a_deepconvnet_seed44_madry_fgsm.pth
bciciv2a,deepconvnet,44,madry,fgsm,full_test,raw,robust,0.1781609195402299,ad_data/exp031/exp031_full_20260729_174215/bciciv2a_deepconvnet_seed44_madry_fgsm.pth
bciciv2a,deepconvnet,44,madry,pgd,full_test,raw,clean,0.40229885057471265,ad_data/exp031/exp031_full_20260729_174215/bciciv2a_deepconvnet_seed44_madry_pgd.pth
bciciv2a,deepconvnet,44,madry,pgd,full_test,raw,robust,0.1685823754789272,ad_data/exp031/exp031_full_20260729_174215/bciciv2a_deepconvnet_seed44_madry_pgd.pth
bciciv2a,deepconvnet,44,madry,cw,full_test,raw,clean,0.40229885057471265,ad_data/exp031/exp031_full_20260729_174215/bciciv2a_deepconvnet_seed44_madry_cw.pth
bciciv2a,deepconvnet,44,madry,cw,full_test,raw,robust,0.0,ad_data/exp031/exp031_full_20260729_174215/bciciv2a_deepconvnet_seed44_madry_cw.pth
bciciv2a,deepconvnet,44,trades,autoattack,full_test,raw,clean,0.5766283524904214,ad_data/exp031/exp031_full_20260729_174215/bciciv2a_deepconvnet_seed44_trades_autoattack.pth
bciciv2a,deepconvnet,44,trades,autoattack,full_test,raw,robust,0.05172413793103448,ad_data/exp031/exp031_full_20260729_174215/bciciv2a_deepconvnet_seed44_trades_autoattack.pth
bciciv2a,deepconvnet,44,trades,fgsm,full_test,raw,clean,0.5766283524904214,ad_data/exp031/exp031_full_20260729_174215/bciciv2a_deepconvnet_seed44_trades_fgsm.pth
bciciv2a,deepconvnet,44,trades,fgsm,full_test,raw,robust,0.05747126436781609,ad_data/exp031/exp031_full_20260729_174215/bciciv2a_deepconvnet_seed44_trades_fgsm.pth
bciciv2a,deepconvnet,44,trades,pgd,full_test,raw,clean,0.5766283524904214,ad_data/exp031/exp031_full_20260729_174215/bciciv2a_deepconvnet_seed44_trades_pgd.pth
bciciv2a,deepconvnet,44,trades,pgd,full_test,raw,robust,0.05172413793103448,ad_data/exp031/exp031_full_20260729_174215/bciciv2a_deepconvnet_seed44_trades_pgd.pth
bciciv2a,deepconvnet,44,trades,cw,full_test,raw,clean,0.5766283524904214,ad_data/exp031/exp031_full_20260729_174215/bciciv2a_deepconvnet_seed44_trades_cw.pth
bciciv2a,deepconvnet,44,trades,cw,full_test,raw,robust,0.0,ad_data/exp031/exp031_full_20260729_174215/bciciv2a_deepconvnet_seed44_trades_cw.pth
bciciv2a,deepconvnet,44,fbf,autoattack,full_test,raw,clean,0.5862068965517241,ad_data/exp031/exp031_full_20260729_174215/bciciv2a_deepconvnet_seed44_fbf_autoattack.pth
bciciv2a,deepconvnet,44,fbf,autoattack,full_test,raw,robust,0.0842911877394636,ad_data/exp031/exp031_full_20260729_174215/bciciv2a_deepconvnet_seed44_fbf_autoattack.pth
bciciv2a,deepconvnet,44,fbf,fgsm,full_test,raw,clean,0.5862068965517241,ad_data/exp031/exp031_full_20260729_174215/bciciv2a_deepconvnet_seed44_fbf_fgsm.pth
bciciv2a,deepconvnet,44,fbf,fgsm,full_test,raw,robust,0.10727969348659004,ad_data/exp031/exp031_full_20260729_174215/bciciv2a_deepconvnet_seed44_fbf_fgsm.pth
bciciv2a,deepconvnet,44,fbf,pgd,full_test,raw,clean,0.5862068965517241,ad_data/exp031/exp031_full_20260729_174215/bciciv2a_deepconvnet_seed44_fbf_pgd.pth
bciciv2a,deepconvnet,44,fbf,pgd,full_test,raw,robust,0.09386973180076628,ad_data/exp031/exp031_full_20260729_174215/bciciv2a_deepconvnet_seed44_fbf_pgd.pth
bciciv2a,deepconvnet,44,fbf,cw,full_test,raw,clean,0.5862068965517241,ad_data/exp031/exp031_full_20260729_174215/bciciv2a_deepconvnet_seed44_fbf_cw.pth
bciciv2a,deepconvnet,44,fbf,cw,full_test,raw,robust,0.0,ad_data/exp031/exp031_full_20260729_174215/bciciv2a_deepconvnet_seed44_fbf_cw.pth
bciciv2a,deepconvnet,44,ea_forward,autoattack,full_test,raw,clean,0.4444444444444444,ad_data/exp031/exp031_full_20260729_174215/bciciv2a_deepconvnet_seed44_ea_forward_autoattack.pth
bciciv2a,deepconvnet,44,ea_forward,autoattack,full_test,raw,robust,0.038314176245210725,ad_data/exp031/exp031_full_20260729_174215/bciciv2a_deepconvnet_seed44_ea_forward_autoattack.pth
bciciv2a,deepconvnet,44,ea_forward,fgsm,full_test,raw,clean,0.4425287356321839,ad_data/exp031/exp031_full_20260729_174215/bciciv2a_deepconvnet_seed44_ea_forward_fgsm.pth
bciciv2a,deepconvnet,44,ea_forward,fgsm,full_test,raw,robust,0.0,ad_data/exp031/exp031_full_20260729_174215/bciciv2a_deepconvnet_seed44_ea_forward_fgsm.pth
bciciv2a,deepconvnet,44,ea_forward,pgd,full_test,raw,clean,0.4425287356321839,ad_data/exp031/exp031_full_20260729_174215/bciciv2a_deepconvnet_seed44_ea_forward_pgd.pth
bciciv2a,deepconvnet,44,ea_forward,pgd,full_test,raw,robust,0.0,ad_data/exp031/exp031_full_20260729_174215/bciciv2a_deepconvnet_seed44_ea_forward_pgd.pth
bciciv2a,deepconvnet,44,ea_forward,cw,full_test,raw,clean,0.4425287356321839,ad_data/exp031/exp031_full_20260729_174215/bciciv2a_deepconvnet_seed44_ea_forward_cw.pth
bciciv2a,deepconvnet,44,ea_forward,cw,full_test,raw,robust,0.0,ad_data/exp031/exp031_full_20260729_174215/bciciv2a_deepconvnet_seed44_ea_forward_cw.pth
bciciv2a,deepconvnet,44,rpcf_at,autoattack,full_test,raw,clean,0.4042145593869732,ad_data/exp031/exp031_full_20260729_174215/bciciv2a_deepconvnet_seed44_rpcf_at_autoattack.pth
bciciv2a,deepconvnet,44,rpcf_at,autoattack,full_test,raw,robust,0.11494252873563218,ad_data/exp031/exp031_full_20260729_174215/bciciv2a_deepconvnet_seed44_rpcf_at_autoattack.pth
bciciv2a,deepconvnet,44,rpcf_at,fgsm,full_test,raw,clean,0.4042145593869732,ad_data/exp031/exp031_full_20260729_174215/bciciv2a_deepconvnet_seed44_rpcf_at_fgsm.pth
bciciv2a,deepconvnet,44,rpcf_at,fgsm,full_test,raw,robust,0.12643678160919541,ad_data/exp031/exp031_full_20260729_174215/bciciv2a_deepconvnet_seed44_rpcf_at_fgsm.pth
bciciv2a,deepconvnet,44,rpcf_at,pgd,full_test,raw,clean,0.4042145593869732,ad_data/exp031/exp031_full_20260729_174215/bciciv2a_deepconvnet_seed44_rpcf_at_pgd.pth
bciciv2a,deepconvnet,44,rpcf_at,pgd,full_test,raw,robust,0.12260536398467432,ad_data/exp031/exp031_full_20260729_174215/bciciv2a_deepconvnet_seed44_rpcf_at_pgd.pth
bciciv2a,deepconvnet,44,rpcf_at,cw,full_test,raw,clean,0.4042145593869732,ad_data/exp031/exp031_full_20260729_174215/bciciv2a_deepconvnet_seed44_rpcf_at_cw.pth
bciciv2a,deepconvnet,44,rpcf_at,cw,full_test,raw,robust,0.0,ad_data/exp031/exp031_full_20260729_174215/bciciv2a_deepconvnet_seed44_rpcf_at_cw.pth
bciciv2a,deepconvnet,45,madry,autoattack,full_test,raw,clean,0.4386973180076628,ad_data/exp031/exp031_full_20260729_174215/bciciv2a_deepconvnet_seed45_madry_autoattack.pth
bciciv2a,deepconvnet,45,madry,autoattack,full_test,raw,robust,0.18007662835249041,ad_data/exp031/exp031_full_20260729_174215/bciciv2a_deepconvnet_seed45_madry_autoattack.pth
bciciv2a,deepconvnet,45,madry,fgsm,full_test,raw,clean,0.4386973180076628,ad_data/exp031/exp031_full_20260729_174215/bciciv2a_deepconvnet_seed45_madry_fgsm.pth
bciciv2a,deepconvnet,45,madry,fgsm,full_test,raw,robust,0.20306513409961685,ad_data/exp031/exp031_full_20260729_174215/bciciv2a_deepconvnet_seed45_madry_fgsm.pth
bciciv2a,deepconvnet,45,madry,pgd,full_test,raw,clean,0.4386973180076628,ad_data/exp031/exp031_full_20260729_174215/bciciv2a_deepconvnet_seed45_madry_pgd.pth
bciciv2a,deepconvnet,45,madry,pgd,full_test,raw,robust,0.19731800766283525,ad_data/exp031/exp031_full_20260729_174215/bciciv2a_deepconvnet_seed45_madry_pgd.pth
bciciv2a,deepconvnet,45,madry,cw,full_test,raw,clean,0.4386973180076628,ad_data/exp031/exp031_full_20260729_174215/bciciv2a_deepconvnet_seed45_madry_cw.pth
bciciv2a,deepconvnet,45,madry,cw,full_test,raw,robust,0.0,ad_data/exp031/exp031_full_20260729_174215/bciciv2a_deepconvnet_seed45_madry_cw.pth
bciciv2a,deepconvnet,45,trades,autoattack,full_test,raw,clean,0.5842911877394636,ad_data/exp031/exp031_full_20260729_174215/bciciv2a_deepconvnet_seed45_trades_autoattack.pth
bciciv2a,deepconvnet,45,trades,autoattack,full_test,raw,robust,0.034482758620689655,ad_data/exp031/exp031_full_20260729_174215/bciciv2a_deepconvnet_seed45_trades_autoattack.pth
bciciv2a,deepconvnet,45,trades,fgsm,full_test,raw,clean,0.5842911877394636,ad_data/exp031/exp031_full_20260729_174215/bciciv2a_deepconvnet_seed45_trades_fgsm.pth
bciciv2a,deepconvnet,45,trades,fgsm,full_test,raw,robust,0.04789272030651341,ad_data/exp031/exp031_full_20260729_174215/bciciv2a_deepconvnet_seed45_trades_fgsm.pth
bciciv2a,deepconvnet,45,trades,pgd,full_test,raw,clean,0.5842911877394636,ad_data/exp031/exp031_full_20260729_174215/bciciv2a_deepconvnet_seed45_trades_pgd.pth
bciciv2a,deepconvnet,45,trades,pgd,full_test,raw,robust,0.038314176245210725,ad_data/exp031/exp031_full_20260729_174215/bciciv2a_deepconvnet_seed45_trades_pgd.pth
bciciv2a,deepconvnet,45,trades,cw,full_test,raw,clean,0.5842911877394636,ad_data/exp031/exp031_full_20260729_174215/bciciv2a_deepconvnet_seed45_trades_cw.pth
bciciv2a,deepconvnet,45,trades,cw,full_test,raw,robust,0.0,ad_data/exp031/exp031_full_20260729_174215/bciciv2a_deepconvnet_seed45_trades_cw.pth
bciciv2a,deepconvnet,45,fbf,autoattack,full_test,raw,clean,0.5402298850574713,ad_data/exp031/exp031_full_20260729_174215/bciciv2a_deepconvnet_seed45_fbf_autoattack.pth
bciciv2a,deepconvnet,45,fbf,autoattack,full_test,raw,robust,0.08237547892720307,ad_data/exp031/exp031_full_20260729_174215/bciciv2a_deepconvnet_seed45_fbf_autoattack.pth
bciciv2a,deepconvnet,45,fbf,fgsm,full_test,raw,clean,0.5402298850574713,ad_data/exp031/exp031_full_20260729_174215/bciciv2a_deepconvnet_seed45_fbf_fgsm.pth
bciciv2a,deepconvnet,45,fbf,fgsm,full_test,raw,robust,0.10919540229885058,ad_data/exp031/exp031_full_20260729_174215/bciciv2a_deepconvnet_seed45_fbf_fgsm.pth
bciciv2a,deepconvnet,45,fbf,pgd,full_test,raw,clean,0.5402298850574713,ad_data/exp031/exp031_full_20260729_174215/bciciv2a_deepconvnet_seed45_fbf_pgd.pth
bciciv2a,deepconvnet,45,fbf,pgd,full_test,raw,robust,0.09003831417624521,ad_data/exp031/exp031_full_20260729_174215/bciciv2a_deepconvnet_seed45_fbf_pgd.pth
bciciv2a,deepconvnet,45,fbf,cw,full_test,raw,clean,0.5402298850574713,ad_data/exp031/exp031_full_20260729_174215/bciciv2a_deepconvnet_seed45_fbf_cw.pth
bciciv2a,deepconvnet,45,fbf,cw,full_test,raw,robust,0.0,ad_data/exp031/exp031_full_20260729_174215/bciciv2a_deepconvnet_seed45_fbf_cw.pth
bciciv2a,deepconvnet,45,ea_forward,autoattack,full_test,raw,clean,0.49616858237547895,ad_data/exp031/exp031_full_20260729_174215/bciciv2a_deepconvnet_seed45_ea_forward_autoattack.pth
bciciv2a,deepconvnet,45,ea_forward,autoattack,full_test,raw,robust,0.08812260536398467,ad_data/exp031/exp031_full_20260729_174215/bciciv2a_deepconvnet_seed45_ea_forward_autoattack.pth
bciciv2a,deepconvnet,45,ea_forward,fgsm,full_test,raw,clean,0.49616858237547895,ad_data/exp031/exp031_full_20260729_174215/bciciv2a_deepconvnet_seed45_ea_forward_fgsm.pth
bciciv2a,deepconvnet,45,ea_forward,fgsm,full_test,raw,robust,0.0,ad_data/exp031/exp031_full_20260729_174215/bciciv2a_deepconvnet_seed45_ea_forward_fgsm.pth
bciciv2a,deepconvnet,45,ea_forward,pgd,full_test,raw,clean,0.49616858237547895,ad_data/exp031/exp031_full_20260729_174215/bciciv2a_deepconvnet_seed45_ea_forward_pgd.pth
bciciv2a,deepconvnet,45,ea_forward,pgd,full_test,raw,robust,0.0,ad_data/exp031/exp031_full_20260729_174215/bciciv2a_deepconvnet_seed45_ea_forward_pgd.pth
bciciv2a,deepconvnet,45,ea_forward,cw,full_test,raw,clean,0.49616858237547895,ad_data/exp031/exp031_full_20260729_174215/bciciv2a_deepconvnet_seed45_ea_forward_cw.pth
bciciv2a,deepconvnet,45,ea_forward,cw,full_test,raw,robust,0.05747126436781609,ad_data/exp031/exp031_full_20260729_174215/bciciv2a_deepconvnet_seed45_ea_forward_cw.pth
bciciv2a,deepconvnet,45,rpcf_at,autoattack,full_test,raw,clean,0.42911877394636017,ad_data/exp031/exp031_full_20260729_174215/bciciv2a_deepconvnet_seed45_rpcf_at_autoattack.pth
bciciv2a,deepconvnet,45,rpcf_at,autoattack,full_test,raw,robust,0.16091954022988506,ad_data/exp031/exp031_full_20260729_174215/bciciv2a_deepconvnet_seed45_rpcf_at_autoattack.pth
bciciv2a,deepconvnet,45,rpcf_at,fgsm,full_test,raw,clean,0.42911877394636017,ad_data/exp031/exp031_full_20260729_174215/bciciv2a_deepconvnet_seed45_rpcf_at_fgsm.pth
bciciv2a,deepconvnet,45,rpcf_at,fgsm,full_test,raw,robust,0.18007662835249041,ad_data/exp031/exp031_full_20260729_174215/bciciv2a_deepconvnet_seed45_rpcf_at_fgsm.pth
bciciv2a,deepconvnet,45,rpcf_at,pgd,full_test,raw,clean,0.42911877394636017,ad_data/exp031/exp031_full_20260729_174215/bciciv2a_deepconvnet_seed45_rpcf_at_pgd.pth
bciciv2a,deepconvnet,45,rpcf_at,pgd,full_test,raw,robust,0.17624521072796934,ad_data/exp031/exp031_full_20260729_174215/bciciv2a_deepconvnet_seed45_rpcf_at_pgd.pth
bciciv2a,deepconvnet,45,rpcf_at,cw,full_test,raw,clean,0.42911877394636017,ad_data/exp031/exp031_full_20260729_174215/bciciv2a_deepconvnet_seed45_rpcf_at_cw.pth
bciciv2a,deepconvnet,45,rpcf_at,cw,full_test,raw,robust,0.0,ad_data/exp031/exp031_full_20260729_174215/bciciv2a_deepconvnet_seed45_rpcf_at_cw.pth
bciciv2a,deepconvnet,46,madry,autoattack,full_test,raw,clean,0.41379310344827586,ad_data/exp031/exp031_full_20260729_174215/bciciv2a_deepconvnet_seed46_madry_autoattack.pth
bciciv2a,deepconvnet,46,madry,autoattack,full_test,raw,robust,0.1360153256704981,ad_data/exp031/exp031_full_20260729_174215/bciciv2a_deepconvnet_seed46_madry_autoattack.pth
bciciv2a,deepconvnet,46,madry,fgsm,full_test,raw,clean,0.41379310344827586,ad_data/exp031/exp031_full_20260729_174215/bciciv2a_deepconvnet_seed46_madry_fgsm.pth
bciciv2a,deepconvnet,46,madry,fgsm,full_test,raw,robust,0.1475095785440613,ad_data/exp031/exp031_full_20260729_174215/bciciv2a_deepconvnet_seed46_madry_fgsm.pth
bciciv2a,deepconvnet,46,madry,pgd,full_test,raw,clean,0.41379310344827586,ad_data/exp031/exp031_full_20260729_174215/bciciv2a_deepconvnet_seed46_madry_pgd.pth
bciciv2a,deepconvnet,46,madry,pgd,full_test,raw,robust,0.14559386973180077,ad_data/exp031/exp031_full_20260729_174215/bciciv2a_deepconvnet_seed46_madry_pgd.pth
bciciv2a,deepconvnet,46,madry,cw,full_test,raw,clean,0.41379310344827586,ad_data/exp031/exp031_full_20260729_174215/bciciv2a_deepconvnet_seed46_madry_cw.pth
bciciv2a,deepconvnet,46,madry,cw,full_test,raw,robust,0.0,ad_data/exp031/exp031_full_20260729_174215/bciciv2a_deepconvnet_seed46_madry_cw.pth
bciciv2a,deepconvnet,46,trades,autoattack,full_test,raw,clean,0.5498084291187739,ad_data/exp031/exp031_full_20260729_174215/bciciv2a_deepconvnet_seed46_trades_autoattack.pth
bciciv2a,deepconvnet,46,trades,autoattack,full_test,raw,robust,0.06321839080459771,ad_data/exp031/exp031_full_20260729_174215/bciciv2a_deepconvnet_seed46_trades_autoattack.pth
bciciv2a,deepconvnet,46,trades,fgsm,full_test,raw,clean,0.5498084291187739,ad_data/exp031/exp031_full_20260729_174215/bciciv2a_deepconvnet_seed46_trades_fgsm.pth
bciciv2a,deepconvnet,46,trades,fgsm,full_test,raw,robust,0.08812260536398467,ad_data/exp031/exp031_full_20260729_174215/bciciv2a_deepconvnet_seed46_trades_fgsm.pth
bciciv2a,deepconvnet,46,trades,pgd,full_test,raw,clean,0.5498084291187739,ad_data/exp031/exp031_full_20260729_174215/bciciv2a_deepconvnet_seed46_trades_pgd.pth
bciciv2a,deepconvnet,46,trades,pgd,full_test,raw,robust,0.06513409961685823,ad_data/exp031/exp031_full_20260729_174215/bciciv2a_deepconvnet_seed46_trades_pgd.pth
bciciv2a,deepconvnet,46,trades,cw,full_test,raw,clean,0.5498084291187739,ad_data/exp031/exp031_full_20260729_174215/bciciv2a_deepconvnet_seed46_trades_cw.pth
bciciv2a,deepconvnet,46,trades,cw,full_test,raw,robust,0.0,ad_data/exp031/exp031_full_20260729_174215/bciciv2a_deepconvnet_seed46_trades_cw.pth
bciciv2a,deepconvnet,46,fbf,autoattack,full_test,raw,clean,0.4942528735632184,ad_data/exp031/exp031_full_20260729_174215/bciciv2a_deepconvnet_seed46_fbf_autoattack.pth
bciciv2a,deepconvnet,46,fbf,autoattack,full_test,raw,robust,0.13218390804597702,ad_data/exp031/exp031_full_20260729_174215/bciciv2a_deepconvnet_seed46_fbf_autoattack.pth
bciciv2a,deepconvnet,46,fbf,fgsm,full_test,raw,clean,0.4942528735632184,ad_data/exp031/exp031_full_20260729_174215/bciciv2a_deepconvnet_seed46_fbf_fgsm.pth
bciciv2a,deepconvnet,46,fbf,fgsm,full_test,raw,robust,0.15134099616858238,ad_data/exp031/exp031_full_20260729_174215/bciciv2a_deepconvnet_seed46_fbf_fgsm.pth
bciciv2a,deepconvnet,46,fbf,pgd,full_test,raw,clean,0.4942528735632184,ad_data/exp031/exp031_full_20260729_174215/bciciv2a_deepconvnet_seed46_fbf_pgd.pth
bciciv2a,deepconvnet,46,fbf,pgd,full_test,raw,robust,0.13984674329501914,ad_data/exp031/exp031_full_20260729_174215/bciciv2a_deepconvnet_seed46_fbf_pgd.pth
bciciv2a,deepconvnet,46,fbf,cw,full_test,raw,clean,0.4942528735632184,ad_data/exp031/exp031_full_20260729_174215/bciciv2a_deepconvnet_seed46_fbf_cw.pth
bciciv2a,deepconvnet,46,fbf,cw,full_test,raw,robust,0.0,ad_data/exp031/exp031_full_20260729_174215/bciciv2a_deepconvnet_seed46_fbf_cw.pth
bciciv2a,deepconvnet,46,ea_forward,autoattack,full_test,raw,clean,0.5172413793103449,ad_data/exp031/exp031_full_20260729_174215/bciciv2a_deepconvnet_seed46_ea_forward_autoattack.pth
bciciv2a,deepconvnet,46,ea_forward,autoattack,full_test,raw,robust,0.028735632183908046,ad_data/exp031/exp031_full_20260729_174215/bciciv2a_deepconvnet_seed46_ea_forward_autoattack.pth
bciciv2a,deepconvnet,46,ea_forward,fgsm,full_test,raw,clean,0.524904214559387,ad_data/exp031/exp031_full_20260729_174215/bciciv2a_deepconvnet_seed46_ea_forward_fgsm.pth
bciciv2a,deepconvnet,46,ea_forward,fgsm,full_test,raw,robust,0.02681992337164751,ad_data/exp031/exp031_full_20260729_174215/bciciv2a_deepconvnet_seed46_ea_forward_fgsm.pth
bciciv2a,deepconvnet,46,ea_forward,pgd,full_test,raw,clean,0.524904214559387,ad_data/exp031/exp031_full_20260729_174215/bciciv2a_deepconvnet_seed46_ea_forward_pgd.pth
bciciv2a,deepconvnet,46,ea_forward,pgd,full_test,raw,robust,0.0,ad_data/exp031/exp031_full_20260729_174215/bciciv2a_deepconvnet_seed46_ea_forward_pgd.pth
bciciv2a,deepconvnet,46,ea_forward,cw,full_test,raw,clean,0.524904214559387,ad_data/exp031/exp031_full_20260729_174215/bciciv2a_deepconvnet_seed46_ea_forward_cw.pth
bciciv2a,deepconvnet,46,ea_forward,cw,full_test,raw,robust,0.0,ad_data/exp031/exp031_full_20260729_174215/bciciv2a_deepconvnet_seed46_ea_forward_cw.pth
bciciv2a,deepconvnet,46,rpcf_at,autoattack,full_test,raw,clean,0.4118773946360153,ad_data/exp031/exp031_full_20260729_174215/bciciv2a_deepconvnet_seed46_rpcf_at_autoattack.pth
bciciv2a,deepconvnet,46,rpcf_at,autoattack,full_test,raw,robust,0.11877394636015326,ad_data/exp031/exp031_full_20260729_174215/bciciv2a_deepconvnet_seed46_rpcf_at_autoattack.pth
bciciv2a,deepconvnet,46,rpcf_at,fgsm,full_test,raw,clean,0.4118773946360153,ad_data/exp031/exp031_full_20260729_174215/bciciv2a_deepconvnet_seed46_rpcf_at_fgsm.pth
bciciv2a,deepconvnet,46,rpcf_at,fgsm,full_test,raw,robust,0.13026819923371646,ad_data/exp031/exp031_full_20260729_174215/bciciv2a_deepconvnet_seed46_rpcf_at_fgsm.pth
bciciv2a,deepconvnet,46,rpcf_at,pgd,full_test,raw,clean,0.4118773946360153,ad_data/exp031/exp031_full_20260729_174215/bciciv2a_deepconvnet_seed46_rpcf_at_pgd.pth
bciciv2a,deepconvnet,46,rpcf_at,pgd,full_test,raw,robust,0.12643678160919541,ad_data/exp031/exp031_full_20260729_174215/bciciv2a_deepconvnet_seed46_rpcf_at_pgd.pth
bciciv2a,deepconvnet,46,rpcf_at,cw,full_test,raw,clean,0.4118773946360153,ad_data/exp031/exp031_full_20260729_174215/bciciv2a_deepconvnet_seed46_rpcf_at_cw.pth
bciciv2a,deepconvnet,46,rpcf_at,cw,full_test,raw,robust,0.0,ad_data/exp031/exp031_full_20260729_174215/bciciv2a_deepconvnet_seed46_rpcf_at_cw.pth
bciciv2a,tsception,42,madry,autoattack,full_test,raw,clean,0.2662835249042146,ad_data/exp031/exp031_full_20260729_174215/bciciv2a_tsception_seed42_madry_autoattack.pth
bciciv2a,tsception,42,madry,autoattack,full_test,raw,robust,0.2662835249042146,ad_data/exp031/exp031_full_20260729_174215/bciciv2a_tsception_seed42_madry_autoattack.pth
bciciv2a,tsception,42,madry,fgsm,full_test,raw,clean,0.2662835249042146,ad_data/exp031/exp031_full_20260729_174215/bciciv2a_tsception_seed42_madry_fgsm.pth
bciciv2a,tsception,42,madry,fgsm,full_test,raw,robust,0.2662835249042146,ad_data/exp031/exp031_full_20260729_174215/bciciv2a_tsception_seed42_madry_fgsm.pth
bciciv2a,tsception,42,madry,pgd,full_test,raw,clean,0.2662835249042146,ad_data/exp031/exp031_full_20260729_174215/bciciv2a_tsception_seed42_madry_pgd.pth
bciciv2a,tsception,42,madry,pgd,full_test,raw,robust,0.2662835249042146,ad_data/exp031/exp031_full_20260729_174215/bciciv2a_tsception_seed42_madry_pgd.pth
bciciv2a,tsception,42,madry,cw,full_test,raw,clean,0.2662835249042146,ad_data/exp031/exp031_full_20260729_174215/bciciv2a_tsception_seed42_madry_cw.pth
bciciv2a,tsception,42,madry,cw,full_test,raw,robust,0.26436781609195403,ad_data/exp031/exp031_full_20260729_174215/bciciv2a_tsception_seed42_madry_cw.pth
bciciv2a,tsception,42,trades,autoattack,full_test,raw,clean,0.43103448275862066,ad_data/exp031/exp031_full_20260729_174215/bciciv2a_tsception_seed42_trades_autoattack.pth
bciciv2a,tsception,42,trades,autoattack,full_test,raw,robust,0.0038314176245210726,ad_data/exp031/exp031_full_20260729_174215/bciciv2a_tsception_seed42_trades_autoattack.pth
bciciv2a,tsception,42,trades,fgsm,full_test,raw,clean,0.43103448275862066,ad_data/exp031/exp031_full_20260729_174215/bciciv2a_tsception_seed42_trades_fgsm.pth
bciciv2a,tsception,42,trades,fgsm,full_test,raw,robust,0.007662835249042145,ad_data/exp031/exp031_full_20260729_174215/bciciv2a_tsception_seed42_trades_fgsm.pth
bciciv2a,tsception,42,trades,pgd,full_test,raw,clean,0.43103448275862066,ad_data/exp031/exp031_full_20260729_174215/bciciv2a_tsception_seed42_trades_pgd.pth
bciciv2a,tsception,42,trades,pgd,full_test,raw,robust,0.0038314176245210726,ad_data/exp031/exp031_full_20260729_174215/bciciv2a_tsception_seed42_trades_pgd.pth
bciciv2a,tsception,42,trades,cw,full_test,raw,clean,0.43103448275862066,ad_data/exp031/exp031_full_20260729_174215/bciciv2a_tsception_seed42_trades_cw.pth
bciciv2a,tsception,42,trades,cw,full_test,raw,robust,0.0,ad_data/exp031/exp031_full_20260729_174215/bciciv2a_tsception_seed42_trades_cw.pth
bciciv2a,tsception,42,fbf,autoattack,full_test,raw,clean,0.36398467432950193,ad_data/exp031/exp031_full_20260729_174215/bciciv2a_tsception_seed42_fbf_autoattack.pth
bciciv2a,tsception,42,fbf,autoattack,full_test,raw,robust,0.02490421455938697,ad_data/exp031/exp031_full_20260729_174215/bciciv2a_tsception_seed42_fbf_autoattack.pth
bciciv2a,tsception,42,fbf,fgsm,full_test,raw,clean,0.36398467432950193,ad_data/exp031/exp031_full_20260729_174215/bciciv2a_tsception_seed42_fbf_fgsm.pth
bciciv2a,tsception,42,fbf,fgsm,full_test,raw,robust,0.09195402298850575,ad_data/exp031/exp031_full_20260729_174215/bciciv2a_tsception_seed42_fbf_fgsm.pth
bciciv2a,tsception,42,fbf,pgd,full_test,raw,clean,0.36398467432950193,ad_data/exp031/exp031_full_20260729_174215/bciciv2a_tsception_seed42_fbf_pgd.pth
bciciv2a,tsception,42,fbf,pgd,full_test,raw,robust,0.07662835249042145,ad_data/exp031/exp031_full_20260729_174215/bciciv2a_tsception_seed42_fbf_pgd.pth
bciciv2a,tsception,42,fbf,cw,full_test,raw,clean,0.36398467432950193,ad_data/exp031/exp031_full_20260729_174215/bciciv2a_tsception_seed42_fbf_cw.pth
bciciv2a,tsception,42,fbf,cw,full_test,raw,robust,0.017241379310344827,ad_data/exp031/exp031_full_20260729_174215/bciciv2a_tsception_seed42_fbf_cw.pth
bciciv2a,tsception,42,ea_forward,autoattack,full_test,raw,clean,0.2662835249042146,ad_data/exp031/exp031_full_20260729_174215/bciciv2a_tsception_seed42_ea_forward_autoattack.pth
bciciv2a,tsception,42,ea_forward,autoattack,full_test,raw,robust,0.2662835249042146,ad_data/exp031/exp031_full_20260729_174215/bciciv2a_tsception_seed42_ea_forward_autoattack.pth
bciciv2a,tsception,42,ea_forward,fgsm,full_test,raw,clean,0.2662835249042146,ad_data/exp031/exp031_full_20260729_174215/bciciv2a_tsception_seed42_ea_forward_fgsm.pth
bciciv2a,tsception,42,ea_forward,fgsm,full_test,raw,robust,0.2662835249042146,ad_data/exp031/exp031_full_20260729_174215/bciciv2a_tsception_seed42_ea_forward_fgsm.pth
bciciv2a,tsception,42,ea_forward,pgd,full_test,raw,clean,0.2662835249042146,ad_data/exp031/exp031_full_20260729_174215/bciciv2a_tsception_seed42_ea_forward_pgd.pth
bciciv2a,tsception,42,ea_forward,pgd,full_test,raw,robust,0.2662835249042146,ad_data/exp031/exp031_full_20260729_174215/bciciv2a_tsception_seed42_ea_forward_pgd.pth
bciciv2a,tsception,42,ea_forward,cw,full_test,raw,clean,0.2662835249042146,ad_data/exp031/exp031_full_20260729_174215/bciciv2a_tsception_seed42_ea_forward_cw.pth
bciciv2a,tsception,42,ea_forward,cw,full_test,raw,robust,0.2547892720306513,ad_data/exp031/exp031_full_20260729_174215/bciciv2a_tsception_seed42_ea_forward_cw.pth
bciciv2a,tsception,42,rpcf_at,autoattack,full_test,raw,clean,0.2796934865900383,ad_data/exp031/exp031_full_20260729_174215/bciciv2a_tsception_seed42_rpcf_at_autoattack.pth
bciciv2a,tsception,42,rpcf_at,autoattack,full_test,raw,robust,0.23563218390804597,ad_data/exp031/exp031_full_20260729_174215/bciciv2a_tsception_seed42_rpcf_at_autoattack.pth
bciciv2a,tsception,42,rpcf_at,fgsm,full_test,raw,clean,0.2796934865900383,ad_data/exp031/exp031_full_20260729_174215/bciciv2a_tsception_seed42_rpcf_at_fgsm.pth
bciciv2a,tsception,42,rpcf_at,fgsm,full_test,raw,robust,0.24329501915708812,ad_data/exp031/exp031_full_20260729_174215/bciciv2a_tsception_seed42_rpcf_at_fgsm.pth
bciciv2a,tsception,42,rpcf_at,pgd,full_test,raw,clean,0.2796934865900383,ad_data/exp031/exp031_full_20260729_174215/bciciv2a_tsception_seed42_rpcf_at_pgd.pth
bciciv2a,tsception,42,rpcf_at,pgd,full_test,raw,robust,0.24521072796934865,ad_data/exp031/exp031_full_20260729_174215/bciciv2a_tsception_seed42_rpcf_at_pgd.pth
bciciv2a,tsception,42,rpcf_at,cw,full_test,raw,clean,0.2796934865900383,ad_data/exp031/exp031_full_20260729_174215/bciciv2a_tsception_seed42_rpcf_at_cw.pth
bciciv2a,tsception,42,rpcf_at,cw,full_test,raw,robust,0.13409961685823754,ad_data/exp031/exp031_full_20260729_174215/bciciv2a_tsception_seed42_rpcf_at_cw.pth
bciciv2a,tsception,43,madry,autoattack,full_test,raw,clean,0.24521072796934865,ad_data/exp031/exp031_full_20260729_174215/bciciv2a_tsception_seed43_madry_autoattack.pth
bciciv2a,tsception,43,madry,autoattack,full_test,raw,robust,0.22796934865900384,ad_data/exp031/exp031_full_20260729_174215/bciciv2a_tsception_seed43_madry_autoattack.pth
bciciv2a,tsception,43,madry,fgsm,full_test,raw,clean,0.24521072796934865,ad_data/exp031/exp031_full_20260729_174215/bciciv2a_tsception_seed43_madry_fgsm.pth
bciciv2a,tsception,43,madry,fgsm,full_test,raw,robust,0.23563218390804597,ad_data/exp031/exp031_full_20260729_174215/bciciv2a_tsception_seed43_madry_fgsm.pth
bciciv2a,tsception,43,madry,pgd,full_test,raw,clean,0.24521072796934865,ad_data/exp031/exp031_full_20260729_174215/bciciv2a_tsception_seed43_madry_pgd.pth
bciciv2a,tsception,43,madry,pgd,full_test,raw,robust,0.23371647509578544,ad_data/exp031/exp031_full_20260729_174215/bciciv2a_tsception_seed43_madry_pgd.pth
bciciv2a,tsception,43,madry,cw,full_test,raw,clean,0.24521072796934865,ad_data/exp031/exp031_full_20260729_174215/bciciv2a_tsception_seed43_madry_cw.pth
bciciv2a,tsception,43,madry,cw,full_test,raw,robust,0.24521072796934865,ad_data/exp031/exp031_full_20260729_174215/bciciv2a_tsception_seed43_madry_cw.pth
bciciv2a,tsception,43,trades,autoattack,full_test,raw,clean,0.42528735632183906,ad_data/exp031/exp031_full_20260729_174215/bciciv2a_tsception_seed43_trades_autoattack.pth
bciciv2a,tsception,43,trades,autoattack,full_test,raw,robust,0.0038314176245210726,ad_data/exp031/exp031_full_20260729_174215/bciciv2a_tsception_seed43_trades_autoattack.pth
bciciv2a,tsception,43,trades,fgsm,full_test,raw,clean,0.42528735632183906,ad_data/exp031/exp031_full_20260729_174215/bciciv2a_tsception_seed43_trades_fgsm.pth
bciciv2a,tsception,43,trades,fgsm,full_test,raw,robust,0.011494252873563218,ad_data/exp031/exp031_full_20260729_174215/bciciv2a_tsception_seed43_trades_fgsm.pth
bciciv2a,tsception,43,trades,pgd,full_test,raw,clean,0.42528735632183906,ad_data/exp031/exp031_full_20260729_174215/bciciv2a_tsception_seed43_trades_pgd.pth
bciciv2a,tsception,43,trades,pgd,full_test,raw,robust,0.0038314176245210726,ad_data/exp031/exp031_full_20260729_174215/bciciv2a_tsception_seed43_trades_pgd.pth
bciciv2a,tsception,43,trades,cw,full_test,raw,clean,0.42528735632183906,ad_data/exp031/exp031_full_20260729_174215/bciciv2a_tsception_seed43_trades_cw.pth
bciciv2a,tsception,43,trades,cw,full_test,raw,robust,0.017241379310344827,ad_data/exp031/exp031_full_20260729_174215/bciciv2a_tsception_seed43_trades_cw.pth
bciciv2a,tsception,43,fbf,autoattack,full_test,raw,clean,0.4003831417624521,ad_data/exp031/exp031_full_20260729_174215/bciciv2a_tsception_seed43_fbf_autoattack.pth
bciciv2a,tsception,43,fbf,autoattack,full_test,raw,robust,0.03065134099616858,ad_data/exp031/exp031_full_20260729_174215/bciciv2a_tsception_seed43_fbf_autoattack.pth
bciciv2a,tsception,43,fbf,fgsm,full_test,raw,clean,0.4003831417624521,ad_data/exp031/exp031_full_20260729_174215/bciciv2a_tsception_seed43_fbf_fgsm.pth
bciciv2a,tsception,43,fbf,fgsm,full_test,raw,robust,0.05555555555555555,ad_data/exp031/exp031_full_20260729_174215/bciciv2a_tsception_seed43_fbf_fgsm.pth
bciciv2a,tsception,43,fbf,pgd,full_test,raw,clean,0.4003831417624521,ad_data/exp031/exp031_full_20260729_174215/bciciv2a_tsception_seed43_fbf_pgd.pth
bciciv2a,tsception,43,fbf,pgd,full_test,raw,robust,0.038314176245210725,ad_data/exp031/exp031_full_20260729_174215/bciciv2a_tsception_seed43_fbf_pgd.pth
bciciv2a,tsception,43,fbf,cw,full_test,raw,clean,0.4003831417624521,ad_data/exp031/exp031_full_20260729_174215/bciciv2a_tsception_seed43_fbf_cw.pth
bciciv2a,tsception,43,fbf,cw,full_test,raw,robust,0.03065134099616858,ad_data/exp031/exp031_full_20260729_174215/bciciv2a_tsception_seed43_fbf_cw.pth
bciciv2a,tsception,43,ea_forward,autoattack,full_test,raw,clean,0.23946360153256704,ad_data/exp031/exp031_full_20260729_174215/bciciv2a_tsception_seed43_ea_forward_autoattack.pth
bciciv2a,tsception,43,ea_forward,autoattack,full_test,raw,robust,0.23946360153256704,ad_data/exp031/exp031_full_20260729_174215/bciciv2a_tsception_seed43_ea_forward_autoattack.pth
bciciv2a,tsception,43,ea_forward,fgsm,full_test,raw,clean,0.23946360153256704,ad_data/exp031/exp031_full_20260729_174215/bciciv2a_tsception_seed43_ea_forward_fgsm.pth
bciciv2a,tsception,43,ea_forward,fgsm,full_test,raw,robust,0.23946360153256704,ad_data/exp031/exp031_full_20260729_174215/bciciv2a_tsception_seed43_ea_forward_fgsm.pth
bciciv2a,tsception,43,ea_forward,pgd,full_test,raw,clean,0.23946360153256704,ad_data/exp031/exp031_full_20260729_174215/bciciv2a_tsception_seed43_ea_forward_pgd.pth
bciciv2a,tsception,43,ea_forward,pgd,full_test,raw,robust,0.23946360153256704,ad_data/exp031/exp031_full_20260729_174215/bciciv2a_tsception_seed43_ea_forward_pgd.pth
bciciv2a,tsception,43,ea_forward,cw,full_test,raw,clean,0.23946360153256704,ad_data/exp031/exp031_full_20260729_174215/bciciv2a_tsception_seed43_ea_forward_cw.pth
bciciv2a,tsception,43,ea_forward,cw,full_test,raw,robust,0.23946360153256704,ad_data/exp031/exp031_full_20260729_174215/bciciv2a_tsception_seed43_ea_forward_cw.pth
bciciv2a,tsception,43,rpcf_at,autoattack,full_test,raw,clean,0.2988505747126437,ad_data/exp031/exp031_full_20260729_174215/bciciv2a_tsception_seed43_rpcf_at_autoattack.pth
bciciv2a,tsception,43,rpcf_at,autoattack,full_test,raw,robust,0.21264367816091953,ad_data/exp031/exp031_full_20260729_174215/bciciv2a_tsception_seed43_rpcf_at_autoattack.pth
bciciv2a,tsception,43,rpcf_at,fgsm,full_test,raw,clean,0.2988505747126437,ad_data/exp031/exp031_full_20260729_174215/bciciv2a_tsception_seed43_rpcf_at_fgsm.pth
bciciv2a,tsception,43,rpcf_at,fgsm,full_test,raw,robust,0.24521072796934865,ad_data/exp031/exp031_full_20260729_174215/bciciv2a_tsception_seed43_rpcf_at_fgsm.pth
bciciv2a,tsception,43,rpcf_at,pgd,full_test,raw,clean,0.2988505747126437,ad_data/exp031/exp031_full_20260729_174215/bciciv2a_tsception_seed43_rpcf_at_pgd.pth
bciciv2a,tsception,43,rpcf_at,pgd,full_test,raw,robust,0.24329501915708812,ad_data/exp031/exp031_full_20260729_174215/bciciv2a_tsception_seed43_rpcf_at_pgd.pth
bciciv2a,tsception,43,rpcf_at,cw,full_test,raw,clean,0.2988505747126437,ad_data/exp031/exp031_full_20260729_174215/bciciv2a_tsception_seed43_rpcf_at_cw.pth
bciciv2a,tsception,43,rpcf_at,cw,full_test,raw,robust,0.2720306513409962,ad_data/exp031/exp031_full_20260729_174215/bciciv2a_tsception_seed43_rpcf_at_cw.pth
bciciv2a,tsception,44,madry,autoattack,full_test,raw,clean,0.29310344827586204,ad_data/exp031/exp031_full_20260729_174215/bciciv2a_tsception_seed44_madry_autoattack.pth
bciciv2a,tsception,44,madry,autoattack,full_test,raw,robust,0.2471264367816092,ad_data/exp031/exp031_full_20260729_174215/bciciv2a_tsception_seed44_madry_autoattack.pth
bciciv2a,tsception,44,madry,fgsm,full_test,raw,clean,0.29310344827586204,ad_data/exp031/exp031_full_20260729_174215/bciciv2a_tsception_seed44_madry_fgsm.pth
bciciv2a,tsception,44,madry,fgsm,full_test,raw,robust,0.2624521072796935,ad_data/exp031/exp031_full_20260729_174215/bciciv2a_tsception_seed44_madry_fgsm.pth
bciciv2a,tsception,44,madry,pgd,full_test,raw,clean,0.29310344827586204,ad_data/exp031/exp031_full_20260729_174215/bciciv2a_tsception_seed44_madry_pgd.pth
bciciv2a,tsception,44,madry,pgd,full_test,raw,robust,0.26436781609195403,ad_data/exp031/exp031_full_20260729_174215/bciciv2a_tsception_seed44_madry_pgd.pth
bciciv2a,tsception,44,madry,cw,full_test,raw,clean,0.29310344827586204,ad_data/exp031/exp031_full_20260729_174215/bciciv2a_tsception_seed44_madry_cw.pth
bciciv2a,tsception,44,madry,cw,full_test,raw,robust,0.210727969348659,ad_data/exp031/exp031_full_20260729_174215/bciciv2a_tsception_seed44_madry_cw.pth
bciciv2a,tsception,44,trades,autoattack,full_test,raw,clean,0.40804597701149425,ad_data/exp031/exp031_full_20260729_174215/bciciv2a_tsception_seed44_trades_autoattack.pth
bciciv2a,tsception,44,trades,autoattack,full_test,raw,robust,0.0,ad_data/exp031/exp031_full_20260729_174215/bciciv2a_tsception_seed44_trades_autoattack.pth
bciciv2a,tsception,44,trades,fgsm,full_test,raw,clean,0.40804597701149425,ad_data/exp031/exp031_full_20260729_174215/bciciv2a_tsception_seed44_trades_fgsm.pth
bciciv2a,tsception,44,trades,fgsm,full_test,raw,robust,0.0019157088122605363,ad_data/exp031/exp031_full_20260729_174215/bciciv2a_tsception_seed44_trades_fgsm.pth
bciciv2a,tsception,44,trades,pgd,full_test,raw,clean,0.40804597701149425,ad_data/exp031/exp031_full_20260729_174215/bciciv2a_tsception_seed44_trades_pgd.pth
bciciv2a,tsception,44,trades,pgd,full_test,raw,robust,0.0,ad_data/exp031/exp031_full_20260729_174215/bciciv2a_tsception_seed44_trades_pgd.pth
bciciv2a,tsception,44,trades,cw,full_test,raw,clean,0.40804597701149425,ad_data/exp031/exp031_full_20260729_174215/bciciv2a_tsception_seed44_trades_cw.pth
bciciv2a,tsception,44,trades,cw,full_test,raw,robust,0.03065134099616858,ad_data/exp031/exp031_full_20260729_174215/bciciv2a_tsception_seed44_trades_cw.pth
bciciv2a,tsception,44,fbf,autoattack,full_test,raw,clean,0.3716475095785441,ad_data/exp031/exp031_full_20260729_174215/bciciv2a_tsception_seed44_fbf_autoattack.pth
bciciv2a,tsception,44,fbf,autoattack,full_test,raw,robust,0.01532567049808429,ad_data/exp031/exp031_full_20260729_174215/bciciv2a_tsception_seed44_fbf_autoattack.pth
bciciv2a,tsception,44,fbf,fgsm,full_test,raw,clean,0.3716475095785441,ad_data/exp031/exp031_full_20260729_174215/bciciv2a_tsception_seed44_fbf_fgsm.pth
bciciv2a,tsception,44,fbf,fgsm,full_test,raw,robust,0.04789272030651341,ad_data/exp031/exp031_full_20260729_174215/bciciv2a_tsception_seed44_fbf_fgsm.pth
bciciv2a,tsception,44,fbf,pgd,full_test,raw,clean,0.3716475095785441,ad_data/exp031/exp031_full_20260729_174215/bciciv2a_tsception_seed44_fbf_pgd.pth
bciciv2a,tsception,44,fbf,pgd,full_test,raw,robust,0.02490421455938697,ad_data/exp031/exp031_full_20260729_174215/bciciv2a_tsception_seed44_fbf_pgd.pth
bciciv2a,tsception,44,fbf,cw,full_test,raw,clean,0.3716475095785441,ad_data/exp031/exp031_full_20260729_174215/bciciv2a_tsception_seed44_fbf_cw.pth
bciciv2a,tsception,44,fbf,cw,full_test,raw,robust,0.03065134099616858,ad_data/exp031/exp031_full_20260729_174215/bciciv2a_tsception_seed44_fbf_cw.pth
bciciv2a,tsception,44,ea_forward,autoattack,full_test,raw,clean,0.21839080459770116,ad_data/exp031/exp031_full_20260729_174215/bciciv2a_tsception_seed44_ea_forward_autoattack.pth
bciciv2a,tsception,44,ea_forward,autoattack,full_test,raw,robust,0.21839080459770116,ad_data/exp031/exp031_full_20260729_174215/bciciv2a_tsception_seed44_ea_forward_autoattack.pth
bciciv2a,tsception,44,ea_forward,fgsm,full_test,raw,clean,0.21839080459770116,ad_data/exp031/exp031_full_20260729_174215/bciciv2a_tsception_seed44_ea_forward_fgsm.pth
bciciv2a,tsception,44,ea_forward,fgsm,full_test,raw,robust,0.21839080459770116,ad_data/exp031/exp031_full_20260729_174215/bciciv2a_tsception_seed44_ea_forward_fgsm.pth
bciciv2a,tsception,44,ea_forward,pgd,full_test,raw,clean,0.21839080459770116,ad_data/exp031/exp031_full_20260729_174215/bciciv2a_tsception_seed44_ea_forward_pgd.pth
bciciv2a,tsception,44,ea_forward,pgd,full_test,raw,robust,0.21839080459770116,ad_data/exp031/exp031_full_20260729_174215/bciciv2a_tsception_seed44_ea_forward_pgd.pth
bciciv2a,tsception,44,ea_forward,cw,full_test,raw,clean,0.21839080459770116,ad_data/exp031/exp031_full_20260729_174215/bciciv2a_tsception_seed44_ea_forward_cw.pth
bciciv2a,tsception,44,ea_forward,cw,full_test,raw,robust,0.21839080459770116,ad_data/exp031/exp031_full_20260729_174215/bciciv2a_tsception_seed44_ea_forward_cw.pth
bciciv2a,tsception,44,rpcf_at,autoattack,full_test,raw,clean,0.30268199233716475,ad_data/exp031/exp031_full_20260729_174215/bciciv2a_tsception_seed44_rpcf_at_autoattack.pth
bciciv2a,tsception,44,rpcf_at,autoattack,full_test,raw,robust,0.2164750957854406,ad_data/exp031/exp031_full_20260729_174215/bciciv2a_tsception_seed44_rpcf_at_autoattack.pth
bciciv2a,tsception,44,rpcf_at,fgsm,full_test,raw,clean,0.30268199233716475,ad_data/exp031/exp031_full_20260729_174215/bciciv2a_tsception_seed44_rpcf_at_fgsm.pth
bciciv2a,tsception,44,rpcf_at,fgsm,full_test,raw,robust,0.23180076628352492,ad_data/exp031/exp031_full_20260729_174215/bciciv2a_tsception_seed44_rpcf_at_fgsm.pth
bciciv2a,tsception,44,rpcf_at,pgd,full_test,raw,clean,0.30268199233716475,ad_data/exp031/exp031_full_20260729_174215/bciciv2a_tsception_seed44_rpcf_at_pgd.pth
bciciv2a,tsception,44,rpcf_at,pgd,full_test,raw,robust,0.22796934865900384,ad_data/exp031/exp031_full_20260729_174215/bciciv2a_tsception_seed44_rpcf_at_pgd.pth
bciciv2a,tsception,44,rpcf_at,cw,full_test,raw,clean,0.30268199233716475,ad_data/exp031/exp031_full_20260729_174215/bciciv2a_tsception_seed44_rpcf_at_cw.pth
bciciv2a,tsception,44,rpcf_at,cw,full_test,raw,robust,0.0842911877394636,ad_data/exp031/exp031_full_20260729_174215/bciciv2a_tsception_seed44_rpcf_at_cw.pth
bciciv2a,tsception,45,madry,autoattack,full_test,raw,clean,0.29310344827586204,ad_data/exp031/exp031_full_20260729_174215/bciciv2a_tsception_seed45_madry_autoattack.pth
bciciv2a,tsception,45,madry,autoattack,full_test,raw,robust,0.2471264367816092,ad_data/exp031/exp031_full_20260729_174215/bciciv2a_tsception_seed45_madry_autoattack.pth
bciciv2a,tsception,45,madry,fgsm,full_test,raw,clean,0.29310344827586204,ad_data/exp031/exp031_full_20260729_174215/bciciv2a_tsception_seed45_madry_fgsm.pth
bciciv2a,tsception,45,madry,fgsm,full_test,raw,robust,0.2509578544061303,ad_data/exp031/exp031_full_20260729_174215/bciciv2a_tsception_seed45_madry_fgsm.pth
bciciv2a,tsception,45,madry,pgd,full_test,raw,clean,0.29310344827586204,ad_data/exp031/exp031_full_20260729_174215/bciciv2a_tsception_seed45_madry_pgd.pth
bciciv2a,tsception,45,madry,pgd,full_test,raw,robust,0.2547892720306513,ad_data/exp031/exp031_full_20260729_174215/bciciv2a_tsception_seed45_madry_pgd.pth
bciciv2a,tsception,45,madry,cw,full_test,raw,clean,0.29310344827586204,ad_data/exp031/exp031_full_20260729_174215/bciciv2a_tsception_seed45_madry_cw.pth
bciciv2a,tsception,45,madry,cw,full_test,raw,robust,0.1417624521072797,ad_data/exp031/exp031_full_20260729_174215/bciciv2a_tsception_seed45_madry_cw.pth
bciciv2a,tsception,45,trades,autoattack,full_test,raw,clean,0.4272030651340996,ad_data/exp031/exp031_full_20260729_174215/bciciv2a_tsception_seed45_trades_autoattack.pth
bciciv2a,tsception,45,trades,autoattack,full_test,raw,robust,0.0,ad_data/exp031/exp031_full_20260729_174215/bciciv2a_tsception_seed45_trades_autoattack.pth
bciciv2a,tsception,45,trades,fgsm,full_test,raw,clean,0.4272030651340996,ad_data/exp031/exp031_full_20260729_174215/bciciv2a_tsception_seed45_trades_fgsm.pth
bciciv2a,tsception,45,trades,fgsm,full_test,raw,robust,0.005747126436781609,ad_data/exp031/exp031_full_20260729_174215/bciciv2a_tsception_seed45_trades_fgsm.pth
bciciv2a,tsception,45,trades,pgd,full_test,raw,clean,0.4272030651340996,ad_data/exp031/exp031_full_20260729_174215/bciciv2a_tsception_seed45_trades_pgd.pth
bciciv2a,tsception,45,trades,pgd,full_test,raw,robust,0.0,ad_data/exp031/exp031_full_20260729_174215/bciciv2a_tsception_seed45_trades_pgd.pth
bciciv2a,tsception,45,trades,cw,full_test,raw,clean,0.4272030651340996,ad_data/exp031/exp031_full_20260729_174215/bciciv2a_tsception_seed45_trades_cw.pth
bciciv2a,tsception,45,trades,cw,full_test,raw,robust,0.0019157088122605363,ad_data/exp031/exp031_full_20260729_174215/bciciv2a_tsception_seed45_trades_cw.pth
bciciv2a,tsception,45,fbf,autoattack,full_test,raw,clean,0.41954022988505746,ad_data/exp031/exp031_full_20260729_174215/bciciv2a_tsception_seed45_fbf_autoattack.pth
bciciv2a,tsception,45,fbf,autoattack,full_test,raw,robust,0.01532567049808429,ad_data/exp031/exp031_full_20260729_174215/bciciv2a_tsception_seed45_fbf_autoattack.pth
bciciv2a,tsception,45,fbf,fgsm,full_test,raw,clean,0.41954022988505746,ad_data/exp031/exp031_full_20260729_174215/bciciv2a_tsception_seed45_fbf_fgsm.pth
bciciv2a,tsception,45,fbf,fgsm,full_test,raw,robust,0.03065134099616858,ad_data/exp031/exp031_full_20260729_174215/bciciv2a_tsception_seed45_fbf_fgsm.pth
bciciv2a,tsception,45,fbf,pgd,full_test,raw,clean,0.41954022988505746,ad_data/exp031/exp031_full_20260729_174215/bciciv2a_tsception_seed45_fbf_pgd.pth
bciciv2a,tsception,45,fbf,pgd,full_test,raw,robust,0.019157088122605363,ad_data/exp031/exp031_full_20260729_174215/bciciv2a_tsception_seed45_fbf_pgd.pth
bciciv2a,tsception,45,fbf,cw,full_test,raw,clean,0.41954022988505746,ad_data/exp031/exp031_full_20260729_174215/bciciv2a_tsception_seed45_fbf_cw.pth
bciciv2a,tsception,45,fbf,cw,full_test,raw,robust,0.013409961685823755,ad_data/exp031/exp031_full_20260729_174215/bciciv2a_tsception_seed45_fbf_cw.pth
bciciv2a,tsception,45,ea_forward,autoattack,full_test,raw,clean,0.23563218390804597,ad_data/exp031/exp031_full_20260729_174215/bciciv2a_tsception_seed45_ea_forward_autoattack.pth
bciciv2a,tsception,45,ea_forward,autoattack,full_test,raw,robust,0.23563218390804597,ad_data/exp031/exp031_full_20260729_174215/bciciv2a_tsception_seed45_ea_forward_autoattack.pth
bciciv2a,tsception,45,ea_forward,fgsm,full_test,raw,clean,0.23563218390804597,ad_data/exp031/exp031_full_20260729_174215/bciciv2a_tsception_seed45_ea_forward_fgsm.pth
bciciv2a,tsception,45,ea_forward,fgsm,full_test,raw,robust,0.23563218390804597,ad_data/exp031/exp031_full_20260729_174215/bciciv2a_tsception_seed45_ea_forward_fgsm.pth
bciciv2a,tsception,45,ea_forward,pgd,full_test,raw,clean,0.23563218390804597,ad_data/exp031/exp031_full_20260729_174215/bciciv2a_tsception_seed45_ea_forward_pgd.pth
bciciv2a,tsception,45,ea_forward,pgd,full_test,raw,robust,0.23563218390804597,ad_data/exp031/exp031_full_20260729_174215/bciciv2a_tsception_seed45_ea_forward_pgd.pth
bciciv2a,tsception,45,ea_forward,cw,full_test,raw,clean,0.23563218390804597,ad_data/exp031/exp031_full_20260729_174215/bciciv2a_tsception_seed45_ea_forward_cw.pth
bciciv2a,tsception,45,ea_forward,cw,full_test,raw,robust,0.23563218390804597,ad_data/exp031/exp031_full_20260729_174215/bciciv2a_tsception_seed45_ea_forward_cw.pth
bciciv2a,tsception,45,rpcf_at,autoattack,full_test,raw,clean,0.30268199233716475,ad_data/exp031/exp031_full_20260729_174215/bciciv2a_tsception_seed45_rpcf_at_autoattack.pth
bciciv2a,tsception,45,rpcf_at,autoattack,full_test,raw,robust,0.23563218390804597,ad_data/exp031/exp031_full_20260729_174215/bciciv2a_tsception_seed45_rpcf_at_autoattack.pth
bciciv2a,tsception,45,rpcf_at,fgsm,full_test,raw,clean,0.30268199233716475,ad_data/exp031/exp031_full_20260729_174215/bciciv2a_tsception_seed45_rpcf_at_fgsm.pth
bciciv2a,tsception,45,rpcf_at,fgsm,full_test,raw,robust,0.24329501915708812,ad_data/exp031/exp031_full_20260729_174215/bciciv2a_tsception_seed45_rpcf_at_fgsm.pth
bciciv2a,tsception,45,rpcf_at,pgd,full_test,raw,clean,0.30268199233716475,ad_data/exp031/exp031_full_20260729_174215/bciciv2a_tsception_seed45_rpcf_at_pgd.pth
bciciv2a,tsception,45,rpcf_at,pgd,full_test,raw,robust,0.24521072796934865,ad_data/exp031/exp031_full_20260729_174215/bciciv2a_tsception_seed45_rpcf_at_pgd.pth
bciciv2a,tsception,45,rpcf_at,cw,full_test,raw,clean,0.30268199233716475,ad_data/exp031/exp031_full_20260729_174215/bciciv2a_tsception_seed45_rpcf_at_cw.pth
bciciv2a,tsception,45,rpcf_at,cw,full_test,raw,robust,0.1111111111111111,ad_data/exp031/exp031_full_20260729_174215/bciciv2a_tsception_seed45_rpcf_at_cw.pth
bciciv2a,tsception,46,madry,autoattack,full_test,raw,clean,0.29310344827586204,ad_data/exp031/exp031_full_20260729_174215/bciciv2a_tsception_seed46_madry_autoattack.pth
bciciv2a,tsception,46,madry,autoattack,full_test,raw,robust,0.2260536398467433,ad_data/exp031/exp031_full_20260729_174215/bciciv2a_tsception_seed46_madry_autoattack.pth
bciciv2a,tsception,46,madry,fgsm,full_test,raw,clean,0.29310344827586204,ad_data/exp031/exp031_full_20260729_174215/bciciv2a_tsception_seed46_madry_fgsm.pth
bciciv2a,tsception,46,madry,fgsm,full_test,raw,robust,0.2413793103448276,ad_data/exp031/exp031_full_20260729_174215/bciciv2a_tsception_seed46_madry_fgsm.pth
bciciv2a,tsception,46,madry,pgd,full_test,raw,clean,0.29310344827586204,ad_data/exp031/exp031_full_20260729_174215/bciciv2a_tsception_seed46_madry_pgd.pth
bciciv2a,tsception,46,madry,pgd,full_test,raw,robust,0.23754789272030652,ad_data/exp031/exp031_full_20260729_174215/bciciv2a_tsception_seed46_madry_pgd.pth
bciciv2a,tsception,46,madry,cw,full_test,raw,clean,0.29310344827586204,ad_data/exp031/exp031_full_20260729_174215/bciciv2a_tsception_seed46_madry_cw.pth
bciciv2a,tsception,46,madry,cw,full_test,raw,robust,0.028735632183908046,ad_data/exp031/exp031_full_20260729_174215/bciciv2a_tsception_seed46_madry_cw.pth
bciciv2a,tsception,46,trades,autoattack,full_test,raw,clean,0.421455938697318,ad_data/exp031/exp031_full_20260729_174215/bciciv2a_tsception_seed46_trades_autoattack.pth
bciciv2a,tsception,46,trades,autoattack,full_test,raw,robust,0.0019157088122605363,ad_data/exp031/exp031_full_20260729_174215/bciciv2a_tsception_seed46_trades_autoattack.pth
bciciv2a,tsception,46,trades,fgsm,full_test,raw,clean,0.421455938697318,ad_data/exp031/exp031_full_20260729_174215/bciciv2a_tsception_seed46_trades_fgsm.pth
bciciv2a,tsception,46,trades,fgsm,full_test,raw,robust,0.005747126436781609,ad_data/exp031/exp031_full_20260729_174215/bciciv2a_tsception_seed46_trades_fgsm.pth
bciciv2a,tsception,46,trades,pgd,full_test,raw,clean,0.421455938697318,ad_data/exp031/exp031_full_20260729_174215/bciciv2a_tsception_seed46_trades_pgd.pth
bciciv2a,tsception,46,trades,pgd,full_test,raw,robust,0.0019157088122605363,ad_data/exp031/exp031_full_20260729_174215/bciciv2a_tsception_seed46_trades_pgd.pth
bciciv2a,tsception,46,trades,cw,full_test,raw,clean,0.421455938697318,ad_data/exp031/exp031_full_20260729_174215/bciciv2a_tsception_seed46_trades_cw.pth
bciciv2a,tsception,46,trades,cw,full_test,raw,robust,0.005747126436781609,ad_data/exp031/exp031_full_20260729_174215/bciciv2a_tsception_seed46_trades_cw.pth
bciciv2a,tsception,46,fbf,autoattack,full_test,raw,clean,0.38697318007662834,ad_data/exp031/exp031_full_20260729_174215/bciciv2a_tsception_seed46_fbf_autoattack.pth
bciciv2a,tsception,46,fbf,autoattack,full_test,raw,robust,0.0210727969348659,ad_data/exp031/exp031_full_20260729_174215/bciciv2a_tsception_seed46_fbf_autoattack.pth
bciciv2a,tsception,46,fbf,fgsm,full_test,raw,clean,0.38697318007662834,ad_data/exp031/exp031_full_20260729_174215/bciciv2a_tsception_seed46_fbf_fgsm.pth
bciciv2a,tsception,46,fbf,fgsm,full_test,raw,robust,0.09003831417624521,ad_data/exp031/exp031_full_20260729_174215/bciciv2a_tsception_seed46_fbf_fgsm.pth
bciciv2a,tsception,46,fbf,pgd,full_test,raw,clean,0.38697318007662834,ad_data/exp031/exp031_full_20260729_174215/bciciv2a_tsception_seed46_fbf_pgd.pth
bciciv2a,tsception,46,fbf,pgd,full_test,raw,robust,0.06704980842911877,ad_data/exp031/exp031_full_20260729_174215/bciciv2a_tsception_seed46_fbf_pgd.pth
bciciv2a,tsception,46,fbf,cw,full_test,raw,clean,0.38697318007662834,ad_data/exp031/exp031_full_20260729_174215/bciciv2a_tsception_seed46_fbf_cw.pth
bciciv2a,tsception,46,fbf,cw,full_test,raw,robust,0.02681992337164751,ad_data/exp031/exp031_full_20260729_174215/bciciv2a_tsception_seed46_fbf_cw.pth
bciciv2a,tsception,46,ea_forward,autoattack,full_test,raw,clean,0.23563218390804597,ad_data/exp031/exp031_full_20260729_174215/bciciv2a_tsception_seed46_ea_forward_autoattack.pth
bciciv2a,tsception,46,ea_forward,autoattack,full_test,raw,robust,0.23563218390804597,ad_data/exp031/exp031_full_20260729_174215/bciciv2a_tsception_seed46_ea_forward_autoattack.pth
bciciv2a,tsception,46,ea_forward,fgsm,full_test,raw,clean,0.23563218390804597,ad_data/exp031/exp031_full_20260729_174215/bciciv2a_tsception_seed46_ea_forward_fgsm.pth
bciciv2a,tsception,46,ea_forward,fgsm,full_test,raw,robust,0.23563218390804597,ad_data/exp031/exp031_full_20260729_174215/bciciv2a_tsception_seed46_ea_forward_fgsm.pth
bciciv2a,tsception,46,ea_forward,pgd,full_test,raw,clean,0.23563218390804597,ad_data/exp031/exp031_full_20260729_174215/bciciv2a_tsception_seed46_ea_forward_pgd.pth
bciciv2a,tsception,46,ea_forward,pgd,full_test,raw,robust,0.23563218390804597,ad_data/exp031/exp031_full_20260729_174215/bciciv2a_tsception_seed46_ea_forward_pgd.pth
bciciv2a,tsception,46,ea_forward,cw,full_test,raw,clean,0.23563218390804597,ad_data/exp031/exp031_full_20260729_174215/bciciv2a_tsception_seed46_ea_forward_cw.pth
bciciv2a,tsception,46,ea_forward,cw,full_test,raw,robust,0.23563218390804597,ad_data/exp031/exp031_full_20260729_174215/bciciv2a_tsception_seed46_ea_forward_cw.pth
bciciv2a,tsception,46,rpcf_at,autoattack,full_test,raw,clean,0.29310344827586204,ad_data/exp031/exp031_full_20260729_174215/bciciv2a_tsception_seed46_rpcf_at_autoattack.pth
bciciv2a,tsception,46,rpcf_at,autoattack,full_test,raw,robust,0.20114942528735633,ad_data/exp031/exp031_full_20260729_174215/bciciv2a_tsception_seed46_rpcf_at_autoattack.pth
bciciv2a,tsception,46,rpcf_at,fgsm,full_test,raw,clean,0.29310344827586204,ad_data/exp031/exp031_full_20260729_174215/bciciv2a_tsception_seed46_rpcf_at_fgsm.pth
bciciv2a,tsception,46,rpcf_at,fgsm,full_test,raw,robust,0.2164750957854406,ad_data/exp031/exp031_full_20260729_174215/bciciv2a_tsception_seed46_rpcf_at_fgsm.pth
bciciv2a,tsception,46,rpcf_at,pgd,full_test,raw,clean,0.29310344827586204,ad_data/exp031/exp031_full_20260729_174215/bciciv2a_tsception_seed46_rpcf_at_pgd.pth
bciciv2a,tsception,46,rpcf_at,pgd,full_test,raw,robust,0.210727969348659,ad_data/exp031/exp031_full_20260729_174215/bciciv2a_tsception_seed46_rpcf_at_pgd.pth
bciciv2a,tsception,46,rpcf_at,cw,full_test,raw,clean,0.29310344827586204,ad_data/exp031/exp031_full_20260729_174215/bciciv2a_tsception_seed46_rpcf_at_cw.pth
bciciv2a,tsception,46,rpcf_at,cw,full_test,raw,robust,0.009578544061302681,ad_data/exp031/exp031_full_20260729_174215/bciciv2a_tsception_seed46_rpcf_at_cw.pth
bciciv2a,atcnet,42,madry,autoattack,full_test,raw,clean,0.5038314176245211,ad_data/exp031/exp031_full_20260729_174215/bciciv2a_atcnet_seed42_madry_autoattack.pth
bciciv2a,atcnet,42,madry,autoattack,full_test,raw,robust,0.24329501915708812,ad_data/exp031/exp031_full_20260729_174215/bciciv2a_atcnet_seed42_madry_autoattack.pth
bciciv2a,atcnet,42,madry,fgsm,full_test,raw,clean,0.5038314176245211,ad_data/exp031/exp031_full_20260729_174215/bciciv2a_atcnet_seed42_madry_fgsm.pth
bciciv2a,atcnet,42,madry,fgsm,full_test,raw,robust,0.27586206896551724,ad_data/exp031/exp031_full_20260729_174215/bciciv2a_atcnet_seed42_madry_fgsm.pth
bciciv2a,atcnet,42,madry,pgd,full_test,raw,clean,0.5038314176245211,ad_data/exp031/exp031_full_20260729_174215/bciciv2a_atcnet_seed42_madry_pgd.pth
bciciv2a,atcnet,42,madry,pgd,full_test,raw,robust,0.2681992337164751,ad_data/exp031/exp031_full_20260729_174215/bciciv2a_atcnet_seed42_madry_pgd.pth
bciciv2a,atcnet,42,madry,cw,full_test,raw,clean,0.5038314176245211,ad_data/exp031/exp031_full_20260729_174215/bciciv2a_atcnet_seed42_madry_cw.pth
bciciv2a,atcnet,42,madry,cw,full_test,raw,robust,0.0019157088122605363,ad_data/exp031/exp031_full_20260729_174215/bciciv2a_atcnet_seed42_madry_cw.pth
bciciv2a,atcnet,42,trades,autoattack,full_test,raw,clean,0.603448275862069,ad_data/exp031/exp031_full_20260729_174215/bciciv2a_atcnet_seed42_trades_autoattack.pth
bciciv2a,atcnet,42,trades,autoattack,full_test,raw,robust,0.019157088122605363,ad_data/exp031/exp031_full_20260729_174215/bciciv2a_atcnet_seed42_trades_autoattack.pth
bciciv2a,atcnet,42,trades,fgsm,full_test,raw,clean,0.603448275862069,ad_data/exp031/exp031_full_20260729_174215/bciciv2a_atcnet_seed42_trades_fgsm.pth
bciciv2a,atcnet,42,trades,fgsm,full_test,raw,robust,0.0210727969348659,ad_data/exp031/exp031_full_20260729_174215/bciciv2a_atcnet_seed42_trades_fgsm.pth
bciciv2a,atcnet,42,trades,pgd,full_test,raw,clean,0.603448275862069,ad_data/exp031/exp031_full_20260729_174215/bciciv2a_atcnet_seed42_trades_pgd.pth
bciciv2a,atcnet,42,trades,pgd,full_test,raw,robust,0.019157088122605363,ad_data/exp031/exp031_full_20260729_174215/bciciv2a_atcnet_seed42_trades_pgd.pth
bciciv2a,atcnet,42,trades,cw,full_test,raw,clean,0.603448275862069,ad_data/exp031/exp031_full_20260729_174215/bciciv2a_atcnet_seed42_trades_cw.pth
bciciv2a,atcnet,42,trades,cw,full_test,raw,robust,0.0019157088122605363,ad_data/exp031/exp031_full_20260729_174215/bciciv2a_atcnet_seed42_trades_cw.pth
bciciv2a,atcnet,42,fbf,autoattack,full_test,raw,clean,0.603448275862069,ad_data/exp031/exp031_full_20260729_174215/bciciv2a_atcnet_seed42_fbf_autoattack.pth
bciciv2a,atcnet,42,fbf,autoattack,full_test,raw,robust,0.06704980842911877,ad_data/exp031/exp031_full_20260729_174215/bciciv2a_atcnet_seed42_fbf_autoattack.pth
bciciv2a,atcnet,42,fbf,fgsm,full_test,raw,clean,0.603448275862069,ad_data/exp031/exp031_full_20260729_174215/bciciv2a_atcnet_seed42_fbf_fgsm.pth
bciciv2a,atcnet,42,fbf,fgsm,full_test,raw,robust,0.07662835249042145,ad_data/exp031/exp031_full_20260729_174215/bciciv2a_atcnet_seed42_fbf_fgsm.pth
bciciv2a,atcnet,42,fbf,pgd,full_test,raw,clean,0.603448275862069,ad_data/exp031/exp031_full_20260729_174215/bciciv2a_atcnet_seed42_fbf_pgd.pth
bciciv2a,atcnet,42,fbf,pgd,full_test,raw,robust,0.06704980842911877,ad_data/exp031/exp031_full_20260729_174215/bciciv2a_atcnet_seed42_fbf_pgd.pth
bciciv2a,atcnet,42,fbf,cw,full_test,raw,clean,0.603448275862069,ad_data/exp031/exp031_full_20260729_174215/bciciv2a_atcnet_seed42_fbf_cw.pth
bciciv2a,atcnet,42,fbf,cw,full_test,raw,robust,0.005747126436781609,ad_data/exp031/exp031_full_20260729_174215/bciciv2a_atcnet_seed42_fbf_cw.pth
bciciv2a,atcnet,42,ea_forward,autoattack,full_test,raw,clean,0.2681992337164751,ad_data/exp031/exp031_full_20260729_174215/bciciv2a_atcnet_seed42_ea_forward_autoattack.pth
bciciv2a,atcnet,42,ea_forward,autoattack,full_test,raw,robust,0.02681992337164751,ad_data/exp031/exp031_full_20260729_174215/bciciv2a_atcnet_seed42_ea_forward_autoattack.pth
bciciv2a,atcnet,42,ea_forward,fgsm,full_test,raw,clean,0.2662835249042146,ad_data/exp031/exp031_full_20260729_174215/bciciv2a_atcnet_seed42_ea_forward_fgsm.pth
bciciv2a,atcnet,42,ea_forward,fgsm,full_test,raw,robust,0.06513409961685823,ad_data/exp031/exp031_full_20260729_174215/bciciv2a_atcnet_seed42_ea_forward_fgsm.pth
bciciv2a,atcnet,42,ea_forward,pgd,full_test,raw,clean,0.2662835249042146,ad_data/exp031/exp031_full_20260729_174215/bciciv2a_atcnet_seed42_ea_forward_pgd.pth
bciciv2a,atcnet,42,ea_forward,pgd,full_test,raw,robust,0.0,ad_data/exp031/exp031_full_20260729_174215/bciciv2a_atcnet_seed42_ea_forward_pgd.pth
bciciv2a,atcnet,42,ea_forward,cw,full_test,raw,clean,0.2662835249042146,ad_data/exp031/exp031_full_20260729_174215/bciciv2a_atcnet_seed42_ea_forward_cw.pth
bciciv2a,atcnet,42,ea_forward,cw,full_test,raw,robust,0.15517241379310345,ad_data/exp031/exp031_full_20260729_174215/bciciv2a_atcnet_seed42_ea_forward_cw.pth
bciciv2a,atcnet,42,rpcf_at,autoattack,full_test,raw,clean,0.49808429118773945,ad_data/exp031/exp031_full_20260729_174215/bciciv2a_atcnet_seed42_rpcf_at_autoattack.pth
bciciv2a,atcnet,42,rpcf_at,autoattack,full_test,raw,robust,0.2222222222222222,ad_data/exp031/exp031_full_20260729_174215/bciciv2a_atcnet_seed42_rpcf_at_autoattack.pth
bciciv2a,atcnet,42,rpcf_at,fgsm,full_test,raw,clean,0.49808429118773945,ad_data/exp031/exp031_full_20260729_174215/bciciv2a_atcnet_seed42_rpcf_at_fgsm.pth
bciciv2a,atcnet,42,rpcf_at,fgsm,full_test,raw,robust,0.23946360153256704,ad_data/exp031/exp031_full_20260729_174215/bciciv2a_atcnet_seed42_rpcf_at_fgsm.pth
bciciv2a,atcnet,42,rpcf_at,pgd,full_test,raw,clean,0.49808429118773945,ad_data/exp031/exp031_full_20260729_174215/bciciv2a_atcnet_seed42_rpcf_at_pgd.pth
bciciv2a,atcnet,42,rpcf_at,pgd,full_test,raw,robust,0.23563218390804597,ad_data/exp031/exp031_full_20260729_174215/bciciv2a_atcnet_seed42_rpcf_at_pgd.pth
bciciv2a,atcnet,42,rpcf_at,cw,full_test,raw,clean,0.49808429118773945,ad_data/exp031/exp031_full_20260729_174215/bciciv2a_atcnet_seed42_rpcf_at_cw.pth
bciciv2a,atcnet,42,rpcf_at,cw,full_test,raw,robust,0.0,ad_data/exp031/exp031_full_20260729_174215/bciciv2a_atcnet_seed42_rpcf_at_cw.pth
bciciv2a,atcnet,43,madry,autoattack,full_test,raw,clean,0.46934865900383144,ad_data/exp031/exp031_full_20260729_174215/bciciv2a_atcnet_seed43_madry_autoattack.pth
bciciv2a,atcnet,43,madry,autoattack,full_test,raw,robust,0.2260536398467433,ad_data/exp031/exp031_full_20260729_174215/bciciv2a_atcnet_seed43_madry_autoattack.pth
bciciv2a,atcnet,43,madry,fgsm,full_test,raw,clean,0.46934865900383144,ad_data/exp031/exp031_full_20260729_174215/bciciv2a_atcnet_seed43_madry_fgsm.pth
bciciv2a,atcnet,43,madry,fgsm,full_test,raw,robust,0.2624521072796935,ad_data/exp031/exp031_full_20260729_174215/bciciv2a_atcnet_seed43_madry_fgsm.pth
bciciv2a,atcnet,43,madry,pgd,full_test,raw,clean,0.46934865900383144,ad_data/exp031/exp031_full_20260729_174215/bciciv2a_atcnet_seed43_madry_pgd.pth
bciciv2a,atcnet,43,madry,pgd,full_test,raw,robust,0.26053639846743293,ad_data/exp031/exp031_full_20260729_174215/bciciv2a_atcnet_seed43_madry_pgd.pth
bciciv2a,atcnet,43,madry,cw,full_test,raw,clean,0.46934865900383144,ad_data/exp031/exp031_full_20260729_174215/bciciv2a_atcnet_seed43_madry_cw.pth
bciciv2a,atcnet,43,madry,cw,full_test,raw,robust,0.007662835249042145,ad_data/exp031/exp031_full_20260729_174215/bciciv2a_atcnet_seed43_madry_cw.pth
bciciv2a,atcnet,43,trades,autoattack,full_test,raw,clean,0.6168582375478927,ad_data/exp031/exp031_full_20260729_174215/bciciv2a_atcnet_seed43_trades_autoattack.pth
bciciv2a,atcnet,43,trades,autoattack,full_test,raw,robust,0.007662835249042145,ad_data/exp031/exp031_full_20260729_174215/bciciv2a_atcnet_seed43_trades_autoattack.pth
bciciv2a,atcnet,43,trades,fgsm,full_test,raw,clean,0.6168582375478927,ad_data/exp031/exp031_full_20260729_174215/bciciv2a_atcnet_seed43_trades_fgsm.pth
bciciv2a,atcnet,43,trades,fgsm,full_test,raw,robust,0.011494252873563218,ad_data/exp031/exp031_full_20260729_174215/bciciv2a_atcnet_seed43_trades_fgsm.pth
bciciv2a,atcnet,43,trades,pgd,full_test,raw,clean,0.6168582375478927,ad_data/exp031/exp031_full_20260729_174215/bciciv2a_atcnet_seed43_trades_pgd.pth
bciciv2a,atcnet,43,trades,pgd,full_test,raw,robust,0.007662835249042145,ad_data/exp031/exp031_full_20260729_174215/bciciv2a_atcnet_seed43_trades_pgd.pth
bciciv2a,atcnet,43,trades,cw,full_test,raw,clean,0.6168582375478927,ad_data/exp031/exp031_full_20260729_174215/bciciv2a_atcnet_seed43_trades_cw.pth
bciciv2a,atcnet,43,trades,cw,full_test,raw,robust,0.011494252873563218,ad_data/exp031/exp031_full_20260729_174215/bciciv2a_atcnet_seed43_trades_cw.pth
bciciv2a,atcnet,43,fbf,autoattack,full_test,raw,clean,0.5881226053639846,ad_data/exp031/exp031_full_20260729_174215/bciciv2a_atcnet_seed43_fbf_autoattack.pth
bciciv2a,atcnet,43,fbf,autoattack,full_test,raw,robust,0.09003831417624521,ad_data/exp031/exp031_full_20260729_174215/bciciv2a_atcnet_seed43_fbf_autoattack.pth
bciciv2a,atcnet,43,fbf,fgsm,full_test,raw,clean,0.5881226053639846,ad_data/exp031/exp031_full_20260729_174215/bciciv2a_atcnet_seed43_fbf_fgsm.pth
bciciv2a,atcnet,43,fbf,fgsm,full_test,raw,robust,0.11494252873563218,ad_data/exp031/exp031_full_20260729_174215/bciciv2a_atcnet_seed43_fbf_fgsm.pth
bciciv2a,atcnet,43,fbf,pgd,full_test,raw,clean,0.5881226053639846,ad_data/exp031/exp031_full_20260729_174215/bciciv2a_atcnet_seed43_fbf_pgd.pth
bciciv2a,atcnet,43,fbf,pgd,full_test,raw,robust,0.09961685823754789,ad_data/exp031/exp031_full_20260729_174215/bciciv2a_atcnet_seed43_fbf_pgd.pth
bciciv2a,atcnet,43,fbf,cw,full_test,raw,clean,0.5881226053639846,ad_data/exp031/exp031_full_20260729_174215/bciciv2a_atcnet_seed43_fbf_cw.pth
bciciv2a,atcnet,43,fbf,cw,full_test,raw,robust,0.0038314176245210726,ad_data/exp031/exp031_full_20260729_174215/bciciv2a_atcnet_seed43_fbf_cw.pth
bciciv2a,atcnet,43,ea_forward,autoattack,full_test,raw,clean,0.24904214559386972,ad_data/exp031/exp031_full_20260729_174215/bciciv2a_atcnet_seed43_ea_forward_autoattack.pth
bciciv2a,atcnet,43,ea_forward,autoattack,full_test,raw,robust,0.06896551724137931,ad_data/exp031/exp031_full_20260729_174215/bciciv2a_atcnet_seed43_ea_forward_autoattack.pth
bciciv2a,atcnet,43,ea_forward,fgsm,full_test,raw,clean,0.25862068965517243,ad_data/exp031/exp031_full_20260729_174215/bciciv2a_atcnet_seed43_ea_forward_fgsm.pth
bciciv2a,atcnet,43,ea_forward,fgsm,full_test,raw,robust,0.10153256704980843,ad_data/exp031/exp031_full_20260729_174215/bciciv2a_atcnet_seed43_ea_forward_fgsm.pth
bciciv2a,atcnet,43,ea_forward,pgd,full_test,raw,clean,0.25862068965517243,ad_data/exp031/exp031_full_20260729_174215/bciciv2a_atcnet_seed43_ea_forward_pgd.pth
bciciv2a,atcnet,43,ea_forward,pgd,full_test,raw,robust,0.0019157088122605363,ad_data/exp031/exp031_full_20260729_174215/bciciv2a_atcnet_seed43_ea_forward_pgd.pth
bciciv2a,atcnet,43,ea_forward,cw,full_test,raw,clean,0.25862068965517243,ad_data/exp031/exp031_full_20260729_174215/bciciv2a_atcnet_seed43_ea_forward_cw.pth
bciciv2a,atcnet,43,ea_forward,cw,full_test,raw,robust,0.25287356321839083,ad_data/exp031/exp031_full_20260729_174215/bciciv2a_atcnet_seed43_ea_forward_cw.pth
bciciv2a,atcnet,43,rpcf_at,autoattack,full_test,raw,clean,0.49616858237547895,ad_data/exp031/exp031_full_20260729_174215/bciciv2a_atcnet_seed43_rpcf_at_autoattack.pth
bciciv2a,atcnet,43,rpcf_at,autoattack,full_test,raw,robust,0.20114942528735633,ad_data/exp031/exp031_full_20260729_174215/bciciv2a_atcnet_seed43_rpcf_at_autoattack.pth
bciciv2a,atcnet,43,rpcf_at,fgsm,full_test,raw,clean,0.49616858237547895,ad_data/exp031/exp031_full_20260729_174215/bciciv2a_atcnet_seed43_rpcf_at_fgsm.pth
bciciv2a,atcnet,43,rpcf_at,fgsm,full_test,raw,robust,0.2222222222222222,ad_data/exp031/exp031_full_20260729_174215/bciciv2a_atcnet_seed43_rpcf_at_fgsm.pth
bciciv2a,atcnet,43,rpcf_at,pgd,full_test,raw,clean,0.49616858237547895,ad_data/exp031/exp031_full_20260729_174215/bciciv2a_atcnet_seed43_rpcf_at_pgd.pth
bciciv2a,atcnet,43,rpcf_at,pgd,full_test,raw,robust,0.2164750957854406,ad_data/exp031/exp031_full_20260729_174215/bciciv2a_atcnet_seed43_rpcf_at_pgd.pth
bciciv2a,atcnet,43,rpcf_at,cw,full_test,raw,clean,0.49616858237547895,ad_data/exp031/exp031_full_20260729_174215/bciciv2a_atcnet_seed43_rpcf_at_cw.pth
bciciv2a,atcnet,43,rpcf_at,cw,full_test,raw,robust,0.007662835249042145,ad_data/exp031/exp031_full_20260729_174215/bciciv2a_atcnet_seed43_rpcf_at_cw.pth
bciciv2a,atcnet,44,madry,autoattack,full_test,raw,clean,0.4904214559386973,ad_data/exp031/exp031_full_20260729_174215/bciciv2a_atcnet_seed44_madry_autoattack.pth
bciciv2a,atcnet,44,madry,autoattack,full_test,raw,robust,0.22988505747126436,ad_data/exp031/exp031_full_20260729_174215/bciciv2a_atcnet_seed44_madry_autoattack.pth
bciciv2a,atcnet,44,madry,fgsm,full_test,raw,clean,0.4904214559386973,ad_data/exp031/exp031_full_20260729_174215/bciciv2a_atcnet_seed44_madry_fgsm.pth
bciciv2a,atcnet,44,madry,fgsm,full_test,raw,robust,0.2681992337164751,ad_data/exp031/exp031_full_20260729_174215/bciciv2a_atcnet_seed44_madry_fgsm.pth
bciciv2a,atcnet,44,madry,pgd,full_test,raw,clean,0.4904214559386973,ad_data/exp031/exp031_full_20260729_174215/bciciv2a_atcnet_seed44_madry_pgd.pth
bciciv2a,atcnet,44,madry,pgd,full_test,raw,robust,0.2567049808429119,ad_data/exp031/exp031_full_20260729_174215/bciciv2a_atcnet_seed44_madry_pgd.pth
bciciv2a,atcnet,44,madry,cw,full_test,raw,clean,0.4904214559386973,ad_data/exp031/exp031_full_20260729_174215/bciciv2a_atcnet_seed44_madry_cw.pth
bciciv2a,atcnet,44,madry,cw,full_test,raw,robust,0.0,ad_data/exp031/exp031_full_20260729_174215/bciciv2a_atcnet_seed44_madry_cw.pth
bciciv2a,atcnet,44,trades,autoattack,full_test,raw,clean,0.5957854406130269,ad_data/exp031/exp031_full_20260729_174215/bciciv2a_atcnet_seed44_trades_autoattack.pth
bciciv2a,atcnet,44,trades,autoattack,full_test,raw,robust,0.013409961685823755,ad_data/exp031/exp031_full_20260729_174215/bciciv2a_atcnet_seed44_trades_autoattack.pth
bciciv2a,atcnet,44,trades,fgsm,full_test,raw,clean,0.5957854406130269,ad_data/exp031/exp031_full_20260729_174215/bciciv2a_atcnet_seed44_trades_fgsm.pth
bciciv2a,atcnet,44,trades,fgsm,full_test,raw,robust,0.028735632183908046,ad_data/exp031/exp031_full_20260729_174215/bciciv2a_atcnet_seed44_trades_fgsm.pth
bciciv2a,atcnet,44,trades,pgd,full_test,raw,clean,0.5957854406130269,ad_data/exp031/exp031_full_20260729_174215/bciciv2a_atcnet_seed44_trades_pgd.pth
bciciv2a,atcnet,44,trades,pgd,full_test,raw,robust,0.01532567049808429,ad_data/exp031/exp031_full_20260729_174215/bciciv2a_atcnet_seed44_trades_pgd.pth
bciciv2a,atcnet,44,trades,cw,full_test,raw,clean,0.5957854406130269,ad_data/exp031/exp031_full_20260729_174215/bciciv2a_atcnet_seed44_trades_cw.pth
bciciv2a,atcnet,44,trades,cw,full_test,raw,robust,0.0019157088122605363,ad_data/exp031/exp031_full_20260729_174215/bciciv2a_atcnet_seed44_trades_cw.pth
bciciv2a,atcnet,44,fbf,autoattack,full_test,raw,clean,0.5996168582375478,ad_data/exp031/exp031_full_20260729_174215/bciciv2a_atcnet_seed44_fbf_autoattack.pth
bciciv2a,atcnet,44,fbf,autoattack,full_test,raw,robust,0.06321839080459771,ad_data/exp031/exp031_full_20260729_174215/bciciv2a_atcnet_seed44_fbf_autoattack.pth
bciciv2a,atcnet,44,fbf,fgsm,full_test,raw,clean,0.5996168582375478,ad_data/exp031/exp031_full_20260729_174215/bciciv2a_atcnet_seed44_fbf_fgsm.pth
bciciv2a,atcnet,44,fbf,fgsm,full_test,raw,robust,0.07279693486590039,ad_data/exp031/exp031_full_20260729_174215/bciciv2a_atcnet_seed44_fbf_fgsm.pth
bciciv2a,atcnet,44,fbf,pgd,full_test,raw,clean,0.5996168582375478,ad_data/exp031/exp031_full_20260729_174215/bciciv2a_atcnet_seed44_fbf_pgd.pth
bciciv2a,atcnet,44,fbf,pgd,full_test,raw,robust,0.06513409961685823,ad_data/exp031/exp031_full_20260729_174215/bciciv2a_atcnet_seed44_fbf_pgd.pth
bciciv2a,atcnet,44,fbf,cw,full_test,raw,clean,0.5996168582375478,ad_data/exp031/exp031_full_20260729_174215/bciciv2a_atcnet_seed44_fbf_cw.pth
bciciv2a,atcnet,44,fbf,cw,full_test,raw,robust,0.0,ad_data/exp031/exp031_full_20260729_174215/bciciv2a_atcnet_seed44_fbf_cw.pth
bciciv2a,atcnet,44,ea_forward,autoattack,full_test,raw,clean,0.23371647509578544,ad_data/exp031/exp031_full_20260729_174215/bciciv2a_atcnet_seed44_ea_forward_autoattack.pth
bciciv2a,atcnet,44,ea_forward,autoattack,full_test,raw,robust,0.044061302681992334,ad_data/exp031/exp031_full_20260729_174215/bciciv2a_atcnet_seed44_ea_forward_autoattack.pth
bciciv2a,atcnet,44,ea_forward,fgsm,full_test,raw,clean,0.2624521072796935,ad_data/exp031/exp031_full_20260729_174215/bciciv2a_atcnet_seed44_ea_forward_fgsm.pth
bciciv2a,atcnet,44,ea_forward,fgsm,full_test,raw,robust,0.2413793103448276,ad_data/exp031/exp031_full_20260729_174215/bciciv2a_atcnet_seed44_ea_forward_fgsm.pth
bciciv2a,atcnet,44,ea_forward,pgd,full_test,raw,clean,0.2624521072796935,ad_data/exp031/exp031_full_20260729_174215/bciciv2a_atcnet_seed44_ea_forward_pgd.pth
bciciv2a,atcnet,44,ea_forward,pgd,full_test,raw,robust,0.017241379310344827,ad_data/exp031/exp031_full_20260729_174215/bciciv2a_atcnet_seed44_ea_forward_pgd.pth
bciciv2a,atcnet,44,ea_forward,cw,full_test,raw,clean,0.2624521072796935,ad_data/exp031/exp031_full_20260729_174215/bciciv2a_atcnet_seed44_ea_forward_cw.pth
bciciv2a,atcnet,44,ea_forward,cw,full_test,raw,robust,0.19348659003831417,ad_data/exp031/exp031_full_20260729_174215/bciciv2a_atcnet_seed44_ea_forward_cw.pth
bciciv2a,atcnet,44,rpcf_at,autoattack,full_test,raw,clean,0.4827586206896552,ad_data/exp031/exp031_full_20260729_174215/bciciv2a_atcnet_seed44_rpcf_at_autoattack.pth
bciciv2a,atcnet,44,rpcf_at,autoattack,full_test,raw,robust,0.20306513409961685,ad_data/exp031/exp031_full_20260729_174215/bciciv2a_atcnet_seed44_rpcf_at_autoattack.pth
bciciv2a,atcnet,44,rpcf_at,fgsm,full_test,raw,clean,0.4827586206896552,ad_data/exp031/exp031_full_20260729_174215/bciciv2a_atcnet_seed44_rpcf_at_fgsm.pth
bciciv2a,atcnet,44,rpcf_at,fgsm,full_test,raw,robust,0.2164750957854406,ad_data/exp031/exp031_full_20260729_174215/bciciv2a_atcnet_seed44_rpcf_at_fgsm.pth
bciciv2a,atcnet,44,rpcf_at,pgd,full_test,raw,clean,0.4827586206896552,ad_data/exp031/exp031_full_20260729_174215/bciciv2a_atcnet_seed44_rpcf_at_pgd.pth
bciciv2a,atcnet,44,rpcf_at,pgd,full_test,raw,robust,0.20881226053639848,ad_data/exp031/exp031_full_20260729_174215/bciciv2a_atcnet_seed44_rpcf_at_pgd.pth
bciciv2a,atcnet,44,rpcf_at,cw,full_test,raw,clean,0.4827586206896552,ad_data/exp031/exp031_full_20260729_174215/bciciv2a_atcnet_seed44_rpcf_at_cw.pth
bciciv2a,atcnet,44,rpcf_at,cw,full_test,raw,robust,0.0038314176245210726,ad_data/exp031/exp031_full_20260729_174215/bciciv2a_atcnet_seed44_rpcf_at_cw.pth
bciciv2a,atcnet,45,madry,autoattack,full_test,raw,clean,0.48659003831417624,ad_data/exp031/exp031_full_20260729_174215/bciciv2a_atcnet_seed45_madry_autoattack.pth
bciciv2a,atcnet,45,madry,autoattack,full_test,raw,robust,0.22413793103448276,ad_data/exp031/exp031_full_20260729_174215/bciciv2a_atcnet_seed45_madry_autoattack.pth
bciciv2a,atcnet,45,madry,fgsm,full_test,raw,clean,0.48659003831417624,ad_data/exp031/exp031_full_20260729_174215/bciciv2a_atcnet_seed45_madry_fgsm.pth
bciciv2a,atcnet,45,madry,fgsm,full_test,raw,robust,0.23946360153256704,ad_data/exp031/exp031_full_20260729_174215/bciciv2a_atcnet_seed45_madry_fgsm.pth
bciciv2a,atcnet,45,madry,pgd,full_test,raw,clean,0.48659003831417624,ad_data/exp031/exp031_full_20260729_174215/bciciv2a_atcnet_seed45_madry_pgd.pth
bciciv2a,atcnet,45,madry,pgd,full_test,raw,robust,0.23371647509578544,ad_data/exp031/exp031_full_20260729_174215/bciciv2a_atcnet_seed45_madry_pgd.pth
bciciv2a,atcnet,45,madry,cw,full_test,raw,clean,0.48659003831417624,ad_data/exp031/exp031_full_20260729_174215/bciciv2a_atcnet_seed45_madry_cw.pth
bciciv2a,atcnet,45,madry,cw,full_test,raw,robust,0.005747126436781609,ad_data/exp031/exp031_full_20260729_174215/bciciv2a_atcnet_seed45_madry_cw.pth
bciciv2a,atcnet,45,trades,autoattack,full_test,raw,clean,0.5766283524904214,ad_data/exp031/exp031_full_20260729_174215/bciciv2a_atcnet_seed45_trades_autoattack.pth
bciciv2a,atcnet,45,trades,autoattack,full_test,raw,robust,0.011494252873563218,ad_data/exp031/exp031_full_20260729_174215/bciciv2a_atcnet_seed45_trades_autoattack.pth
bciciv2a,atcnet,45,trades,fgsm,full_test,raw,clean,0.5766283524904214,ad_data/exp031/exp031_full_20260729_174215/bciciv2a_atcnet_seed45_trades_fgsm.pth
bciciv2a,atcnet,45,trades,fgsm,full_test,raw,robust,0.0210727969348659,ad_data/exp031/exp031_full_20260729_174215/bciciv2a_atcnet_seed45_trades_fgsm.pth
bciciv2a,atcnet,45,trades,pgd,full_test,raw,clean,0.5766283524904214,ad_data/exp031/exp031_full_20260729_174215/bciciv2a_atcnet_seed45_trades_pgd.pth
bciciv2a,atcnet,45,trades,pgd,full_test,raw,robust,0.013409961685823755,ad_data/exp031/exp031_full_20260729_174215/bciciv2a_atcnet_seed45_trades_pgd.pth
bciciv2a,atcnet,45,trades,cw,full_test,raw,clean,0.5766283524904214,ad_data/exp031/exp031_full_20260729_174215/bciciv2a_atcnet_seed45_trades_cw.pth
bciciv2a,atcnet,45,trades,cw,full_test,raw,robust,0.005747126436781609,ad_data/exp031/exp031_full_20260729_174215/bciciv2a_atcnet_seed45_trades_cw.pth
bciciv2a,atcnet,45,fbf,autoattack,full_test,raw,clean,0.5555555555555556,ad_data/exp031/exp031_full_20260729_174215/bciciv2a_atcnet_seed45_fbf_autoattack.pth
bciciv2a,atcnet,45,fbf,autoattack,full_test,raw,robust,0.09003831417624521,ad_data/exp031/exp031_full_20260729_174215/bciciv2a_atcnet_seed45_fbf_autoattack.pth
bciciv2a,atcnet,45,fbf,fgsm,full_test,raw,clean,0.5555555555555556,ad_data/exp031/exp031_full_20260729_174215/bciciv2a_atcnet_seed45_fbf_fgsm.pth
bciciv2a,atcnet,45,fbf,fgsm,full_test,raw,robust,0.11494252873563218,ad_data/exp031/exp031_full_20260729_174215/bciciv2a_atcnet_seed45_fbf_fgsm.pth
bciciv2a,atcnet,45,fbf,pgd,full_test,raw,clean,0.5555555555555556,ad_data/exp031/exp031_full_20260729_174215/bciciv2a_atcnet_seed45_fbf_pgd.pth
bciciv2a,atcnet,45,fbf,pgd,full_test,raw,robust,0.09770114942528736,ad_data/exp031/exp031_full_20260729_174215/bciciv2a_atcnet_seed45_fbf_pgd.pth
bciciv2a,atcnet,45,fbf,cw,full_test,raw,clean,0.5555555555555556,ad_data/exp031/exp031_full_20260729_174215/bciciv2a_atcnet_seed45_fbf_cw.pth
bciciv2a,atcnet,45,fbf,cw,full_test,raw,robust,0.017241379310344827,ad_data/exp031/exp031_full_20260729_174215/bciciv2a_atcnet_seed45_fbf_cw.pth
bciciv2a,atcnet,45,ea_forward,autoattack,full_test,raw,clean,0.2509578544061303,ad_data/exp031/exp031_full_20260729_174215/bciciv2a_atcnet_seed45_ea_forward_autoattack.pth
bciciv2a,atcnet,45,ea_forward,autoattack,full_test,raw,robust,0.05555555555555555,ad_data/exp031/exp031_full_20260729_174215/bciciv2a_atcnet_seed45_ea_forward_autoattack.pth
bciciv2a,atcnet,45,ea_forward,fgsm,full_test,raw,clean,0.2509578544061303,ad_data/exp031/exp031_full_20260729_174215/bciciv2a_atcnet_seed45_ea_forward_fgsm.pth
bciciv2a,atcnet,45,ea_forward,fgsm,full_test,raw,robust,0.22030651340996169,ad_data/exp031/exp031_full_20260729_174215/bciciv2a_atcnet_seed45_ea_forward_fgsm.pth
bciciv2a,atcnet,45,ea_forward,pgd,full_test,raw,clean,0.2509578544061303,ad_data/exp031/exp031_full_20260729_174215/bciciv2a_atcnet_seed45_ea_forward_pgd.pth
bciciv2a,atcnet,45,ea_forward,pgd,full_test,raw,robust,0.09770114942528736,ad_data/exp031/exp031_full_20260729_174215/bciciv2a_atcnet_seed45_ea_forward_pgd.pth
bciciv2a,atcnet,45,ea_forward,cw,full_test,raw,clean,0.2509578544061303,ad_data/exp031/exp031_full_20260729_174215/bciciv2a_atcnet_seed45_ea_forward_cw.pth
bciciv2a,atcnet,45,ea_forward,cw,full_test,raw,robust,0.26436781609195403,ad_data/exp031/exp031_full_20260729_174215/bciciv2a_atcnet_seed45_ea_forward_cw.pth
bciciv2a,atcnet,45,rpcf_at,autoattack,full_test,raw,clean,0.4904214559386973,ad_data/exp031/exp031_full_20260729_174215/bciciv2a_atcnet_seed45_rpcf_at_autoattack.pth
bciciv2a,atcnet,45,rpcf_at,autoattack,full_test,raw,robust,0.18199233716475097,ad_data/exp031/exp031_full_20260729_174215/bciciv2a_atcnet_seed45_rpcf_at_autoattack.pth
bciciv2a,atcnet,45,rpcf_at,fgsm,full_test,raw,clean,0.4904214559386973,ad_data/exp031/exp031_full_20260729_174215/bciciv2a_atcnet_seed45_rpcf_at_fgsm.pth
bciciv2a,atcnet,45,rpcf_at,fgsm,full_test,raw,robust,0.2049808429118774,ad_data/exp031/exp031_full_20260729_174215/bciciv2a_atcnet_seed45_rpcf_at_fgsm.pth
bciciv2a,atcnet,45,rpcf_at,pgd,full_test,raw,clean,0.4904214559386973,ad_data/exp031/exp031_full_20260729_174215/bciciv2a_atcnet_seed45_rpcf_at_pgd.pth
bciciv2a,atcnet,45,rpcf_at,pgd,full_test,raw,robust,0.19923371647509577,ad_data/exp031/exp031_full_20260729_174215/bciciv2a_atcnet_seed45_rpcf_at_pgd.pth
bciciv2a,atcnet,45,rpcf_at,cw,full_test,raw,clean,0.4904214559386973,ad_data/exp031/exp031_full_20260729_174215/bciciv2a_atcnet_seed45_rpcf_at_cw.pth
bciciv2a,atcnet,45,rpcf_at,cw,full_test,raw,robust,0.0038314176245210726,ad_data/exp031/exp031_full_20260729_174215/bciciv2a_atcnet_seed45_rpcf_at_cw.pth
bciciv2a,atcnet,46,madry,autoattack,full_test,raw,clean,0.4731800766283525,ad_data/exp031/exp031_full_20260729_174215/bciciv2a_atcnet_seed46_madry_autoattack.pth
bciciv2a,atcnet,46,madry,autoattack,full_test,raw,robust,0.22413793103448276,ad_data/exp031/exp031_full_20260729_174215/bciciv2a_atcnet_seed46_madry_autoattack.pth
bciciv2a,atcnet,46,madry,fgsm,full_test,raw,clean,0.4731800766283525,ad_data/exp031/exp031_full_20260729_174215/bciciv2a_atcnet_seed46_madry_fgsm.pth
bciciv2a,atcnet,46,madry,fgsm,full_test,raw,robust,0.2547892720306513,ad_data/exp031/exp031_full_20260729_174215/bciciv2a_atcnet_seed46_madry_fgsm.pth
bciciv2a,atcnet,46,madry,pgd,full_test,raw,clean,0.4731800766283525,ad_data/exp031/exp031_full_20260729_174215/bciciv2a_atcnet_seed46_madry_pgd.pth
bciciv2a,atcnet,46,madry,pgd,full_test,raw,robust,0.25287356321839083,ad_data/exp031/exp031_full_20260729_174215/bciciv2a_atcnet_seed46_madry_pgd.pth
bciciv2a,atcnet,46,madry,cw,full_test,raw,clean,0.4731800766283525,ad_data/exp031/exp031_full_20260729_174215/bciciv2a_atcnet_seed46_madry_cw.pth
bciciv2a,atcnet,46,madry,cw,full_test,raw,robust,0.007662835249042145,ad_data/exp031/exp031_full_20260729_174215/bciciv2a_atcnet_seed46_madry_cw.pth
bciciv2a,atcnet,46,trades,autoattack,full_test,raw,clean,0.5842911877394636,ad_data/exp031/exp031_full_20260729_174215/bciciv2a_atcnet_seed46_trades_autoattack.pth
bciciv2a,atcnet,46,trades,autoattack,full_test,raw,robust,0.011494252873563218,ad_data/exp031/exp031_full_20260729_174215/bciciv2a_atcnet_seed46_trades_autoattack.pth
bciciv2a,atcnet,46,trades,fgsm,full_test,raw,clean,0.5842911877394636,ad_data/exp031/exp031_full_20260729_174215/bciciv2a_atcnet_seed46_trades_fgsm.pth
bciciv2a,atcnet,46,trades,fgsm,full_test,raw,robust,0.0210727969348659,ad_data/exp031/exp031_full_20260729_174215/bciciv2a_atcnet_seed46_trades_fgsm.pth
bciciv2a,atcnet,46,trades,pgd,full_test,raw,clean,0.5842911877394636,ad_data/exp031/exp031_full_20260729_174215/bciciv2a_atcnet_seed46_trades_pgd.pth
bciciv2a,atcnet,46,trades,pgd,full_test,raw,robust,0.011494252873563218,ad_data/exp031/exp031_full_20260729_174215/bciciv2a_atcnet_seed46_trades_pgd.pth
bciciv2a,atcnet,46,trades,cw,full_test,raw,clean,0.5842911877394636,ad_data/exp031/exp031_full_20260729_174215/bciciv2a_atcnet_seed46_trades_cw.pth
bciciv2a,atcnet,46,trades,cw,full_test,raw,robust,0.005747126436781609,ad_data/exp031/exp031_full_20260729_174215/bciciv2a_atcnet_seed46_trades_cw.pth
bciciv2a,atcnet,46,fbf,autoattack,full_test,raw,clean,0.5593869731800766,ad_data/exp031/exp031_full_20260729_174215/bciciv2a_atcnet_seed46_fbf_autoattack.pth
bciciv2a,atcnet,46,fbf,autoattack,full_test,raw,robust,0.09386973180076628,ad_data/exp031/exp031_full_20260729_174215/bciciv2a_atcnet_seed46_fbf_autoattack.pth
bciciv2a,atcnet,46,fbf,fgsm,full_test,raw,clean,0.5593869731800766,ad_data/exp031/exp031_full_20260729_174215/bciciv2a_atcnet_seed46_fbf_fgsm.pth
bciciv2a,atcnet,46,fbf,fgsm,full_test,raw,robust,0.12835249042145594,ad_data/exp031/exp031_full_20260729_174215/bciciv2a_atcnet_seed46_fbf_fgsm.pth
bciciv2a,atcnet,46,fbf,pgd,full_test,raw,clean,0.5593869731800766,ad_data/exp031/exp031_full_20260729_174215/bciciv2a_atcnet_seed46_fbf_pgd.pth
bciciv2a,atcnet,46,fbf,pgd,full_test,raw,robust,0.09770114942528736,ad_data/exp031/exp031_full_20260729_174215/bciciv2a_atcnet_seed46_fbf_pgd.pth
bciciv2a,atcnet,46,fbf,cw,full_test,raw,clean,0.5593869731800766,ad_data/exp031/exp031_full_20260729_174215/bciciv2a_atcnet_seed46_fbf_cw.pth
bciciv2a,atcnet,46,fbf,cw,full_test,raw,robust,0.005747126436781609,ad_data/exp031/exp031_full_20260729_174215/bciciv2a_atcnet_seed46_fbf_cw.pth
bciciv2a,atcnet,46,ea_forward,autoattack,full_test,raw,clean,0.26053639846743293,ad_data/exp031/exp031_full_20260729_174215/bciciv2a_atcnet_seed46_ea_forward_autoattack.pth
bciciv2a,atcnet,46,ea_forward,autoattack,full_test,raw,robust,0.03639846743295019,ad_data/exp031/exp031_full_20260729_174215/bciciv2a_atcnet_seed46_ea_forward_autoattack.pth
bciciv2a,atcnet,46,ea_forward,fgsm,full_test,raw,clean,0.24904214559386972,ad_data/exp031/exp031_full_20260729_174215/bciciv2a_atcnet_seed46_ea_forward_fgsm.pth
bciciv2a,atcnet,46,ea_forward,fgsm,full_test,raw,robust,0.05938697318007663,ad_data/exp031/exp031_full_20260729_174215/bciciv2a_atcnet_seed46_ea_forward_fgsm.pth
bciciv2a,atcnet,46,ea_forward,pgd,full_test,raw,clean,0.24904214559386972,ad_data/exp031/exp031_full_20260729_174215/bciciv2a_atcnet_seed46_ea_forward_pgd.pth
bciciv2a,atcnet,46,ea_forward,pgd,full_test,raw,robust,0.0,ad_data/exp031/exp031_full_20260729_174215/bciciv2a_atcnet_seed46_ea_forward_pgd.pth
bciciv2a,atcnet,46,ea_forward,cw,full_test,raw,clean,0.24904214559386972,ad_data/exp031/exp031_full_20260729_174215/bciciv2a_atcnet_seed46_ea_forward_cw.pth
bciciv2a,atcnet,46,ea_forward,cw,full_test,raw,robust,0.06321839080459771,ad_data/exp031/exp031_full_20260729_174215/bciciv2a_atcnet_seed46_ea_forward_cw.pth
bciciv2a,atcnet,46,rpcf_at,autoattack,full_test,raw,clean,0.4789272030651341,ad_data/exp031/exp031_full_20260729_174215/bciciv2a_atcnet_seed46_rpcf_at_autoattack.pth
bciciv2a,atcnet,46,rpcf_at,autoattack,full_test,raw,robust,0.20881226053639848,ad_data/exp031/exp031_full_20260729_174215/bciciv2a_atcnet_seed46_rpcf_at_autoattack.pth
bciciv2a,atcnet,46,rpcf_at,fgsm,full_test,raw,clean,0.4789272030651341,ad_data/exp031/exp031_full_20260729_174215/bciciv2a_atcnet_seed46_rpcf_at_fgsm.pth
bciciv2a,atcnet,46,rpcf_at,fgsm,full_test,raw,robust,0.21839080459770116,ad_data/exp031/exp031_full_20260729_174215/bciciv2a_atcnet_seed46_rpcf_at_fgsm.pth
bciciv2a,atcnet,46,rpcf_at,pgd,full_test,raw,clean,0.4789272030651341,ad_data/exp031/exp031_full_20260729_174215/bciciv2a_atcnet_seed46_rpcf_at_pgd.pth
bciciv2a,atcnet,46,rpcf_at,pgd,full_test,raw,robust,0.2164750957854406,ad_data/exp031/exp031_full_20260729_174215/bciciv2a_atcnet_seed46_rpcf_at_pgd.pth
bciciv2a,atcnet,46,rpcf_at,cw,full_test,raw,clean,0.4789272030651341,ad_data/exp031/exp031_full_20260729_174215/bciciv2a_atcnet_seed46_rpcf_at_cw.pth
bciciv2a,atcnet,46,rpcf_at,cw,full_test,raw,robust,0.005747126436781609,ad_data/exp031/exp031_full_20260729_174215/bciciv2a_atcnet_seed46_rpcf_at_cw.pth
bciciv2a,conformer,42,madry,autoattack,full_test,raw,clean,0.39846743295019155,ad_data/exp031/exp031_full_20260729_174215/bciciv2a_conformer_seed42_madry_autoattack.pth
bciciv2a,conformer,42,madry,autoattack,full_test,raw,robust,0.1781609195402299,ad_data/exp031/exp031_full_20260729_174215/bciciv2a_conformer_seed42_madry_autoattack.pth
bciciv2a,conformer,42,madry,fgsm,full_test,raw,clean,0.39846743295019155,ad_data/exp031/exp031_full_20260729_174215/bciciv2a_conformer_seed42_madry_fgsm.pth
bciciv2a,conformer,42,madry,fgsm,full_test,raw,robust,0.22796934865900384,ad_data/exp031/exp031_full_20260729_174215/bciciv2a_conformer_seed42_madry_fgsm.pth
bciciv2a,conformer,42,madry,pgd,full_test,raw,clean,0.39846743295019155,ad_data/exp031/exp031_full_20260729_174215/bciciv2a_conformer_seed42_madry_pgd.pth
bciciv2a,conformer,42,madry,pgd,full_test,raw,robust,0.21839080459770116,ad_data/exp031/exp031_full_20260729_174215/bciciv2a_conformer_seed42_madry_pgd.pth
bciciv2a,conformer,42,madry,cw,full_test,raw,clean,0.39846743295019155,ad_data/exp031/exp031_full_20260729_174215/bciciv2a_conformer_seed42_madry_cw.pth
bciciv2a,conformer,42,madry,cw,full_test,raw,robust,0.1206896551724138,ad_data/exp031/exp031_full_20260729_174215/bciciv2a_conformer_seed42_madry_cw.pth
bciciv2a,conformer,42,trades,autoattack,full_test,raw,clean,0.48084291187739464,ad_data/exp031/exp031_full_20260729_174215/bciciv2a_conformer_seed42_trades_autoattack.pth
bciciv2a,conformer,42,trades,autoattack,full_test,raw,robust,0.03065134099616858,ad_data/exp031/exp031_full_20260729_174215/bciciv2a_conformer_seed42_trades_autoattack.pth
bciciv2a,conformer,42,trades,fgsm,full_test,raw,clean,0.48084291187739464,ad_data/exp031/exp031_full_20260729_174215/bciciv2a_conformer_seed42_trades_fgsm.pth
bciciv2a,conformer,42,trades,fgsm,full_test,raw,robust,0.07088122605363985,ad_data/exp031/exp031_full_20260729_174215/bciciv2a_conformer_seed42_trades_fgsm.pth
bciciv2a,conformer,42,trades,pgd,full_test,raw,clean,0.48084291187739464,ad_data/exp031/exp031_full_20260729_174215/bciciv2a_conformer_seed42_trades_pgd.pth
bciciv2a,conformer,42,trades,pgd,full_test,raw,robust,0.03065134099616858,ad_data/exp031/exp031_full_20260729_174215/bciciv2a_conformer_seed42_trades_pgd.pth
bciciv2a,conformer,42,trades,cw,full_test,raw,clean,0.48084291187739464,ad_data/exp031/exp031_full_20260729_174215/bciciv2a_conformer_seed42_trades_cw.pth
bciciv2a,conformer,42,trades,cw,full_test,raw,robust,0.05938697318007663,ad_data/exp031/exp031_full_20260729_174215/bciciv2a_conformer_seed42_trades_cw.pth
bciciv2a,conformer,42,fbf,autoattack,full_test,raw,clean,0.4731800766283525,ad_data/exp031/exp031_full_20260729_174215/bciciv2a_conformer_seed42_fbf_autoattack.pth
bciciv2a,conformer,42,fbf,autoattack,full_test,raw,robust,0.10153256704980843,ad_data/exp031/exp031_full_20260729_174215/bciciv2a_conformer_seed42_fbf_autoattack.pth
bciciv2a,conformer,42,fbf,fgsm,full_test,raw,clean,0.4731800766283525,ad_data/exp031/exp031_full_20260729_174215/bciciv2a_conformer_seed42_fbf_fgsm.pth
bciciv2a,conformer,42,fbf,fgsm,full_test,raw,robust,0.1417624521072797,ad_data/exp031/exp031_full_20260729_174215/bciciv2a_conformer_seed42_fbf_fgsm.pth
bciciv2a,conformer,42,fbf,pgd,full_test,raw,clean,0.4731800766283525,ad_data/exp031/exp031_full_20260729_174215/bciciv2a_conformer_seed42_fbf_pgd.pth
bciciv2a,conformer,42,fbf,pgd,full_test,raw,robust,0.1053639846743295,ad_data/exp031/exp031_full_20260729_174215/bciciv2a_conformer_seed42_fbf_pgd.pth
bciciv2a,conformer,42,fbf,cw,full_test,raw,clean,0.4731800766283525,ad_data/exp031/exp031_full_20260729_174215/bciciv2a_conformer_seed42_fbf_cw.pth
bciciv2a,conformer,42,fbf,cw,full_test,raw,robust,0.04980842911877394,ad_data/exp031/exp031_full_20260729_174215/bciciv2a_conformer_seed42_fbf_cw.pth
bciciv2a,conformer,42,ea_forward,autoattack,full_test,raw,clean,0.3735632183908046,ad_data/exp031/exp031_full_20260729_174215/bciciv2a_conformer_seed42_ea_forward_autoattack.pth
bciciv2a,conformer,42,ea_forward,autoattack,full_test,raw,robust,0.06896551724137931,ad_data/exp031/exp031_full_20260729_174215/bciciv2a_conformer_seed42_ea_forward_autoattack.pth
bciciv2a,conformer,42,ea_forward,fgsm,full_test,raw,clean,0.3793103448275862,ad_data/exp031/exp031_full_20260729_174215/bciciv2a_conformer_seed42_ea_forward_fgsm.pth
bciciv2a,conformer,42,ea_forward,fgsm,full_test,raw,robust,0.04789272030651341,ad_data/exp031/exp031_full_20260729_174215/bciciv2a_conformer_seed42_ea_forward_fgsm.pth
bciciv2a,conformer,42,ea_forward,pgd,full_test,raw,clean,0.3793103448275862,ad_data/exp031/exp031_full_20260729_174215/bciciv2a_conformer_seed42_ea_forward_pgd.pth
bciciv2a,conformer,42,ea_forward,pgd,full_test,raw,robust,0.0038314176245210726,ad_data/exp031/exp031_full_20260729_174215/bciciv2a_conformer_seed42_ea_forward_pgd.pth
bciciv2a,conformer,42,ea_forward,cw,full_test,raw,clean,0.3793103448275862,ad_data/exp031/exp031_full_20260729_174215/bciciv2a_conformer_seed42_ea_forward_cw.pth
bciciv2a,conformer,42,ea_forward,cw,full_test,raw,robust,0.3793103448275862,ad_data/exp031/exp031_full_20260729_174215/bciciv2a_conformer_seed42_ea_forward_cw.pth
bciciv2a,conformer,42,rpcf_at,autoattack,full_test,raw,clean,0.34674329501915707,ad_data/exp031/exp031_full_20260729_174215/bciciv2a_conformer_seed42_rpcf_at_autoattack.pth
bciciv2a,conformer,42,rpcf_at,autoattack,full_test,raw,robust,0.09195402298850575,ad_data/exp031/exp031_full_20260729_174215/bciciv2a_conformer_seed42_rpcf_at_autoattack.pth
bciciv2a,conformer,42,rpcf_at,fgsm,full_test,raw,clean,0.34674329501915707,ad_data/exp031/exp031_full_20260729_174215/bciciv2a_conformer_seed42_rpcf_at_fgsm.pth
bciciv2a,conformer,42,rpcf_at,fgsm,full_test,raw,robust,0.11877394636015326,ad_data/exp031/exp031_full_20260729_174215/bciciv2a_conformer_seed42_rpcf_at_fgsm.pth
bciciv2a,conformer,42,rpcf_at,pgd,full_test,raw,clean,0.34674329501915707,ad_data/exp031/exp031_full_20260729_174215/bciciv2a_conformer_seed42_rpcf_at_pgd.pth
bciciv2a,conformer,42,rpcf_at,pgd,full_test,raw,robust,0.09386973180076628,ad_data/exp031/exp031_full_20260729_174215/bciciv2a_conformer_seed42_rpcf_at_pgd.pth
bciciv2a,conformer,42,rpcf_at,cw,full_test,raw,clean,0.34674329501915707,ad_data/exp031/exp031_full_20260729_174215/bciciv2a_conformer_seed42_rpcf_at_cw.pth
bciciv2a,conformer,42,rpcf_at,cw,full_test,raw,robust,0.03065134099616858,ad_data/exp031/exp031_full_20260729_174215/bciciv2a_conformer_seed42_rpcf_at_cw.pth
bciciv2a,conformer,43,madry,autoattack,full_test,raw,clean,0.39272030651340994,ad_data/exp031/exp031_full_20260729_174215/bciciv2a_conformer_seed43_madry_autoattack.pth
bciciv2a,conformer,43,madry,autoattack,full_test,raw,robust,0.1724137931034483,ad_data/exp031/exp031_full_20260729_174215/bciciv2a_conformer_seed43_madry_autoattack.pth
bciciv2a,conformer,43,madry,fgsm,full_test,raw,clean,0.39272030651340994,ad_data/exp031/exp031_full_20260729_174215/bciciv2a_conformer_seed43_madry_fgsm.pth
bciciv2a,conformer,43,madry,fgsm,full_test,raw,robust,0.20689655172413793,ad_data/exp031/exp031_full_20260729_174215/bciciv2a_conformer_seed43_madry_fgsm.pth
bciciv2a,conformer,43,madry,pgd,full_test,raw,clean,0.39272030651340994,ad_data/exp031/exp031_full_20260729_174215/bciciv2a_conformer_seed43_madry_pgd.pth
bciciv2a,conformer,43,madry,pgd,full_test,raw,robust,0.18773946360153257,ad_data/exp031/exp031_full_20260729_174215/bciciv2a_conformer_seed43_madry_pgd.pth
bciciv2a,conformer,43,madry,cw,full_test,raw,clean,0.39272030651340994,ad_data/exp031/exp031_full_20260729_174215/bciciv2a_conformer_seed43_madry_cw.pth
bciciv2a,conformer,43,madry,cw,full_test,raw,robust,0.08812260536398467,ad_data/exp031/exp031_full_20260729_174215/bciciv2a_conformer_seed43_madry_cw.pth
bciciv2a,conformer,43,trades,autoattack,full_test,raw,clean,0.41762452107279696,ad_data/exp031/exp031_full_20260729_174215/bciciv2a_conformer_seed43_trades_autoattack.pth
bciciv2a,conformer,43,trades,autoattack,full_test,raw,robust,0.04980842911877394,ad_data/exp031/exp031_full_20260729_174215/bciciv2a_conformer_seed43_trades_autoattack.pth
bciciv2a,conformer,43,trades,fgsm,full_test,raw,clean,0.41762452107279696,ad_data/exp031/exp031_full_20260729_174215/bciciv2a_conformer_seed43_trades_fgsm.pth
bciciv2a,conformer,43,trades,fgsm,full_test,raw,robust,0.08620689655172414,ad_data/exp031/exp031_full_20260729_174215/bciciv2a_conformer_seed43_trades_fgsm.pth
bciciv2a,conformer,43,trades,pgd,full_test,raw,clean,0.41762452107279696,ad_data/exp031/exp031_full_20260729_174215/bciciv2a_conformer_seed43_trades_pgd.pth
bciciv2a,conformer,43,trades,pgd,full_test,raw,robust,0.05747126436781609,ad_data/exp031/exp031_full_20260729_174215/bciciv2a_conformer_seed43_trades_pgd.pth
bciciv2a,conformer,43,trades,cw,full_test,raw,clean,0.41762452107279696,ad_data/exp031/exp031_full_20260729_174215/bciciv2a_conformer_seed43_trades_cw.pth
bciciv2a,conformer,43,trades,cw,full_test,raw,robust,0.04597701149425287,ad_data/exp031/exp031_full_20260729_174215/bciciv2a_conformer_seed43_trades_cw.pth
bciciv2a,conformer,43,fbf,autoattack,full_test,raw,clean,0.4578544061302682,ad_data/exp031/exp031_full_20260729_174215/bciciv2a_conformer_seed43_fbf_autoattack.pth
bciciv2a,conformer,43,fbf,autoattack,full_test,raw,robust,0.10727969348659004,ad_data/exp031/exp031_full_20260729_174215/bciciv2a_conformer_seed43_fbf_autoattack.pth
bciciv2a,conformer,43,fbf,fgsm,full_test,raw,clean,0.4578544061302682,ad_data/exp031/exp031_full_20260729_174215/bciciv2a_conformer_seed43_fbf_fgsm.pth
bciciv2a,conformer,43,fbf,fgsm,full_test,raw,robust,0.13409961685823754,ad_data/exp031/exp031_full_20260729_174215/bciciv2a_conformer_seed43_fbf_fgsm.pth
bciciv2a,conformer,43,fbf,pgd,full_test,raw,clean,0.4578544061302682,ad_data/exp031/exp031_full_20260729_174215/bciciv2a_conformer_seed43_fbf_pgd.pth
bciciv2a,conformer,43,fbf,pgd,full_test,raw,robust,0.11877394636015326,ad_data/exp031/exp031_full_20260729_174215/bciciv2a_conformer_seed43_fbf_pgd.pth
bciciv2a,conformer,43,fbf,cw,full_test,raw,clean,0.4578544061302682,ad_data/exp031/exp031_full_20260729_174215/bciciv2a_conformer_seed43_fbf_cw.pth
bciciv2a,conformer,43,fbf,cw,full_test,raw,robust,0.011494252873563218,ad_data/exp031/exp031_full_20260729_174215/bciciv2a_conformer_seed43_fbf_cw.pth
bciciv2a,conformer,43,ea_forward,autoattack,full_test,raw,clean,0.2950191570881226,ad_data/exp031/exp031_full_20260729_174215/bciciv2a_conformer_seed43_ea_forward_autoattack.pth
bciciv2a,conformer,43,ea_forward,autoattack,full_test,raw,robust,0.02490421455938697,ad_data/exp031/exp031_full_20260729_174215/bciciv2a_conformer_seed43_ea_forward_autoattack.pth
bciciv2a,conformer,43,ea_forward,fgsm,full_test,raw,clean,0.29310344827586204,ad_data/exp031/exp031_full_20260729_174215/bciciv2a_conformer_seed43_ea_forward_fgsm.pth
bciciv2a,conformer,43,ea_forward,fgsm,full_test,raw,robust,0.0,ad_data/exp031/exp031_full_20260729_174215/bciciv2a_conformer_seed43_ea_forward_fgsm.pth
bciciv2a,conformer,43,ea_forward,pgd,full_test,raw,clean,0.29310344827586204,ad_data/exp031/exp031_full_20260729_174215/bciciv2a_conformer_seed43_ea_forward_pgd.pth
bciciv2a,conformer,43,ea_forward,pgd,full_test,raw,robust,0.0,ad_data/exp031/exp031_full_20260729_174215/bciciv2a_conformer_seed43_ea_forward_pgd.pth
bciciv2a,conformer,43,ea_forward,cw,full_test,raw,clean,0.29310344827586204,ad_data/exp031/exp031_full_20260729_174215/bciciv2a_conformer_seed43_ea_forward_cw.pth
bciciv2a,conformer,43,ea_forward,cw,full_test,raw,robust,0.2624521072796935,ad_data/exp031/exp031_full_20260729_174215/bciciv2a_conformer_seed43_ea_forward_cw.pth
bciciv2a,conformer,43,rpcf_at,autoattack,full_test,raw,clean,0.41379310344827586,ad_data/exp031/exp031_full_20260729_174215/bciciv2a_conformer_seed43_rpcf_at_autoattack.pth
bciciv2a,conformer,43,rpcf_at,autoattack,full_test,raw,robust,0.13026819923371646,ad_data/exp031/exp031_full_20260729_174215/bciciv2a_conformer_seed43_rpcf_at_autoattack.pth
bciciv2a,conformer,43,rpcf_at,fgsm,full_test,raw,clean,0.41379310344827586,ad_data/exp031/exp031_full_20260729_174215/bciciv2a_conformer_seed43_rpcf_at_fgsm.pth
bciciv2a,conformer,43,rpcf_at,fgsm,full_test,raw,robust,0.14559386973180077,ad_data/exp031/exp031_full_20260729_174215/bciciv2a_conformer_seed43_rpcf_at_fgsm.pth
bciciv2a,conformer,43,rpcf_at,pgd,full_test,raw,clean,0.41379310344827586,ad_data/exp031/exp031_full_20260729_174215/bciciv2a_conformer_seed43_rpcf_at_pgd.pth
bciciv2a,conformer,43,rpcf_at,pgd,full_test,raw,robust,0.13218390804597702,ad_data/exp031/exp031_full_20260729_174215/bciciv2a_conformer_seed43_rpcf_at_pgd.pth
bciciv2a,conformer,43,rpcf_at,cw,full_test,raw,clean,0.41379310344827586,ad_data/exp031/exp031_full_20260729_174215/bciciv2a_conformer_seed43_rpcf_at_cw.pth
bciciv2a,conformer,43,rpcf_at,cw,full_test,raw,robust,0.0019157088122605363,ad_data/exp031/exp031_full_20260729_174215/bciciv2a_conformer_seed43_rpcf_at_cw.pth
bciciv2a,conformer,44,madry,autoattack,full_test,raw,clean,0.39080459770114945,ad_data/exp031/exp031_full_20260729_174215/bciciv2a_conformer_seed44_madry_autoattack.pth
bciciv2a,conformer,44,madry,autoattack,full_test,raw,robust,0.17049808429118773,ad_data/exp031/exp031_full_20260729_174215/bciciv2a_conformer_seed44_madry_autoattack.pth
bciciv2a,conformer,44,madry,fgsm,full_test,raw,clean,0.39080459770114945,ad_data/exp031/exp031_full_20260729_174215/bciciv2a_conformer_seed44_madry_fgsm.pth
bciciv2a,conformer,44,madry,fgsm,full_test,raw,robust,0.2049808429118774,ad_data/exp031/exp031_full_20260729_174215/bciciv2a_conformer_seed44_madry_fgsm.pth
bciciv2a,conformer,44,madry,pgd,full_test,raw,clean,0.39080459770114945,ad_data/exp031/exp031_full_20260729_174215/bciciv2a_conformer_seed44_madry_pgd.pth
bciciv2a,conformer,44,madry,pgd,full_test,raw,robust,0.1896551724137931,ad_data/exp031/exp031_full_20260729_174215/bciciv2a_conformer_seed44_madry_pgd.pth
bciciv2a,conformer,44,madry,cw,full_test,raw,clean,0.39080459770114945,ad_data/exp031/exp031_full_20260729_174215/bciciv2a_conformer_seed44_madry_cw.pth
bciciv2a,conformer,44,madry,cw,full_test,raw,robust,0.21455938697318008,ad_data/exp031/exp031_full_20260729_174215/bciciv2a_conformer_seed44_madry_cw.pth
bciciv2a,conformer,44,trades,autoattack,full_test,raw,clean,0.4885057471264368,ad_data/exp031/exp031_full_20260729_174215/bciciv2a_conformer_seed44_trades_autoattack.pth
bciciv2a,conformer,44,trades,autoattack,full_test,raw,robust,0.02681992337164751,ad_data/exp031/exp031_full_20260729_174215/bciciv2a_conformer_seed44_trades_autoattack.pth
bciciv2a,conformer,44,trades,fgsm,full_test,raw,clean,0.4885057471264368,ad_data/exp031/exp031_full_20260729_174215/bciciv2a_conformer_seed44_trades_fgsm.pth
bciciv2a,conformer,44,trades,fgsm,full_test,raw,robust,0.04980842911877394,ad_data/exp031/exp031_full_20260729_174215/bciciv2a_conformer_seed44_trades_fgsm.pth
bciciv2a,conformer,44,trades,pgd,full_test,raw,clean,0.4885057471264368,ad_data/exp031/exp031_full_20260729_174215/bciciv2a_conformer_seed44_trades_pgd.pth
bciciv2a,conformer,44,trades,pgd,full_test,raw,robust,0.02681992337164751,ad_data/exp031/exp031_full_20260729_174215/bciciv2a_conformer_seed44_trades_pgd.pth
bciciv2a,conformer,44,trades,cw,full_test,raw,clean,0.4885057471264368,ad_data/exp031/exp031_full_20260729_174215/bciciv2a_conformer_seed44_trades_cw.pth
bciciv2a,conformer,44,trades,cw,full_test,raw,robust,0.11302681992337164,ad_data/exp031/exp031_full_20260729_174215/bciciv2a_conformer_seed44_trades_cw.pth
bciciv2a,conformer,44,fbf,autoattack,full_test,raw,clean,0.3850574712643678,ad_data/exp031/exp031_full_20260729_174215/bciciv2a_conformer_seed44_fbf_autoattack.pth
bciciv2a,conformer,44,fbf,autoattack,full_test,raw,robust,0.10153256704980843,ad_data/exp031/exp031_full_20260729_174215/bciciv2a_conformer_seed44_fbf_autoattack.pth
bciciv2a,conformer,44,fbf,fgsm,full_test,raw,clean,0.3850574712643678,ad_data/exp031/exp031_full_20260729_174215/bciciv2a_conformer_seed44_fbf_fgsm.pth
bciciv2a,conformer,44,fbf,fgsm,full_test,raw,robust,0.1532567049808429,ad_data/exp031/exp031_full_20260729_174215/bciciv2a_conformer_seed44_fbf_fgsm.pth
bciciv2a,conformer,44,fbf,pgd,full_test,raw,clean,0.3850574712643678,ad_data/exp031/exp031_full_20260729_174215/bciciv2a_conformer_seed44_fbf_pgd.pth
bciciv2a,conformer,44,fbf,pgd,full_test,raw,robust,0.14367816091954022,ad_data/exp031/exp031_full_20260729_174215/bciciv2a_conformer_seed44_fbf_pgd.pth
bciciv2a,conformer,44,fbf,cw,full_test,raw,clean,0.3850574712643678,ad_data/exp031/exp031_full_20260729_174215/bciciv2a_conformer_seed44_fbf_cw.pth
bciciv2a,conformer,44,fbf,cw,full_test,raw,robust,0.15134099616858238,ad_data/exp031/exp031_full_20260729_174215/bciciv2a_conformer_seed44_fbf_cw.pth
bciciv2a,conformer,44,ea_forward,autoattack,full_test,raw,clean,0.26436781609195403,ad_data/exp031/exp031_full_20260729_174215/bciciv2a_conformer_seed44_ea_forward_autoattack.pth
bciciv2a,conformer,44,ea_forward,autoattack,full_test,raw,robust,0.26436781609195403,ad_data/exp031/exp031_full_20260729_174215/bciciv2a_conformer_seed44_ea_forward_autoattack.pth
bciciv2a,conformer,44,ea_forward,fgsm,full_test,raw,clean,0.26436781609195403,ad_data/exp031/exp031_full_20260729_174215/bciciv2a_conformer_seed44_ea_forward_fgsm.pth
bciciv2a,conformer,44,ea_forward,fgsm,full_test,raw,robust,0.26436781609195403,ad_data/exp031/exp031_full_20260729_174215/bciciv2a_conformer_seed44_ea_forward_fgsm.pth
bciciv2a,conformer,44,ea_forward,pgd,full_test,raw,clean,0.26436781609195403,ad_data/exp031/exp031_full_20260729_174215/bciciv2a_conformer_seed44_ea_forward_pgd.pth
bciciv2a,conformer,44,ea_forward,pgd,full_test,raw,robust,0.26436781609195403,ad_data/exp031/exp031_full_20260729_174215/bciciv2a_conformer_seed44_ea_forward_pgd.pth
bciciv2a,conformer,44,ea_forward,cw,full_test,raw,clean,0.26436781609195403,ad_data/exp031/exp031_full_20260729_174215/bciciv2a_conformer_seed44_ea_forward_cw.pth
bciciv2a,conformer,44,ea_forward,cw,full_test,raw,robust,0.0,ad_data/exp031/exp031_full_20260729_174215/bciciv2a_conformer_seed44_ea_forward_cw.pth
bciciv2a,conformer,44,rpcf_at,autoattack,full_test,raw,clean,0.4099616858237548,ad_data/exp031/exp031_full_20260729_174215/bciciv2a_conformer_seed44_rpcf_at_autoattack.pth
bciciv2a,conformer,44,rpcf_at,autoattack,full_test,raw,robust,0.13026819923371646,ad_data/exp031/exp031_full_20260729_174215/bciciv2a_conformer_seed44_rpcf_at_autoattack.pth
bciciv2a,conformer,44,rpcf_at,fgsm,full_test,raw,clean,0.4099616858237548,ad_data/exp031/exp031_full_20260729_174215/bciciv2a_conformer_seed44_rpcf_at_fgsm.pth
bciciv2a,conformer,44,rpcf_at,fgsm,full_test,raw,robust,0.14942528735632185,ad_data/exp031/exp031_full_20260729_174215/bciciv2a_conformer_seed44_rpcf_at_fgsm.pth
bciciv2a,conformer,44,rpcf_at,pgd,full_test,raw,clean,0.4099616858237548,ad_data/exp031/exp031_full_20260729_174215/bciciv2a_conformer_seed44_rpcf_at_pgd.pth
bciciv2a,conformer,44,rpcf_at,pgd,full_test,raw,robust,0.13218390804597702,ad_data/exp031/exp031_full_20260729_174215/bciciv2a_conformer_seed44_rpcf_at_pgd.pth
bciciv2a,conformer,44,rpcf_at,cw,full_test,raw,clean,0.4099616858237548,ad_data/exp031/exp031_full_20260729_174215/bciciv2a_conformer_seed44_rpcf_at_cw.pth
bciciv2a,conformer,44,rpcf_at,cw,full_test,raw,robust,0.01532567049808429,ad_data/exp031/exp031_full_20260729_174215/bciciv2a_conformer_seed44_rpcf_at_cw.pth
bciciv2a,conformer,45,madry,autoattack,full_test,raw,clean,0.38122605363984674,ad_data/exp031/exp031_full_20260729_174215/bciciv2a_conformer_seed45_madry_autoattack.pth
bciciv2a,conformer,45,madry,autoattack,full_test,raw,robust,0.1781609195402299,ad_data/exp031/exp031_full_20260729_174215/bciciv2a_conformer_seed45_madry_autoattack.pth
bciciv2a,conformer,45,madry,fgsm,full_test,raw,clean,0.38122605363984674,ad_data/exp031/exp031_full_20260729_174215/bciciv2a_conformer_seed45_madry_fgsm.pth
bciciv2a,conformer,45,madry,fgsm,full_test,raw,robust,0.22988505747126436,ad_data/exp031/exp031_full_20260729_174215/bciciv2a_conformer_seed45_madry_fgsm.pth
bciciv2a,conformer,45,madry,pgd,full_test,raw,clean,0.38122605363984674,ad_data/exp031/exp031_full_20260729_174215/bciciv2a_conformer_seed45_madry_pgd.pth
bciciv2a,conformer,45,madry,pgd,full_test,raw,robust,0.21455938697318008,ad_data/exp031/exp031_full_20260729_174215/bciciv2a_conformer_seed45_madry_pgd.pth
bciciv2a,conformer,45,madry,cw,full_test,raw,clean,0.38122605363984674,ad_data/exp031/exp031_full_20260729_174215/bciciv2a_conformer_seed45_madry_cw.pth
bciciv2a,conformer,45,madry,cw,full_test,raw,robust,0.14367816091954022,ad_data/exp031/exp031_full_20260729_174215/bciciv2a_conformer_seed45_madry_cw.pth
bciciv2a,conformer,45,trades,autoattack,full_test,raw,clean,0.5076628352490421,ad_data/exp031/exp031_full_20260729_174215/bciciv2a_conformer_seed45_trades_autoattack.pth
bciciv2a,conformer,45,trades,autoattack,full_test,raw,robust,0.05938697318007663,ad_data/exp031/exp031_full_20260729_174215/bciciv2a_conformer_seed45_trades_autoattack.pth
bciciv2a,conformer,45,trades,fgsm,full_test,raw,clean,0.5076628352490421,ad_data/exp031/exp031_full_20260729_174215/bciciv2a_conformer_seed45_trades_fgsm.pth
bciciv2a,conformer,45,trades,fgsm,full_test,raw,robust,0.08812260536398467,ad_data/exp031/exp031_full_20260729_174215/bciciv2a_conformer_seed45_trades_fgsm.pth
bciciv2a,conformer,45,trades,pgd,full_test,raw,clean,0.5076628352490421,ad_data/exp031/exp031_full_20260729_174215/bciciv2a_conformer_seed45_trades_pgd.pth
bciciv2a,conformer,45,trades,pgd,full_test,raw,robust,0.06513409961685823,ad_data/exp031/exp031_full_20260729_174215/bciciv2a_conformer_seed45_trades_pgd.pth
bciciv2a,conformer,45,trades,cw,full_test,raw,clean,0.5076628352490421,ad_data/exp031/exp031_full_20260729_174215/bciciv2a_conformer_seed45_trades_cw.pth
bciciv2a,conformer,45,trades,cw,full_test,raw,robust,0.0019157088122605363,ad_data/exp031/exp031_full_20260729_174215/bciciv2a_conformer_seed45_trades_cw.pth
bciciv2a,conformer,45,fbf,autoattack,full_test,raw,clean,0.5038314176245211,ad_data/exp031/exp031_full_20260729_174215/bciciv2a_conformer_seed45_fbf_autoattack.pth
bciciv2a,conformer,45,fbf,autoattack,full_test,raw,robust,0.09770114942528736,ad_data/exp031/exp031_full_20260729_174215/bciciv2a_conformer_seed45_fbf_autoattack.pth
bciciv2a,conformer,45,fbf,fgsm,full_test,raw,clean,0.5038314176245211,ad_data/exp031/exp031_full_20260729_174215/bciciv2a_conformer_seed45_fbf_fgsm.pth
bciciv2a,conformer,45,fbf,fgsm,full_test,raw,robust,0.15900383141762453,ad_data/exp031/exp031_full_20260729_174215/bciciv2a_conformer_seed45_fbf_fgsm.pth
bciciv2a,conformer,45,fbf,pgd,full_test,raw,clean,0.5038314176245211,ad_data/exp031/exp031_full_20260729_174215/bciciv2a_conformer_seed45_fbf_pgd.pth
bciciv2a,conformer,45,fbf,pgd,full_test,raw,robust,0.11302681992337164,ad_data/exp031/exp031_full_20260729_174215/bciciv2a_conformer_seed45_fbf_pgd.pth
bciciv2a,conformer,45,fbf,cw,full_test,raw,clean,0.5038314176245211,ad_data/exp031/exp031_full_20260729_174215/bciciv2a_conformer_seed45_fbf_cw.pth
bciciv2a,conformer,45,fbf,cw,full_test,raw,robust,0.007662835249042145,ad_data/exp031/exp031_full_20260729_174215/bciciv2a_conformer_seed45_fbf_cw.pth
bciciv2a,conformer,45,ea_forward,autoattack,full_test,raw,clean,0.42528735632183906,ad_data/exp031/exp031_full_20260729_174215/bciciv2a_conformer_seed45_ea_forward_autoattack.pth
bciciv2a,conformer,45,ea_forward,autoattack,full_test,raw,robust,0.14559386973180077,ad_data/exp031/exp031_full_20260729_174215/bciciv2a_conformer_seed45_ea_forward_autoattack.pth
bciciv2a,conformer,45,ea_forward,fgsm,full_test,raw,clean,0.3946360153256705,ad_data/exp031/exp031_full_20260729_174215/bciciv2a_conformer_seed45_ea_forward_fgsm.pth
bciciv2a,conformer,45,ea_forward,fgsm,full_test,raw,robust,0.16475095785440613,ad_data/exp031/exp031_full_20260729_174215/bciciv2a_conformer_seed45_ea_forward_fgsm.pth
bciciv2a,conformer,45,ea_forward,pgd,full_test,raw,clean,0.3946360153256705,ad_data/exp031/exp031_full_20260729_174215/bciciv2a_conformer_seed45_ea_forward_pgd.pth
bciciv2a,conformer,45,ea_forward,pgd,full_test,raw,robust,0.034482758620689655,ad_data/exp031/exp031_full_20260729_174215/bciciv2a_conformer_seed45_ea_forward_pgd.pth
bciciv2a,conformer,45,ea_forward,cw,full_test,raw,clean,0.3946360153256705,ad_data/exp031/exp031_full_20260729_174215/bciciv2a_conformer_seed45_ea_forward_cw.pth
bciciv2a,conformer,45,ea_forward,cw,full_test,raw,robust,0.27011494252873564,ad_data/exp031/exp031_full_20260729_174215/bciciv2a_conformer_seed45_ea_forward_cw.pth
bciciv2a,conformer,45,rpcf_at,autoattack,full_test,raw,clean,0.39655172413793105,ad_data/exp031/exp031_full_20260729_174215/bciciv2a_conformer_seed45_rpcf_at_autoattack.pth
bciciv2a,conformer,45,rpcf_at,autoattack,full_test,raw,robust,0.10727969348659004,ad_data/exp031/exp031_full_20260729_174215/bciciv2a_conformer_seed45_rpcf_at_autoattack.pth
bciciv2a,conformer,45,rpcf_at,fgsm,full_test,raw,clean,0.39655172413793105,ad_data/exp031/exp031_full_20260729_174215/bciciv2a_conformer_seed45_rpcf_at_fgsm.pth
bciciv2a,conformer,45,rpcf_at,fgsm,full_test,raw,robust,0.12835249042145594,ad_data/exp031/exp031_full_20260729_174215/bciciv2a_conformer_seed45_rpcf_at_fgsm.pth
bciciv2a,conformer,45,rpcf_at,pgd,full_test,raw,clean,0.39655172413793105,ad_data/exp031/exp031_full_20260729_174215/bciciv2a_conformer_seed45_rpcf_at_pgd.pth
bciciv2a,conformer,45,rpcf_at,pgd,full_test,raw,robust,0.10727969348659004,ad_data/exp031/exp031_full_20260729_174215/bciciv2a_conformer_seed45_rpcf_at_pgd.pth
bciciv2a,conformer,45,rpcf_at,cw,full_test,raw,clean,0.39655172413793105,ad_data/exp031/exp031_full_20260729_174215/bciciv2a_conformer_seed45_rpcf_at_cw.pth
bciciv2a,conformer,45,rpcf_at,cw,full_test,raw,robust,0.0019157088122605363,ad_data/exp031/exp031_full_20260729_174215/bciciv2a_conformer_seed45_rpcf_at_cw.pth
bciciv2a,conformer,46,madry,autoattack,full_test,raw,clean,0.4042145593869732,ad_data/exp031/exp031_full_20260729_174215/bciciv2a_conformer_seed46_madry_autoattack.pth
bciciv2a,conformer,46,madry,autoattack,full_test,raw,robust,0.2049808429118774,ad_data/exp031/exp031_full_20260729_174215/bciciv2a_conformer_seed46_madry_autoattack.pth
bciciv2a,conformer,46,madry,fgsm,full_test,raw,clean,0.4042145593869732,ad_data/exp031/exp031_full_20260729_174215/bciciv2a_conformer_seed46_madry_fgsm.pth
bciciv2a,conformer,46,madry,fgsm,full_test,raw,robust,0.22988505747126436,ad_data/exp031/exp031_full_20260729_174215/bciciv2a_conformer_seed46_madry_fgsm.pth
bciciv2a,conformer,46,madry,pgd,full_test,raw,clean,0.4042145593869732,ad_data/exp031/exp031_full_20260729_174215/bciciv2a_conformer_seed46_madry_pgd.pth
bciciv2a,conformer,46,madry,pgd,full_test,raw,robust,0.22988505747126436,ad_data/exp031/exp031_full_20260729_174215/bciciv2a_conformer_seed46_madry_pgd.pth
bciciv2a,conformer,46,madry,cw,full_test,raw,clean,0.4042145593869732,ad_data/exp031/exp031_full_20260729_174215/bciciv2a_conformer_seed46_madry_cw.pth
bciciv2a,conformer,46,madry,cw,full_test,raw,robust,0.044061302681992334,ad_data/exp031/exp031_full_20260729_174215/bciciv2a_conformer_seed46_madry_cw.pth
bciciv2a,conformer,46,trades,autoattack,full_test,raw,clean,0.5,ad_data/exp031/exp031_full_20260729_174215/bciciv2a_conformer_seed46_trades_autoattack.pth
bciciv2a,conformer,46,trades,autoattack,full_test,raw,robust,0.044061302681992334,ad_data/exp031/exp031_full_20260729_174215/bciciv2a_conformer_seed46_trades_autoattack.pth
bciciv2a,conformer,46,trades,fgsm,full_test,raw,clean,0.5,ad_data/exp031/exp031_full_20260729_174215/bciciv2a_conformer_seed46_trades_fgsm.pth
bciciv2a,conformer,46,trades,fgsm,full_test,raw,robust,0.08237547892720307,ad_data/exp031/exp031_full_20260729_174215/bciciv2a_conformer_seed46_trades_fgsm.pth
bciciv2a,conformer,46,trades,pgd,full_test,raw,clean,0.5,ad_data/exp031/exp031_full_20260729_174215/bciciv2a_conformer_seed46_trades_pgd.pth
bciciv2a,conformer,46,trades,pgd,full_test,raw,robust,0.04789272030651341,ad_data/exp031/exp031_full_20260729_174215/bciciv2a_conformer_seed46_trades_pgd.pth
bciciv2a,conformer,46,trades,cw,full_test,raw,clean,0.5,ad_data/exp031/exp031_full_20260729_174215/bciciv2a_conformer_seed46_trades_cw.pth
bciciv2a,conformer,46,trades,cw,full_test,raw,robust,0.0038314176245210726,ad_data/exp031/exp031_full_20260729_174215/bciciv2a_conformer_seed46_trades_cw.pth
bciciv2a,conformer,46,fbf,autoattack,full_test,raw,clean,0.4501915708812261,ad_data/exp031/exp031_full_20260729_174215/bciciv2a_conformer_seed46_fbf_autoattack.pth
bciciv2a,conformer,46,fbf,autoattack,full_test,raw,robust,0.11685823754789272,ad_data/exp031/exp031_full_20260729_174215/bciciv2a_conformer_seed46_fbf_autoattack.pth
bciciv2a,conformer,46,fbf,fgsm,full_test,raw,clean,0.4501915708812261,ad_data/exp031/exp031_full_20260729_174215/bciciv2a_conformer_seed46_fbf_fgsm.pth
bciciv2a,conformer,46,fbf,fgsm,full_test,raw,robust,0.14559386973180077,ad_data/exp031/exp031_full_20260729_174215/bciciv2a_conformer_seed46_fbf_fgsm.pth
bciciv2a,conformer,46,fbf,pgd,full_test,raw,clean,0.4501915708812261,ad_data/exp031/exp031_full_20260729_174215/bciciv2a_conformer_seed46_fbf_pgd.pth
bciciv2a,conformer,46,fbf,pgd,full_test,raw,robust,0.12643678160919541,ad_data/exp031/exp031_full_20260729_174215/bciciv2a_conformer_seed46_fbf_pgd.pth
bciciv2a,conformer,46,fbf,cw,full_test,raw,clean,0.4501915708812261,ad_data/exp031/exp031_full_20260729_174215/bciciv2a_conformer_seed46_fbf_cw.pth
bciciv2a,conformer,46,fbf,cw,full_test,raw,robust,0.03065134099616858,ad_data/exp031/exp031_full_20260729_174215/bciciv2a_conformer_seed46_fbf_cw.pth
bciciv2a,conformer,46,ea_forward,autoattack,full_test,raw,clean,0.2988505747126437,ad_data/exp031/exp031_full_20260729_174215/bciciv2a_conformer_seed46_ea_forward_autoattack.pth
bciciv2a,conformer,46,ea_forward,autoattack,full_test,raw,robust,0.07471264367816093,ad_data/exp031/exp031_full_20260729_174215/bciciv2a_conformer_seed46_ea_forward_autoattack.pth
bciciv2a,conformer,46,ea_forward,fgsm,full_test,raw,clean,0.31992337164750956,ad_data/exp031/exp031_full_20260729_174215/bciciv2a_conformer_seed46_ea_forward_fgsm.pth
bciciv2a,conformer,46,ea_forward,fgsm,full_test,raw,robust,0.10344827586206896,ad_data/exp031/exp031_full_20260729_174215/bciciv2a_conformer_seed46_ea_forward_fgsm.pth
bciciv2a,conformer,46,ea_forward,pgd,full_test,raw,clean,0.31992337164750956,ad_data/exp031/exp031_full_20260729_174215/bciciv2a_conformer_seed46_ea_forward_pgd.pth
bciciv2a,conformer,46,ea_forward,pgd,full_test,raw,robust,0.02681992337164751,ad_data/exp031/exp031_full_20260729_174215/bciciv2a_conformer_seed46_ea_forward_pgd.pth
bciciv2a,conformer,46,ea_forward,cw,full_test,raw,clean,0.31992337164750956,ad_data/exp031/exp031_full_20260729_174215/bciciv2a_conformer_seed46_ea_forward_cw.pth
bciciv2a,conformer,46,ea_forward,cw,full_test,raw,robust,0.038314176245210725,ad_data/exp031/exp031_full_20260729_174215/bciciv2a_conformer_seed46_ea_forward_cw.pth
bciciv2a,conformer,46,rpcf_at,autoattack,full_test,raw,clean,0.39080459770114945,ad_data/exp031/exp031_full_20260729_174215/bciciv2a_conformer_seed46_rpcf_at_autoattack.pth
bciciv2a,conformer,46,rpcf_at,autoattack,full_test,raw,robust,0.11494252873563218,ad_data/exp031/exp031_full_20260729_174215/bciciv2a_conformer_seed46_rpcf_at_autoattack.pth
bciciv2a,conformer,46,rpcf_at,fgsm,full_test,raw,clean,0.39080459770114945,ad_data/exp031/exp031_full_20260729_174215/bciciv2a_conformer_seed46_rpcf_at_fgsm.pth
bciciv2a,conformer,46,rpcf_at,fgsm,full_test,raw,robust,0.12835249042145594,ad_data/exp031/exp031_full_20260729_174215/bciciv2a_conformer_seed46_rpcf_at_fgsm.pth
bciciv2a,conformer,46,rpcf_at,pgd,full_test,raw,clean,0.39080459770114945,ad_data/exp031/exp031_full_20260729_174215/bciciv2a_conformer_seed46_rpcf_at_pgd.pth
bciciv2a,conformer,46,rpcf_at,pgd,full_test,raw,robust,0.11685823754789272,ad_data/exp031/exp031_full_20260729_174215/bciciv2a_conformer_seed46_rpcf_at_pgd.pth
bciciv2a,conformer,46,rpcf_at,cw,full_test,raw,clean,0.39080459770114945,ad_data/exp031/exp031_full_20260729_174215/bciciv2a_conformer_seed46_rpcf_at_cw.pth
bciciv2a,conformer,46,rpcf_at,cw,full_test,raw,robust,0.0038314176245210726,ad_data/exp031/exp031_full_20260729_174215/bciciv2a_conformer_seed46_rpcf_at_cw.pth
bciciv2a,tcnet,42,madry,autoattack,full_test,raw,clean,0.22988505747126436,ad_data/exp031/exp031_full_20260729_174215/bciciv2a_tcnet_seed42_madry_autoattack.pth
bciciv2a,tcnet,42,madry,autoattack,full_test,raw,robust,0.07279693486590039,ad_data/exp031/exp031_full_20260729_174215/bciciv2a_tcnet_seed42_madry_autoattack.pth
bciciv2a,tcnet,42,madry,fgsm,full_test,raw,clean,0.22988505747126436,ad_data/exp031/exp031_full_20260729_174215/bciciv2a_tcnet_seed42_madry_fgsm.pth
bciciv2a,tcnet,42,madry,fgsm,full_test,raw,robust,0.10344827586206896,ad_data/exp031/exp031_full_20260729_174215/bciciv2a_tcnet_seed42_madry_fgsm.pth
bciciv2a,tcnet,42,madry,pgd,full_test,raw,clean,0.22988505747126436,ad_data/exp031/exp031_full_20260729_174215/bciciv2a_tcnet_seed42_madry_pgd.pth
bciciv2a,tcnet,42,madry,pgd,full_test,raw,robust,0.08812260536398467,ad_data/exp031/exp031_full_20260729_174215/bciciv2a_tcnet_seed42_madry_pgd.pth
bciciv2a,tcnet,42,madry,cw,full_test,raw,clean,0.22988505747126436,ad_data/exp031/exp031_full_20260729_174215/bciciv2a_tcnet_seed42_madry_cw.pth
bciciv2a,tcnet,42,madry,cw,full_test,raw,robust,0.009578544061302681,ad_data/exp031/exp031_full_20260729_174215/bciciv2a_tcnet_seed42_madry_cw.pth
bciciv2a,tcnet,42,trades,autoattack,full_test,raw,clean,0.5727969348659003,ad_data/exp031/exp031_full_20260729_174215/bciciv2a_tcnet_seed42_trades_autoattack.pth
bciciv2a,tcnet,42,trades,autoattack,full_test,raw,robust,0.0421455938697318,ad_data/exp031/exp031_full_20260729_174215/bciciv2a_tcnet_seed42_trades_autoattack.pth
bciciv2a,tcnet,42,trades,fgsm,full_test,raw,clean,0.5727969348659003,ad_data/exp031/exp031_full_20260729_174215/bciciv2a_tcnet_seed42_trades_fgsm.pth
bciciv2a,tcnet,42,trades,fgsm,full_test,raw,robust,0.07662835249042145,ad_data/exp031/exp031_full_20260729_174215/bciciv2a_tcnet_seed42_trades_fgsm.pth
bciciv2a,tcnet,42,trades,pgd,full_test,raw,clean,0.5727969348659003,ad_data/exp031/exp031_full_20260729_174215/bciciv2a_tcnet_seed42_trades_pgd.pth
bciciv2a,tcnet,42,trades,pgd,full_test,raw,robust,0.04789272030651341,ad_data/exp031/exp031_full_20260729_174215/bciciv2a_tcnet_seed42_trades_pgd.pth
bciciv2a,tcnet,42,trades,cw,full_test,raw,clean,0.5727969348659003,ad_data/exp031/exp031_full_20260729_174215/bciciv2a_tcnet_seed42_trades_cw.pth
bciciv2a,tcnet,42,trades,cw,full_test,raw,robust,0.013409961685823755,ad_data/exp031/exp031_full_20260729_174215/bciciv2a_tcnet_seed42_trades_cw.pth
bciciv2a,tcnet,42,fbf,autoattack,full_test,raw,clean,0.5421455938697318,ad_data/exp031/exp031_full_20260729_174215/bciciv2a_tcnet_seed42_fbf_autoattack.pth
bciciv2a,tcnet,42,fbf,autoattack,full_test,raw,robust,0.12643678160919541,ad_data/exp031/exp031_full_20260729_174215/bciciv2a_tcnet_seed42_fbf_autoattack.pth
bciciv2a,tcnet,42,fbf,fgsm,full_test,raw,clean,0.5421455938697318,ad_data/exp031/exp031_full_20260729_174215/bciciv2a_tcnet_seed42_fbf_fgsm.pth
bciciv2a,tcnet,42,fbf,fgsm,full_test,raw,robust,0.17049808429118773,ad_data/exp031/exp031_full_20260729_174215/bciciv2a_tcnet_seed42_fbf_fgsm.pth
bciciv2a,tcnet,42,fbf,pgd,full_test,raw,clean,0.5421455938697318,ad_data/exp031/exp031_full_20260729_174215/bciciv2a_tcnet_seed42_fbf_pgd.pth
bciciv2a,tcnet,42,fbf,pgd,full_test,raw,robust,0.13409961685823754,ad_data/exp031/exp031_full_20260729_174215/bciciv2a_tcnet_seed42_fbf_pgd.pth
bciciv2a,tcnet,42,fbf,cw,full_test,raw,clean,0.5421455938697318,ad_data/exp031/exp031_full_20260729_174215/bciciv2a_tcnet_seed42_fbf_cw.pth
bciciv2a,tcnet,42,fbf,cw,full_test,raw,robust,0.040229885057471264,ad_data/exp031/exp031_full_20260729_174215/bciciv2a_tcnet_seed42_fbf_cw.pth
bciciv2a,tcnet,42,ea_forward,autoattack,full_test,raw,clean,0.22796934865900384,ad_data/exp031/exp031_full_20260729_174215/bciciv2a_tcnet_seed42_ea_forward_autoattack.pth
bciciv2a,tcnet,42,ea_forward,autoattack,full_test,raw,robust,0.01532567049808429,ad_data/exp031/exp031_full_20260729_174215/bciciv2a_tcnet_seed42_ea_forward_autoattack.pth
bciciv2a,tcnet,42,ea_forward,fgsm,full_test,raw,clean,0.2164750957854406,ad_data/exp031/exp031_full_20260729_174215/bciciv2a_tcnet_seed42_ea_forward_fgsm.pth
bciciv2a,tcnet,42,ea_forward,fgsm,full_test,raw,robust,0.04789272030651341,ad_data/exp031/exp031_full_20260729_174215/bciciv2a_tcnet_seed42_ea_forward_fgsm.pth
bciciv2a,tcnet,42,ea_forward,pgd,full_test,raw,clean,0.2164750957854406,ad_data/exp031/exp031_full_20260729_174215/bciciv2a_tcnet_seed42_ea_forward_pgd.pth
bciciv2a,tcnet,42,ea_forward,pgd,full_test,raw,robust,0.0,ad_data/exp031/exp031_full_20260729_174215/bciciv2a_tcnet_seed42_ea_forward_pgd.pth
bciciv2a,tcnet,42,ea_forward,cw,full_test,raw,clean,0.2164750957854406,ad_data/exp031/exp031_full_20260729_174215/bciciv2a_tcnet_seed42_ea_forward_cw.pth
bciciv2a,tcnet,42,ea_forward,cw,full_test,raw,robust,0.11494252873563218,ad_data/exp031/exp031_full_20260729_174215/bciciv2a_tcnet_seed42_ea_forward_cw.pth
bciciv2a,tcnet,42,rpcf_at,autoattack,full_test,raw,clean,0.3333333333333333,ad_data/exp031/exp031_full_20260729_174215/bciciv2a_tcnet_seed42_rpcf_at_autoattack.pth
bciciv2a,tcnet,42,rpcf_at,autoattack,full_test,raw,robust,0.18582375478927204,ad_data/exp031/exp031_full_20260729_174215/bciciv2a_tcnet_seed42_rpcf_at_autoattack.pth
bciciv2a,tcnet,42,rpcf_at,fgsm,full_test,raw,clean,0.3333333333333333,ad_data/exp031/exp031_full_20260729_174215/bciciv2a_tcnet_seed42_rpcf_at_fgsm.pth
bciciv2a,tcnet,42,rpcf_at,fgsm,full_test,raw,robust,0.20689655172413793,ad_data/exp031/exp031_full_20260729_174215/bciciv2a_tcnet_seed42_rpcf_at_fgsm.pth
bciciv2a,tcnet,42,rpcf_at,pgd,full_test,raw,clean,0.3333333333333333,ad_data/exp031/exp031_full_20260729_174215/bciciv2a_tcnet_seed42_rpcf_at_pgd.pth
bciciv2a,tcnet,42,rpcf_at,pgd,full_test,raw,robust,0.20689655172413793,ad_data/exp031/exp031_full_20260729_174215/bciciv2a_tcnet_seed42_rpcf_at_pgd.pth
bciciv2a,tcnet,42,rpcf_at,cw,full_test,raw,clean,0.3333333333333333,ad_data/exp031/exp031_full_20260729_174215/bciciv2a_tcnet_seed42_rpcf_at_cw.pth
bciciv2a,tcnet,42,rpcf_at,cw,full_test,raw,robust,0.013409961685823755,ad_data/exp031/exp031_full_20260729_174215/bciciv2a_tcnet_seed42_rpcf_at_cw.pth
bciciv2a,tcnet,43,madry,autoattack,full_test,raw,clean,0.3946360153256705,ad_data/exp031/exp031_full_20260729_174215/bciciv2a_tcnet_seed43_madry_autoattack.pth
bciciv2a,tcnet,43,madry,autoattack,full_test,raw,robust,0.2835249042145594,ad_data/exp031/exp031_full_20260729_174215/bciciv2a_tcnet_seed43_madry_autoattack.pth
bciciv2a,tcnet,43,madry,fgsm,full_test,raw,clean,0.3946360153256705,ad_data/exp031/exp031_full_20260729_174215/bciciv2a_tcnet_seed43_madry_fgsm.pth
bciciv2a,tcnet,43,madry,fgsm,full_test,raw,robust,0.31226053639846746,ad_data/exp031/exp031_full_20260729_174215/bciciv2a_tcnet_seed43_madry_fgsm.pth
bciciv2a,tcnet,43,madry,pgd,full_test,raw,clean,0.3946360153256705,ad_data/exp031/exp031_full_20260729_174215/bciciv2a_tcnet_seed43_madry_pgd.pth
bciciv2a,tcnet,43,madry,pgd,full_test,raw,robust,0.30268199233716475,ad_data/exp031/exp031_full_20260729_174215/bciciv2a_tcnet_seed43_madry_pgd.pth
bciciv2a,tcnet,43,madry,cw,full_test,raw,clean,0.3946360153256705,ad_data/exp031/exp031_full_20260729_174215/bciciv2a_tcnet_seed43_madry_cw.pth
bciciv2a,tcnet,43,madry,cw,full_test,raw,robust,0.019157088122605363,ad_data/exp031/exp031_full_20260729_174215/bciciv2a_tcnet_seed43_madry_cw.pth
bciciv2a,tcnet,43,trades,autoattack,full_test,raw,clean,0.60727969348659,ad_data/exp031/exp031_full_20260729_174215/bciciv2a_tcnet_seed43_trades_autoattack.pth
bciciv2a,tcnet,43,trades,autoattack,full_test,raw,robust,0.03639846743295019,ad_data/exp031/exp031_full_20260729_174215/bciciv2a_tcnet_seed43_trades_autoattack.pth
bciciv2a,tcnet,43,trades,fgsm,full_test,raw,clean,0.60727969348659,ad_data/exp031/exp031_full_20260729_174215/bciciv2a_tcnet_seed43_trades_fgsm.pth
bciciv2a,tcnet,43,trades,fgsm,full_test,raw,robust,0.07662835249042145,ad_data/exp031/exp031_full_20260729_174215/bciciv2a_tcnet_seed43_trades_fgsm.pth
bciciv2a,tcnet,43,trades,pgd,full_test,raw,clean,0.60727969348659,ad_data/exp031/exp031_full_20260729_174215/bciciv2a_tcnet_seed43_trades_pgd.pth
bciciv2a,tcnet,43,trades,pgd,full_test,raw,robust,0.038314176245210725,ad_data/exp031/exp031_full_20260729_174215/bciciv2a_tcnet_seed43_trades_pgd.pth
bciciv2a,tcnet,43,trades,cw,full_test,raw,clean,0.60727969348659,ad_data/exp031/exp031_full_20260729_174215/bciciv2a_tcnet_seed43_trades_cw.pth
bciciv2a,tcnet,43,trades,cw,full_test,raw,robust,0.019157088122605363,ad_data/exp031/exp031_full_20260729_174215/bciciv2a_tcnet_seed43_trades_cw.pth
bciciv2a,tcnet,43,fbf,autoattack,full_test,raw,clean,0.553639846743295,ad_data/exp031/exp031_full_20260729_174215/bciciv2a_tcnet_seed43_fbf_autoattack.pth
bciciv2a,tcnet,43,fbf,autoattack,full_test,raw,robust,0.09961685823754789,ad_data/exp031/exp031_full_20260729_174215/bciciv2a_tcnet_seed43_fbf_autoattack.pth
bciciv2a,tcnet,43,fbf,fgsm,full_test,raw,clean,0.553639846743295,ad_data/exp031/exp031_full_20260729_174215/bciciv2a_tcnet_seed43_fbf_fgsm.pth
bciciv2a,tcnet,43,fbf,fgsm,full_test,raw,robust,0.1532567049808429,ad_data/exp031/exp031_full_20260729_174215/bciciv2a_tcnet_seed43_fbf_fgsm.pth
bciciv2a,tcnet,43,fbf,pgd,full_test,raw,clean,0.553639846743295,ad_data/exp031/exp031_full_20260729_174215/bciciv2a_tcnet_seed43_fbf_pgd.pth
bciciv2a,tcnet,43,fbf,pgd,full_test,raw,robust,0.11302681992337164,ad_data/exp031/exp031_full_20260729_174215/bciciv2a_tcnet_seed43_fbf_pgd.pth
bciciv2a,tcnet,43,fbf,cw,full_test,raw,clean,0.553639846743295,ad_data/exp031/exp031_full_20260729_174215/bciciv2a_tcnet_seed43_fbf_cw.pth
bciciv2a,tcnet,43,fbf,cw,full_test,raw,robust,0.028735632183908046,ad_data/exp031/exp031_full_20260729_174215/bciciv2a_tcnet_seed43_fbf_cw.pth
bciciv2a,tcnet,43,ea_forward,autoattack,full_test,raw,clean,0.2567049808429119,ad_data/exp031/exp031_full_20260729_174215/bciciv2a_tcnet_seed43_ea_forward_autoattack.pth
bciciv2a,tcnet,43,ea_forward,autoattack,full_test,raw,robust,0.034482758620689655,ad_data/exp031/exp031_full_20260729_174215/bciciv2a_tcnet_seed43_ea_forward_autoattack.pth
bciciv2a,tcnet,43,ea_forward,fgsm,full_test,raw,clean,0.24329501915708812,ad_data/exp031/exp031_full_20260729_174215/bciciv2a_tcnet_seed43_ea_forward_fgsm.pth
bciciv2a,tcnet,43,ea_forward,fgsm,full_test,raw,robust,0.18582375478927204,ad_data/exp031/exp031_full_20260729_174215/bciciv2a_tcnet_seed43_ea_forward_fgsm.pth
bciciv2a,tcnet,43,ea_forward,pgd,full_test,raw,clean,0.24329501915708812,ad_data/exp031/exp031_full_20260729_174215/bciciv2a_tcnet_seed43_ea_forward_pgd.pth
bciciv2a,tcnet,43,ea_forward,pgd,full_test,raw,robust,0.0,ad_data/exp031/exp031_full_20260729_174215/bciciv2a_tcnet_seed43_ea_forward_pgd.pth
bciciv2a,tcnet,43,ea_forward,cw,full_test,raw,clean,0.24329501915708812,ad_data/exp031/exp031_full_20260729_174215/bciciv2a_tcnet_seed43_ea_forward_cw.pth
bciciv2a,tcnet,43,ea_forward,cw,full_test,raw,robust,0.2049808429118774,ad_data/exp031/exp031_full_20260729_174215/bciciv2a_tcnet_seed43_ea_forward_cw.pth
bciciv2a,tcnet,43,rpcf_at,autoattack,full_test,raw,clean,0.41762452107279696,ad_data/exp031/exp031_full_20260729_174215/bciciv2a_tcnet_seed43_rpcf_at_autoattack.pth
bciciv2a,tcnet,43,rpcf_at,autoattack,full_test,raw,robust,0.28735632183908044,ad_data/exp031/exp031_full_20260729_174215/bciciv2a_tcnet_seed43_rpcf_at_autoattack.pth
bciciv2a,tcnet,43,rpcf_at,fgsm,full_test,raw,clean,0.41762452107279696,ad_data/exp031/exp031_full_20260729_174215/bciciv2a_tcnet_seed43_rpcf_at_fgsm.pth
bciciv2a,tcnet,43,rpcf_at,fgsm,full_test,raw,robust,0.3103448275862069,ad_data/exp031/exp031_full_20260729_174215/bciciv2a_tcnet_seed43_rpcf_at_fgsm.pth
bciciv2a,tcnet,43,rpcf_at,pgd,full_test,raw,clean,0.41762452107279696,ad_data/exp031/exp031_full_20260729_174215/bciciv2a_tcnet_seed43_rpcf_at_pgd.pth
bciciv2a,tcnet,43,rpcf_at,pgd,full_test,raw,robust,0.3065134099616858,ad_data/exp031/exp031_full_20260729_174215/bciciv2a_tcnet_seed43_rpcf_at_pgd.pth
bciciv2a,tcnet,43,rpcf_at,cw,full_test,raw,clean,0.41762452107279696,ad_data/exp031/exp031_full_20260729_174215/bciciv2a_tcnet_seed43_rpcf_at_cw.pth
bciciv2a,tcnet,43,rpcf_at,cw,full_test,raw,robust,0.022988505747126436,ad_data/exp031/exp031_full_20260729_174215/bciciv2a_tcnet_seed43_rpcf_at_cw.pth
bciciv2a,tcnet,44,madry,autoattack,full_test,raw,clean,0.2509578544061303,ad_data/exp031/exp031_full_20260729_174215/bciciv2a_tcnet_seed44_madry_autoattack.pth
bciciv2a,tcnet,44,madry,autoattack,full_test,raw,robust,0.0421455938697318,ad_data/exp031/exp031_full_20260729_174215/bciciv2a_tcnet_seed44_madry_autoattack.pth
bciciv2a,tcnet,44,madry,fgsm,full_test,raw,clean,0.2509578544061303,ad_data/exp031/exp031_full_20260729_174215/bciciv2a_tcnet_seed44_madry_fgsm.pth
bciciv2a,tcnet,44,madry,fgsm,full_test,raw,robust,0.07854406130268199,ad_data/exp031/exp031_full_20260729_174215/bciciv2a_tcnet_seed44_madry_fgsm.pth
bciciv2a,tcnet,44,madry,pgd,full_test,raw,clean,0.2509578544061303,ad_data/exp031/exp031_full_20260729_174215/bciciv2a_tcnet_seed44_madry_pgd.pth
bciciv2a,tcnet,44,madry,pgd,full_test,raw,robust,0.06513409961685823,ad_data/exp031/exp031_full_20260729_174215/bciciv2a_tcnet_seed44_madry_pgd.pth
bciciv2a,tcnet,44,madry,cw,full_test,raw,clean,0.2509578544061303,ad_data/exp031/exp031_full_20260729_174215/bciciv2a_tcnet_seed44_madry_cw.pth
bciciv2a,tcnet,44,madry,cw,full_test,raw,robust,0.013409961685823755,ad_data/exp031/exp031_full_20260729_174215/bciciv2a_tcnet_seed44_madry_cw.pth
bciciv2a,tcnet,44,trades,autoattack,full_test,raw,clean,0.5804597701149425,ad_data/exp031/exp031_full_20260729_174215/bciciv2a_tcnet_seed44_trades_autoattack.pth
bciciv2a,tcnet,44,trades,autoattack,full_test,raw,robust,0.0421455938697318,ad_data/exp031/exp031_full_20260729_174215/bciciv2a_tcnet_seed44_trades_autoattack.pth
bciciv2a,tcnet,44,trades,fgsm,full_test,raw,clean,0.5804597701149425,ad_data/exp031/exp031_full_20260729_174215/bciciv2a_tcnet_seed44_trades_fgsm.pth
bciciv2a,tcnet,44,trades,fgsm,full_test,raw,robust,0.06896551724137931,ad_data/exp031/exp031_full_20260729_174215/bciciv2a_tcnet_seed44_trades_fgsm.pth
bciciv2a,tcnet,44,trades,pgd,full_test,raw,clean,0.5804597701149425,ad_data/exp031/exp031_full_20260729_174215/bciciv2a_tcnet_seed44_trades_pgd.pth
bciciv2a,tcnet,44,trades,pgd,full_test,raw,robust,0.04789272030651341,ad_data/exp031/exp031_full_20260729_174215/bciciv2a_tcnet_seed44_trades_pgd.pth
bciciv2a,tcnet,44,trades,cw,full_test,raw,clean,0.5804597701149425,ad_data/exp031/exp031_full_20260729_174215/bciciv2a_tcnet_seed44_trades_cw.pth
bciciv2a,tcnet,44,trades,cw,full_test,raw,robust,0.032567049808429116,ad_data/exp031/exp031_full_20260729_174215/bciciv2a_tcnet_seed44_trades_cw.pth
bciciv2a,tcnet,44,fbf,autoattack,full_test,raw,clean,0.524904214559387,ad_data/exp031/exp031_full_20260729_174215/bciciv2a_tcnet_seed44_fbf_autoattack.pth
bciciv2a,tcnet,44,fbf,autoattack,full_test,raw,robust,0.10727969348659004,ad_data/exp031/exp031_full_20260729_174215/bciciv2a_tcnet_seed44_fbf_autoattack.pth
bciciv2a,tcnet,44,fbf,fgsm,full_test,raw,clean,0.524904214559387,ad_data/exp031/exp031_full_20260729_174215/bciciv2a_tcnet_seed44_fbf_fgsm.pth
bciciv2a,tcnet,44,fbf,fgsm,full_test,raw,robust,0.17624521072796934,ad_data/exp031/exp031_full_20260729_174215/bciciv2a_tcnet_seed44_fbf_fgsm.pth
bciciv2a,tcnet,44,fbf,pgd,full_test,raw,clean,0.524904214559387,ad_data/exp031/exp031_full_20260729_174215/bciciv2a_tcnet_seed44_fbf_pgd.pth
bciciv2a,tcnet,44,fbf,pgd,full_test,raw,robust,0.13409961685823754,ad_data/exp031/exp031_full_20260729_174215/bciciv2a_tcnet_seed44_fbf_pgd.pth
bciciv2a,tcnet,44,fbf,cw,full_test,raw,clean,0.524904214559387,ad_data/exp031/exp031_full_20260729_174215/bciciv2a_tcnet_seed44_fbf_cw.pth
bciciv2a,tcnet,44,fbf,cw,full_test,raw,robust,0.04980842911877394,ad_data/exp031/exp031_full_20260729_174215/bciciv2a_tcnet_seed44_fbf_cw.pth
bciciv2a,tcnet,44,ea_forward,autoattack,full_test,raw,clean,0.2567049808429119,ad_data/exp031/exp031_full_20260729_174215/bciciv2a_tcnet_seed44_ea_forward_autoattack.pth
bciciv2a,tcnet,44,ea_forward,autoattack,full_test,raw,robust,0.019157088122605363,ad_data/exp031/exp031_full_20260729_174215/bciciv2a_tcnet_seed44_ea_forward_autoattack.pth
bciciv2a,tcnet,44,ea_forward,fgsm,full_test,raw,clean,0.24904214559386972,ad_data/exp031/exp031_full_20260729_174215/bciciv2a_tcnet_seed44_ea_forward_fgsm.pth
bciciv2a,tcnet,44,ea_forward,fgsm,full_test,raw,robust,0.03065134099616858,ad_data/exp031/exp031_full_20260729_174215/bciciv2a_tcnet_seed44_ea_forward_fgsm.pth
bciciv2a,tcnet,44,ea_forward,pgd,full_test,raw,clean,0.24904214559386972,ad_data/exp031/exp031_full_20260729_174215/bciciv2a_tcnet_seed44_ea_forward_pgd.pth
bciciv2a,tcnet,44,ea_forward,pgd,full_test,raw,robust,0.0,ad_data/exp031/exp031_full_20260729_174215/bciciv2a_tcnet_seed44_ea_forward_pgd.pth
bciciv2a,tcnet,44,ea_forward,cw,full_test,raw,clean,0.24904214559386972,ad_data/exp031/exp031_full_20260729_174215/bciciv2a_tcnet_seed44_ea_forward_cw.pth
bciciv2a,tcnet,44,ea_forward,cw,full_test,raw,robust,0.10727969348659004,ad_data/exp031/exp031_full_20260729_174215/bciciv2a_tcnet_seed44_ea_forward_cw.pth
bciciv2a,tcnet,44,rpcf_at,autoattack,full_test,raw,clean,0.2681992337164751,ad_data/exp031/exp031_full_20260729_174215/bciciv2a_tcnet_seed44_rpcf_at_autoattack.pth
bciciv2a,tcnet,44,rpcf_at,autoattack,full_test,raw,robust,0.12835249042145594,ad_data/exp031/exp031_full_20260729_174215/bciciv2a_tcnet_seed44_rpcf_at_autoattack.pth
bciciv2a,tcnet,44,rpcf_at,fgsm,full_test,raw,clean,0.2681992337164751,ad_data/exp031/exp031_full_20260729_174215/bciciv2a_tcnet_seed44_rpcf_at_fgsm.pth
bciciv2a,tcnet,44,rpcf_at,fgsm,full_test,raw,robust,0.15900383141762453,ad_data/exp031/exp031_full_20260729_174215/bciciv2a_tcnet_seed44_rpcf_at_fgsm.pth
bciciv2a,tcnet,44,rpcf_at,pgd,full_test,raw,clean,0.2681992337164751,ad_data/exp031/exp031_full_20260729_174215/bciciv2a_tcnet_seed44_rpcf_at_pgd.pth
bciciv2a,tcnet,44,rpcf_at,pgd,full_test,raw,robust,0.15517241379310345,ad_data/exp031/exp031_full_20260729_174215/bciciv2a_tcnet_seed44_rpcf_at_pgd.pth
bciciv2a,tcnet,44,rpcf_at,cw,full_test,raw,clean,0.2681992337164751,ad_data/exp031/exp031_full_20260729_174215/bciciv2a_tcnet_seed44_rpcf_at_cw.pth
bciciv2a,tcnet,44,rpcf_at,cw,full_test,raw,robust,0.038314176245210725,ad_data/exp031/exp031_full_20260729_174215/bciciv2a_tcnet_seed44_rpcf_at_cw.pth
bciciv2a,tcnet,45,madry,autoattack,full_test,raw,clean,0.25287356321839083,ad_data/exp031/exp031_full_20260729_174215/bciciv2a_tcnet_seed45_madry_autoattack.pth
bciciv2a,tcnet,45,madry,autoattack,full_test,raw,robust,0.05938697318007663,ad_data/exp031/exp031_full_20260729_174215/bciciv2a_tcnet_seed45_madry_autoattack.pth
bciciv2a,tcnet,45,madry,fgsm,full_test,raw,clean,0.25287356321839083,ad_data/exp031/exp031_full_20260729_174215/bciciv2a_tcnet_seed45_madry_fgsm.pth
bciciv2a,tcnet,45,madry,fgsm,full_test,raw,robust,0.10344827586206896,ad_data/exp031/exp031_full_20260729_174215/bciciv2a_tcnet_seed45_madry_fgsm.pth
bciciv2a,tcnet,45,madry,pgd,full_test,raw,clean,0.25287356321839083,ad_data/exp031/exp031_full_20260729_174215/bciciv2a_tcnet_seed45_madry_pgd.pth
bciciv2a,tcnet,45,madry,pgd,full_test,raw,robust,0.0842911877394636,ad_data/exp031/exp031_full_20260729_174215/bciciv2a_tcnet_seed45_madry_pgd.pth
bciciv2a,tcnet,45,madry,cw,full_test,raw,clean,0.25287356321839083,ad_data/exp031/exp031_full_20260729_174215/bciciv2a_tcnet_seed45_madry_cw.pth
bciciv2a,tcnet,45,madry,cw,full_test,raw,robust,0.005747126436781609,ad_data/exp031/exp031_full_20260729_174215/bciciv2a_tcnet_seed45_madry_cw.pth
bciciv2a,tcnet,45,trades,autoattack,full_test,raw,clean,0.5708812260536399,ad_data/exp031/exp031_full_20260729_174215/bciciv2a_tcnet_seed45_trades_autoattack.pth
bciciv2a,tcnet,45,trades,autoattack,full_test,raw,robust,0.03639846743295019,ad_data/exp031/exp031_full_20260729_174215/bciciv2a_tcnet_seed45_trades_autoattack.pth
bciciv2a,tcnet,45,trades,fgsm,full_test,raw,clean,0.5708812260536399,ad_data/exp031/exp031_full_20260729_174215/bciciv2a_tcnet_seed45_trades_fgsm.pth
bciciv2a,tcnet,45,trades,fgsm,full_test,raw,robust,0.07662835249042145,ad_data/exp031/exp031_full_20260729_174215/bciciv2a_tcnet_seed45_trades_fgsm.pth
bciciv2a,tcnet,45,trades,pgd,full_test,raw,clean,0.5708812260536399,ad_data/exp031/exp031_full_20260729_174215/bciciv2a_tcnet_seed45_trades_pgd.pth
bciciv2a,tcnet,45,trades,pgd,full_test,raw,robust,0.038314176245210725,ad_data/exp031/exp031_full_20260729_174215/bciciv2a_tcnet_seed45_trades_pgd.pth
bciciv2a,tcnet,45,trades,cw,full_test,raw,clean,0.5708812260536399,ad_data/exp031/exp031_full_20260729_174215/bciciv2a_tcnet_seed45_trades_cw.pth
bciciv2a,tcnet,45,trades,cw,full_test,raw,robust,0.01532567049808429,ad_data/exp031/exp031_full_20260729_174215/bciciv2a_tcnet_seed45_trades_cw.pth
bciciv2a,tcnet,45,fbf,autoattack,full_test,raw,clean,0.5478927203065134,ad_data/exp031/exp031_full_20260729_174215/bciciv2a_tcnet_seed45_fbf_autoattack.pth
bciciv2a,tcnet,45,fbf,autoattack,full_test,raw,robust,0.11685823754789272,ad_data/exp031/exp031_full_20260729_174215/bciciv2a_tcnet_seed45_fbf_autoattack.pth
bciciv2a,tcnet,45,fbf,fgsm,full_test,raw,clean,0.5478927203065134,ad_data/exp031/exp031_full_20260729_174215/bciciv2a_tcnet_seed45_fbf_fgsm.pth
bciciv2a,tcnet,45,fbf,fgsm,full_test,raw,robust,0.1685823754789272,ad_data/exp031/exp031_full_20260729_174215/bciciv2a_tcnet_seed45_fbf_fgsm.pth
bciciv2a,tcnet,45,fbf,pgd,full_test,raw,clean,0.5478927203065134,ad_data/exp031/exp031_full_20260729_174215/bciciv2a_tcnet_seed45_fbf_pgd.pth
bciciv2a,tcnet,45,fbf,pgd,full_test,raw,robust,0.12643678160919541,ad_data/exp031/exp031_full_20260729_174215/bciciv2a_tcnet_seed45_fbf_pgd.pth
bciciv2a,tcnet,45,fbf,cw,full_test,raw,clean,0.5478927203065134,ad_data/exp031/exp031_full_20260729_174215/bciciv2a_tcnet_seed45_fbf_cw.pth
bciciv2a,tcnet,45,fbf,cw,full_test,raw,robust,0.02681992337164751,ad_data/exp031/exp031_full_20260729_174215/bciciv2a_tcnet_seed45_fbf_cw.pth
bciciv2a,tcnet,45,ea_forward,autoattack,full_test,raw,clean,0.2720306513409962,ad_data/exp031/exp031_full_20260729_174215/bciciv2a_tcnet_seed45_ea_forward_autoattack.pth
bciciv2a,tcnet,45,ea_forward,autoattack,full_test,raw,robust,0.0210727969348659,ad_data/exp031/exp031_full_20260729_174215/bciciv2a_tcnet_seed45_ea_forward_autoattack.pth
bciciv2a,tcnet,45,ea_forward,fgsm,full_test,raw,clean,0.26436781609195403,ad_data/exp031/exp031_full_20260729_174215/bciciv2a_tcnet_seed45_ea_forward_fgsm.pth
bciciv2a,tcnet,45,ea_forward,fgsm,full_test,raw,robust,0.038314176245210725,ad_data/exp031/exp031_full_20260729_174215/bciciv2a_tcnet_seed45_ea_forward_fgsm.pth
bciciv2a,tcnet,45,ea_forward,pgd,full_test,raw,clean,0.26436781609195403,ad_data/exp031/exp031_full_20260729_174215/bciciv2a_tcnet_seed45_ea_forward_pgd.pth
bciciv2a,tcnet,45,ea_forward,pgd,full_test,raw,robust,0.0,ad_data/exp031/exp031_full_20260729_174215/bciciv2a_tcnet_seed45_ea_forward_pgd.pth
bciciv2a,tcnet,45,ea_forward,cw,full_test,raw,clean,0.26436781609195403,ad_data/exp031/exp031_full_20260729_174215/bciciv2a_tcnet_seed45_ea_forward_cw.pth
bciciv2a,tcnet,45,ea_forward,cw,full_test,raw,robust,0.1053639846743295,ad_data/exp031/exp031_full_20260729_174215/bciciv2a_tcnet_seed45_ea_forward_cw.pth
bciciv2a,tcnet,45,rpcf_at,autoattack,full_test,raw,clean,0.29118773946360155,ad_data/exp031/exp031_full_20260729_174215/bciciv2a_tcnet_seed45_rpcf_at_autoattack.pth
bciciv2a,tcnet,45,rpcf_at,autoattack,full_test,raw,robust,0.16475095785440613,ad_data/exp031/exp031_full_20260729_174215/bciciv2a_tcnet_seed45_rpcf_at_autoattack.pth
bciciv2a,tcnet,45,rpcf_at,fgsm,full_test,raw,clean,0.29118773946360155,ad_data/exp031/exp031_full_20260729_174215/bciciv2a_tcnet_seed45_rpcf_at_fgsm.pth
bciciv2a,tcnet,45,rpcf_at,fgsm,full_test,raw,robust,0.19731800766283525,ad_data/exp031/exp031_full_20260729_174215/bciciv2a_tcnet_seed45_rpcf_at_fgsm.pth
bciciv2a,tcnet,45,rpcf_at,pgd,full_test,raw,clean,0.29118773946360155,ad_data/exp031/exp031_full_20260729_174215/bciciv2a_tcnet_seed45_rpcf_at_pgd.pth
bciciv2a,tcnet,45,rpcf_at,pgd,full_test,raw,robust,0.19540229885057472,ad_data/exp031/exp031_full_20260729_174215/bciciv2a_tcnet_seed45_rpcf_at_pgd.pth
bciciv2a,tcnet,45,rpcf_at,cw,full_test,raw,clean,0.29118773946360155,ad_data/exp031/exp031_full_20260729_174215/bciciv2a_tcnet_seed45_rpcf_at_cw.pth
bciciv2a,tcnet,45,rpcf_at,cw,full_test,raw,robust,0.08237547892720307,ad_data/exp031/exp031_full_20260729_174215/bciciv2a_tcnet_seed45_rpcf_at_cw.pth
bciciv2a,tcnet,46,madry,autoattack,full_test,raw,clean,0.4444444444444444,ad_data/exp031/exp031_full_20260729_174215/bciciv2a_tcnet_seed46_madry_autoattack.pth
bciciv2a,tcnet,46,madry,autoattack,full_test,raw,robust,0.23371647509578544,ad_data/exp031/exp031_full_20260729_174215/bciciv2a_tcnet_seed46_madry_autoattack.pth
bciciv2a,tcnet,46,madry,fgsm,full_test,raw,clean,0.4444444444444444,ad_data/exp031/exp031_full_20260729_174215/bciciv2a_tcnet_seed46_madry_fgsm.pth
bciciv2a,tcnet,46,madry,fgsm,full_test,raw,robust,0.28544061302681994,ad_data/exp031/exp031_full_20260729_174215/bciciv2a_tcnet_seed46_madry_fgsm.pth
bciciv2a,tcnet,46,madry,pgd,full_test,raw,clean,0.4444444444444444,ad_data/exp031/exp031_full_20260729_174215/bciciv2a_tcnet_seed46_madry_pgd.pth
bciciv2a,tcnet,46,madry,pgd,full_test,raw,robust,0.2624521072796935,ad_data/exp031/exp031_full_20260729_174215/bciciv2a_tcnet_seed46_madry_pgd.pth
bciciv2a,tcnet,46,madry,cw,full_test,raw,clean,0.4444444444444444,ad_data/exp031/exp031_full_20260729_174215/bciciv2a_tcnet_seed46_madry_cw.pth
bciciv2a,tcnet,46,madry,cw,full_test,raw,robust,0.017241379310344827,ad_data/exp031/exp031_full_20260729_174215/bciciv2a_tcnet_seed46_madry_cw.pth
bciciv2a,tcnet,46,trades,autoattack,full_test,raw,clean,0.5881226053639846,ad_data/exp031/exp031_full_20260729_174215/bciciv2a_tcnet_seed46_trades_autoattack.pth
bciciv2a,tcnet,46,trades,autoattack,full_test,raw,robust,0.04980842911877394,ad_data/exp031/exp031_full_20260729_174215/bciciv2a_tcnet_seed46_trades_autoattack.pth
bciciv2a,tcnet,46,trades,fgsm,full_test,raw,clean,0.5881226053639846,ad_data/exp031/exp031_full_20260729_174215/bciciv2a_tcnet_seed46_trades_fgsm.pth
bciciv2a,tcnet,46,trades,fgsm,full_test,raw,robust,0.08045977011494253,ad_data/exp031/exp031_full_20260729_174215/bciciv2a_tcnet_seed46_trades_fgsm.pth
bciciv2a,tcnet,46,trades,pgd,full_test,raw,clean,0.5881226053639846,ad_data/exp031/exp031_full_20260729_174215/bciciv2a_tcnet_seed46_trades_pgd.pth
bciciv2a,tcnet,46,trades,pgd,full_test,raw,robust,0.04789272030651341,ad_data/exp031/exp031_full_20260729_174215/bciciv2a_tcnet_seed46_trades_pgd.pth
bciciv2a,tcnet,46,trades,cw,full_test,raw,clean,0.5881226053639846,ad_data/exp031/exp031_full_20260729_174215/bciciv2a_tcnet_seed46_trades_cw.pth
bciciv2a,tcnet,46,trades,cw,full_test,raw,robust,0.009578544061302681,ad_data/exp031/exp031_full_20260729_174215/bciciv2a_tcnet_seed46_trades_cw.pth
bciciv2a,tcnet,46,fbf,autoattack,full_test,raw,clean,0.5421455938697318,ad_data/exp031/exp031_full_20260729_174215/bciciv2a_tcnet_seed46_fbf_autoattack.pth
bciciv2a,tcnet,46,fbf,autoattack,full_test,raw,robust,0.11302681992337164,ad_data/exp031/exp031_full_20260729_174215/bciciv2a_tcnet_seed46_fbf_autoattack.pth
bciciv2a,tcnet,46,fbf,fgsm,full_test,raw,clean,0.5421455938697318,ad_data/exp031/exp031_full_20260729_174215/bciciv2a_tcnet_seed46_fbf_fgsm.pth
bciciv2a,tcnet,46,fbf,fgsm,full_test,raw,robust,0.19540229885057472,ad_data/exp031/exp031_full_20260729_174215/bciciv2a_tcnet_seed46_fbf_fgsm.pth
bciciv2a,tcnet,46,fbf,pgd,full_test,raw,clean,0.5421455938697318,ad_data/exp031/exp031_full_20260729_174215/bciciv2a_tcnet_seed46_fbf_pgd.pth
bciciv2a,tcnet,46,fbf,pgd,full_test,raw,robust,0.13793103448275862,ad_data/exp031/exp031_full_20260729_174215/bciciv2a_tcnet_seed46_fbf_pgd.pth
bciciv2a,tcnet,46,fbf,cw,full_test,raw,clean,0.5421455938697318,ad_data/exp031/exp031_full_20260729_174215/bciciv2a_tcnet_seed46_fbf_cw.pth
bciciv2a,tcnet,46,fbf,cw,full_test,raw,robust,0.040229885057471264,ad_data/exp031/exp031_full_20260729_174215/bciciv2a_tcnet_seed46_fbf_cw.pth
bciciv2a,tcnet,46,ea_forward,autoattack,full_test,raw,clean,0.2547892720306513,ad_data/exp031/exp031_full_20260729_174215/bciciv2a_tcnet_seed46_ea_forward_autoattack.pth
bciciv2a,tcnet,46,ea_forward,autoattack,full_test,raw,robust,0.03065134099616858,ad_data/exp031/exp031_full_20260729_174215/bciciv2a_tcnet_seed46_ea_forward_autoattack.pth
bciciv2a,tcnet,46,ea_forward,fgsm,full_test,raw,clean,0.2567049808429119,ad_data/exp031/exp031_full_20260729_174215/bciciv2a_tcnet_seed46_ea_forward_fgsm.pth
bciciv2a,tcnet,46,ea_forward,fgsm,full_test,raw,robust,0.08812260536398467,ad_data/exp031/exp031_full_20260729_174215/bciciv2a_tcnet_seed46_ea_forward_fgsm.pth
bciciv2a,tcnet,46,ea_forward,pgd,full_test,raw,clean,0.2567049808429119,ad_data/exp031/exp031_full_20260729_174215/bciciv2a_tcnet_seed46_ea_forward_pgd.pth
bciciv2a,tcnet,46,ea_forward,pgd,full_test,raw,robust,0.0,ad_data/exp031/exp031_full_20260729_174215/bciciv2a_tcnet_seed46_ea_forward_pgd.pth
bciciv2a,tcnet,46,ea_forward,cw,full_test,raw,clean,0.2567049808429119,ad_data/exp031/exp031_full_20260729_174215/bciciv2a_tcnet_seed46_ea_forward_cw.pth
bciciv2a,tcnet,46,ea_forward,cw,full_test,raw,robust,0.24329501915708812,ad_data/exp031/exp031_full_20260729_174215/bciciv2a_tcnet_seed46_ea_forward_cw.pth
bciciv2a,tcnet,46,rpcf_at,autoattack,full_test,raw,clean,0.4501915708812261,ad_data/exp031/exp031_full_20260729_174215/bciciv2a_tcnet_seed46_rpcf_at_autoattack.pth
bciciv2a,tcnet,46,rpcf_at,autoattack,full_test,raw,robust,0.23754789272030652,ad_data/exp031/exp031_full_20260729_174215/bciciv2a_tcnet_seed46_rpcf_at_autoattack.pth
bciciv2a,tcnet,46,rpcf_at,fgsm,full_test,raw,clean,0.4501915708812261,ad_data/exp031/exp031_full_20260729_174215/bciciv2a_tcnet_seed46_rpcf_at_fgsm.pth
bciciv2a,tcnet,46,rpcf_at,fgsm,full_test,raw,robust,0.28160919540229884,ad_data/exp031/exp031_full_20260729_174215/bciciv2a_tcnet_seed46_rpcf_at_fgsm.pth
bciciv2a,tcnet,46,rpcf_at,pgd,full_test,raw,clean,0.4501915708812261,ad_data/exp031/exp031_full_20260729_174215/bciciv2a_tcnet_seed46_rpcf_at_pgd.pth
bciciv2a,tcnet,46,rpcf_at,pgd,full_test,raw,robust,0.2681992337164751,ad_data/exp031/exp031_full_20260729_174215/bciciv2a_tcnet_seed46_rpcf_at_pgd.pth
bciciv2a,tcnet,46,rpcf_at,cw,full_test,raw,clean,0.4501915708812261,ad_data/exp031/exp031_full_20260729_174215/bciciv2a_tcnet_seed46_rpcf_at_cw.pth
bciciv2a,tcnet,46,rpcf_at,cw,full_test,raw,robust,0.009578544061302681,ad_data/exp031/exp031_full_20260729_174215/bciciv2a_tcnet_seed46_rpcf_at_cw.pth
thubenchmark,eegnet,42,madry,autoattack,subset_n512,raw,clean,0.9453125,purified_data/exp031/exp031_full_20260729_174215/eval/thubenchmark_eegnet_seed42_madry_autoattack_rank25-30.pth
thubenchmark,eegnet,42,madry,autoattack,subset_n512,raw,robust,0.76953125,purified_data/exp031/exp031_full_20260729_174215/eval/thubenchmark_eegnet_seed42_madry_autoattack_rank25-30.pth
thubenchmark,eegnet,42,madry,autoattack,subset_n512,25,clean,0.91015625,purified_data/exp031/exp031_full_20260729_174215/eval/thubenchmark_eegnet_seed42_madry_autoattack_rank25-30.pth
thubenchmark,eegnet,42,madry,autoattack,subset_n512,25,robust,0.8515625,purified_data/exp031/exp031_full_20260729_174215/eval/thubenchmark_eegnet_seed42_madry_autoattack_rank25-30.pth
thubenchmark,eegnet,42,madry,autoattack,subset_n512,30,clean,0.921875,purified_data/exp031/exp031_full_20260729_174215/eval/thubenchmark_eegnet_seed42_madry_autoattack_rank25-30.pth
thubenchmark,eegnet,42,madry,autoattack,subset_n512,30,robust,0.833984375,purified_data/exp031/exp031_full_20260729_174215/eval/thubenchmark_eegnet_seed42_madry_autoattack_rank25-30.pth
thubenchmark,eegnet,42,madry,fgsm,subset_n512,raw,clean,0.9453125,purified_data/exp031/exp031_full_20260729_174215/eval/thubenchmark_eegnet_seed42_madry_fgsm_rank25-30.pth
thubenchmark,eegnet,42,madry,fgsm,subset_n512,raw,robust,0.78125,purified_data/exp031/exp031_full_20260729_174215/eval/thubenchmark_eegnet_seed42_madry_fgsm_rank25-30.pth
thubenchmark,eegnet,42,madry,fgsm,subset_n512,25,clean,0.91015625,purified_data/exp031/exp031_full_20260729_174215/eval/thubenchmark_eegnet_seed42_madry_fgsm_rank25-30.pth
thubenchmark,eegnet,42,madry,fgsm,subset_n512,25,robust,0.806640625,purified_data/exp031/exp031_full_20260729_174215/eval/thubenchmark_eegnet_seed42_madry_fgsm_rank25-30.pth
thubenchmark,eegnet,42,madry,fgsm,subset_n512,30,clean,0.921875,purified_data/exp031/exp031_full_20260729_174215/eval/thubenchmark_eegnet_seed42_madry_fgsm_rank25-30.pth
thubenchmark,eegnet,42,madry,fgsm,subset_n512,30,robust,0.83203125,purified_data/exp031/exp031_full_20260729_174215/eval/thubenchmark_eegnet_seed42_madry_fgsm_rank25-30.pth
thubenchmark,eegnet,42,madry,pgd,subset_n512,raw,clean,0.9453125,purified_data/exp031/exp031_full_20260729_174215/eval/thubenchmark_eegnet_seed42_madry_pgd_rank25-30.pth
thubenchmark,eegnet,42,madry,pgd,subset_n512,raw,robust,0.7734375,purified_data/exp031/exp031_full_20260729_174215/eval/thubenchmark_eegnet_seed42_madry_pgd_rank25-30.pth
thubenchmark,eegnet,42,madry,pgd,subset_n512,25,clean,0.91015625,purified_data/exp031/exp031_full_20260729_174215/eval/thubenchmark_eegnet_seed42_madry_pgd_rank25-30.pth
thubenchmark,eegnet,42,madry,pgd,subset_n512,25,robust,0.8046875,purified_data/exp031/exp031_full_20260729_174215/eval/thubenchmark_eegnet_seed42_madry_pgd_rank25-30.pth
thubenchmark,eegnet,42,madry,pgd,subset_n512,30,clean,0.921875,purified_data/exp031/exp031_full_20260729_174215/eval/thubenchmark_eegnet_seed42_madry_pgd_rank25-30.pth
thubenchmark,eegnet,42,madry,pgd,subset_n512,30,robust,0.8203125,purified_data/exp031/exp031_full_20260729_174215/eval/thubenchmark_eegnet_seed42_madry_pgd_rank25-30.pth
thubenchmark,eegnet,42,madry,cw,subset_n512,raw,clean,0.9453125,purified_data/exp031/exp031_full_20260729_174215/eval/thubenchmark_eegnet_seed42_madry_cw_rank25-30.pth
thubenchmark,eegnet,42,madry,cw,subset_n512,raw,robust,0.0,purified_data/exp031/exp031_full_20260729_174215/eval/thubenchmark_eegnet_seed42_madry_cw_rank25-30.pth
thubenchmark,eegnet,42,madry,cw,subset_n512,25,clean,0.91015625,purified_data/exp031/exp031_full_20260729_174215/eval/thubenchmark_eegnet_seed42_madry_cw_rank25-30.pth
thubenchmark,eegnet,42,madry,cw,subset_n512,25,robust,0.279296875,purified_data/exp031/exp031_full_20260729_174215/eval/thubenchmark_eegnet_seed42_madry_cw_rank25-30.pth
thubenchmark,eegnet,42,madry,cw,subset_n512,30,clean,0.921875,purified_data/exp031/exp031_full_20260729_174215/eval/thubenchmark_eegnet_seed42_madry_cw_rank25-30.pth
thubenchmark,eegnet,42,madry,cw,subset_n512,30,robust,0.208984375,purified_data/exp031/exp031_full_20260729_174215/eval/thubenchmark_eegnet_seed42_madry_cw_rank25-30.pth
thubenchmark,eegnet,42,rpcf_at,autoattack,subset_n512,raw,clean,0.947265625,purified_data/exp031/exp031_full_20260729_174215/eval/thubenchmark_eegnet_seed42_rpcf_at_autoattack_rank25-30.pth
thubenchmark,eegnet,42,rpcf_at,autoattack,subset_n512,raw,robust,0.77734375,purified_data/exp031/exp031_full_20260729_174215/eval/thubenchmark_eegnet_seed42_rpcf_at_autoattack_rank25-30.pth
thubenchmark,eegnet,42,rpcf_at,autoattack,subset_n512,25,clean,0.91015625,purified_data/exp031/exp031_full_20260729_174215/eval/thubenchmark_eegnet_seed42_rpcf_at_autoattack_rank25-30.pth
thubenchmark,eegnet,42,rpcf_at,autoattack,subset_n512,25,robust,0.84375,purified_data/exp031/exp031_full_20260729_174215/eval/thubenchmark_eegnet_seed42_rpcf_at_autoattack_rank25-30.pth
thubenchmark,eegnet,42,rpcf_at,autoattack,subset_n512,30,clean,0.921875,purified_data/exp031/exp031_full_20260729_174215/eval/thubenchmark_eegnet_seed42_rpcf_at_autoattack_rank25-30.pth
thubenchmark,eegnet,42,rpcf_at,autoattack,subset_n512,30,robust,0.833984375,purified_data/exp031/exp031_full_20260729_174215/eval/thubenchmark_eegnet_seed42_rpcf_at_autoattack_rank25-30.pth
thubenchmark,eegnet,42,rpcf_at,fgsm,subset_n512,raw,clean,0.947265625,purified_data/exp031/exp031_full_20260729_174215/eval/thubenchmark_eegnet_seed42_rpcf_at_fgsm_rank25-30.pth
thubenchmark,eegnet,42,rpcf_at,fgsm,subset_n512,raw,robust,0.7890625,purified_data/exp031/exp031_full_20260729_174215/eval/thubenchmark_eegnet_seed42_rpcf_at_fgsm_rank25-30.pth
thubenchmark,eegnet,42,rpcf_at,fgsm,subset_n512,25,clean,0.91015625,purified_data/exp031/exp031_full_20260729_174215/eval/thubenchmark_eegnet_seed42_rpcf_at_fgsm_rank25-30.pth
thubenchmark,eegnet,42,rpcf_at,fgsm,subset_n512,25,robust,0.826171875,purified_data/exp031/exp031_full_20260729_174215/eval/thubenchmark_eegnet_seed42_rpcf_at_fgsm_rank25-30.pth
thubenchmark,eegnet,42,rpcf_at,fgsm,subset_n512,30,clean,0.921875,purified_data/exp031/exp031_full_20260729_174215/eval/thubenchmark_eegnet_seed42_rpcf_at_fgsm_rank25-30.pth
thubenchmark,eegnet,42,rpcf_at,fgsm,subset_n512,30,robust,0.833984375,purified_data/exp031/exp031_full_20260729_174215/eval/thubenchmark_eegnet_seed42_rpcf_at_fgsm_rank25-30.pth
thubenchmark,eegnet,42,rpcf_at,pgd,subset_n512,raw,clean,0.947265625,purified_data/exp031/exp031_full_20260729_174215/eval/thubenchmark_eegnet_seed42_rpcf_at_pgd_rank25-30.pth
thubenchmark,eegnet,42,rpcf_at,pgd,subset_n512,raw,robust,0.783203125,purified_data/exp031/exp031_full_20260729_174215/eval/thubenchmark_eegnet_seed42_rpcf_at_pgd_rank25-30.pth
thubenchmark,eegnet,42,rpcf_at,pgd,subset_n512,25,clean,0.91015625,purified_data/exp031/exp031_full_20260729_174215/eval/thubenchmark_eegnet_seed42_rpcf_at_pgd_rank25-30.pth
thubenchmark,eegnet,42,rpcf_at,pgd,subset_n512,25,robust,0.83203125,purified_data/exp031/exp031_full_20260729_174215/eval/thubenchmark_eegnet_seed42_rpcf_at_pgd_rank25-30.pth
thubenchmark,eegnet,42,rpcf_at,pgd,subset_n512,30,clean,0.921875,purified_data/exp031/exp031_full_20260729_174215/eval/thubenchmark_eegnet_seed42_rpcf_at_pgd_rank25-30.pth
thubenchmark,eegnet,42,rpcf_at,pgd,subset_n512,30,robust,0.81640625,purified_data/exp031/exp031_full_20260729_174215/eval/thubenchmark_eegnet_seed42_rpcf_at_pgd_rank25-30.pth
thubenchmark,eegnet,42,rpcf_at,cw,subset_n512,raw,clean,0.947265625,purified_data/exp031/exp031_full_20260729_174215/eval/thubenchmark_eegnet_seed42_rpcf_at_cw_rank25-30.pth
thubenchmark,eegnet,42,rpcf_at,cw,subset_n512,raw,robust,0.0,purified_data/exp031/exp031_full_20260729_174215/eval/thubenchmark_eegnet_seed42_rpcf_at_cw_rank25-30.pth
thubenchmark,eegnet,42,rpcf_at,cw,subset_n512,25,clean,0.91015625,purified_data/exp031/exp031_full_20260729_174215/eval/thubenchmark_eegnet_seed42_rpcf_at_cw_rank25-30.pth
thubenchmark,eegnet,42,rpcf_at,cw,subset_n512,25,robust,0.2734375,purified_data/exp031/exp031_full_20260729_174215/eval/thubenchmark_eegnet_seed42_rpcf_at_cw_rank25-30.pth
thubenchmark,eegnet,42,rpcf_at,cw,subset_n512,30,clean,0.921875,purified_data/exp031/exp031_full_20260729_174215/eval/thubenchmark_eegnet_seed42_rpcf_at_cw_rank25-30.pth
thubenchmark,eegnet,42,rpcf_at,cw,subset_n512,30,robust,0.203125,purified_data/exp031/exp031_full_20260729_174215/eval/thubenchmark_eegnet_seed42_rpcf_at_cw_rank25-30.pth
thubenchmark,eegnet,43,madry,autoattack,subset_n512,raw,clean,0.923828125,purified_data/exp031/exp031_full_20260729_174215/eval/thubenchmark_eegnet_seed43_madry_autoattack_rank25-30.pth
thubenchmark,eegnet,43,madry,autoattack,subset_n512,raw,robust,0.791015625,purified_data/exp031/exp031_full_20260729_174215/eval/thubenchmark_eegnet_seed43_madry_autoattack_rank25-30.pth
thubenchmark,eegnet,43,madry,autoattack,subset_n512,25,clean,0.896484375,purified_data/exp031/exp031_full_20260729_174215/eval/thubenchmark_eegnet_seed43_madry_autoattack_rank25-30.pth
thubenchmark,eegnet,43,madry,autoattack,subset_n512,25,robust,0.818359375,purified_data/exp031/exp031_full_20260729_174215/eval/thubenchmark_eegnet_seed43_madry_autoattack_rank25-30.pth
thubenchmark,eegnet,43,madry,autoattack,subset_n512,30,clean,0.8984375,purified_data/exp031/exp031_full_20260729_174215/eval/thubenchmark_eegnet_seed43_madry_autoattack_rank25-30.pth
thubenchmark,eegnet,43,madry,autoattack,subset_n512,30,robust,0.8125,purified_data/exp031/exp031_full_20260729_174215/eval/thubenchmark_eegnet_seed43_madry_autoattack_rank25-30.pth
thubenchmark,eegnet,43,madry,fgsm,subset_n512,raw,clean,0.923828125,purified_data/exp031/exp031_full_20260729_174215/eval/thubenchmark_eegnet_seed43_madry_fgsm_rank25-30.pth
thubenchmark,eegnet,43,madry,fgsm,subset_n512,raw,robust,0.80859375,purified_data/exp031/exp031_full_20260729_174215/eval/thubenchmark_eegnet_seed43_madry_fgsm_rank25-30.pth
thubenchmark,eegnet,43,madry,fgsm,subset_n512,25,clean,0.896484375,purified_data/exp031/exp031_full_20260729_174215/eval/thubenchmark_eegnet_seed43_madry_fgsm_rank25-30.pth
thubenchmark,eegnet,43,madry,fgsm,subset_n512,25,robust,0.8046875,purified_data/exp031/exp031_full_20260729_174215/eval/thubenchmark_eegnet_seed43_madry_fgsm_rank25-30.pth
thubenchmark,eegnet,43,madry,fgsm,subset_n512,30,clean,0.8984375,purified_data/exp031/exp031_full_20260729_174215/eval/thubenchmark_eegnet_seed43_madry_fgsm_rank25-30.pth
thubenchmark,eegnet,43,madry,fgsm,subset_n512,30,robust,0.818359375,purified_data/exp031/exp031_full_20260729_174215/eval/thubenchmark_eegnet_seed43_madry_fgsm_rank25-30.pth
thubenchmark,eegnet,43,madry,pgd,subset_n512,raw,clean,0.923828125,purified_data/exp031/exp031_full_20260729_174215/eval/thubenchmark_eegnet_seed43_madry_pgd_rank25-30.pth
thubenchmark,eegnet,43,madry,pgd,subset_n512,raw,robust,0.802734375,purified_data/exp031/exp031_full_20260729_174215/eval/thubenchmark_eegnet_seed43_madry_pgd_rank25-30.pth
thubenchmark,eegnet,43,madry,pgd,subset_n512,25,clean,0.896484375,purified_data/exp031/exp031_full_20260729_174215/eval/thubenchmark_eegnet_seed43_madry_pgd_rank25-30.pth
thubenchmark,eegnet,43,madry,pgd,subset_n512,25,robust,0.794921875,purified_data/exp031/exp031_full_20260729_174215/eval/thubenchmark_eegnet_seed43_madry_pgd_rank25-30.pth
thubenchmark,eegnet,43,madry,pgd,subset_n512,30,clean,0.8984375,purified_data/exp031/exp031_full_20260729_174215/eval/thubenchmark_eegnet_seed43_madry_pgd_rank25-30.pth
thubenchmark,eegnet,43,madry,pgd,subset_n512,30,robust,0.810546875,purified_data/exp031/exp031_full_20260729_174215/eval/thubenchmark_eegnet_seed43_madry_pgd_rank25-30.pth
thubenchmark,eegnet,43,madry,cw,subset_n512,raw,clean,0.923828125,purified_data/exp031/exp031_full_20260729_174215/eval/thubenchmark_eegnet_seed43_madry_cw_rank25-30.pth
thubenchmark,eegnet,43,madry,cw,subset_n512,raw,robust,0.0,purified_data/exp031/exp031_full_20260729_174215/eval/thubenchmark_eegnet_seed43_madry_cw_rank25-30.pth
thubenchmark,eegnet,43,madry,cw,subset_n512,25,clean,0.896484375,purified_data/exp031/exp031_full_20260729_174215/eval/thubenchmark_eegnet_seed43_madry_cw_rank25-30.pth
thubenchmark,eegnet,43,madry,cw,subset_n512,25,robust,0.251953125,purified_data/exp031/exp031_full_20260729_174215/eval/thubenchmark_eegnet_seed43_madry_cw_rank25-30.pth
thubenchmark,eegnet,43,madry,cw,subset_n512,30,clean,0.8984375,purified_data/exp031/exp031_full_20260729_174215/eval/thubenchmark_eegnet_seed43_madry_cw_rank25-30.pth
thubenchmark,eegnet,43,madry,cw,subset_n512,30,robust,0.189453125,purified_data/exp031/exp031_full_20260729_174215/eval/thubenchmark_eegnet_seed43_madry_cw_rank25-30.pth
thubenchmark,eegnet,43,rpcf_at,autoattack,subset_n512,raw,clean,0.921875,purified_data/exp031/exp031_full_20260729_174215/eval/thubenchmark_eegnet_seed43_rpcf_at_autoattack_rank25-30.pth
thubenchmark,eegnet,43,rpcf_at,autoattack,subset_n512,raw,robust,0.798828125,purified_data/exp031/exp031_full_20260729_174215/eval/thubenchmark_eegnet_seed43_rpcf_at_autoattack_rank25-30.pth
thubenchmark,eegnet,43,rpcf_at,autoattack,subset_n512,25,clean,0.892578125,purified_data/exp031/exp031_full_20260729_174215/eval/thubenchmark_eegnet_seed43_rpcf_at_autoattack_rank25-30.pth
thubenchmark,eegnet,43,rpcf_at,autoattack,subset_n512,25,robust,0.83984375,purified_data/exp031/exp031_full_20260729_174215/eval/thubenchmark_eegnet_seed43_rpcf_at_autoattack_rank25-30.pth
thubenchmark,eegnet,43,rpcf_at,autoattack,subset_n512,30,clean,0.8984375,purified_data/exp031/exp031_full_20260729_174215/eval/thubenchmark_eegnet_seed43_rpcf_at_autoattack_rank25-30.pth
thubenchmark,eegnet,43,rpcf_at,autoattack,subset_n512,30,robust,0.837890625,purified_data/exp031/exp031_full_20260729_174215/eval/thubenchmark_eegnet_seed43_rpcf_at_autoattack_rank25-30.pth
thubenchmark,eegnet,43,rpcf_at,fgsm,subset_n512,raw,clean,0.921875,purified_data/exp031/exp031_full_20260729_174215/eval/thubenchmark_eegnet_seed43_rpcf_at_fgsm_rank25-30.pth
thubenchmark,eegnet,43,rpcf_at,fgsm,subset_n512,raw,robust,0.810546875,purified_data/exp031/exp031_full_20260729_174215/eval/thubenchmark_eegnet_seed43_rpcf_at_fgsm_rank25-30.pth
thubenchmark,eegnet,43,rpcf_at,fgsm,subset_n512,25,clean,0.892578125,purified_data/exp031/exp031_full_20260729_174215/eval/thubenchmark_eegnet_seed43_rpcf_at_fgsm_rank25-30.pth
thubenchmark,eegnet,43,rpcf_at,fgsm,subset_n512,25,robust,0.830078125,purified_data/exp031/exp031_full_20260729_174215/eval/thubenchmark_eegnet_seed43_rpcf_at_fgsm_rank25-30.pth
thubenchmark,eegnet,43,rpcf_at,fgsm,subset_n512,30,clean,0.8984375,purified_data/exp031/exp031_full_20260729_174215/eval/thubenchmark_eegnet_seed43_rpcf_at_fgsm_rank25-30.pth
thubenchmark,eegnet,43,rpcf_at,fgsm,subset_n512,30,robust,0.826171875,purified_data/exp031/exp031_full_20260729_174215/eval/thubenchmark_eegnet_seed43_rpcf_at_fgsm_rank25-30.pth
thubenchmark,eegnet,43,rpcf_at,pgd,subset_n512,raw,clean,0.921875,purified_data/exp031/exp031_full_20260729_174215/eval/thubenchmark_eegnet_seed43_rpcf_at_pgd_rank25-30.pth
thubenchmark,eegnet,43,rpcf_at,pgd,subset_n512,raw,robust,0.806640625,purified_data/exp031/exp031_full_20260729_174215/eval/thubenchmark_eegnet_seed43_rpcf_at_pgd_rank25-30.pth
thubenchmark,eegnet,43,rpcf_at,pgd,subset_n512,25,clean,0.892578125,purified_data/exp031/exp031_full_20260729_174215/eval/thubenchmark_eegnet_seed43_rpcf_at_pgd_rank25-30.pth
thubenchmark,eegnet,43,rpcf_at,pgd,subset_n512,25,robust,0.822265625,purified_data/exp031/exp031_full_20260729_174215/eval/thubenchmark_eegnet_seed43_rpcf_at_pgd_rank25-30.pth
thubenchmark,eegnet,43,rpcf_at,pgd,subset_n512,30,clean,0.8984375,purified_data/exp031/exp031_full_20260729_174215/eval/thubenchmark_eegnet_seed43_rpcf_at_pgd_rank25-30.pth
thubenchmark,eegnet,43,rpcf_at,pgd,subset_n512,30,robust,0.826171875,purified_data/exp031/exp031_full_20260729_174215/eval/thubenchmark_eegnet_seed43_rpcf_at_pgd_rank25-30.pth
thubenchmark,eegnet,43,rpcf_at,cw,subset_n512,raw,clean,0.921875,purified_data/exp031/exp031_full_20260729_174215/eval/thubenchmark_eegnet_seed43_rpcf_at_cw_rank25-30.pth
thubenchmark,eegnet,43,rpcf_at,cw,subset_n512,raw,robust,0.0,purified_data/exp031/exp031_full_20260729_174215/eval/thubenchmark_eegnet_seed43_rpcf_at_cw_rank25-30.pth
thubenchmark,eegnet,43,rpcf_at,cw,subset_n512,25,clean,0.892578125,purified_data/exp031/exp031_full_20260729_174215/eval/thubenchmark_eegnet_seed43_rpcf_at_cw_rank25-30.pth
thubenchmark,eegnet,43,rpcf_at,cw,subset_n512,25,robust,0.275390625,purified_data/exp031/exp031_full_20260729_174215/eval/thubenchmark_eegnet_seed43_rpcf_at_cw_rank25-30.pth
thubenchmark,eegnet,43,rpcf_at,cw,subset_n512,30,clean,0.8984375,purified_data/exp031/exp031_full_20260729_174215/eval/thubenchmark_eegnet_seed43_rpcf_at_cw_rank25-30.pth
thubenchmark,eegnet,43,rpcf_at,cw,subset_n512,30,robust,0.205078125,purified_data/exp031/exp031_full_20260729_174215/eval/thubenchmark_eegnet_seed43_rpcf_at_cw_rank25-30.pth
thubenchmark,eegnet,44,madry,autoattack,subset_n512,raw,clean,0.923828125,purified_data/exp031/exp031_full_20260729_174215/eval/thubenchmark_eegnet_seed44_madry_autoattack_rank25-30.pth
thubenchmark,eegnet,44,madry,autoattack,subset_n512,raw,robust,0.755859375,purified_data/exp031/exp031_full_20260729_174215/eval/thubenchmark_eegnet_seed44_madry_autoattack_rank25-30.pth
thubenchmark,eegnet,44,madry,autoattack,subset_n512,25,clean,0.90625,purified_data/exp031/exp031_full_20260729_174215/eval/thubenchmark_eegnet_seed44_madry_autoattack_rank25-30.pth
thubenchmark,eegnet,44,madry,autoattack,subset_n512,25,robust,0.8203125,purified_data/exp031/exp031_full_20260729_174215/eval/thubenchmark_eegnet_seed44_madry_autoattack_rank25-30.pth
thubenchmark,eegnet,44,madry,autoattack,subset_n512,30,clean,0.912109375,purified_data/exp031/exp031_full_20260729_174215/eval/thubenchmark_eegnet_seed44_madry_autoattack_rank25-30.pth
thubenchmark,eegnet,44,madry,autoattack,subset_n512,30,robust,0.796875,purified_data/exp031/exp031_full_20260729_174215/eval/thubenchmark_eegnet_seed44_madry_autoattack_rank25-30.pth
thubenchmark,eegnet,44,madry,fgsm,subset_n512,raw,clean,0.923828125,purified_data/exp031/exp031_full_20260729_174215/eval/thubenchmark_eegnet_seed44_madry_fgsm_rank25-30.pth
thubenchmark,eegnet,44,madry,fgsm,subset_n512,raw,robust,0.78515625,purified_data/exp031/exp031_full_20260729_174215/eval/thubenchmark_eegnet_seed44_madry_fgsm_rank25-30.pth
thubenchmark,eegnet,44,madry,fgsm,subset_n512,25,clean,0.90625,purified_data/exp031/exp031_full_20260729_174215/eval/thubenchmark_eegnet_seed44_madry_fgsm_rank25-30.pth
thubenchmark,eegnet,44,madry,fgsm,subset_n512,25,robust,0.798828125,purified_data/exp031/exp031_full_20260729_174215/eval/thubenchmark_eegnet_seed44_madry_fgsm_rank25-30.pth
thubenchmark,eegnet,44,madry,fgsm,subset_n512,30,clean,0.912109375,purified_data/exp031/exp031_full_20260729_174215/eval/thubenchmark_eegnet_seed44_madry_fgsm_rank25-30.pth
thubenchmark,eegnet,44,madry,fgsm,subset_n512,30,robust,0.783203125,purified_data/exp031/exp031_full_20260729_174215/eval/thubenchmark_eegnet_seed44_madry_fgsm_rank25-30.pth
thubenchmark,eegnet,44,madry,pgd,subset_n512,raw,clean,0.923828125,purified_data/exp031/exp031_full_20260729_174215/eval/thubenchmark_eegnet_seed44_madry_pgd_rank25-30.pth
thubenchmark,eegnet,44,madry,pgd,subset_n512,raw,robust,0.76953125,purified_data/exp031/exp031_full_20260729_174215/eval/thubenchmark_eegnet_seed44_madry_pgd_rank25-30.pth
thubenchmark,eegnet,44,madry,pgd,subset_n512,25,clean,0.90625,purified_data/exp031/exp031_full_20260729_174215/eval/thubenchmark_eegnet_seed44_madry_pgd_rank25-30.pth
thubenchmark,eegnet,44,madry,pgd,subset_n512,25,robust,0.791015625,purified_data/exp031/exp031_full_20260729_174215/eval/thubenchmark_eegnet_seed44_madry_pgd_rank25-30.pth
thubenchmark,eegnet,44,madry,pgd,subset_n512,30,clean,0.912109375,purified_data/exp031/exp031_full_20260729_174215/eval/thubenchmark_eegnet_seed44_madry_pgd_rank25-30.pth
thubenchmark,eegnet,44,madry,pgd,subset_n512,30,robust,0.7890625,purified_data/exp031/exp031_full_20260729_174215/eval/thubenchmark_eegnet_seed44_madry_pgd_rank25-30.pth
thubenchmark,eegnet,44,madry,cw,subset_n512,raw,clean,0.923828125,purified_data/exp031/exp031_full_20260729_174215/eval/thubenchmark_eegnet_seed44_madry_cw_rank25-30.pth
thubenchmark,eegnet,44,madry,cw,subset_n512,raw,robust,0.0,purified_data/exp031/exp031_full_20260729_174215/eval/thubenchmark_eegnet_seed44_madry_cw_rank25-30.pth
thubenchmark,eegnet,44,madry,cw,subset_n512,25,clean,0.90625,purified_data/exp031/exp031_full_20260729_174215/eval/thubenchmark_eegnet_seed44_madry_cw_rank25-30.pth
thubenchmark,eegnet,44,madry,cw,subset_n512,25,robust,0.240234375,purified_data/exp031/exp031_full_20260729_174215/eval/thubenchmark_eegnet_seed44_madry_cw_rank25-30.pth
thubenchmark,eegnet,44,madry,cw,subset_n512,30,clean,0.912109375,purified_data/exp031/exp031_full_20260729_174215/eval/thubenchmark_eegnet_seed44_madry_cw_rank25-30.pth
thubenchmark,eegnet,44,madry,cw,subset_n512,30,robust,0.1796875,purified_data/exp031/exp031_full_20260729_174215/eval/thubenchmark_eegnet_seed44_madry_cw_rank25-30.pth
thubenchmark,eegnet,44,rpcf_at,autoattack,subset_n512,raw,clean,0.9296875,purified_data/exp031/exp031_full_20260729_174215/eval/thubenchmark_eegnet_seed44_rpcf_at_autoattack_rank25-30.pth
thubenchmark,eegnet,44,rpcf_at,autoattack,subset_n512,raw,robust,0.7578125,purified_data/exp031/exp031_full_20260729_174215/eval/thubenchmark_eegnet_seed44_rpcf_at_autoattack_rank25-30.pth
thubenchmark,eegnet,44,rpcf_at,autoattack,subset_n512,25,clean,0.904296875,purified_data/exp031/exp031_full_20260729_174215/eval/thubenchmark_eegnet_seed44_rpcf_at_autoattack_rank25-30.pth
thubenchmark,eegnet,44,rpcf_at,autoattack,subset_n512,25,robust,0.81640625,purified_data/exp031/exp031_full_20260729_174215/eval/thubenchmark_eegnet_seed44_rpcf_at_autoattack_rank25-30.pth
thubenchmark,eegnet,44,rpcf_at,autoattack,subset_n512,30,clean,0.912109375,purified_data/exp031/exp031_full_20260729_174215/eval/thubenchmark_eegnet_seed44_rpcf_at_autoattack_rank25-30.pth
thubenchmark,eegnet,44,rpcf_at,autoattack,subset_n512,30,robust,0.8125,purified_data/exp031/exp031_full_20260729_174215/eval/thubenchmark_eegnet_seed44_rpcf_at_autoattack_rank25-30.pth
thubenchmark,eegnet,44,rpcf_at,fgsm,subset_n512,raw,clean,0.9296875,purified_data/exp031/exp031_full_20260729_174215/eval/thubenchmark_eegnet_seed44_rpcf_at_fgsm_rank25-30.pth
thubenchmark,eegnet,44,rpcf_at,fgsm,subset_n512,raw,robust,0.779296875,purified_data/exp031/exp031_full_20260729_174215/eval/thubenchmark_eegnet_seed44_rpcf_at_fgsm_rank25-30.pth
thubenchmark,eegnet,44,rpcf_at,fgsm,subset_n512,25,clean,0.904296875,purified_data/exp031/exp031_full_20260729_174215/eval/thubenchmark_eegnet_seed44_rpcf_at_fgsm_rank25-30.pth
thubenchmark,eegnet,44,rpcf_at,fgsm,subset_n512,25,robust,0.8125,purified_data/exp031/exp031_full_20260729_174215/eval/thubenchmark_eegnet_seed44_rpcf_at_fgsm_rank25-30.pth
thubenchmark,eegnet,44,rpcf_at,fgsm,subset_n512,30,clean,0.912109375,purified_data/exp031/exp031_full_20260729_174215/eval/thubenchmark_eegnet_seed44_rpcf_at_fgsm_rank25-30.pth
thubenchmark,eegnet,44,rpcf_at,fgsm,subset_n512,30,robust,0.810546875,purified_data/exp031/exp031_full_20260729_174215/eval/thubenchmark_eegnet_seed44_rpcf_at_fgsm_rank25-30.pth
thubenchmark,eegnet,44,rpcf_at,pgd,subset_n512,raw,clean,0.9296875,purified_data/exp031/exp031_full_20260729_174215/eval/thubenchmark_eegnet_seed44_rpcf_at_pgd_rank25-30.pth
thubenchmark,eegnet,44,rpcf_at,pgd,subset_n512,raw,robust,0.76171875,purified_data/exp031/exp031_full_20260729_174215/eval/thubenchmark_eegnet_seed44_rpcf_at_pgd_rank25-30.pth
thubenchmark,eegnet,44,rpcf_at,pgd,subset_n512,25,clean,0.904296875,purified_data/exp031/exp031_full_20260729_174215/eval/thubenchmark_eegnet_seed44_rpcf_at_pgd_rank25-30.pth
thubenchmark,eegnet,44,rpcf_at,pgd,subset_n512,25,robust,0.806640625,purified_data/exp031/exp031_full_20260729_174215/eval/thubenchmark_eegnet_seed44_rpcf_at_pgd_rank25-30.pth
thubenchmark,eegnet,44,rpcf_at,pgd,subset_n512,30,clean,0.912109375,purified_data/exp031/exp031_full_20260729_174215/eval/thubenchmark_eegnet_seed44_rpcf_at_pgd_rank25-30.pth
thubenchmark,eegnet,44,rpcf_at,pgd,subset_n512,30,robust,0.8046875,purified_data/exp031/exp031_full_20260729_174215/eval/thubenchmark_eegnet_seed44_rpcf_at_pgd_rank25-30.pth
thubenchmark,eegnet,44,rpcf_at,cw,subset_n512,raw,clean,0.9296875,purified_data/exp031/exp031_full_20260729_174215/eval/thubenchmark_eegnet_seed44_rpcf_at_cw_rank25-30.pth
thubenchmark,eegnet,44,rpcf_at,cw,subset_n512,raw,robust,0.0,purified_data/exp031/exp031_full_20260729_174215/eval/thubenchmark_eegnet_seed44_rpcf_at_cw_rank25-30.pth
thubenchmark,eegnet,44,rpcf_at,cw,subset_n512,25,clean,0.904296875,purified_data/exp031/exp031_full_20260729_174215/eval/thubenchmark_eegnet_seed44_rpcf_at_cw_rank25-30.pth
thubenchmark,eegnet,44,rpcf_at,cw,subset_n512,25,robust,0.23828125,purified_data/exp031/exp031_full_20260729_174215/eval/thubenchmark_eegnet_seed44_rpcf_at_cw_rank25-30.pth
thubenchmark,eegnet,44,rpcf_at,cw,subset_n512,30,clean,0.912109375,purified_data/exp031/exp031_full_20260729_174215/eval/thubenchmark_eegnet_seed44_rpcf_at_cw_rank25-30.pth
thubenchmark,eegnet,44,rpcf_at,cw,subset_n512,30,robust,0.173828125,purified_data/exp031/exp031_full_20260729_174215/eval/thubenchmark_eegnet_seed44_rpcf_at_cw_rank25-30.pth
thubenchmark,eegnet,45,madry,autoattack,subset_n512,raw,clean,0.923828125,purified_data/exp031/exp031_full_20260729_174215/eval/thubenchmark_eegnet_seed45_madry_autoattack_rank25-30.pth
thubenchmark,eegnet,45,madry,autoattack,subset_n512,raw,robust,0.7578125,purified_data/exp031/exp031_full_20260729_174215/eval/thubenchmark_eegnet_seed45_madry_autoattack_rank25-30.pth
thubenchmark,eegnet,45,madry,autoattack,subset_n512,25,clean,0.890625,purified_data/exp031/exp031_full_20260729_174215/eval/thubenchmark_eegnet_seed45_madry_autoattack_rank25-30.pth
thubenchmark,eegnet,45,madry,autoattack,subset_n512,25,robust,0.7890625,purified_data/exp031/exp031_full_20260729_174215/eval/thubenchmark_eegnet_seed45_madry_autoattack_rank25-30.pth
thubenchmark,eegnet,45,madry,autoattack,subset_n512,30,clean,0.8984375,purified_data/exp031/exp031_full_20260729_174215/eval/thubenchmark_eegnet_seed45_madry_autoattack_rank25-30.pth
thubenchmark,eegnet,45,madry,autoattack,subset_n512,30,robust,0.79296875,purified_data/exp031/exp031_full_20260729_174215/eval/thubenchmark_eegnet_seed45_madry_autoattack_rank25-30.pth
thubenchmark,eegnet,45,madry,fgsm,subset_n512,raw,clean,0.923828125,purified_data/exp031/exp031_full_20260729_174215/eval/thubenchmark_eegnet_seed45_madry_fgsm_rank25-30.pth
thubenchmark,eegnet,45,madry,fgsm,subset_n512,raw,robust,0.779296875,purified_data/exp031/exp031_full_20260729_174215/eval/thubenchmark_eegnet_seed45_madry_fgsm_rank25-30.pth
thubenchmark,eegnet,45,madry,fgsm,subset_n512,25,clean,0.890625,purified_data/exp031/exp031_full_20260729_174215/eval/thubenchmark_eegnet_seed45_madry_fgsm_rank25-30.pth
thubenchmark,eegnet,45,madry,fgsm,subset_n512,25,robust,0.787109375,purified_data/exp031/exp031_full_20260729_174215/eval/thubenchmark_eegnet_seed45_madry_fgsm_rank25-30.pth
thubenchmark,eegnet,45,madry,fgsm,subset_n512,30,clean,0.8984375,purified_data/exp031/exp031_full_20260729_174215/eval/thubenchmark_eegnet_seed45_madry_fgsm_rank25-30.pth
thubenchmark,eegnet,45,madry,fgsm,subset_n512,30,robust,0.78515625,purified_data/exp031/exp031_full_20260729_174215/eval/thubenchmark_eegnet_seed45_madry_fgsm_rank25-30.pth
thubenchmark,eegnet,45,madry,pgd,subset_n512,raw,clean,0.923828125,purified_data/exp031/exp031_full_20260729_174215/eval/thubenchmark_eegnet_seed45_madry_pgd_rank25-30.pth
thubenchmark,eegnet,45,madry,pgd,subset_n512,raw,robust,0.765625,purified_data/exp031/exp031_full_20260729_174215/eval/thubenchmark_eegnet_seed45_madry_pgd_rank25-30.pth
thubenchmark,eegnet,45,madry,pgd,subset_n512,25,clean,0.890625,purified_data/exp031/exp031_full_20260729_174215/eval/thubenchmark_eegnet_seed45_madry_pgd_rank25-30.pth
thubenchmark,eegnet,45,madry,pgd,subset_n512,25,robust,0.787109375,purified_data/exp031/exp031_full_20260729_174215/eval/thubenchmark_eegnet_seed45_madry_pgd_rank25-30.pth
thubenchmark,eegnet,45,madry,pgd,subset_n512,30,clean,0.8984375,purified_data/exp031/exp031_full_20260729_174215/eval/thubenchmark_eegnet_seed45_madry_pgd_rank25-30.pth
thubenchmark,eegnet,45,madry,pgd,subset_n512,30,robust,0.779296875,purified_data/exp031/exp031_full_20260729_174215/eval/thubenchmark_eegnet_seed45_madry_pgd_rank25-30.pth
thubenchmark,eegnet,45,madry,cw,subset_n512,raw,clean,0.923828125,purified_data/exp031/exp031_full_20260729_174215/eval/thubenchmark_eegnet_seed45_madry_cw_rank25-30.pth
thubenchmark,eegnet,45,madry,cw,subset_n512,raw,robust,0.0,purified_data/exp031/exp031_full_20260729_174215/eval/thubenchmark_eegnet_seed45_madry_cw_rank25-30.pth
thubenchmark,eegnet,45,madry,cw,subset_n512,25,clean,0.890625,purified_data/exp031/exp031_full_20260729_174215/eval/thubenchmark_eegnet_seed45_madry_cw_rank25-30.pth
thubenchmark,eegnet,45,madry,cw,subset_n512,25,robust,0.244140625,purified_data/exp031/exp031_full_20260729_174215/eval/thubenchmark_eegnet_seed45_madry_cw_rank25-30.pth
thubenchmark,eegnet,45,madry,cw,subset_n512,30,clean,0.8984375,purified_data/exp031/exp031_full_20260729_174215/eval/thubenchmark_eegnet_seed45_madry_cw_rank25-30.pth
thubenchmark,eegnet,45,madry,cw,subset_n512,30,robust,0.166015625,purified_data/exp031/exp031_full_20260729_174215/eval/thubenchmark_eegnet_seed45_madry_cw_rank25-30.pth
thubenchmark,eegnet,45,rpcf_at,autoattack,subset_n512,raw,clean,0.923828125,purified_data/exp031/exp031_full_20260729_174215/eval/thubenchmark_eegnet_seed45_rpcf_at_autoattack_rank25-30.pth
thubenchmark,eegnet,45,rpcf_at,autoattack,subset_n512,raw,robust,0.759765625,purified_data/exp031/exp031_full_20260729_174215/eval/thubenchmark_eegnet_seed45_rpcf_at_autoattack_rank25-30.pth
thubenchmark,eegnet,45,rpcf_at,autoattack,subset_n512,25,clean,0.892578125,purified_data/exp031/exp031_full_20260729_174215/eval/thubenchmark_eegnet_seed45_rpcf_at_autoattack_rank25-30.pth
thubenchmark,eegnet,45,rpcf_at,autoattack,subset_n512,25,robust,0.810546875,purified_data/exp031/exp031_full_20260729_174215/eval/thubenchmark_eegnet_seed45_rpcf_at_autoattack_rank25-30.pth
thubenchmark,eegnet,45,rpcf_at,autoattack,subset_n512,30,clean,0.904296875,purified_data/exp031/exp031_full_20260729_174215/eval/thubenchmark_eegnet_seed45_rpcf_at_autoattack_rank25-30.pth
thubenchmark,eegnet,45,rpcf_at,autoattack,subset_n512,30,robust,0.798828125,purified_data/exp031/exp031_full_20260729_174215/eval/thubenchmark_eegnet_seed45_rpcf_at_autoattack_rank25-30.pth
thubenchmark,eegnet,45,rpcf_at,fgsm,subset_n512,raw,clean,0.923828125,purified_data/exp031/exp031_full_20260729_174215/eval/thubenchmark_eegnet_seed45_rpcf_at_fgsm_rank25-30.pth
thubenchmark,eegnet,45,rpcf_at,fgsm,subset_n512,raw,robust,0.779296875,purified_data/exp031/exp031_full_20260729_174215/eval/thubenchmark_eegnet_seed45_rpcf_at_fgsm_rank25-30.pth
thubenchmark,eegnet,45,rpcf_at,fgsm,subset_n512,25,clean,0.892578125,purified_data/exp031/exp031_full_20260729_174215/eval/thubenchmark_eegnet_seed45_rpcf_at_fgsm_rank25-30.pth
thubenchmark,eegnet,45,rpcf_at,fgsm,subset_n512,25,robust,0.798828125,purified_data/exp031/exp031_full_20260729_174215/eval/thubenchmark_eegnet_seed45_rpcf_at_fgsm_rank25-30.pth
thubenchmark,eegnet,45,rpcf_at,fgsm,subset_n512,30,clean,0.904296875,purified_data/exp031/exp031_full_20260729_174215/eval/thubenchmark_eegnet_seed45_rpcf_at_fgsm_rank25-30.pth
thubenchmark,eegnet,45,rpcf_at,fgsm,subset_n512,30,robust,0.794921875,purified_data/exp031/exp031_full_20260729_174215/eval/thubenchmark_eegnet_seed45_rpcf_at_fgsm_rank25-30.pth
thubenchmark,eegnet,45,rpcf_at,pgd,subset_n512,raw,clean,0.923828125,purified_data/exp031/exp031_full_20260729_174215/eval/thubenchmark_eegnet_seed45_rpcf_at_pgd_rank25-30.pth
thubenchmark,eegnet,45,rpcf_at,pgd,subset_n512,raw,robust,0.76171875,purified_data/exp031/exp031_full_20260729_174215/eval/thubenchmark_eegnet_seed45_rpcf_at_pgd_rank25-30.pth
thubenchmark,eegnet,45,rpcf_at,pgd,subset_n512,25,clean,0.892578125,purified_data/exp031/exp031_full_20260729_174215/eval/thubenchmark_eegnet_seed45_rpcf_at_pgd_rank25-30.pth
thubenchmark,eegnet,45,rpcf_at,pgd,subset_n512,25,robust,0.80859375,purified_data/exp031/exp031_full_20260729_174215/eval/thubenchmark_eegnet_seed45_rpcf_at_pgd_rank25-30.pth
thubenchmark,eegnet,45,rpcf_at,pgd,subset_n512,30,clean,0.904296875,purified_data/exp031/exp031_full_20260729_174215/eval/thubenchmark_eegnet_seed45_rpcf_at_pgd_rank25-30.pth
thubenchmark,eegnet,45,rpcf_at,pgd,subset_n512,30,robust,0.80078125,purified_data/exp031/exp031_full_20260729_174215/eval/thubenchmark_eegnet_seed45_rpcf_at_pgd_rank25-30.pth
thubenchmark,eegnet,45,rpcf_at,cw,subset_n512,raw,clean,0.923828125,purified_data/exp031/exp031_full_20260729_174215/eval/thubenchmark_eegnet_seed45_rpcf_at_cw_rank25-30.pth
thubenchmark,eegnet,45,rpcf_at,cw,subset_n512,raw,robust,0.0,purified_data/exp031/exp031_full_20260729_174215/eval/thubenchmark_eegnet_seed45_rpcf_at_cw_rank25-30.pth
thubenchmark,eegnet,45,rpcf_at,cw,subset_n512,25,clean,0.892578125,purified_data/exp031/exp031_full_20260729_174215/eval/thubenchmark_eegnet_seed45_rpcf_at_cw_rank25-30.pth
thubenchmark,eegnet,45,rpcf_at,cw,subset_n512,25,robust,0.28515625,purified_data/exp031/exp031_full_20260729_174215/eval/thubenchmark_eegnet_seed45_rpcf_at_cw_rank25-30.pth
thubenchmark,eegnet,45,rpcf_at,cw,subset_n512,30,clean,0.904296875,purified_data/exp031/exp031_full_20260729_174215/eval/thubenchmark_eegnet_seed45_rpcf_at_cw_rank25-30.pth
thubenchmark,eegnet,45,rpcf_at,cw,subset_n512,30,robust,0.197265625,purified_data/exp031/exp031_full_20260729_174215/eval/thubenchmark_eegnet_seed45_rpcf_at_cw_rank25-30.pth
thubenchmark,eegnet,46,madry,autoattack,subset_n512,raw,clean,0.935546875,purified_data/exp031/exp031_full_20260729_174215/eval/thubenchmark_eegnet_seed46_madry_autoattack_rank25-30.pth
thubenchmark,eegnet,46,madry,autoattack,subset_n512,raw,robust,0.771484375,purified_data/exp031/exp031_full_20260729_174215/eval/thubenchmark_eegnet_seed46_madry_autoattack_rank25-30.pth
thubenchmark,eegnet,46,madry,autoattack,subset_n512,25,clean,0.91015625,purified_data/exp031/exp031_full_20260729_174215/eval/thubenchmark_eegnet_seed46_madry_autoattack_rank25-30.pth
thubenchmark,eegnet,46,madry,autoattack,subset_n512,25,robust,0.814453125,purified_data/exp031/exp031_full_20260729_174215/eval/thubenchmark_eegnet_seed46_madry_autoattack_rank25-30.pth
thubenchmark,eegnet,46,madry,autoattack,subset_n512,30,clean,0.916015625,purified_data/exp031/exp031_full_20260729_174215/eval/thubenchmark_eegnet_seed46_madry_autoattack_rank25-30.pth
thubenchmark,eegnet,46,madry,autoattack,subset_n512,30,robust,0.802734375,purified_data/exp031/exp031_full_20260729_174215/eval/thubenchmark_eegnet_seed46_madry_autoattack_rank25-30.pth
thubenchmark,eegnet,46,madry,fgsm,subset_n512,raw,clean,0.935546875,purified_data/exp031/exp031_full_20260729_174215/eval/thubenchmark_eegnet_seed46_madry_fgsm_rank25-30.pth
thubenchmark,eegnet,46,madry,fgsm,subset_n512,raw,robust,0.791015625,purified_data/exp031/exp031_full_20260729_174215/eval/thubenchmark_eegnet_seed46_madry_fgsm_rank25-30.pth
thubenchmark,eegnet,46,madry,fgsm,subset_n512,25,clean,0.91015625,purified_data/exp031/exp031_full_20260729_174215/eval/thubenchmark_eegnet_seed46_madry_fgsm_rank25-30.pth
thubenchmark,eegnet,46,madry,fgsm,subset_n512,25,robust,0.78125,purified_data/exp031/exp031_full_20260729_174215/eval/thubenchmark_eegnet_seed46_madry_fgsm_rank25-30.pth
thubenchmark,eegnet,46,madry,fgsm,subset_n512,30,clean,0.916015625,purified_data/exp031/exp031_full_20260729_174215/eval/thubenchmark_eegnet_seed46_madry_fgsm_rank25-30.pth
thubenchmark,eegnet,46,madry,fgsm,subset_n512,30,robust,0.775390625,purified_data/exp031/exp031_full_20260729_174215/eval/thubenchmark_eegnet_seed46_madry_fgsm_rank25-30.pth
thubenchmark,eegnet,46,madry,pgd,subset_n512,raw,clean,0.935546875,purified_data/exp031/exp031_full_20260729_174215/eval/thubenchmark_eegnet_seed46_madry_pgd_rank25-30.pth
thubenchmark,eegnet,46,madry,pgd,subset_n512,raw,robust,0.779296875,purified_data/exp031/exp031_full_20260729_174215/eval/thubenchmark_eegnet_seed46_madry_pgd_rank25-30.pth
thubenchmark,eegnet,46,madry,pgd,subset_n512,25,clean,0.91015625,purified_data/exp031/exp031_full_20260729_174215/eval/thubenchmark_eegnet_seed46_madry_pgd_rank25-30.pth
thubenchmark,eegnet,46,madry,pgd,subset_n512,25,robust,0.779296875,purified_data/exp031/exp031_full_20260729_174215/eval/thubenchmark_eegnet_seed46_madry_pgd_rank25-30.pth
thubenchmark,eegnet,46,madry,pgd,subset_n512,30,clean,0.916015625,purified_data/exp031/exp031_full_20260729_174215/eval/thubenchmark_eegnet_seed46_madry_pgd_rank25-30.pth
thubenchmark,eegnet,46,madry,pgd,subset_n512,30,robust,0.775390625,purified_data/exp031/exp031_full_20260729_174215/eval/thubenchmark_eegnet_seed46_madry_pgd_rank25-30.pth
thubenchmark,eegnet,46,madry,cw,subset_n512,raw,clean,0.935546875,purified_data/exp031/exp031_full_20260729_174215/eval/thubenchmark_eegnet_seed46_madry_cw_rank25-30.pth
thubenchmark,eegnet,46,madry,cw,subset_n512,raw,robust,0.0,purified_data/exp031/exp031_full_20260729_174215/eval/thubenchmark_eegnet_seed46_madry_cw_rank25-30.pth
thubenchmark,eegnet,46,madry,cw,subset_n512,25,clean,0.91015625,purified_data/exp031/exp031_full_20260729_174215/eval/thubenchmark_eegnet_seed46_madry_cw_rank25-30.pth
thubenchmark,eegnet,46,madry,cw,subset_n512,25,robust,0.27734375,purified_data/exp031/exp031_full_20260729_174215/eval/thubenchmark_eegnet_seed46_madry_cw_rank25-30.pth
thubenchmark,eegnet,46,madry,cw,subset_n512,30,clean,0.916015625,purified_data/exp031/exp031_full_20260729_174215/eval/thubenchmark_eegnet_seed46_madry_cw_rank25-30.pth
thubenchmark,eegnet,46,madry,cw,subset_n512,30,robust,0.19140625,purified_data/exp031/exp031_full_20260729_174215/eval/thubenchmark_eegnet_seed46_madry_cw_rank25-30.pth
thubenchmark,eegnet,46,rpcf_at,autoattack,subset_n512,raw,clean,0.9375,purified_data/exp031/exp031_full_20260729_174215/eval/thubenchmark_eegnet_seed46_rpcf_at_autoattack_rank25-30.pth
thubenchmark,eegnet,46,rpcf_at,autoattack,subset_n512,raw,robust,0.771484375,purified_data/exp031/exp031_full_20260729_174215/eval/thubenchmark_eegnet_seed46_rpcf_at_autoattack_rank25-30.pth
thubenchmark,eegnet,46,rpcf_at,autoattack,subset_n512,25,clean,0.916015625,purified_data/exp031/exp031_full_20260729_174215/eval/thubenchmark_eegnet_seed46_rpcf_at_autoattack_rank25-30.pth
thubenchmark,eegnet,46,rpcf_at,autoattack,subset_n512,25,robust,0.828125,purified_data/exp031/exp031_full_20260729_174215/eval/thubenchmark_eegnet_seed46_rpcf_at_autoattack_rank25-30.pth
thubenchmark,eegnet,46,rpcf_at,autoattack,subset_n512,30,clean,0.921875,purified_data/exp031/exp031_full_20260729_174215/eval/thubenchmark_eegnet_seed46_rpcf_at_autoattack_rank25-30.pth
thubenchmark,eegnet,46,rpcf_at,autoattack,subset_n512,30,robust,0.83203125,purified_data/exp031/exp031_full_20260729_174215/eval/thubenchmark_eegnet_seed46_rpcf_at_autoattack_rank25-30.pth
thubenchmark,eegnet,46,rpcf_at,fgsm,subset_n512,raw,clean,0.9375,purified_data/exp031/exp031_full_20260729_174215/eval/thubenchmark_eegnet_seed46_rpcf_at_fgsm_rank25-30.pth
thubenchmark,eegnet,46,rpcf_at,fgsm,subset_n512,raw,robust,0.787109375,purified_data/exp031/exp031_full_20260729_174215/eval/thubenchmark_eegnet_seed46_rpcf_at_fgsm_rank25-30.pth
thubenchmark,eegnet,46,rpcf_at,fgsm,subset_n512,25,clean,0.916015625,purified_data/exp031/exp031_full_20260729_174215/eval/thubenchmark_eegnet_seed46_rpcf_at_fgsm_rank25-30.pth
thubenchmark,eegnet,46,rpcf_at,fgsm,subset_n512,25,robust,0.8203125,purified_data/exp031/exp031_full_20260729_174215/eval/thubenchmark_eegnet_seed46_rpcf_at_fgsm_rank25-30.pth
thubenchmark,eegnet,46,rpcf_at,fgsm,subset_n512,30,clean,0.921875,purified_data/exp031/exp031_full_20260729_174215/eval/thubenchmark_eegnet_seed46_rpcf_at_fgsm_rank25-30.pth
thubenchmark,eegnet,46,rpcf_at,fgsm,subset_n512,30,robust,0.822265625,purified_data/exp031/exp031_full_20260729_174215/eval/thubenchmark_eegnet_seed46_rpcf_at_fgsm_rank25-30.pth
thubenchmark,eegnet,46,rpcf_at,pgd,subset_n512,raw,clean,0.9375,purified_data/exp031/exp031_full_20260729_174215/eval/thubenchmark_eegnet_seed46_rpcf_at_pgd_rank25-30.pth
thubenchmark,eegnet,46,rpcf_at,pgd,subset_n512,raw,robust,0.78125,purified_data/exp031/exp031_full_20260729_174215/eval/thubenchmark_eegnet_seed46_rpcf_at_pgd_rank25-30.pth
thubenchmark,eegnet,46,rpcf_at,pgd,subset_n512,25,clean,0.916015625,purified_data/exp031/exp031_full_20260729_174215/eval/thubenchmark_eegnet_seed46_rpcf_at_pgd_rank25-30.pth
thubenchmark,eegnet,46,rpcf_at,pgd,subset_n512,25,robust,0.828125,purified_data/exp031/exp031_full_20260729_174215/eval/thubenchmark_eegnet_seed46_rpcf_at_pgd_rank25-30.pth
thubenchmark,eegnet,46,rpcf_at,pgd,subset_n512,30,clean,0.921875,purified_data/exp031/exp031_full_20260729_174215/eval/thubenchmark_eegnet_seed46_rpcf_at_pgd_rank25-30.pth
thubenchmark,eegnet,46,rpcf_at,pgd,subset_n512,30,robust,0.822265625,purified_data/exp031/exp031_full_20260729_174215/eval/thubenchmark_eegnet_seed46_rpcf_at_pgd_rank25-30.pth
thubenchmark,eegnet,46,rpcf_at,cw,subset_n512,raw,clean,0.9375,purified_data/exp031/exp031_full_20260729_174215/eval/thubenchmark_eegnet_seed46_rpcf_at_cw_rank25-30.pth
thubenchmark,eegnet,46,rpcf_at,cw,subset_n512,raw,robust,0.0,purified_data/exp031/exp031_full_20260729_174215/eval/thubenchmark_eegnet_seed46_rpcf_at_cw_rank25-30.pth
thubenchmark,eegnet,46,rpcf_at,cw,subset_n512,25,clean,0.916015625,purified_data/exp031/exp031_full_20260729_174215/eval/thubenchmark_eegnet_seed46_rpcf_at_cw_rank25-30.pth
thubenchmark,eegnet,46,rpcf_at,cw,subset_n512,25,robust,0.265625,purified_data/exp031/exp031_full_20260729_174215/eval/thubenchmark_eegnet_seed46_rpcf_at_cw_rank25-30.pth
thubenchmark,eegnet,46,rpcf_at,cw,subset_n512,30,clean,0.921875,purified_data/exp031/exp031_full_20260729_174215/eval/thubenchmark_eegnet_seed46_rpcf_at_cw_rank25-30.pth
thubenchmark,eegnet,46,rpcf_at,cw,subset_n512,30,robust,0.16796875,purified_data/exp031/exp031_full_20260729_174215/eval/thubenchmark_eegnet_seed46_rpcf_at_cw_rank25-30.pth
thubenchmark,deepconvnet,42,madry,autoattack,subset_n512,raw,clean,0.939453125,purified_data/exp031/exp031_full_20260729_174215/eval/thubenchmark_deepconvnet_seed42_madry_autoattack_rank25-30.pth
thubenchmark,deepconvnet,42,madry,autoattack,subset_n512,raw,robust,0.74609375,purified_data/exp031/exp031_full_20260729_174215/eval/thubenchmark_deepconvnet_seed42_madry_autoattack_rank25-30.pth
thubenchmark,deepconvnet,42,madry,autoattack,subset_n512,25,clean,0.916015625,purified_data/exp031/exp031_full_20260729_174215/eval/thubenchmark_deepconvnet_seed42_madry_autoattack_rank25-30.pth
thubenchmark,deepconvnet,42,madry,autoattack,subset_n512,25,robust,0.814453125,purified_data/exp031/exp031_full_20260729_174215/eval/thubenchmark_deepconvnet_seed42_madry_autoattack_rank25-30.pth
thubenchmark,deepconvnet,42,madry,autoattack,subset_n512,30,clean,0.919921875,purified_data/exp031/exp031_full_20260729_174215/eval/thubenchmark_deepconvnet_seed42_madry_autoattack_rank25-30.pth
thubenchmark,deepconvnet,42,madry,autoattack,subset_n512,30,robust,0.80078125,purified_data/exp031/exp031_full_20260729_174215/eval/thubenchmark_deepconvnet_seed42_madry_autoattack_rank25-30.pth
thubenchmark,deepconvnet,42,madry,fgsm,subset_n512,raw,clean,0.939453125,purified_data/exp031/exp031_full_20260729_174215/eval/thubenchmark_deepconvnet_seed42_madry_fgsm_rank25-30.pth
thubenchmark,deepconvnet,42,madry,fgsm,subset_n512,raw,robust,0.77734375,purified_data/exp031/exp031_full_20260729_174215/eval/thubenchmark_deepconvnet_seed42_madry_fgsm_rank25-30.pth
thubenchmark,deepconvnet,42,madry,fgsm,subset_n512,25,clean,0.916015625,purified_data/exp031/exp031_full_20260729_174215/eval/thubenchmark_deepconvnet_seed42_madry_fgsm_rank25-30.pth
thubenchmark,deepconvnet,42,madry,fgsm,subset_n512,25,robust,0.7890625,purified_data/exp031/exp031_full_20260729_174215/eval/thubenchmark_deepconvnet_seed42_madry_fgsm_rank25-30.pth
thubenchmark,deepconvnet,42,madry,fgsm,subset_n512,30,clean,0.919921875,purified_data/exp031/exp031_full_20260729_174215/eval/thubenchmark_deepconvnet_seed42_madry_fgsm_rank25-30.pth
thubenchmark,deepconvnet,42,madry,fgsm,subset_n512,30,robust,0.796875,purified_data/exp031/exp031_full_20260729_174215/eval/thubenchmark_deepconvnet_seed42_madry_fgsm_rank25-30.pth
thubenchmark,deepconvnet,42,madry,pgd,subset_n512,raw,clean,0.939453125,purified_data/exp031/exp031_full_20260729_174215/eval/thubenchmark_deepconvnet_seed42_madry_pgd_rank25-30.pth
thubenchmark,deepconvnet,42,madry,pgd,subset_n512,raw,robust,0.759765625,purified_data/exp031/exp031_full_20260729_174215/eval/thubenchmark_deepconvnet_seed42_madry_pgd_rank25-30.pth
thubenchmark,deepconvnet,42,madry,pgd,subset_n512,25,clean,0.916015625,purified_data/exp031/exp031_full_20260729_174215/eval/thubenchmark_deepconvnet_seed42_madry_pgd_rank25-30.pth
thubenchmark,deepconvnet,42,madry,pgd,subset_n512,25,robust,0.7890625,purified_data/exp031/exp031_full_20260729_174215/eval/thubenchmark_deepconvnet_seed42_madry_pgd_rank25-30.pth
thubenchmark,deepconvnet,42,madry,pgd,subset_n512,30,clean,0.919921875,purified_data/exp031/exp031_full_20260729_174215/eval/thubenchmark_deepconvnet_seed42_madry_pgd_rank25-30.pth
thubenchmark,deepconvnet,42,madry,pgd,subset_n512,30,robust,0.787109375,purified_data/exp031/exp031_full_20260729_174215/eval/thubenchmark_deepconvnet_seed42_madry_pgd_rank25-30.pth
thubenchmark,deepconvnet,42,madry,cw,subset_n512,raw,clean,0.939453125,purified_data/exp031/exp031_full_20260729_174215/eval/thubenchmark_deepconvnet_seed42_madry_cw_rank25-30.pth
thubenchmark,deepconvnet,42,madry,cw,subset_n512,raw,robust,0.0,purified_data/exp031/exp031_full_20260729_174215/eval/thubenchmark_deepconvnet_seed42_madry_cw_rank25-30.pth
thubenchmark,deepconvnet,42,madry,cw,subset_n512,25,clean,0.916015625,purified_data/exp031/exp031_full_20260729_174215/eval/thubenchmark_deepconvnet_seed42_madry_cw_rank25-30.pth
thubenchmark,deepconvnet,42,madry,cw,subset_n512,25,robust,0.267578125,purified_data/exp031/exp031_full_20260729_174215/eval/thubenchmark_deepconvnet_seed42_madry_cw_rank25-30.pth
thubenchmark,deepconvnet,42,madry,cw,subset_n512,30,clean,0.919921875,purified_data/exp031/exp031_full_20260729_174215/eval/thubenchmark_deepconvnet_seed42_madry_cw_rank25-30.pth
thubenchmark,deepconvnet,42,madry,cw,subset_n512,30,robust,0.154296875,purified_data/exp031/exp031_full_20260729_174215/eval/thubenchmark_deepconvnet_seed42_madry_cw_rank25-30.pth
thubenchmark,deepconvnet,42,rpcf_at,autoattack,subset_n512,raw,clean,0.947265625,purified_data/exp031/exp031_full_20260729_174215/eval/thubenchmark_deepconvnet_seed42_rpcf_at_autoattack_rank25-30.pth
thubenchmark,deepconvnet,42,rpcf_at,autoattack,subset_n512,raw,robust,0.77734375,purified_data/exp031/exp031_full_20260729_174215/eval/thubenchmark_deepconvnet_seed42_rpcf_at_autoattack_rank25-30.pth
thubenchmark,deepconvnet,42,rpcf_at,autoattack,subset_n512,25,clean,0.919921875,purified_data/exp031/exp031_full_20260729_174215/eval/thubenchmark_deepconvnet_seed42_rpcf_at_autoattack_rank25-30.pth
thubenchmark,deepconvnet,42,rpcf_at,autoattack,subset_n512,25,robust,0.81640625,purified_data/exp031/exp031_full_20260729_174215/eval/thubenchmark_deepconvnet_seed42_rpcf_at_autoattack_rank25-30.pth
thubenchmark,deepconvnet,42,rpcf_at,autoattack,subset_n512,30,clean,0.9296875,purified_data/exp031/exp031_full_20260729_174215/eval/thubenchmark_deepconvnet_seed42_rpcf_at_autoattack_rank25-30.pth
thubenchmark,deepconvnet,42,rpcf_at,autoattack,subset_n512,30,robust,0.80859375,purified_data/exp031/exp031_full_20260729_174215/eval/thubenchmark_deepconvnet_seed42_rpcf_at_autoattack_rank25-30.pth
thubenchmark,deepconvnet,42,rpcf_at,fgsm,subset_n512,raw,clean,0.947265625,purified_data/exp031/exp031_full_20260729_174215/eval/thubenchmark_deepconvnet_seed42_rpcf_at_fgsm_rank25-30.pth
thubenchmark,deepconvnet,42,rpcf_at,fgsm,subset_n512,raw,robust,0.806640625,purified_data/exp031/exp031_full_20260729_174215/eval/thubenchmark_deepconvnet_seed42_rpcf_at_fgsm_rank25-30.pth
thubenchmark,deepconvnet,42,rpcf_at,fgsm,subset_n512,25,clean,0.919921875,purified_data/exp031/exp031_full_20260729_174215/eval/thubenchmark_deepconvnet_seed42_rpcf_at_fgsm_rank25-30.pth
thubenchmark,deepconvnet,42,rpcf_at,fgsm,subset_n512,25,robust,0.779296875,purified_data/exp031/exp031_full_20260729_174215/eval/thubenchmark_deepconvnet_seed42_rpcf_at_fgsm_rank25-30.pth
thubenchmark,deepconvnet,42,rpcf_at,fgsm,subset_n512,30,clean,0.9296875,purified_data/exp031/exp031_full_20260729_174215/eval/thubenchmark_deepconvnet_seed42_rpcf_at_fgsm_rank25-30.pth
thubenchmark,deepconvnet,42,rpcf_at,fgsm,subset_n512,30,robust,0.796875,purified_data/exp031/exp031_full_20260729_174215/eval/thubenchmark_deepconvnet_seed42_rpcf_at_fgsm_rank25-30.pth
thubenchmark,deepconvnet,42,rpcf_at,pgd,subset_n512,raw,clean,0.947265625,purified_data/exp031/exp031_full_20260729_174215/eval/thubenchmark_deepconvnet_seed42_rpcf_at_pgd_rank25-30.pth
thubenchmark,deepconvnet,42,rpcf_at,pgd,subset_n512,raw,robust,0.779296875,purified_data/exp031/exp031_full_20260729_174215/eval/thubenchmark_deepconvnet_seed42_rpcf_at_pgd_rank25-30.pth
thubenchmark,deepconvnet,42,rpcf_at,pgd,subset_n512,25,clean,0.919921875,purified_data/exp031/exp031_full_20260729_174215/eval/thubenchmark_deepconvnet_seed42_rpcf_at_pgd_rank25-30.pth
thubenchmark,deepconvnet,42,rpcf_at,pgd,subset_n512,25,robust,0.794921875,purified_data/exp031/exp031_full_20260729_174215/eval/thubenchmark_deepconvnet_seed42_rpcf_at_pgd_rank25-30.pth
thubenchmark,deepconvnet,42,rpcf_at,pgd,subset_n512,30,clean,0.9296875,purified_data/exp031/exp031_full_20260729_174215/eval/thubenchmark_deepconvnet_seed42_rpcf_at_pgd_rank25-30.pth
thubenchmark,deepconvnet,42,rpcf_at,pgd,subset_n512,30,robust,0.783203125,purified_data/exp031/exp031_full_20260729_174215/eval/thubenchmark_deepconvnet_seed42_rpcf_at_pgd_rank25-30.pth
thubenchmark,deepconvnet,42,rpcf_at,cw,subset_n512,raw,clean,0.947265625,purified_data/exp031/exp031_full_20260729_174215/eval/thubenchmark_deepconvnet_seed42_rpcf_at_cw_rank25-30.pth
thubenchmark,deepconvnet,42,rpcf_at,cw,subset_n512,raw,robust,0.0,purified_data/exp031/exp031_full_20260729_174215/eval/thubenchmark_deepconvnet_seed42_rpcf_at_cw_rank25-30.pth
thubenchmark,deepconvnet,42,rpcf_at,cw,subset_n512,25,clean,0.919921875,purified_data/exp031/exp031_full_20260729_174215/eval/thubenchmark_deepconvnet_seed42_rpcf_at_cw_rank25-30.pth
thubenchmark,deepconvnet,42,rpcf_at,cw,subset_n512,25,robust,0.07421875,purified_data/exp031/exp031_full_20260729_174215/eval/thubenchmark_deepconvnet_seed42_rpcf_at_cw_rank25-30.pth
thubenchmark,deepconvnet,42,rpcf_at,cw,subset_n512,30,clean,0.9296875,purified_data/exp031/exp031_full_20260729_174215/eval/thubenchmark_deepconvnet_seed42_rpcf_at_cw_rank25-30.pth
thubenchmark,deepconvnet,42,rpcf_at,cw,subset_n512,30,robust,0.025390625,purified_data/exp031/exp031_full_20260729_174215/eval/thubenchmark_deepconvnet_seed42_rpcf_at_cw_rank25-30.pth
thubenchmark,deepconvnet,43,madry,autoattack,subset_n512,raw,clean,0.951171875,purified_data/exp031/exp031_full_20260729_174215/eval/thubenchmark_deepconvnet_seed43_madry_autoattack_rank25-30.pth
thubenchmark,deepconvnet,43,madry,autoattack,subset_n512,raw,robust,0.77734375,purified_data/exp031/exp031_full_20260729_174215/eval/thubenchmark_deepconvnet_seed43_madry_autoattack_rank25-30.pth
thubenchmark,deepconvnet,43,madry,autoattack,subset_n512,25,clean,0.904296875,purified_data/exp031/exp031_full_20260729_174215/eval/thubenchmark_deepconvnet_seed43_madry_autoattack_rank25-30.pth
thubenchmark,deepconvnet,43,madry,autoattack,subset_n512,25,robust,0.818359375,purified_data/exp031/exp031_full_20260729_174215/eval/thubenchmark_deepconvnet_seed43_madry_autoattack_rank25-30.pth
thubenchmark,deepconvnet,43,madry,autoattack,subset_n512,30,clean,0.9140625,purified_data/exp031/exp031_full_20260729_174215/eval/thubenchmark_deepconvnet_seed43_madry_autoattack_rank25-30.pth
thubenchmark,deepconvnet,43,madry,autoattack,subset_n512,30,robust,0.8046875,purified_data/exp031/exp031_full_20260729_174215/eval/thubenchmark_deepconvnet_seed43_madry_autoattack_rank25-30.pth
thubenchmark,deepconvnet,43,madry,fgsm,subset_n512,raw,clean,0.951171875,purified_data/exp031/exp031_full_20260729_174215/eval/thubenchmark_deepconvnet_seed43_madry_fgsm_rank25-30.pth
thubenchmark,deepconvnet,43,madry,fgsm,subset_n512,raw,robust,0.79296875,purified_data/exp031/exp031_full_20260729_174215/eval/thubenchmark_deepconvnet_seed43_madry_fgsm_rank25-30.pth
thubenchmark,deepconvnet,43,madry,fgsm,subset_n512,25,clean,0.904296875,purified_data/exp031/exp031_full_20260729_174215/eval/thubenchmark_deepconvnet_seed43_madry_fgsm_rank25-30.pth
thubenchmark,deepconvnet,43,madry,fgsm,subset_n512,25,robust,0.802734375,purified_data/exp031/exp031_full_20260729_174215/eval/thubenchmark_deepconvnet_seed43_madry_fgsm_rank25-30.pth
thubenchmark,deepconvnet,43,madry,fgsm,subset_n512,30,clean,0.9140625,purified_data/exp031/exp031_full_20260729_174215/eval/thubenchmark_deepconvnet_seed43_madry_fgsm_rank25-30.pth
thubenchmark,deepconvnet,43,madry,fgsm,subset_n512,30,robust,0.78515625,purified_data/exp031/exp031_full_20260729_174215/eval/thubenchmark_deepconvnet_seed43_madry_fgsm_rank25-30.pth
thubenchmark,deepconvnet,43,madry,pgd,subset_n512,raw,clean,0.951171875,purified_data/exp031/exp031_full_20260729_174215/eval/thubenchmark_deepconvnet_seed43_madry_pgd_rank25-30.pth
thubenchmark,deepconvnet,43,madry,pgd,subset_n512,raw,robust,0.77734375,purified_data/exp031/exp031_full_20260729_174215/eval/thubenchmark_deepconvnet_seed43_madry_pgd_rank25-30.pth
thubenchmark,deepconvnet,43,madry,pgd,subset_n512,25,clean,0.904296875,purified_data/exp031/exp031_full_20260729_174215/eval/thubenchmark_deepconvnet_seed43_madry_pgd_rank25-30.pth
thubenchmark,deepconvnet,43,madry,pgd,subset_n512,25,robust,0.787109375,purified_data/exp031/exp031_full_20260729_174215/eval/thubenchmark_deepconvnet_seed43_madry_pgd_rank25-30.pth
thubenchmark,deepconvnet,43,madry,pgd,subset_n512,30,clean,0.9140625,purified_data/exp031/exp031_full_20260729_174215/eval/thubenchmark_deepconvnet_seed43_madry_pgd_rank25-30.pth
thubenchmark,deepconvnet,43,madry,pgd,subset_n512,30,robust,0.7890625,purified_data/exp031/exp031_full_20260729_174215/eval/thubenchmark_deepconvnet_seed43_madry_pgd_rank25-30.pth
thubenchmark,deepconvnet,43,madry,cw,subset_n512,raw,clean,0.951171875,purified_data/exp031/exp031_full_20260729_174215/eval/thubenchmark_deepconvnet_seed43_madry_cw_rank25-30.pth
thubenchmark,deepconvnet,43,madry,cw,subset_n512,raw,robust,0.0,purified_data/exp031/exp031_full_20260729_174215/eval/thubenchmark_deepconvnet_seed43_madry_cw_rank25-30.pth
thubenchmark,deepconvnet,43,madry,cw,subset_n512,25,clean,0.904296875,purified_data/exp031/exp031_full_20260729_174215/eval/thubenchmark_deepconvnet_seed43_madry_cw_rank25-30.pth
thubenchmark,deepconvnet,43,madry,cw,subset_n512,25,robust,0.08984375,purified_data/exp031/exp031_full_20260729_174215/eval/thubenchmark_deepconvnet_seed43_madry_cw_rank25-30.pth
thubenchmark,deepconvnet,43,madry,cw,subset_n512,30,clean,0.9140625,purified_data/exp031/exp031_full_20260729_174215/eval/thubenchmark_deepconvnet_seed43_madry_cw_rank25-30.pth
thubenchmark,deepconvnet,43,madry,cw,subset_n512,30,robust,0.025390625,purified_data/exp031/exp031_full_20260729_174215/eval/thubenchmark_deepconvnet_seed43_madry_cw_rank25-30.pth
thubenchmark,deepconvnet,43,rpcf_at,autoattack,subset_n512,raw,clean,0.947265625,purified_data/exp031/exp031_full_20260729_174215/eval/thubenchmark_deepconvnet_seed43_rpcf_at_autoattack_rank25-30.pth
thubenchmark,deepconvnet,43,rpcf_at,autoattack,subset_n512,raw,robust,0.765625,purified_data/exp031/exp031_full_20260729_174215/eval/thubenchmark_deepconvnet_seed43_rpcf_at_autoattack_rank25-30.pth
thubenchmark,deepconvnet,43,rpcf_at,autoattack,subset_n512,25,clean,0.908203125,purified_data/exp031/exp031_full_20260729_174215/eval/thubenchmark_deepconvnet_seed43_rpcf_at_autoattack_rank25-30.pth
thubenchmark,deepconvnet,43,rpcf_at,autoattack,subset_n512,25,robust,0.806640625,purified_data/exp031/exp031_full_20260729_174215/eval/thubenchmark_deepconvnet_seed43_rpcf_at_autoattack_rank25-30.pth
thubenchmark,deepconvnet,43,rpcf_at,autoattack,subset_n512,30,clean,0.919921875,purified_data/exp031/exp031_full_20260729_174215/eval/thubenchmark_deepconvnet_seed43_rpcf_at_autoattack_rank25-30.pth
thubenchmark,deepconvnet,43,rpcf_at,autoattack,subset_n512,30,robust,0.8125,purified_data/exp031/exp031_full_20260729_174215/eval/thubenchmark_deepconvnet_seed43_rpcf_at_autoattack_rank25-30.pth
thubenchmark,deepconvnet,43,rpcf_at,fgsm,subset_n512,raw,clean,0.947265625,purified_data/exp031/exp031_full_20260729_174215/eval/thubenchmark_deepconvnet_seed43_rpcf_at_fgsm_rank25-30.pth
thubenchmark,deepconvnet,43,rpcf_at,fgsm,subset_n512,raw,robust,0.78515625,purified_data/exp031/exp031_full_20260729_174215/eval/thubenchmark_deepconvnet_seed43_rpcf_at_fgsm_rank25-30.pth
thubenchmark,deepconvnet,43,rpcf_at,fgsm,subset_n512,25,clean,0.908203125,purified_data/exp031/exp031_full_20260729_174215/eval/thubenchmark_deepconvnet_seed43_rpcf_at_fgsm_rank25-30.pth
thubenchmark,deepconvnet,43,rpcf_at,fgsm,subset_n512,25,robust,0.80859375,purified_data/exp031/exp031_full_20260729_174215/eval/thubenchmark_deepconvnet_seed43_rpcf_at_fgsm_rank25-30.pth
thubenchmark,deepconvnet,43,rpcf_at,fgsm,subset_n512,30,clean,0.919921875,purified_data/exp031/exp031_full_20260729_174215/eval/thubenchmark_deepconvnet_seed43_rpcf_at_fgsm_rank25-30.pth
thubenchmark,deepconvnet,43,rpcf_at,fgsm,subset_n512,30,robust,0.794921875,purified_data/exp031/exp031_full_20260729_174215/eval/thubenchmark_deepconvnet_seed43_rpcf_at_fgsm_rank25-30.pth
thubenchmark,deepconvnet,43,rpcf_at,pgd,subset_n512,raw,clean,0.947265625,purified_data/exp031/exp031_full_20260729_174215/eval/thubenchmark_deepconvnet_seed43_rpcf_at_pgd_rank25-30.pth
thubenchmark,deepconvnet,43,rpcf_at,pgd,subset_n512,raw,robust,0.765625,purified_data/exp031/exp031_full_20260729_174215/eval/thubenchmark_deepconvnet_seed43_rpcf_at_pgd_rank25-30.pth
thubenchmark,deepconvnet,43,rpcf_at,pgd,subset_n512,25,clean,0.908203125,purified_data/exp031/exp031_full_20260729_174215/eval/thubenchmark_deepconvnet_seed43_rpcf_at_pgd_rank25-30.pth
thubenchmark,deepconvnet,43,rpcf_at,pgd,subset_n512,25,robust,0.78515625,purified_data/exp031/exp031_full_20260729_174215/eval/thubenchmark_deepconvnet_seed43_rpcf_at_pgd_rank25-30.pth
thubenchmark,deepconvnet,43,rpcf_at,pgd,subset_n512,30,clean,0.919921875,purified_data/exp031/exp031_full_20260729_174215/eval/thubenchmark_deepconvnet_seed43_rpcf_at_pgd_rank25-30.pth
thubenchmark,deepconvnet,43,rpcf_at,pgd,subset_n512,30,robust,0.787109375,purified_data/exp031/exp031_full_20260729_174215/eval/thubenchmark_deepconvnet_seed43_rpcf_at_pgd_rank25-30.pth
thubenchmark,deepconvnet,43,rpcf_at,cw,subset_n512,raw,clean,0.947265625,purified_data/exp031/exp031_full_20260729_174215/eval/thubenchmark_deepconvnet_seed43_rpcf_at_cw_rank25-30.pth
thubenchmark,deepconvnet,43,rpcf_at,cw,subset_n512,raw,robust,0.0,purified_data/exp031/exp031_full_20260729_174215/eval/thubenchmark_deepconvnet_seed43_rpcf_at_cw_rank25-30.pth
thubenchmark,deepconvnet,43,rpcf_at,cw,subset_n512,25,clean,0.908203125,purified_data/exp031/exp031_full_20260729_174215/eval/thubenchmark_deepconvnet_seed43_rpcf_at_cw_rank25-30.pth
thubenchmark,deepconvnet,43,rpcf_at,cw,subset_n512,25,robust,0.029296875,purified_data/exp031/exp031_full_20260729_174215/eval/thubenchmark_deepconvnet_seed43_rpcf_at_cw_rank25-30.pth
thubenchmark,deepconvnet,43,rpcf_at,cw,subset_n512,30,clean,0.919921875,purified_data/exp031/exp031_full_20260729_174215/eval/thubenchmark_deepconvnet_seed43_rpcf_at_cw_rank25-30.pth
thubenchmark,deepconvnet,43,rpcf_at,cw,subset_n512,30,robust,0.009765625,purified_data/exp031/exp031_full_20260729_174215/eval/thubenchmark_deepconvnet_seed43_rpcf_at_cw_rank25-30.pth
thubenchmark,deepconvnet,44,madry,autoattack,subset_n512,raw,clean,0.921875,purified_data/exp031/exp031_full_20260729_174215/eval/thubenchmark_deepconvnet_seed44_madry_autoattack_rank25-30.pth
thubenchmark,deepconvnet,44,madry,autoattack,subset_n512,raw,robust,0.748046875,purified_data/exp031/exp031_full_20260729_174215/eval/thubenchmark_deepconvnet_seed44_madry_autoattack_rank25-30.pth
thubenchmark,deepconvnet,44,madry,autoattack,subset_n512,25,clean,0.896484375,purified_data/exp031/exp031_full_20260729_174215/eval/thubenchmark_deepconvnet_seed44_madry_autoattack_rank25-30.pth
thubenchmark,deepconvnet,44,madry,autoattack,subset_n512,25,robust,0.80078125,purified_data/exp031/exp031_full_20260729_174215/eval/thubenchmark_deepconvnet_seed44_madry_autoattack_rank25-30.pth
thubenchmark,deepconvnet,44,madry,autoattack,subset_n512,30,clean,0.90234375,purified_data/exp031/exp031_full_20260729_174215/eval/thubenchmark_deepconvnet_seed44_madry_autoattack_rank25-30.pth
thubenchmark,deepconvnet,44,madry,autoattack,subset_n512,30,robust,0.794921875,purified_data/exp031/exp031_full_20260729_174215/eval/thubenchmark_deepconvnet_seed44_madry_autoattack_rank25-30.pth
thubenchmark,deepconvnet,44,madry,fgsm,subset_n512,raw,clean,0.921875,purified_data/exp031/exp031_full_20260729_174215/eval/thubenchmark_deepconvnet_seed44_madry_fgsm_rank25-30.pth
thubenchmark,deepconvnet,44,madry,fgsm,subset_n512,raw,robust,0.767578125,purified_data/exp031/exp031_full_20260729_174215/eval/thubenchmark_deepconvnet_seed44_madry_fgsm_rank25-30.pth
thubenchmark,deepconvnet,44,madry,fgsm,subset_n512,25,clean,0.896484375,purified_data/exp031/exp031_full_20260729_174215/eval/thubenchmark_deepconvnet_seed44_madry_fgsm_rank25-30.pth
thubenchmark,deepconvnet,44,madry,fgsm,subset_n512,25,robust,0.779296875,purified_data/exp031/exp031_full_20260729_174215/eval/thubenchmark_deepconvnet_seed44_madry_fgsm_rank25-30.pth
thubenchmark,deepconvnet,44,madry,fgsm,subset_n512,30,clean,0.90234375,purified_data/exp031/exp031_full_20260729_174215/eval/thubenchmark_deepconvnet_seed44_madry_fgsm_rank25-30.pth
thubenchmark,deepconvnet,44,madry,fgsm,subset_n512,30,robust,0.783203125,purified_data/exp031/exp031_full_20260729_174215/eval/thubenchmark_deepconvnet_seed44_madry_fgsm_rank25-30.pth
thubenchmark,deepconvnet,44,madry,pgd,subset_n512,raw,clean,0.921875,purified_data/exp031/exp031_full_20260729_174215/eval/thubenchmark_deepconvnet_seed44_madry_pgd_rank25-30.pth
thubenchmark,deepconvnet,44,madry,pgd,subset_n512,raw,robust,0.75,purified_data/exp031/exp031_full_20260729_174215/eval/thubenchmark_deepconvnet_seed44_madry_pgd_rank25-30.pth
thubenchmark,deepconvnet,44,madry,pgd,subset_n512,25,clean,0.896484375,purified_data/exp031/exp031_full_20260729_174215/eval/thubenchmark_deepconvnet_seed44_madry_pgd_rank25-30.pth
thubenchmark,deepconvnet,44,madry,pgd,subset_n512,25,robust,0.78515625,purified_data/exp031/exp031_full_20260729_174215/eval/thubenchmark_deepconvnet_seed44_madry_pgd_rank25-30.pth
thubenchmark,deepconvnet,44,madry,pgd,subset_n512,30,clean,0.90234375,purified_data/exp031/exp031_full_20260729_174215/eval/thubenchmark_deepconvnet_seed44_madry_pgd_rank25-30.pth
thubenchmark,deepconvnet,44,madry,pgd,subset_n512,30,robust,0.76953125,purified_data/exp031/exp031_full_20260729_174215/eval/thubenchmark_deepconvnet_seed44_madry_pgd_rank25-30.pth
thubenchmark,deepconvnet,44,madry,cw,subset_n512,raw,clean,0.921875,purified_data/exp031/exp031_full_20260729_174215/eval/thubenchmark_deepconvnet_seed44_madry_cw_rank25-30.pth
thubenchmark,deepconvnet,44,madry,cw,subset_n512,raw,robust,0.0,purified_data/exp031/exp031_full_20260729_174215/eval/thubenchmark_deepconvnet_seed44_madry_cw_rank25-30.pth
thubenchmark,deepconvnet,44,madry,cw,subset_n512,25,clean,0.896484375,purified_data/exp031/exp031_full_20260729_174215/eval/thubenchmark_deepconvnet_seed44_madry_cw_rank25-30.pth
thubenchmark,deepconvnet,44,madry,cw,subset_n512,25,robust,0.146484375,purified_data/exp031/exp031_full_20260729_174215/eval/thubenchmark_deepconvnet_seed44_madry_cw_rank25-30.pth
thubenchmark,deepconvnet,44,madry,cw,subset_n512,30,clean,0.90234375,purified_data/exp031/exp031_full_20260729_174215/eval/thubenchmark_deepconvnet_seed44_madry_cw_rank25-30.pth
thubenchmark,deepconvnet,44,madry,cw,subset_n512,30,robust,0.05859375,purified_data/exp031/exp031_full_20260729_174215/eval/thubenchmark_deepconvnet_seed44_madry_cw_rank25-30.pth
thubenchmark,deepconvnet,44,rpcf_at,autoattack,subset_n512,raw,clean,0.9375,purified_data/exp031/exp031_full_20260729_174215/eval/thubenchmark_deepconvnet_seed44_rpcf_at_autoattack_rank25-30.pth
thubenchmark,deepconvnet,44,rpcf_at,autoattack,subset_n512,raw,robust,0.767578125,purified_data/exp031/exp031_full_20260729_174215/eval/thubenchmark_deepconvnet_seed44_rpcf_at_autoattack_rank25-30.pth
thubenchmark,deepconvnet,44,rpcf_at,autoattack,subset_n512,25,clean,0.921875,purified_data/exp031/exp031_full_20260729_174215/eval/thubenchmark_deepconvnet_seed44_rpcf_at_autoattack_rank25-30.pth
thubenchmark,deepconvnet,44,rpcf_at,autoattack,subset_n512,25,robust,0.826171875,purified_data/exp031/exp031_full_20260729_174215/eval/thubenchmark_deepconvnet_seed44_rpcf_at_autoattack_rank25-30.pth
thubenchmark,deepconvnet,44,rpcf_at,autoattack,subset_n512,30,clean,0.91015625,purified_data/exp031/exp031_full_20260729_174215/eval/thubenchmark_deepconvnet_seed44_rpcf_at_autoattack_rank25-30.pth
thubenchmark,deepconvnet,44,rpcf_at,autoattack,subset_n512,30,robust,0.814453125,purified_data/exp031/exp031_full_20260729_174215/eval/thubenchmark_deepconvnet_seed44_rpcf_at_autoattack_rank25-30.pth
thubenchmark,deepconvnet,44,rpcf_at,fgsm,subset_n512,raw,clean,0.9375,purified_data/exp031/exp031_full_20260729_174215/eval/thubenchmark_deepconvnet_seed44_rpcf_at_fgsm_rank25-30.pth
thubenchmark,deepconvnet,44,rpcf_at,fgsm,subset_n512,raw,robust,0.79296875,purified_data/exp031/exp031_full_20260729_174215/eval/thubenchmark_deepconvnet_seed44_rpcf_at_fgsm_rank25-30.pth
thubenchmark,deepconvnet,44,rpcf_at,fgsm,subset_n512,25,clean,0.921875,purified_data/exp031/exp031_full_20260729_174215/eval/thubenchmark_deepconvnet_seed44_rpcf_at_fgsm_rank25-30.pth
thubenchmark,deepconvnet,44,rpcf_at,fgsm,subset_n512,25,robust,0.794921875,purified_data/exp031/exp031_full_20260729_174215/eval/thubenchmark_deepconvnet_seed44_rpcf_at_fgsm_rank25-30.pth
thubenchmark,deepconvnet,44,rpcf_at,fgsm,subset_n512,30,clean,0.91015625,purified_data/exp031/exp031_full_20260729_174215/eval/thubenchmark_deepconvnet_seed44_rpcf_at_fgsm_rank25-30.pth
thubenchmark,deepconvnet,44,rpcf_at,fgsm,subset_n512,30,robust,0.80078125,purified_data/exp031/exp031_full_20260729_174215/eval/thubenchmark_deepconvnet_seed44_rpcf_at_fgsm_rank25-30.pth
thubenchmark,deepconvnet,44,rpcf_at,pgd,subset_n512,raw,clean,0.9375,purified_data/exp031/exp031_full_20260729_174215/eval/thubenchmark_deepconvnet_seed44_rpcf_at_pgd_rank25-30.pth
thubenchmark,deepconvnet,44,rpcf_at,pgd,subset_n512,raw,robust,0.771484375,purified_data/exp031/exp031_full_20260729_174215/eval/thubenchmark_deepconvnet_seed44_rpcf_at_pgd_rank25-30.pth
thubenchmark,deepconvnet,44,rpcf_at,pgd,subset_n512,25,clean,0.921875,purified_data/exp031/exp031_full_20260729_174215/eval/thubenchmark_deepconvnet_seed44_rpcf_at_pgd_rank25-30.pth
thubenchmark,deepconvnet,44,rpcf_at,pgd,subset_n512,25,robust,0.79296875,purified_data/exp031/exp031_full_20260729_174215/eval/thubenchmark_deepconvnet_seed44_rpcf_at_pgd_rank25-30.pth
thubenchmark,deepconvnet,44,rpcf_at,pgd,subset_n512,30,clean,0.91015625,purified_data/exp031/exp031_full_20260729_174215/eval/thubenchmark_deepconvnet_seed44_rpcf_at_pgd_rank25-30.pth
thubenchmark,deepconvnet,44,rpcf_at,pgd,subset_n512,30,robust,0.787109375,purified_data/exp031/exp031_full_20260729_174215/eval/thubenchmark_deepconvnet_seed44_rpcf_at_pgd_rank25-30.pth
thubenchmark,deepconvnet,44,rpcf_at,cw,subset_n512,raw,clean,0.9375,purified_data/exp031/exp031_full_20260729_174215/eval/thubenchmark_deepconvnet_seed44_rpcf_at_cw_rank25-30.pth
thubenchmark,deepconvnet,44,rpcf_at,cw,subset_n512,raw,robust,0.0,purified_data/exp031/exp031_full_20260729_174215/eval/thubenchmark_deepconvnet_seed44_rpcf_at_cw_rank25-30.pth
thubenchmark,deepconvnet,44,rpcf_at,cw,subset_n512,25,clean,0.921875,purified_data/exp031/exp031_full_20260729_174215/eval/thubenchmark_deepconvnet_seed44_rpcf_at_cw_rank25-30.pth
thubenchmark,deepconvnet,44,rpcf_at,cw,subset_n512,25,robust,0.0390625,purified_data/exp031/exp031_full_20260729_174215/eval/thubenchmark_deepconvnet_seed44_rpcf_at_cw_rank25-30.pth
thubenchmark,deepconvnet,44,rpcf_at,cw,subset_n512,30,clean,0.91015625,purified_data/exp031/exp031_full_20260729_174215/eval/thubenchmark_deepconvnet_seed44_rpcf_at_cw_rank25-30.pth
thubenchmark,deepconvnet,44,rpcf_at,cw,subset_n512,30,robust,0.015625,purified_data/exp031/exp031_full_20260729_174215/eval/thubenchmark_deepconvnet_seed44_rpcf_at_cw_rank25-30.pth
thubenchmark,deepconvnet,45,madry,autoattack,subset_n512,raw,clean,0.927734375,purified_data/exp031/exp031_full_20260729_174215/eval/thubenchmark_deepconvnet_seed45_madry_autoattack_rank25-30.pth
thubenchmark,deepconvnet,45,madry,autoattack,subset_n512,raw,robust,0.7265625,purified_data/exp031/exp031_full_20260729_174215/eval/thubenchmark_deepconvnet_seed45_madry_autoattack_rank25-30.pth
thubenchmark,deepconvnet,45,madry,autoattack,subset_n512,25,clean,0.892578125,purified_data/exp031/exp031_full_20260729_174215/eval/thubenchmark_deepconvnet_seed45_madry_autoattack_rank25-30.pth
thubenchmark,deepconvnet,45,madry,autoattack,subset_n512,25,robust,0.783203125,purified_data/exp031/exp031_full_20260729_174215/eval/thubenchmark_deepconvnet_seed45_madry_autoattack_rank25-30.pth
thubenchmark,deepconvnet,45,madry,autoattack,subset_n512,30,clean,0.900390625,purified_data/exp031/exp031_full_20260729_174215/eval/thubenchmark_deepconvnet_seed45_madry_autoattack_rank25-30.pth
thubenchmark,deepconvnet,45,madry,autoattack,subset_n512,30,robust,0.78515625,purified_data/exp031/exp031_full_20260729_174215/eval/thubenchmark_deepconvnet_seed45_madry_autoattack_rank25-30.pth
thubenchmark,deepconvnet,45,madry,fgsm,subset_n512,raw,clean,0.927734375,purified_data/exp031/exp031_full_20260729_174215/eval/thubenchmark_deepconvnet_seed45_madry_fgsm_rank25-30.pth
thubenchmark,deepconvnet,45,madry,fgsm,subset_n512,raw,robust,0.7578125,purified_data/exp031/exp031_full_20260729_174215/eval/thubenchmark_deepconvnet_seed45_madry_fgsm_rank25-30.pth
thubenchmark,deepconvnet,45,madry,fgsm,subset_n512,25,clean,0.892578125,purified_data/exp031/exp031_full_20260729_174215/eval/thubenchmark_deepconvnet_seed45_madry_fgsm_rank25-30.pth
thubenchmark,deepconvnet,45,madry,fgsm,subset_n512,25,robust,0.765625,purified_data/exp031/exp031_full_20260729_174215/eval/thubenchmark_deepconvnet_seed45_madry_fgsm_rank25-30.pth
thubenchmark,deepconvnet,45,madry,fgsm,subset_n512,30,clean,0.900390625,purified_data/exp031/exp031_full_20260729_174215/eval/thubenchmark_deepconvnet_seed45_madry_fgsm_rank25-30.pth
thubenchmark,deepconvnet,45,madry,fgsm,subset_n512,30,robust,0.763671875,purified_data/exp031/exp031_full_20260729_174215/eval/thubenchmark_deepconvnet_seed45_madry_fgsm_rank25-30.pth
thubenchmark,deepconvnet,45,madry,pgd,subset_n512,raw,clean,0.927734375,purified_data/exp031/exp031_full_20260729_174215/eval/thubenchmark_deepconvnet_seed45_madry_pgd_rank25-30.pth
thubenchmark,deepconvnet,45,madry,pgd,subset_n512,raw,robust,0.732421875,purified_data/exp031/exp031_full_20260729_174215/eval/thubenchmark_deepconvnet_seed45_madry_pgd_rank25-30.pth
thubenchmark,deepconvnet,45,madry,pgd,subset_n512,25,clean,0.892578125,purified_data/exp031/exp031_full_20260729_174215/eval/thubenchmark_deepconvnet_seed45_madry_pgd_rank25-30.pth
thubenchmark,deepconvnet,45,madry,pgd,subset_n512,25,robust,0.76953125,purified_data/exp031/exp031_full_20260729_174215/eval/thubenchmark_deepconvnet_seed45_madry_pgd_rank25-30.pth
thubenchmark,deepconvnet,45,madry,pgd,subset_n512,30,clean,0.900390625,purified_data/exp031/exp031_full_20260729_174215/eval/thubenchmark_deepconvnet_seed45_madry_pgd_rank25-30.pth
thubenchmark,deepconvnet,45,madry,pgd,subset_n512,30,robust,0.7578125,purified_data/exp031/exp031_full_20260729_174215/eval/thubenchmark_deepconvnet_seed45_madry_pgd_rank25-30.pth
thubenchmark,deepconvnet,45,madry,cw,subset_n512,raw,clean,0.927734375,purified_data/exp031/exp031_full_20260729_174215/eval/thubenchmark_deepconvnet_seed45_madry_cw_rank25-30.pth
thubenchmark,deepconvnet,45,madry,cw,subset_n512,raw,robust,0.0,purified_data/exp031/exp031_full_20260729_174215/eval/thubenchmark_deepconvnet_seed45_madry_cw_rank25-30.pth
thubenchmark,deepconvnet,45,madry,cw,subset_n512,25,clean,0.892578125,purified_data/exp031/exp031_full_20260729_174215/eval/thubenchmark_deepconvnet_seed45_madry_cw_rank25-30.pth
thubenchmark,deepconvnet,45,madry,cw,subset_n512,25,robust,0.232421875,purified_data/exp031/exp031_full_20260729_174215/eval/thubenchmark_deepconvnet_seed45_madry_cw_rank25-30.pth
thubenchmark,deepconvnet,45,madry,cw,subset_n512,30,clean,0.900390625,purified_data/exp031/exp031_full_20260729_174215/eval/thubenchmark_deepconvnet_seed45_madry_cw_rank25-30.pth
thubenchmark,deepconvnet,45,madry,cw,subset_n512,30,robust,0.10546875,purified_data/exp031/exp031_full_20260729_174215/eval/thubenchmark_deepconvnet_seed45_madry_cw_rank25-30.pth
thubenchmark,deepconvnet,45,rpcf_at,autoattack,subset_n512,raw,clean,0.9296875,purified_data/exp031/exp031_full_20260729_174215/eval/thubenchmark_deepconvnet_seed45_rpcf_at_autoattack_rank25-30.pth
thubenchmark,deepconvnet,45,rpcf_at,autoattack,subset_n512,raw,robust,0.7421875,purified_data/exp031/exp031_full_20260729_174215/eval/thubenchmark_deepconvnet_seed45_rpcf_at_autoattack_rank25-30.pth
thubenchmark,deepconvnet,45,rpcf_at,autoattack,subset_n512,25,clean,0.90625,purified_data/exp031/exp031_full_20260729_174215/eval/thubenchmark_deepconvnet_seed45_rpcf_at_autoattack_rank25-30.pth
thubenchmark,deepconvnet,45,rpcf_at,autoattack,subset_n512,25,robust,0.78515625,purified_data/exp031/exp031_full_20260729_174215/eval/thubenchmark_deepconvnet_seed45_rpcf_at_autoattack_rank25-30.pth
thubenchmark,deepconvnet,45,rpcf_at,autoattack,subset_n512,30,clean,0.91796875,purified_data/exp031/exp031_full_20260729_174215/eval/thubenchmark_deepconvnet_seed45_rpcf_at_autoattack_rank25-30.pth
thubenchmark,deepconvnet,45,rpcf_at,autoattack,subset_n512,30,robust,0.7890625,purified_data/exp031/exp031_full_20260729_174215/eval/thubenchmark_deepconvnet_seed45_rpcf_at_autoattack_rank25-30.pth
thubenchmark,deepconvnet,45,rpcf_at,fgsm,subset_n512,raw,clean,0.9296875,purified_data/exp031/exp031_full_20260729_174215/eval/thubenchmark_deepconvnet_seed45_rpcf_at_fgsm_rank25-30.pth
thubenchmark,deepconvnet,45,rpcf_at,fgsm,subset_n512,raw,robust,0.7734375,purified_data/exp031/exp031_full_20260729_174215/eval/thubenchmark_deepconvnet_seed45_rpcf_at_fgsm_rank25-30.pth
thubenchmark,deepconvnet,45,rpcf_at,fgsm,subset_n512,25,clean,0.90625,purified_data/exp031/exp031_full_20260729_174215/eval/thubenchmark_deepconvnet_seed45_rpcf_at_fgsm_rank25-30.pth
thubenchmark,deepconvnet,45,rpcf_at,fgsm,subset_n512,25,robust,0.779296875,purified_data/exp031/exp031_full_20260729_174215/eval/thubenchmark_deepconvnet_seed45_rpcf_at_fgsm_rank25-30.pth
thubenchmark,deepconvnet,45,rpcf_at,fgsm,subset_n512,30,clean,0.91796875,purified_data/exp031/exp031_full_20260729_174215/eval/thubenchmark_deepconvnet_seed45_rpcf_at_fgsm_rank25-30.pth
thubenchmark,deepconvnet,45,rpcf_at,fgsm,subset_n512,30,robust,0.775390625,purified_data/exp031/exp031_full_20260729_174215/eval/thubenchmark_deepconvnet_seed45_rpcf_at_fgsm_rank25-30.pth
thubenchmark,deepconvnet,45,rpcf_at,pgd,subset_n512,raw,clean,0.9296875,purified_data/exp031/exp031_full_20260729_174215/eval/thubenchmark_deepconvnet_seed45_rpcf_at_pgd_rank25-30.pth
thubenchmark,deepconvnet,45,rpcf_at,pgd,subset_n512,raw,robust,0.74609375,purified_data/exp031/exp031_full_20260729_174215/eval/thubenchmark_deepconvnet_seed45_rpcf_at_pgd_rank25-30.pth
thubenchmark,deepconvnet,45,rpcf_at,pgd,subset_n512,25,clean,0.90625,purified_data/exp031/exp031_full_20260729_174215/eval/thubenchmark_deepconvnet_seed45_rpcf_at_pgd_rank25-30.pth
thubenchmark,deepconvnet,45,rpcf_at,pgd,subset_n512,25,robust,0.76171875,purified_data/exp031/exp031_full_20260729_174215/eval/thubenchmark_deepconvnet_seed45_rpcf_at_pgd_rank25-30.pth
thubenchmark,deepconvnet,45,rpcf_at,pgd,subset_n512,30,clean,0.91796875,purified_data/exp031/exp031_full_20260729_174215/eval/thubenchmark_deepconvnet_seed45_rpcf_at_pgd_rank25-30.pth
thubenchmark,deepconvnet,45,rpcf_at,pgd,subset_n512,30,robust,0.76171875,purified_data/exp031/exp031_full_20260729_174215/eval/thubenchmark_deepconvnet_seed45_rpcf_at_pgd_rank25-30.pth
thubenchmark,deepconvnet,45,rpcf_at,cw,subset_n512,raw,clean,0.9296875,purified_data/exp031/exp031_full_20260729_174215/eval/thubenchmark_deepconvnet_seed45_rpcf_at_cw_rank25-30.pth
thubenchmark,deepconvnet,45,rpcf_at,cw,subset_n512,raw,robust,0.0,purified_data/exp031/exp031_full_20260729_174215/eval/thubenchmark_deepconvnet_seed45_rpcf_at_cw_rank25-30.pth
thubenchmark,deepconvnet,45,rpcf_at,cw,subset_n512,25,clean,0.90625,purified_data/exp031/exp031_full_20260729_174215/eval/thubenchmark_deepconvnet_seed45_rpcf_at_cw_rank25-30.pth
thubenchmark,deepconvnet,45,rpcf_at,cw,subset_n512,25,robust,0.078125,purified_data/exp031/exp031_full_20260729_174215/eval/thubenchmark_deepconvnet_seed45_rpcf_at_cw_rank25-30.pth
thubenchmark,deepconvnet,45,rpcf_at,cw,subset_n512,30,clean,0.91796875,purified_data/exp031/exp031_full_20260729_174215/eval/thubenchmark_deepconvnet_seed45_rpcf_at_cw_rank25-30.pth
thubenchmark,deepconvnet,45,rpcf_at,cw,subset_n512,30,robust,0.04296875,purified_data/exp031/exp031_full_20260729_174215/eval/thubenchmark_deepconvnet_seed45_rpcf_at_cw_rank25-30.pth
thubenchmark,deepconvnet,46,madry,autoattack,subset_n512,raw,clean,0.9375,purified_data/exp031/exp031_full_20260729_174215/eval/thubenchmark_deepconvnet_seed46_madry_autoattack_rank25-30.pth
thubenchmark,deepconvnet,46,madry,autoattack,subset_n512,raw,robust,0.76953125,purified_data/exp031/exp031_full_20260729_174215/eval/thubenchmark_deepconvnet_seed46_madry_autoattack_rank25-30.pth
thubenchmark,deepconvnet,46,madry,autoattack,subset_n512,25,clean,0.912109375,purified_data/exp031/exp031_full_20260729_174215/eval/thubenchmark_deepconvnet_seed46_madry_autoattack_rank25-30.pth
thubenchmark,deepconvnet,46,madry,autoattack,subset_n512,25,robust,0.826171875,purified_data/exp031/exp031_full_20260729_174215/eval/thubenchmark_deepconvnet_seed46_madry_autoattack_rank25-30.pth
thubenchmark,deepconvnet,46,madry,autoattack,subset_n512,30,clean,0.927734375,purified_data/exp031/exp031_full_20260729_174215/eval/thubenchmark_deepconvnet_seed46_madry_autoattack_rank25-30.pth
thubenchmark,deepconvnet,46,madry,autoattack,subset_n512,30,robust,0.8203125,purified_data/exp031/exp031_full_20260729_174215/eval/thubenchmark_deepconvnet_seed46_madry_autoattack_rank25-30.pth
thubenchmark,deepconvnet,46,madry,fgsm,subset_n512,raw,clean,0.9375,purified_data/exp031/exp031_full_20260729_174215/eval/thubenchmark_deepconvnet_seed46_madry_fgsm_rank25-30.pth
thubenchmark,deepconvnet,46,madry,fgsm,subset_n512,raw,robust,0.798828125,purified_data/exp031/exp031_full_20260729_174215/eval/thubenchmark_deepconvnet_seed46_madry_fgsm_rank25-30.pth
thubenchmark,deepconvnet,46,madry,fgsm,subset_n512,25,clean,0.912109375,purified_data/exp031/exp031_full_20260729_174215/eval/thubenchmark_deepconvnet_seed46_madry_fgsm_rank25-30.pth
thubenchmark,deepconvnet,46,madry,fgsm,subset_n512,25,robust,0.80078125,purified_data/exp031/exp031_full_20260729_174215/eval/thubenchmark_deepconvnet_seed46_madry_fgsm_rank25-30.pth
thubenchmark,deepconvnet,46,madry,fgsm,subset_n512,30,clean,0.927734375,purified_data/exp031/exp031_full_20260729_174215/eval/thubenchmark_deepconvnet_seed46_madry_fgsm_rank25-30.pth
thubenchmark,deepconvnet,46,madry,fgsm,subset_n512,30,robust,0.8046875,purified_data/exp031/exp031_full_20260729_174215/eval/thubenchmark_deepconvnet_seed46_madry_fgsm_rank25-30.pth
thubenchmark,deepconvnet,46,madry,pgd,subset_n512,raw,clean,0.9375,purified_data/exp031/exp031_full_20260729_174215/eval/thubenchmark_deepconvnet_seed46_madry_pgd_rank25-30.pth
thubenchmark,deepconvnet,46,madry,pgd,subset_n512,raw,robust,0.771484375,purified_data/exp031/exp031_full_20260729_174215/eval/thubenchmark_deepconvnet_seed46_madry_pgd_rank25-30.pth
thubenchmark,deepconvnet,46,madry,pgd,subset_n512,25,clean,0.912109375,purified_data/exp031/exp031_full_20260729_174215/eval/thubenchmark_deepconvnet_seed46_madry_pgd_rank25-30.pth
thubenchmark,deepconvnet,46,madry,pgd,subset_n512,25,robust,0.798828125,purified_data/exp031/exp031_full_20260729_174215/eval/thubenchmark_deepconvnet_seed46_madry_pgd_rank25-30.pth
thubenchmark,deepconvnet,46,madry,pgd,subset_n512,30,clean,0.927734375,purified_data/exp031/exp031_full_20260729_174215/eval/thubenchmark_deepconvnet_seed46_madry_pgd_rank25-30.pth
thubenchmark,deepconvnet,46,madry,pgd,subset_n512,30,robust,0.787109375,purified_data/exp031/exp031_full_20260729_174215/eval/thubenchmark_deepconvnet_seed46_madry_pgd_rank25-30.pth
thubenchmark,deepconvnet,46,madry,cw,subset_n512,raw,clean,0.9375,purified_data/exp031/exp031_full_20260729_174215/eval/thubenchmark_deepconvnet_seed46_madry_cw_rank25-30.pth
thubenchmark,deepconvnet,46,madry,cw,subset_n512,raw,robust,0.0,purified_data/exp031/exp031_full_20260729_174215/eval/thubenchmark_deepconvnet_seed46_madry_cw_rank25-30.pth
thubenchmark,deepconvnet,46,madry,cw,subset_n512,25,clean,0.912109375,purified_data/exp031/exp031_full_20260729_174215/eval/thubenchmark_deepconvnet_seed46_madry_cw_rank25-30.pth
thubenchmark,deepconvnet,46,madry,cw,subset_n512,25,robust,0.09765625,purified_data/exp031/exp031_full_20260729_174215/eval/thubenchmark_deepconvnet_seed46_madry_cw_rank25-30.pth
thubenchmark,deepconvnet,46,madry,cw,subset_n512,30,clean,0.927734375,purified_data/exp031/exp031_full_20260729_174215/eval/thubenchmark_deepconvnet_seed46_madry_cw_rank25-30.pth
thubenchmark,deepconvnet,46,madry,cw,subset_n512,30,robust,0.033203125,purified_data/exp031/exp031_full_20260729_174215/eval/thubenchmark_deepconvnet_seed46_madry_cw_rank25-30.pth
thubenchmark,deepconvnet,46,rpcf_at,autoattack,subset_n512,raw,clean,0.943359375,purified_data/exp031/exp031_full_20260729_174215/eval/thubenchmark_deepconvnet_seed46_rpcf_at_autoattack_rank25-30.pth
thubenchmark,deepconvnet,46,rpcf_at,autoattack,subset_n512,raw,robust,0.77734375,purified_data/exp031/exp031_full_20260729_174215/eval/thubenchmark_deepconvnet_seed46_rpcf_at_autoattack_rank25-30.pth
thubenchmark,deepconvnet,46,rpcf_at,autoattack,subset_n512,25,clean,0.919921875,purified_data/exp031/exp031_full_20260729_174215/eval/thubenchmark_deepconvnet_seed46_rpcf_at_autoattack_rank25-30.pth
thubenchmark,deepconvnet,46,rpcf_at,autoattack,subset_n512,25,robust,0.81640625,purified_data/exp031/exp031_full_20260729_174215/eval/thubenchmark_deepconvnet_seed46_rpcf_at_autoattack_rank25-30.pth
thubenchmark,deepconvnet,46,rpcf_at,autoattack,subset_n512,30,clean,0.9296875,purified_data/exp031/exp031_full_20260729_174215/eval/thubenchmark_deepconvnet_seed46_rpcf_at_autoattack_rank25-30.pth
thubenchmark,deepconvnet,46,rpcf_at,autoattack,subset_n512,30,robust,0.8125,purified_data/exp031/exp031_full_20260729_174215/eval/thubenchmark_deepconvnet_seed46_rpcf_at_autoattack_rank25-30.pth
thubenchmark,deepconvnet,46,rpcf_at,fgsm,subset_n512,raw,clean,0.943359375,purified_data/exp031/exp031_full_20260729_174215/eval/thubenchmark_deepconvnet_seed46_rpcf_at_fgsm_rank25-30.pth
thubenchmark,deepconvnet,46,rpcf_at,fgsm,subset_n512,raw,robust,0.8125,purified_data/exp031/exp031_full_20260729_174215/eval/thubenchmark_deepconvnet_seed46_rpcf_at_fgsm_rank25-30.pth
thubenchmark,deepconvnet,46,rpcf_at,fgsm,subset_n512,25,clean,0.919921875,purified_data/exp031/exp031_full_20260729_174215/eval/thubenchmark_deepconvnet_seed46_rpcf_at_fgsm_rank25-30.pth
thubenchmark,deepconvnet,46,rpcf_at,fgsm,subset_n512,25,robust,0.798828125,purified_data/exp031/exp031_full_20260729_174215/eval/thubenchmark_deepconvnet_seed46_rpcf_at_fgsm_rank25-30.pth
thubenchmark,deepconvnet,46,rpcf_at,fgsm,subset_n512,30,clean,0.9296875,purified_data/exp031/exp031_full_20260729_174215/eval/thubenchmark_deepconvnet_seed46_rpcf_at_fgsm_rank25-30.pth
thubenchmark,deepconvnet,46,rpcf_at,fgsm,subset_n512,30,robust,0.802734375,purified_data/exp031/exp031_full_20260729_174215/eval/thubenchmark_deepconvnet_seed46_rpcf_at_fgsm_rank25-30.pth
thubenchmark,deepconvnet,46,rpcf_at,pgd,subset_n512,raw,clean,0.943359375,purified_data/exp031/exp031_full_20260729_174215/eval/thubenchmark_deepconvnet_seed46_rpcf_at_pgd_rank25-30.pth
thubenchmark,deepconvnet,46,rpcf_at,pgd,subset_n512,raw,robust,0.77734375,purified_data/exp031/exp031_full_20260729_174215/eval/thubenchmark_deepconvnet_seed46_rpcf_at_pgd_rank25-30.pth
thubenchmark,deepconvnet,46,rpcf_at,pgd,subset_n512,25,clean,0.919921875,purified_data/exp031/exp031_full_20260729_174215/eval/thubenchmark_deepconvnet_seed46_rpcf_at_pgd_rank25-30.pth
thubenchmark,deepconvnet,46,rpcf_at,pgd,subset_n512,25,robust,0.80078125,purified_data/exp031/exp031_full_20260729_174215/eval/thubenchmark_deepconvnet_seed46_rpcf_at_pgd_rank25-30.pth
thubenchmark,deepconvnet,46,rpcf_at,pgd,subset_n512,30,clean,0.9296875,purified_data/exp031/exp031_full_20260729_174215/eval/thubenchmark_deepconvnet_seed46_rpcf_at_pgd_rank25-30.pth
thubenchmark,deepconvnet,46,rpcf_at,pgd,subset_n512,30,robust,0.791015625,purified_data/exp031/exp031_full_20260729_174215/eval/thubenchmark_deepconvnet_seed46_rpcf_at_pgd_rank25-30.pth
thubenchmark,deepconvnet,46,rpcf_at,cw,subset_n512,raw,clean,0.943359375,purified_data/exp031/exp031_full_20260729_174215/eval/thubenchmark_deepconvnet_seed46_rpcf_at_cw_rank25-30.pth
thubenchmark,deepconvnet,46,rpcf_at,cw,subset_n512,raw,robust,0.0,purified_data/exp031/exp031_full_20260729_174215/eval/thubenchmark_deepconvnet_seed46_rpcf_at_cw_rank25-30.pth
thubenchmark,deepconvnet,46,rpcf_at,cw,subset_n512,25,clean,0.919921875,purified_data/exp031/exp031_full_20260729_174215/eval/thubenchmark_deepconvnet_seed46_rpcf_at_cw_rank25-30.pth
thubenchmark,deepconvnet,46,rpcf_at,cw,subset_n512,25,robust,0.03515625,purified_data/exp031/exp031_full_20260729_174215/eval/thubenchmark_deepconvnet_seed46_rpcf_at_cw_rank25-30.pth
thubenchmark,deepconvnet,46,rpcf_at,cw,subset_n512,30,clean,0.9296875,purified_data/exp031/exp031_full_20260729_174215/eval/thubenchmark_deepconvnet_seed46_rpcf_at_cw_rank25-30.pth
thubenchmark,deepconvnet,46,rpcf_at,cw,subset_n512,30,robust,0.017578125,purified_data/exp031/exp031_full_20260729_174215/eval/thubenchmark_deepconvnet_seed46_rpcf_at_cw_rank25-30.pth
thubenchmark,tsception,42,madry,autoattack,subset_n512,raw,clean,0.802734375,purified_data/exp031/exp031_full_20260729_174215/eval/thubenchmark_tsception_seed42_madry_autoattack_rank25-30.pth
thubenchmark,tsception,42,madry,autoattack,subset_n512,raw,robust,0.38671875,purified_data/exp031/exp031_full_20260729_174215/eval/thubenchmark_tsception_seed42_madry_autoattack_rank25-30.pth
thubenchmark,tsception,42,madry,autoattack,subset_n512,25,clean,0.74609375,purified_data/exp031/exp031_full_20260729_174215/eval/thubenchmark_tsception_seed42_madry_autoattack_rank25-30.pth
thubenchmark,tsception,42,madry,autoattack,subset_n512,25,robust,0.515625,purified_data/exp031/exp031_full_20260729_174215/eval/thubenchmark_tsception_seed42_madry_autoattack_rank25-30.pth
thubenchmark,tsception,42,madry,autoattack,subset_n512,30,clean,0.76171875,purified_data/exp031/exp031_full_20260729_174215/eval/thubenchmark_tsception_seed42_madry_autoattack_rank25-30.pth
thubenchmark,tsception,42,madry,autoattack,subset_n512,30,robust,0.51171875,purified_data/exp031/exp031_full_20260729_174215/eval/thubenchmark_tsception_seed42_madry_autoattack_rank25-30.pth
thubenchmark,tsception,42,madry,fgsm,subset_n512,raw,clean,0.802734375,purified_data/exp031/exp031_full_20260729_174215/eval/thubenchmark_tsception_seed42_madry_fgsm_rank25-30.pth
thubenchmark,tsception,42,madry,fgsm,subset_n512,raw,robust,0.490234375,purified_data/exp031/exp031_full_20260729_174215/eval/thubenchmark_tsception_seed42_madry_fgsm_rank25-30.pth
thubenchmark,tsception,42,madry,fgsm,subset_n512,25,clean,0.74609375,purified_data/exp031/exp031_full_20260729_174215/eval/thubenchmark_tsception_seed42_madry_fgsm_rank25-30.pth
thubenchmark,tsception,42,madry,fgsm,subset_n512,25,robust,0.544921875,purified_data/exp031/exp031_full_20260729_174215/eval/thubenchmark_tsception_seed42_madry_fgsm_rank25-30.pth
thubenchmark,tsception,42,madry,fgsm,subset_n512,30,clean,0.76171875,purified_data/exp031/exp031_full_20260729_174215/eval/thubenchmark_tsception_seed42_madry_fgsm_rank25-30.pth
thubenchmark,tsception,42,madry,fgsm,subset_n512,30,robust,0.544921875,purified_data/exp031/exp031_full_20260729_174215/eval/thubenchmark_tsception_seed42_madry_fgsm_rank25-30.pth
thubenchmark,tsception,42,madry,pgd,subset_n512,raw,clean,0.802734375,purified_data/exp031/exp031_full_20260729_174215/eval/thubenchmark_tsception_seed42_madry_pgd_rank25-30.pth
thubenchmark,tsception,42,madry,pgd,subset_n512,raw,robust,0.412109375,purified_data/exp031/exp031_full_20260729_174215/eval/thubenchmark_tsception_seed42_madry_pgd_rank25-30.pth
thubenchmark,tsception,42,madry,pgd,subset_n512,25,clean,0.74609375,purified_data/exp031/exp031_full_20260729_174215/eval/thubenchmark_tsception_seed42_madry_pgd_rank25-30.pth
thubenchmark,tsception,42,madry,pgd,subset_n512,25,robust,0.50390625,purified_data/exp031/exp031_full_20260729_174215/eval/thubenchmark_tsception_seed42_madry_pgd_rank25-30.pth
thubenchmark,tsception,42,madry,pgd,subset_n512,30,clean,0.76171875,purified_data/exp031/exp031_full_20260729_174215/eval/thubenchmark_tsception_seed42_madry_pgd_rank25-30.pth
thubenchmark,tsception,42,madry,pgd,subset_n512,30,robust,0.482421875,purified_data/exp031/exp031_full_20260729_174215/eval/thubenchmark_tsception_seed42_madry_pgd_rank25-30.pth
thubenchmark,tsception,42,madry,cw,subset_n512,raw,clean,0.802734375,purified_data/exp031/exp031_full_20260729_174215/eval/thubenchmark_tsception_seed42_madry_cw_rank25-30.pth
thubenchmark,tsception,42,madry,cw,subset_n512,raw,robust,0.0,purified_data/exp031/exp031_full_20260729_174215/eval/thubenchmark_tsception_seed42_madry_cw_rank25-30.pth
thubenchmark,tsception,42,madry,cw,subset_n512,25,clean,0.74609375,purified_data/exp031/exp031_full_20260729_174215/eval/thubenchmark_tsception_seed42_madry_cw_rank25-30.pth
thubenchmark,tsception,42,madry,cw,subset_n512,25,robust,0.15625,purified_data/exp031/exp031_full_20260729_174215/eval/thubenchmark_tsception_seed42_madry_cw_rank25-30.pth
thubenchmark,tsception,42,madry,cw,subset_n512,30,clean,0.76171875,purified_data/exp031/exp031_full_20260729_174215/eval/thubenchmark_tsception_seed42_madry_cw_rank25-30.pth
thubenchmark,tsception,42,madry,cw,subset_n512,30,robust,0.107421875,purified_data/exp031/exp031_full_20260729_174215/eval/thubenchmark_tsception_seed42_madry_cw_rank25-30.pth
thubenchmark,tsception,42,rpcf_at,autoattack,subset_n512,raw,clean,0.798828125,purified_data/exp031/exp031_full_20260729_174215/eval/thubenchmark_tsception_seed42_rpcf_at_autoattack_rank25-30.pth
thubenchmark,tsception,42,rpcf_at,autoattack,subset_n512,raw,robust,0.345703125,purified_data/exp031/exp031_full_20260729_174215/eval/thubenchmark_tsception_seed42_rpcf_at_autoattack_rank25-30.pth
thubenchmark,tsception,42,rpcf_at,autoattack,subset_n512,25,clean,0.748046875,purified_data/exp031/exp031_full_20260729_174215/eval/thubenchmark_tsception_seed42_rpcf_at_autoattack_rank25-30.pth
thubenchmark,tsception,42,rpcf_at,autoattack,subset_n512,25,robust,0.50390625,purified_data/exp031/exp031_full_20260729_174215/eval/thubenchmark_tsception_seed42_rpcf_at_autoattack_rank25-30.pth
thubenchmark,tsception,42,rpcf_at,autoattack,subset_n512,30,clean,0.7578125,purified_data/exp031/exp031_full_20260729_174215/eval/thubenchmark_tsception_seed42_rpcf_at_autoattack_rank25-30.pth
thubenchmark,tsception,42,rpcf_at,autoattack,subset_n512,30,robust,0.46875,purified_data/exp031/exp031_full_20260729_174215/eval/thubenchmark_tsception_seed42_rpcf_at_autoattack_rank25-30.pth
thubenchmark,tsception,42,rpcf_at,fgsm,subset_n512,raw,clean,0.798828125,purified_data/exp031/exp031_full_20260729_174215/eval/thubenchmark_tsception_seed42_rpcf_at_fgsm_rank25-30.pth
thubenchmark,tsception,42,rpcf_at,fgsm,subset_n512,raw,robust,0.4609375,purified_data/exp031/exp031_full_20260729_174215/eval/thubenchmark_tsception_seed42_rpcf_at_fgsm_rank25-30.pth
thubenchmark,tsception,42,rpcf_at,fgsm,subset_n512,25,clean,0.748046875,purified_data/exp031/exp031_full_20260729_174215/eval/thubenchmark_tsception_seed42_rpcf_at_fgsm_rank25-30.pth
thubenchmark,tsception,42,rpcf_at,fgsm,subset_n512,25,robust,0.53515625,purified_data/exp031/exp031_full_20260729_174215/eval/thubenchmark_tsception_seed42_rpcf_at_fgsm_rank25-30.pth
thubenchmark,tsception,42,rpcf_at,fgsm,subset_n512,30,clean,0.7578125,purified_data/exp031/exp031_full_20260729_174215/eval/thubenchmark_tsception_seed42_rpcf_at_fgsm_rank25-30.pth
thubenchmark,tsception,42,rpcf_at,fgsm,subset_n512,30,robust,0.521484375,purified_data/exp031/exp031_full_20260729_174215/eval/thubenchmark_tsception_seed42_rpcf_at_fgsm_rank25-30.pth
thubenchmark,tsception,42,rpcf_at,pgd,subset_n512,raw,clean,0.798828125,purified_data/exp031/exp031_full_20260729_174215/eval/thubenchmark_tsception_seed42_rpcf_at_pgd_rank25-30.pth
thubenchmark,tsception,42,rpcf_at,pgd,subset_n512,raw,robust,0.357421875,purified_data/exp031/exp031_full_20260729_174215/eval/thubenchmark_tsception_seed42_rpcf_at_pgd_rank25-30.pth
thubenchmark,tsception,42,rpcf_at,pgd,subset_n512,25,clean,0.748046875,purified_data/exp031/exp031_full_20260729_174215/eval/thubenchmark_tsception_seed42_rpcf_at_pgd_rank25-30.pth
thubenchmark,tsception,42,rpcf_at,pgd,subset_n512,25,robust,0.458984375,purified_data/exp031/exp031_full_20260729_174215/eval/thubenchmark_tsception_seed42_rpcf_at_pgd_rank25-30.pth
thubenchmark,tsception,42,rpcf_at,pgd,subset_n512,30,clean,0.7578125,purified_data/exp031/exp031_full_20260729_174215/eval/thubenchmark_tsception_seed42_rpcf_at_pgd_rank25-30.pth
thubenchmark,tsception,42,rpcf_at,pgd,subset_n512,30,robust,0.45703125,purified_data/exp031/exp031_full_20260729_174215/eval/thubenchmark_tsception_seed42_rpcf_at_pgd_rank25-30.pth
thubenchmark,tsception,42,rpcf_at,cw,subset_n512,raw,clean,0.798828125,purified_data/exp031/exp031_full_20260729_174215/eval/thubenchmark_tsception_seed42_rpcf_at_cw_rank25-30.pth
thubenchmark,tsception,42,rpcf_at,cw,subset_n512,raw,robust,0.0,purified_data/exp031/exp031_full_20260729_174215/eval/thubenchmark_tsception_seed42_rpcf_at_cw_rank25-30.pth
thubenchmark,tsception,42,rpcf_at,cw,subset_n512,25,clean,0.748046875,purified_data/exp031/exp031_full_20260729_174215/eval/thubenchmark_tsception_seed42_rpcf_at_cw_rank25-30.pth
thubenchmark,tsception,42,rpcf_at,cw,subset_n512,25,robust,0.189453125,purified_data/exp031/exp031_full_20260729_174215/eval/thubenchmark_tsception_seed42_rpcf_at_cw_rank25-30.pth
thubenchmark,tsception,42,rpcf_at,cw,subset_n512,30,clean,0.7578125,purified_data/exp031/exp031_full_20260729_174215/eval/thubenchmark_tsception_seed42_rpcf_at_cw_rank25-30.pth
thubenchmark,tsception,42,rpcf_at,cw,subset_n512,30,robust,0.111328125,purified_data/exp031/exp031_full_20260729_174215/eval/thubenchmark_tsception_seed42_rpcf_at_cw_rank25-30.pth
thubenchmark,tsception,43,madry,autoattack,subset_n512,raw,clean,0.794921875,purified_data/exp031/exp031_full_20260729_174215/eval/thubenchmark_tsception_seed43_madry_autoattack_rank25-30.pth
thubenchmark,tsception,43,madry,autoattack,subset_n512,raw,robust,0.345703125,purified_data/exp031/exp031_full_20260729_174215/eval/thubenchmark_tsception_seed43_madry_autoattack_rank25-30.pth
thubenchmark,tsception,43,madry,autoattack,subset_n512,25,clean,0.75,purified_data/exp031/exp031_full_20260729_174215/eval/thubenchmark_tsception_seed43_madry_autoattack_rank25-30.pth
thubenchmark,tsception,43,madry,autoattack,subset_n512,25,robust,0.4609375,purified_data/exp031/exp031_full_20260729_174215/eval/thubenchmark_tsception_seed43_madry_autoattack_rank25-30.pth
thubenchmark,tsception,43,madry,autoattack,subset_n512,30,clean,0.744140625,purified_data/exp031/exp031_full_20260729_174215/eval/thubenchmark_tsception_seed43_madry_autoattack_rank25-30.pth
thubenchmark,tsception,43,madry,autoattack,subset_n512,30,robust,0.4453125,purified_data/exp031/exp031_full_20260729_174215/eval/thubenchmark_tsception_seed43_madry_autoattack_rank25-30.pth
thubenchmark,tsception,43,madry,fgsm,subset_n512,raw,clean,0.794921875,purified_data/exp031/exp031_full_20260729_174215/eval/thubenchmark_tsception_seed43_madry_fgsm_rank25-30.pth
thubenchmark,tsception,43,madry,fgsm,subset_n512,raw,robust,0.478515625,purified_data/exp031/exp031_full_20260729_174215/eval/thubenchmark_tsception_seed43_madry_fgsm_rank25-30.pth
thubenchmark,tsception,43,madry,fgsm,subset_n512,25,clean,0.75,purified_data/exp031/exp031_full_20260729_174215/eval/thubenchmark_tsception_seed43_madry_fgsm_rank25-30.pth
thubenchmark,tsception,43,madry,fgsm,subset_n512,25,robust,0.521484375,purified_data/exp031/exp031_full_20260729_174215/eval/thubenchmark_tsception_seed43_madry_fgsm_rank25-30.pth
thubenchmark,tsception,43,madry,fgsm,subset_n512,30,clean,0.744140625,purified_data/exp031/exp031_full_20260729_174215/eval/thubenchmark_tsception_seed43_madry_fgsm_rank25-30.pth
thubenchmark,tsception,43,madry,fgsm,subset_n512,30,robust,0.505859375,purified_data/exp031/exp031_full_20260729_174215/eval/thubenchmark_tsception_seed43_madry_fgsm_rank25-30.pth
thubenchmark,tsception,43,madry,pgd,subset_n512,raw,clean,0.794921875,purified_data/exp031/exp031_full_20260729_174215/eval/thubenchmark_tsception_seed43_madry_pgd_rank25-30.pth
thubenchmark,tsception,43,madry,pgd,subset_n512,raw,robust,0.404296875,purified_data/exp031/exp031_full_20260729_174215/eval/thubenchmark_tsception_seed43_madry_pgd_rank25-30.pth
thubenchmark,tsception,43,madry,pgd,subset_n512,25,clean,0.75,purified_data/exp031/exp031_full_20260729_174215/eval/thubenchmark_tsception_seed43_madry_pgd_rank25-30.pth
thubenchmark,tsception,43,madry,pgd,subset_n512,25,robust,0.4765625,purified_data/exp031/exp031_full_20260729_174215/eval/thubenchmark_tsception_seed43_madry_pgd_rank25-30.pth
thubenchmark,tsception,43,madry,pgd,subset_n512,30,clean,0.744140625,purified_data/exp031/exp031_full_20260729_174215/eval/thubenchmark_tsception_seed43_madry_pgd_rank25-30.pth
thubenchmark,tsception,43,madry,pgd,subset_n512,30,robust,0.46484375,purified_data/exp031/exp031_full_20260729_174215/eval/thubenchmark_tsception_seed43_madry_pgd_rank25-30.pth
thubenchmark,tsception,43,madry,cw,subset_n512,raw,clean,0.794921875,purified_data/exp031/exp031_full_20260729_174215/eval/thubenchmark_tsception_seed43_madry_cw_rank25-30.pth
thubenchmark,tsception,43,madry,cw,subset_n512,raw,robust,0.0,purified_data/exp031/exp031_full_20260729_174215/eval/thubenchmark_tsception_seed43_madry_cw_rank25-30.pth
thubenchmark,tsception,43,madry,cw,subset_n512,25,clean,0.75,purified_data/exp031/exp031_full_20260729_174215/eval/thubenchmark_tsception_seed43_madry_cw_rank25-30.pth
thubenchmark,tsception,43,madry,cw,subset_n512,25,robust,0.158203125,purified_data/exp031/exp031_full_20260729_174215/eval/thubenchmark_tsception_seed43_madry_cw_rank25-30.pth
thubenchmark,tsception,43,madry,cw,subset_n512,30,clean,0.744140625,purified_data/exp031/exp031_full_20260729_174215/eval/thubenchmark_tsception_seed43_madry_cw_rank25-30.pth
thubenchmark,tsception,43,madry,cw,subset_n512,30,robust,0.109375,purified_data/exp031/exp031_full_20260729_174215/eval/thubenchmark_tsception_seed43_madry_cw_rank25-30.pth
thubenchmark,tsception,43,rpcf_at,autoattack,subset_n512,raw,clean,0.798828125,purified_data/exp031/exp031_full_20260729_174215/eval/thubenchmark_tsception_seed43_rpcf_at_autoattack_rank25-30.pth
thubenchmark,tsception,43,rpcf_at,autoattack,subset_n512,raw,robust,0.341796875,purified_data/exp031/exp031_full_20260729_174215/eval/thubenchmark_tsception_seed43_rpcf_at_autoattack_rank25-30.pth
thubenchmark,tsception,43,rpcf_at,autoattack,subset_n512,25,clean,0.75390625,purified_data/exp031/exp031_full_20260729_174215/eval/thubenchmark_tsception_seed43_rpcf_at_autoattack_rank25-30.pth
thubenchmark,tsception,43,rpcf_at,autoattack,subset_n512,25,robust,0.484375,purified_data/exp031/exp031_full_20260729_174215/eval/thubenchmark_tsception_seed43_rpcf_at_autoattack_rank25-30.pth
thubenchmark,tsception,43,rpcf_at,autoattack,subset_n512,30,clean,0.76953125,purified_data/exp031/exp031_full_20260729_174215/eval/thubenchmark_tsception_seed43_rpcf_at_autoattack_rank25-30.pth
thubenchmark,tsception,43,rpcf_at,autoattack,subset_n512,30,robust,0.46484375,purified_data/exp031/exp031_full_20260729_174215/eval/thubenchmark_tsception_seed43_rpcf_at_autoattack_rank25-30.pth
thubenchmark,tsception,43,rpcf_at,fgsm,subset_n512,raw,clean,0.798828125,purified_data/exp031/exp031_full_20260729_174215/eval/thubenchmark_tsception_seed43_rpcf_at_fgsm_rank25-30.pth
thubenchmark,tsception,43,rpcf_at,fgsm,subset_n512,raw,robust,0.4453125,purified_data/exp031/exp031_full_20260729_174215/eval/thubenchmark_tsception_seed43_rpcf_at_fgsm_rank25-30.pth
thubenchmark,tsception,43,rpcf_at,fgsm,subset_n512,25,clean,0.75390625,purified_data/exp031/exp031_full_20260729_174215/eval/thubenchmark_tsception_seed43_rpcf_at_fgsm_rank25-30.pth
thubenchmark,tsception,43,rpcf_at,fgsm,subset_n512,25,robust,0.509765625,purified_data/exp031/exp031_full_20260729_174215/eval/thubenchmark_tsception_seed43_rpcf_at_fgsm_rank25-30.pth
thubenchmark,tsception,43,rpcf_at,fgsm,subset_n512,30,clean,0.76953125,purified_data/exp031/exp031_full_20260729_174215/eval/thubenchmark_tsception_seed43_rpcf_at_fgsm_rank25-30.pth
thubenchmark,tsception,43,rpcf_at,fgsm,subset_n512,30,robust,0.498046875,purified_data/exp031/exp031_full_20260729_174215/eval/thubenchmark_tsception_seed43_rpcf_at_fgsm_rank25-30.pth
thubenchmark,tsception,43,rpcf_at,pgd,subset_n512,raw,clean,0.798828125,purified_data/exp031/exp031_full_20260729_174215/eval/thubenchmark_tsception_seed43_rpcf_at_pgd_rank25-30.pth
thubenchmark,tsception,43,rpcf_at,pgd,subset_n512,raw,robust,0.369140625,purified_data/exp031/exp031_full_20260729_174215/eval/thubenchmark_tsception_seed43_rpcf_at_pgd_rank25-30.pth
thubenchmark,tsception,43,rpcf_at,pgd,subset_n512,25,clean,0.75390625,purified_data/exp031/exp031_full_20260729_174215/eval/thubenchmark_tsception_seed43_rpcf_at_pgd_rank25-30.pth
thubenchmark,tsception,43,rpcf_at,pgd,subset_n512,25,robust,0.46875,purified_data/exp031/exp031_full_20260729_174215/eval/thubenchmark_tsception_seed43_rpcf_at_pgd_rank25-30.pth
thubenchmark,tsception,43,rpcf_at,pgd,subset_n512,30,clean,0.76953125,purified_data/exp031/exp031_full_20260729_174215/eval/thubenchmark_tsception_seed43_rpcf_at_pgd_rank25-30.pth
thubenchmark,tsception,43,rpcf_at,pgd,subset_n512,30,robust,0.451171875,purified_data/exp031/exp031_full_20260729_174215/eval/thubenchmark_tsception_seed43_rpcf_at_pgd_rank25-30.pth
thubenchmark,tsception,43,rpcf_at,cw,subset_n512,raw,clean,0.798828125,purified_data/exp031/exp031_full_20260729_174215/eval/thubenchmark_tsception_seed43_rpcf_at_cw_rank25-30.pth
thubenchmark,tsception,43,rpcf_at,cw,subset_n512,raw,robust,0.005859375,purified_data/exp031/exp031_full_20260729_174215/eval/thubenchmark_tsception_seed43_rpcf_at_cw_rank25-30.pth
thubenchmark,tsception,43,rpcf_at,cw,subset_n512,25,clean,0.75390625,purified_data/exp031/exp031_full_20260729_174215/eval/thubenchmark_tsception_seed43_rpcf_at_cw_rank25-30.pth
thubenchmark,tsception,43,rpcf_at,cw,subset_n512,25,robust,0.1484375,purified_data/exp031/exp031_full_20260729_174215/eval/thubenchmark_tsception_seed43_rpcf_at_cw_rank25-30.pth
thubenchmark,tsception,43,rpcf_at,cw,subset_n512,30,clean,0.76953125,purified_data/exp031/exp031_full_20260729_174215/eval/thubenchmark_tsception_seed43_rpcf_at_cw_rank25-30.pth
thubenchmark,tsception,43,rpcf_at,cw,subset_n512,30,robust,0.107421875,purified_data/exp031/exp031_full_20260729_174215/eval/thubenchmark_tsception_seed43_rpcf_at_cw_rank25-30.pth
thubenchmark,tsception,44,madry,autoattack,subset_n512,raw,clean,0.765625,purified_data/exp031/exp031_full_20260729_174215/eval/thubenchmark_tsception_seed44_madry_autoattack_rank25-30.pth
thubenchmark,tsception,44,madry,autoattack,subset_n512,raw,robust,0.341796875,purified_data/exp031/exp031_full_20260729_174215/eval/thubenchmark_tsception_seed44_madry_autoattack_rank25-30.pth
thubenchmark,tsception,44,madry,autoattack,subset_n512,25,clean,0.724609375,purified_data/exp031/exp031_full_20260729_174215/eval/thubenchmark_tsception_seed44_madry_autoattack_rank25-30.pth
thubenchmark,tsception,44,madry,autoattack,subset_n512,25,robust,0.48046875,purified_data/exp031/exp031_full_20260729_174215/eval/thubenchmark_tsception_seed44_madry_autoattack_rank25-30.pth
thubenchmark,tsception,44,madry,autoattack,subset_n512,30,clean,0.734375,purified_data/exp031/exp031_full_20260729_174215/eval/thubenchmark_tsception_seed44_madry_autoattack_rank25-30.pth
thubenchmark,tsception,44,madry,autoattack,subset_n512,30,robust,0.47265625,purified_data/exp031/exp031_full_20260729_174215/eval/thubenchmark_tsception_seed44_madry_autoattack_rank25-30.pth
thubenchmark,tsception,44,madry,fgsm,subset_n512,raw,clean,0.765625,purified_data/exp031/exp031_full_20260729_174215/eval/thubenchmark_tsception_seed44_madry_fgsm_rank25-30.pth
thubenchmark,tsception,44,madry,fgsm,subset_n512,raw,robust,0.478515625,purified_data/exp031/exp031_full_20260729_174215/eval/thubenchmark_tsception_seed44_madry_fgsm_rank25-30.pth
thubenchmark,tsception,44,madry,fgsm,subset_n512,25,clean,0.724609375,purified_data/exp031/exp031_full_20260729_174215/eval/thubenchmark_tsception_seed44_madry_fgsm_rank25-30.pth
thubenchmark,tsception,44,madry,fgsm,subset_n512,25,robust,0.505859375,purified_data/exp031/exp031_full_20260729_174215/eval/thubenchmark_tsception_seed44_madry_fgsm_rank25-30.pth
thubenchmark,tsception,44,madry,fgsm,subset_n512,30,clean,0.734375,purified_data/exp031/exp031_full_20260729_174215/eval/thubenchmark_tsception_seed44_madry_fgsm_rank25-30.pth
thubenchmark,tsception,44,madry,fgsm,subset_n512,30,robust,0.515625,purified_data/exp031/exp031_full_20260729_174215/eval/thubenchmark_tsception_seed44_madry_fgsm_rank25-30.pth
thubenchmark,tsception,44,madry,pgd,subset_n512,raw,clean,0.765625,purified_data/exp031/exp031_full_20260729_174215/eval/thubenchmark_tsception_seed44_madry_pgd_rank25-30.pth
thubenchmark,tsception,44,madry,pgd,subset_n512,raw,robust,0.3828125,purified_data/exp031/exp031_full_20260729_174215/eval/thubenchmark_tsception_seed44_madry_pgd_rank25-30.pth
thubenchmark,tsception,44,madry,pgd,subset_n512,25,clean,0.724609375,purified_data/exp031/exp031_full_20260729_174215/eval/thubenchmark_tsception_seed44_madry_pgd_rank25-30.pth
thubenchmark,tsception,44,madry,pgd,subset_n512,25,robust,0.466796875,purified_data/exp031/exp031_full_20260729_174215/eval/thubenchmark_tsception_seed44_madry_pgd_rank25-30.pth
thubenchmark,tsception,44,madry,pgd,subset_n512,30,clean,0.734375,purified_data/exp031/exp031_full_20260729_174215/eval/thubenchmark_tsception_seed44_madry_pgd_rank25-30.pth
thubenchmark,tsception,44,madry,pgd,subset_n512,30,robust,0.462890625,purified_data/exp031/exp031_full_20260729_174215/eval/thubenchmark_tsception_seed44_madry_pgd_rank25-30.pth
thubenchmark,tsception,44,madry,cw,subset_n512,raw,clean,0.765625,purified_data/exp031/exp031_full_20260729_174215/eval/thubenchmark_tsception_seed44_madry_cw_rank25-30.pth
thubenchmark,tsception,44,madry,cw,subset_n512,raw,robust,0.00390625,purified_data/exp031/exp031_full_20260729_174215/eval/thubenchmark_tsception_seed44_madry_cw_rank25-30.pth
thubenchmark,tsception,44,madry,cw,subset_n512,25,clean,0.724609375,purified_data/exp031/exp031_full_20260729_174215/eval/thubenchmark_tsception_seed44_madry_cw_rank25-30.pth
thubenchmark,tsception,44,madry,cw,subset_n512,25,robust,0.1796875,purified_data/exp031/exp031_full_20260729_174215/eval/thubenchmark_tsception_seed44_madry_cw_rank25-30.pth
thubenchmark,tsception,44,madry,cw,subset_n512,30,clean,0.734375,purified_data/exp031/exp031_full_20260729_174215/eval/thubenchmark_tsception_seed44_madry_cw_rank25-30.pth
thubenchmark,tsception,44,madry,cw,subset_n512,30,robust,0.115234375,purified_data/exp031/exp031_full_20260729_174215/eval/thubenchmark_tsception_seed44_madry_cw_rank25-30.pth
thubenchmark,tsception,44,rpcf_at,autoattack,subset_n512,raw,clean,0.783203125,purified_data/exp031/exp031_full_20260729_174215/eval/thubenchmark_tsception_seed44_rpcf_at_autoattack_rank25-30.pth
thubenchmark,tsception,44,rpcf_at,autoattack,subset_n512,raw,robust,0.322265625,purified_data/exp031/exp031_full_20260729_174215/eval/thubenchmark_tsception_seed44_rpcf_at_autoattack_rank25-30.pth
thubenchmark,tsception,44,rpcf_at,autoattack,subset_n512,25,clean,0.744140625,purified_data/exp031/exp031_full_20260729_174215/eval/thubenchmark_tsception_seed44_rpcf_at_autoattack_rank25-30.pth
thubenchmark,tsception,44,rpcf_at,autoattack,subset_n512,25,robust,0.466796875,purified_data/exp031/exp031_full_20260729_174215/eval/thubenchmark_tsception_seed44_rpcf_at_autoattack_rank25-30.pth
thubenchmark,tsception,44,rpcf_at,autoattack,subset_n512,30,clean,0.755859375,purified_data/exp031/exp031_full_20260729_174215/eval/thubenchmark_tsception_seed44_rpcf_at_autoattack_rank25-30.pth
thubenchmark,tsception,44,rpcf_at,autoattack,subset_n512,30,robust,0.451171875,purified_data/exp031/exp031_full_20260729_174215/eval/thubenchmark_tsception_seed44_rpcf_at_autoattack_rank25-30.pth
thubenchmark,tsception,44,rpcf_at,fgsm,subset_n512,raw,clean,0.783203125,purified_data/exp031/exp031_full_20260729_174215/eval/thubenchmark_tsception_seed44_rpcf_at_fgsm_rank25-30.pth
thubenchmark,tsception,44,rpcf_at,fgsm,subset_n512,raw,robust,0.435546875,purified_data/exp031/exp031_full_20260729_174215/eval/thubenchmark_tsception_seed44_rpcf_at_fgsm_rank25-30.pth
thubenchmark,tsception,44,rpcf_at,fgsm,subset_n512,25,clean,0.744140625,purified_data/exp031/exp031_full_20260729_174215/eval/thubenchmark_tsception_seed44_rpcf_at_fgsm_rank25-30.pth
thubenchmark,tsception,44,rpcf_at,fgsm,subset_n512,25,robust,0.490234375,purified_data/exp031/exp031_full_20260729_174215/eval/thubenchmark_tsception_seed44_rpcf_at_fgsm_rank25-30.pth
thubenchmark,tsception,44,rpcf_at,fgsm,subset_n512,30,clean,0.755859375,purified_data/exp031/exp031_full_20260729_174215/eval/thubenchmark_tsception_seed44_rpcf_at_fgsm_rank25-30.pth
thubenchmark,tsception,44,rpcf_at,fgsm,subset_n512,30,robust,0.48828125,purified_data/exp031/exp031_full_20260729_174215/eval/thubenchmark_tsception_seed44_rpcf_at_fgsm_rank25-30.pth
thubenchmark,tsception,44,rpcf_at,pgd,subset_n512,raw,clean,0.783203125,purified_data/exp031/exp031_full_20260729_174215/eval/thubenchmark_tsception_seed44_rpcf_at_pgd_rank25-30.pth
thubenchmark,tsception,44,rpcf_at,pgd,subset_n512,raw,robust,0.345703125,purified_data/exp031/exp031_full_20260729_174215/eval/thubenchmark_tsception_seed44_rpcf_at_pgd_rank25-30.pth
thubenchmark,tsception,44,rpcf_at,pgd,subset_n512,25,clean,0.744140625,purified_data/exp031/exp031_full_20260729_174215/eval/thubenchmark_tsception_seed44_rpcf_at_pgd_rank25-30.pth
thubenchmark,tsception,44,rpcf_at,pgd,subset_n512,25,robust,0.4453125,purified_data/exp031/exp031_full_20260729_174215/eval/thubenchmark_tsception_seed44_rpcf_at_pgd_rank25-30.pth
thubenchmark,tsception,44,rpcf_at,pgd,subset_n512,30,clean,0.755859375,purified_data/exp031/exp031_full_20260729_174215/eval/thubenchmark_tsception_seed44_rpcf_at_pgd_rank25-30.pth
thubenchmark,tsception,44,rpcf_at,pgd,subset_n512,30,robust,0.4375,purified_data/exp031/exp031_full_20260729_174215/eval/thubenchmark_tsception_seed44_rpcf_at_pgd_rank25-30.pth
thubenchmark,tsception,44,rpcf_at,cw,subset_n512,raw,clean,0.783203125,purified_data/exp031/exp031_full_20260729_174215/eval/thubenchmark_tsception_seed44_rpcf_at_cw_rank25-30.pth
thubenchmark,tsception,44,rpcf_at,cw,subset_n512,raw,robust,0.005859375,purified_data/exp031/exp031_full_20260729_174215/eval/thubenchmark_tsception_seed44_rpcf_at_cw_rank25-30.pth
thubenchmark,tsception,44,rpcf_at,cw,subset_n512,25,clean,0.744140625,purified_data/exp031/exp031_full_20260729_174215/eval/thubenchmark_tsception_seed44_rpcf_at_cw_rank25-30.pth
thubenchmark,tsception,44,rpcf_at,cw,subset_n512,25,robust,0.15625,purified_data/exp031/exp031_full_20260729_174215/eval/thubenchmark_tsception_seed44_rpcf_at_cw_rank25-30.pth
thubenchmark,tsception,44,rpcf_at,cw,subset_n512,30,clean,0.755859375,purified_data/exp031/exp031_full_20260729_174215/eval/thubenchmark_tsception_seed44_rpcf_at_cw_rank25-30.pth
thubenchmark,tsception,44,rpcf_at,cw,subset_n512,30,robust,0.111328125,purified_data/exp031/exp031_full_20260729_174215/eval/thubenchmark_tsception_seed44_rpcf_at_cw_rank25-30.pth
thubenchmark,tsception,45,madry,autoattack,subset_n512,raw,clean,0.82421875,purified_data/exp031/exp031_full_20260729_174215/eval/thubenchmark_tsception_seed45_madry_autoattack_rank25-30.pth
thubenchmark,tsception,45,madry,autoattack,subset_n512,raw,robust,0.396484375,purified_data/exp031/exp031_full_20260729_174215/eval/thubenchmark_tsception_seed45_madry_autoattack_rank25-30.pth
thubenchmark,tsception,45,madry,autoattack,subset_n512,25,clean,0.73828125,purified_data/exp031/exp031_full_20260729_174215/eval/thubenchmark_tsception_seed45_madry_autoattack_rank25-30.pth
thubenchmark,tsception,45,madry,autoattack,subset_n512,25,robust,0.53515625,purified_data/exp031/exp031_full_20260729_174215/eval/thubenchmark_tsception_seed45_madry_autoattack_rank25-30.pth
thubenchmark,tsception,45,madry,autoattack,subset_n512,30,clean,0.771484375,purified_data/exp031/exp031_full_20260729_174215/eval/thubenchmark_tsception_seed45_madry_autoattack_rank25-30.pth
thubenchmark,tsception,45,madry,autoattack,subset_n512,30,robust,0.494140625,purified_data/exp031/exp031_full_20260729_174215/eval/thubenchmark_tsception_seed45_madry_autoattack_rank25-30.pth
thubenchmark,tsception,45,madry,fgsm,subset_n512,raw,clean,0.82421875,purified_data/exp031/exp031_full_20260729_174215/eval/thubenchmark_tsception_seed45_madry_fgsm_rank25-30.pth
thubenchmark,tsception,45,madry,fgsm,subset_n512,raw,robust,0.5078125,purified_data/exp031/exp031_full_20260729_174215/eval/thubenchmark_tsception_seed45_madry_fgsm_rank25-30.pth
thubenchmark,tsception,45,madry,fgsm,subset_n512,25,clean,0.73828125,purified_data/exp031/exp031_full_20260729_174215/eval/thubenchmark_tsception_seed45_madry_fgsm_rank25-30.pth
thubenchmark,tsception,45,madry,fgsm,subset_n512,25,robust,0.5625,purified_data/exp031/exp031_full_20260729_174215/eval/thubenchmark_tsception_seed45_madry_fgsm_rank25-30.pth
thubenchmark,tsception,45,madry,fgsm,subset_n512,30,clean,0.771484375,purified_data/exp031/exp031_full_20260729_174215/eval/thubenchmark_tsception_seed45_madry_fgsm_rank25-30.pth
thubenchmark,tsception,45,madry,fgsm,subset_n512,30,robust,0.541015625,purified_data/exp031/exp031_full_20260729_174215/eval/thubenchmark_tsception_seed45_madry_fgsm_rank25-30.pth
thubenchmark,tsception,45,madry,pgd,subset_n512,raw,clean,0.82421875,purified_data/exp031/exp031_full_20260729_174215/eval/thubenchmark_tsception_seed45_madry_pgd_rank25-30.pth
thubenchmark,tsception,45,madry,pgd,subset_n512,raw,robust,0.42578125,purified_data/exp031/exp031_full_20260729_174215/eval/thubenchmark_tsception_seed45_madry_pgd_rank25-30.pth
thubenchmark,tsception,45,madry,pgd,subset_n512,25,clean,0.73828125,purified_data/exp031/exp031_full_20260729_174215/eval/thubenchmark_tsception_seed45_madry_pgd_rank25-30.pth
thubenchmark,tsception,45,madry,pgd,subset_n512,25,robust,0.517578125,purified_data/exp031/exp031_full_20260729_174215/eval/thubenchmark_tsception_seed45_madry_pgd_rank25-30.pth
thubenchmark,tsception,45,madry,pgd,subset_n512,30,clean,0.771484375,purified_data/exp031/exp031_full_20260729_174215/eval/thubenchmark_tsception_seed45_madry_pgd_rank25-30.pth
thubenchmark,tsception,45,madry,pgd,subset_n512,30,robust,0.494140625,purified_data/exp031/exp031_full_20260729_174215/eval/thubenchmark_tsception_seed45_madry_pgd_rank25-30.pth
thubenchmark,tsception,45,madry,cw,subset_n512,raw,clean,0.82421875,purified_data/exp031/exp031_full_20260729_174215/eval/thubenchmark_tsception_seed45_madry_cw_rank25-30.pth
thubenchmark,tsception,45,madry,cw,subset_n512,raw,robust,0.001953125,purified_data/exp031/exp031_full_20260729_174215/eval/thubenchmark_tsception_seed45_madry_cw_rank25-30.pth
thubenchmark,tsception,45,madry,cw,subset_n512,25,clean,0.73828125,purified_data/exp031/exp031_full_20260729_174215/eval/thubenchmark_tsception_seed45_madry_cw_rank25-30.pth
thubenchmark,tsception,45,madry,cw,subset_n512,25,robust,0.177734375,purified_data/exp031/exp031_full_20260729_174215/eval/thubenchmark_tsception_seed45_madry_cw_rank25-30.pth
thubenchmark,tsception,45,madry,cw,subset_n512,30,clean,0.771484375,purified_data/exp031/exp031_full_20260729_174215/eval/thubenchmark_tsception_seed45_madry_cw_rank25-30.pth
thubenchmark,tsception,45,madry,cw,subset_n512,30,robust,0.123046875,purified_data/exp031/exp031_full_20260729_174215/eval/thubenchmark_tsception_seed45_madry_cw_rank25-30.pth
thubenchmark,tsception,45,rpcf_at,autoattack,subset_n512,raw,clean,0.794921875,purified_data/exp031/exp031_full_20260729_174215/eval/thubenchmark_tsception_seed45_rpcf_at_autoattack_rank25-30.pth
thubenchmark,tsception,45,rpcf_at,autoattack,subset_n512,raw,robust,0.376953125,purified_data/exp031/exp031_full_20260729_174215/eval/thubenchmark_tsception_seed45_rpcf_at_autoattack_rank25-30.pth
thubenchmark,tsception,45,rpcf_at,autoattack,subset_n512,25,clean,0.740234375,purified_data/exp031/exp031_full_20260729_174215/eval/thubenchmark_tsception_seed45_rpcf_at_autoattack_rank25-30.pth
thubenchmark,tsception,45,rpcf_at,autoattack,subset_n512,25,robust,0.484375,purified_data/exp031/exp031_full_20260729_174215/eval/thubenchmark_tsception_seed45_rpcf_at_autoattack_rank25-30.pth
thubenchmark,tsception,45,rpcf_at,autoattack,subset_n512,30,clean,0.74609375,purified_data/exp031/exp031_full_20260729_174215/eval/thubenchmark_tsception_seed45_rpcf_at_autoattack_rank25-30.pth
thubenchmark,tsception,45,rpcf_at,autoattack,subset_n512,30,robust,0.4609375,purified_data/exp031/exp031_full_20260729_174215/eval/thubenchmark_tsception_seed45_rpcf_at_autoattack_rank25-30.pth
thubenchmark,tsception,45,rpcf_at,fgsm,subset_n512,raw,clean,0.794921875,purified_data/exp031/exp031_full_20260729_174215/eval/thubenchmark_tsception_seed45_rpcf_at_fgsm_rank25-30.pth
thubenchmark,tsception,45,rpcf_at,fgsm,subset_n512,raw,robust,0.478515625,purified_data/exp031/exp031_full_20260729_174215/eval/thubenchmark_tsception_seed45_rpcf_at_fgsm_rank25-30.pth
thubenchmark,tsception,45,rpcf_at,fgsm,subset_n512,25,clean,0.740234375,purified_data/exp031/exp031_full_20260729_174215/eval/thubenchmark_tsception_seed45_rpcf_at_fgsm_rank25-30.pth
thubenchmark,tsception,45,rpcf_at,fgsm,subset_n512,25,robust,0.5,purified_data/exp031/exp031_full_20260729_174215/eval/thubenchmark_tsception_seed45_rpcf_at_fgsm_rank25-30.pth
thubenchmark,tsception,45,rpcf_at,fgsm,subset_n512,30,clean,0.74609375,purified_data/exp031/exp031_full_20260729_174215/eval/thubenchmark_tsception_seed45_rpcf_at_fgsm_rank25-30.pth
thubenchmark,tsception,45,rpcf_at,fgsm,subset_n512,30,robust,0.486328125,purified_data/exp031/exp031_full_20260729_174215/eval/thubenchmark_tsception_seed45_rpcf_at_fgsm_rank25-30.pth
thubenchmark,tsception,45,rpcf_at,pgd,subset_n512,raw,clean,0.794921875,purified_data/exp031/exp031_full_20260729_174215/eval/thubenchmark_tsception_seed45_rpcf_at_pgd_rank25-30.pth
thubenchmark,tsception,45,rpcf_at,pgd,subset_n512,raw,robust,0.3984375,purified_data/exp031/exp031_full_20260729_174215/eval/thubenchmark_tsception_seed45_rpcf_at_pgd_rank25-30.pth
thubenchmark,tsception,45,rpcf_at,pgd,subset_n512,25,clean,0.740234375,purified_data/exp031/exp031_full_20260729_174215/eval/thubenchmark_tsception_seed45_rpcf_at_pgd_rank25-30.pth
thubenchmark,tsception,45,rpcf_at,pgd,subset_n512,25,robust,0.474609375,purified_data/exp031/exp031_full_20260729_174215/eval/thubenchmark_tsception_seed45_rpcf_at_pgd_rank25-30.pth
thubenchmark,tsception,45,rpcf_at,pgd,subset_n512,30,clean,0.74609375,purified_data/exp031/exp031_full_20260729_174215/eval/thubenchmark_tsception_seed45_rpcf_at_pgd_rank25-30.pth
thubenchmark,tsception,45,rpcf_at,pgd,subset_n512,30,robust,0.451171875,purified_data/exp031/exp031_full_20260729_174215/eval/thubenchmark_tsception_seed45_rpcf_at_pgd_rank25-30.pth
thubenchmark,tsception,45,rpcf_at,cw,subset_n512,raw,clean,0.794921875,purified_data/exp031/exp031_full_20260729_174215/eval/thubenchmark_tsception_seed45_rpcf_at_cw_rank25-30.pth
thubenchmark,tsception,45,rpcf_at,cw,subset_n512,raw,robust,0.005859375,purified_data/exp031/exp031_full_20260729_174215/eval/thubenchmark_tsception_seed45_rpcf_at_cw_rank25-30.pth
thubenchmark,tsception,45,rpcf_at,cw,subset_n512,25,clean,0.740234375,purified_data/exp031/exp031_full_20260729_174215/eval/thubenchmark_tsception_seed45_rpcf_at_cw_rank25-30.pth
thubenchmark,tsception,45,rpcf_at,cw,subset_n512,25,robust,0.173828125,purified_data/exp031/exp031_full_20260729_174215/eval/thubenchmark_tsception_seed45_rpcf_at_cw_rank25-30.pth
thubenchmark,tsception,45,rpcf_at,cw,subset_n512,30,clean,0.74609375,purified_data/exp031/exp031_full_20260729_174215/eval/thubenchmark_tsception_seed45_rpcf_at_cw_rank25-30.pth
thubenchmark,tsception,45,rpcf_at,cw,subset_n512,30,robust,0.1171875,purified_data/exp031/exp031_full_20260729_174215/eval/thubenchmark_tsception_seed45_rpcf_at_cw_rank25-30.pth
thubenchmark,tsception,46,madry,autoattack,subset_n512,raw,clean,0.806640625,purified_data/exp031/exp031_full_20260729_174215/eval/thubenchmark_tsception_seed46_madry_autoattack_rank25-30.pth
thubenchmark,tsception,46,madry,autoattack,subset_n512,raw,robust,0.333984375,purified_data/exp031/exp031_full_20260729_174215/eval/thubenchmark_tsception_seed46_madry_autoattack_rank25-30.pth
thubenchmark,tsception,46,madry,autoattack,subset_n512,25,clean,0.744140625,purified_data/exp031/exp031_full_20260729_174215/eval/thubenchmark_tsception_seed46_madry_autoattack_rank25-30.pth
thubenchmark,tsception,46,madry,autoattack,subset_n512,25,robust,0.482421875,purified_data/exp031/exp031_full_20260729_174215/eval/thubenchmark_tsception_seed46_madry_autoattack_rank25-30.pth
thubenchmark,tsception,46,madry,autoattack,subset_n512,30,clean,0.75390625,purified_data/exp031/exp031_full_20260729_174215/eval/thubenchmark_tsception_seed46_madry_autoattack_rank25-30.pth
thubenchmark,tsception,46,madry,autoattack,subset_n512,30,robust,0.45703125,purified_data/exp031/exp031_full_20260729_174215/eval/thubenchmark_tsception_seed46_madry_autoattack_rank25-30.pth
thubenchmark,tsception,46,madry,fgsm,subset_n512,raw,clean,0.806640625,purified_data/exp031/exp031_full_20260729_174215/eval/thubenchmark_tsception_seed46_madry_fgsm_rank25-30.pth
thubenchmark,tsception,46,madry,fgsm,subset_n512,raw,robust,0.453125,purified_data/exp031/exp031_full_20260729_174215/eval/thubenchmark_tsception_seed46_madry_fgsm_rank25-30.pth
thubenchmark,tsception,46,madry,fgsm,subset_n512,25,clean,0.744140625,purified_data/exp031/exp031_full_20260729_174215/eval/thubenchmark_tsception_seed46_madry_fgsm_rank25-30.pth
thubenchmark,tsception,46,madry,fgsm,subset_n512,25,robust,0.509765625,purified_data/exp031/exp031_full_20260729_174215/eval/thubenchmark_tsception_seed46_madry_fgsm_rank25-30.pth
thubenchmark,tsception,46,madry,fgsm,subset_n512,30,clean,0.75390625,purified_data/exp031/exp031_full_20260729_174215/eval/thubenchmark_tsception_seed46_madry_fgsm_rank25-30.pth
thubenchmark,tsception,46,madry,fgsm,subset_n512,30,robust,0.51171875,purified_data/exp031/exp031_full_20260729_174215/eval/thubenchmark_tsception_seed46_madry_fgsm_rank25-30.pth
thubenchmark,tsception,46,madry,pgd,subset_n512,raw,clean,0.806640625,purified_data/exp031/exp031_full_20260729_174215/eval/thubenchmark_tsception_seed46_madry_pgd_rank25-30.pth
thubenchmark,tsception,46,madry,pgd,subset_n512,raw,robust,0.373046875,purified_data/exp031/exp031_full_20260729_174215/eval/thubenchmark_tsception_seed46_madry_pgd_rank25-30.pth
thubenchmark,tsception,46,madry,pgd,subset_n512,25,clean,0.744140625,purified_data/exp031/exp031_full_20260729_174215/eval/thubenchmark_tsception_seed46_madry_pgd_rank25-30.pth
thubenchmark,tsception,46,madry,pgd,subset_n512,25,robust,0.470703125,purified_data/exp031/exp031_full_20260729_174215/eval/thubenchmark_tsception_seed46_madry_pgd_rank25-30.pth
thubenchmark,tsception,46,madry,pgd,subset_n512,30,clean,0.75390625,purified_data/exp031/exp031_full_20260729_174215/eval/thubenchmark_tsception_seed46_madry_pgd_rank25-30.pth
thubenchmark,tsception,46,madry,pgd,subset_n512,30,robust,0.44921875,purified_data/exp031/exp031_full_20260729_174215/eval/thubenchmark_tsception_seed46_madry_pgd_rank25-30.pth
thubenchmark,tsception,46,madry,cw,subset_n512,raw,clean,0.806640625,purified_data/exp031/exp031_full_20260729_174215/eval/thubenchmark_tsception_seed46_madry_cw_rank25-30.pth
thubenchmark,tsception,46,madry,cw,subset_n512,raw,robust,0.0,purified_data/exp031/exp031_full_20260729_174215/eval/thubenchmark_tsception_seed46_madry_cw_rank25-30.pth
thubenchmark,tsception,46,madry,cw,subset_n512,25,clean,0.744140625,purified_data/exp031/exp031_full_20260729_174215/eval/thubenchmark_tsception_seed46_madry_cw_rank25-30.pth
thubenchmark,tsception,46,madry,cw,subset_n512,25,robust,0.11328125,purified_data/exp031/exp031_full_20260729_174215/eval/thubenchmark_tsception_seed46_madry_cw_rank25-30.pth
thubenchmark,tsception,46,madry,cw,subset_n512,30,clean,0.75390625,purified_data/exp031/exp031_full_20260729_174215/eval/thubenchmark_tsception_seed46_madry_cw_rank25-30.pth
thubenchmark,tsception,46,madry,cw,subset_n512,30,robust,0.076171875,purified_data/exp031/exp031_full_20260729_174215/eval/thubenchmark_tsception_seed46_madry_cw_rank25-30.pth
thubenchmark,tsception,46,rpcf_at,autoattack,subset_n512,raw,clean,0.80859375,purified_data/exp031/exp031_full_20260729_174215/eval/thubenchmark_tsception_seed46_rpcf_at_autoattack_rank25-30.pth
thubenchmark,tsception,46,rpcf_at,autoattack,subset_n512,raw,robust,0.3203125,purified_data/exp031/exp031_full_20260729_174215/eval/thubenchmark_tsception_seed46_rpcf_at_autoattack_rank25-30.pth
thubenchmark,tsception,46,rpcf_at,autoattack,subset_n512,25,clean,0.759765625,purified_data/exp031/exp031_full_20260729_174215/eval/thubenchmark_tsception_seed46_rpcf_at_autoattack_rank25-30.pth
thubenchmark,tsception,46,rpcf_at,autoattack,subset_n512,25,robust,0.50390625,purified_data/exp031/exp031_full_20260729_174215/eval/thubenchmark_tsception_seed46_rpcf_at_autoattack_rank25-30.pth
thubenchmark,tsception,46,rpcf_at,autoattack,subset_n512,30,clean,0.759765625,purified_data/exp031/exp031_full_20260729_174215/eval/thubenchmark_tsception_seed46_rpcf_at_autoattack_rank25-30.pth
thubenchmark,tsception,46,rpcf_at,autoattack,subset_n512,30,robust,0.466796875,purified_data/exp031/exp031_full_20260729_174215/eval/thubenchmark_tsception_seed46_rpcf_at_autoattack_rank25-30.pth
thubenchmark,tsception,46,rpcf_at,fgsm,subset_n512,raw,clean,0.80859375,purified_data/exp031/exp031_full_20260729_174215/eval/thubenchmark_tsception_seed46_rpcf_at_fgsm_rank25-30.pth
thubenchmark,tsception,46,rpcf_at,fgsm,subset_n512,raw,robust,0.455078125,purified_data/exp031/exp031_full_20260729_174215/eval/thubenchmark_tsception_seed46_rpcf_at_fgsm_rank25-30.pth
thubenchmark,tsception,46,rpcf_at,fgsm,subset_n512,25,clean,0.759765625,purified_data/exp031/exp031_full_20260729_174215/eval/thubenchmark_tsception_seed46_rpcf_at_fgsm_rank25-30.pth
thubenchmark,tsception,46,rpcf_at,fgsm,subset_n512,25,robust,0.53125,purified_data/exp031/exp031_full_20260729_174215/eval/thubenchmark_tsception_seed46_rpcf_at_fgsm_rank25-30.pth
thubenchmark,tsception,46,rpcf_at,fgsm,subset_n512,30,clean,0.759765625,purified_data/exp031/exp031_full_20260729_174215/eval/thubenchmark_tsception_seed46_rpcf_at_fgsm_rank25-30.pth
thubenchmark,tsception,46,rpcf_at,fgsm,subset_n512,30,robust,0.505859375,purified_data/exp031/exp031_full_20260729_174215/eval/thubenchmark_tsception_seed46_rpcf_at_fgsm_rank25-30.pth
thubenchmark,tsception,46,rpcf_at,pgd,subset_n512,raw,clean,0.80859375,purified_data/exp031/exp031_full_20260729_174215/eval/thubenchmark_tsception_seed46_rpcf_at_pgd_rank25-30.pth
thubenchmark,tsception,46,rpcf_at,pgd,subset_n512,raw,robust,0.337890625,purified_data/exp031/exp031_full_20260729_174215/eval/thubenchmark_tsception_seed46_rpcf_at_pgd_rank25-30.pth
thubenchmark,tsception,46,rpcf_at,pgd,subset_n512,25,clean,0.759765625,purified_data/exp031/exp031_full_20260729_174215/eval/thubenchmark_tsception_seed46_rpcf_at_pgd_rank25-30.pth
thubenchmark,tsception,46,rpcf_at,pgd,subset_n512,25,robust,0.470703125,purified_data/exp031/exp031_full_20260729_174215/eval/thubenchmark_tsception_seed46_rpcf_at_pgd_rank25-30.pth
thubenchmark,tsception,46,rpcf_at,pgd,subset_n512,30,clean,0.759765625,purified_data/exp031/exp031_full_20260729_174215/eval/thubenchmark_tsception_seed46_rpcf_at_pgd_rank25-30.pth
thubenchmark,tsception,46,rpcf_at,pgd,subset_n512,30,robust,0.458984375,purified_data/exp031/exp031_full_20260729_174215/eval/thubenchmark_tsception_seed46_rpcf_at_pgd_rank25-30.pth
thubenchmark,tsception,46,rpcf_at,cw,subset_n512,raw,clean,0.80859375,purified_data/exp031/exp031_full_20260729_174215/eval/thubenchmark_tsception_seed46_rpcf_at_cw_rank25-30.pth
thubenchmark,tsception,46,rpcf_at,cw,subset_n512,raw,robust,0.00390625,purified_data/exp031/exp031_full_20260729_174215/eval/thubenchmark_tsception_seed46_rpcf_at_cw_rank25-30.pth
thubenchmark,tsception,46,rpcf_at,cw,subset_n512,25,clean,0.759765625,purified_data/exp031/exp031_full_20260729_174215/eval/thubenchmark_tsception_seed46_rpcf_at_cw_rank25-30.pth
thubenchmark,tsception,46,rpcf_at,cw,subset_n512,25,robust,0.14453125,purified_data/exp031/exp031_full_20260729_174215/eval/thubenchmark_tsception_seed46_rpcf_at_cw_rank25-30.pth
thubenchmark,tsception,46,rpcf_at,cw,subset_n512,30,clean,0.759765625,purified_data/exp031/exp031_full_20260729_174215/eval/thubenchmark_tsception_seed46_rpcf_at_cw_rank25-30.pth
thubenchmark,tsception,46,rpcf_at,cw,subset_n512,30,robust,0.08984375,purified_data/exp031/exp031_full_20260729_174215/eval/thubenchmark_tsception_seed46_rpcf_at_cw_rank25-30.pth
thubenchmark,atcnet,42,madry,autoattack,subset_n512,raw,clean,0.953125,purified_data/exp031/exp031_full_20260729_174215/eval/thubenchmark_atcnet_seed42_madry_autoattack_rank25-30.pth
thubenchmark,atcnet,42,madry,autoattack,subset_n512,raw,robust,0.87890625,purified_data/exp031/exp031_full_20260729_174215/eval/thubenchmark_atcnet_seed42_madry_autoattack_rank25-30.pth
thubenchmark,atcnet,42,madry,autoattack,subset_n512,25,clean,0.923828125,purified_data/exp031/exp031_full_20260729_174215/eval/thubenchmark_atcnet_seed42_madry_autoattack_rank25-30.pth
thubenchmark,atcnet,42,madry,autoattack,subset_n512,25,robust,0.890625,purified_data/exp031/exp031_full_20260729_174215/eval/thubenchmark_atcnet_seed42_madry_autoattack_rank25-30.pth
thubenchmark,atcnet,42,madry,autoattack,subset_n512,30,clean,0.947265625,purified_data/exp031/exp031_full_20260729_174215/eval/thubenchmark_atcnet_seed42_madry_autoattack_rank25-30.pth
thubenchmark,atcnet,42,madry,autoattack,subset_n512,30,robust,0.88671875,purified_data/exp031/exp031_full_20260729_174215/eval/thubenchmark_atcnet_seed42_madry_autoattack_rank25-30.pth
thubenchmark,atcnet,42,madry,fgsm,subset_n512,raw,clean,0.953125,purified_data/exp031/exp031_full_20260729_174215/eval/thubenchmark_atcnet_seed42_madry_fgsm_rank25-30.pth
thubenchmark,atcnet,42,madry,fgsm,subset_n512,raw,robust,0.892578125,purified_data/exp031/exp031_full_20260729_174215/eval/thubenchmark_atcnet_seed42_madry_fgsm_rank25-30.pth
thubenchmark,atcnet,42,madry,fgsm,subset_n512,25,clean,0.923828125,purified_data/exp031/exp031_full_20260729_174215/eval/thubenchmark_atcnet_seed42_madry_fgsm_rank25-30.pth
thubenchmark,atcnet,42,madry,fgsm,subset_n512,25,robust,0.84765625,purified_data/exp031/exp031_full_20260729_174215/eval/thubenchmark_atcnet_seed42_madry_fgsm_rank25-30.pth
thubenchmark,atcnet,42,madry,fgsm,subset_n512,30,clean,0.947265625,purified_data/exp031/exp031_full_20260729_174215/eval/thubenchmark_atcnet_seed42_madry_fgsm_rank25-30.pth
thubenchmark,atcnet,42,madry,fgsm,subset_n512,30,robust,0.859375,purified_data/exp031/exp031_full_20260729_174215/eval/thubenchmark_atcnet_seed42_madry_fgsm_rank25-30.pth
thubenchmark,atcnet,42,madry,pgd,subset_n512,raw,clean,0.953125,purified_data/exp031/exp031_full_20260729_174215/eval/thubenchmark_atcnet_seed42_madry_pgd_rank25-30.pth
thubenchmark,atcnet,42,madry,pgd,subset_n512,raw,robust,0.8828125,purified_data/exp031/exp031_full_20260729_174215/eval/thubenchmark_atcnet_seed42_madry_pgd_rank25-30.pth
thubenchmark,atcnet,42,madry,pgd,subset_n512,25,clean,0.923828125,purified_data/exp031/exp031_full_20260729_174215/eval/thubenchmark_atcnet_seed42_madry_pgd_rank25-30.pth
thubenchmark,atcnet,42,madry,pgd,subset_n512,25,robust,0.853515625,purified_data/exp031/exp031_full_20260729_174215/eval/thubenchmark_atcnet_seed42_madry_pgd_rank25-30.pth
thubenchmark,atcnet,42,madry,pgd,subset_n512,30,clean,0.947265625,purified_data/exp031/exp031_full_20260729_174215/eval/thubenchmark_atcnet_seed42_madry_pgd_rank25-30.pth
thubenchmark,atcnet,42,madry,pgd,subset_n512,30,robust,0.8515625,purified_data/exp031/exp031_full_20260729_174215/eval/thubenchmark_atcnet_seed42_madry_pgd_rank25-30.pth
thubenchmark,atcnet,42,madry,cw,subset_n512,raw,clean,0.953125,purified_data/exp031/exp031_full_20260729_174215/eval/thubenchmark_atcnet_seed42_madry_cw_rank25-30.pth
thubenchmark,atcnet,42,madry,cw,subset_n512,raw,robust,0.0,purified_data/exp031/exp031_full_20260729_174215/eval/thubenchmark_atcnet_seed42_madry_cw_rank25-30.pth
thubenchmark,atcnet,42,madry,cw,subset_n512,25,clean,0.923828125,purified_data/exp031/exp031_full_20260729_174215/eval/thubenchmark_atcnet_seed42_madry_cw_rank25-30.pth
thubenchmark,atcnet,42,madry,cw,subset_n512,25,robust,0.412109375,purified_data/exp031/exp031_full_20260729_174215/eval/thubenchmark_atcnet_seed42_madry_cw_rank25-30.pth
thubenchmark,atcnet,42,madry,cw,subset_n512,30,clean,0.947265625,purified_data/exp031/exp031_full_20260729_174215/eval/thubenchmark_atcnet_seed42_madry_cw_rank25-30.pth
thubenchmark,atcnet,42,madry,cw,subset_n512,30,robust,0.298828125,purified_data/exp031/exp031_full_20260729_174215/eval/thubenchmark_atcnet_seed42_madry_cw_rank25-30.pth
thubenchmark,atcnet,42,rpcf_at,autoattack,subset_n512,raw,clean,0.962890625,purified_data/exp031/exp031_full_20260729_174215/eval/thubenchmark_atcnet_seed42_rpcf_at_autoattack_rank25-30.pth
thubenchmark,atcnet,42,rpcf_at,autoattack,subset_n512,raw,robust,0.88671875,purified_data/exp031/exp031_full_20260729_174215/eval/thubenchmark_atcnet_seed42_rpcf_at_autoattack_rank25-30.pth
thubenchmark,atcnet,42,rpcf_at,autoattack,subset_n512,25,clean,0.939453125,purified_data/exp031/exp031_full_20260729_174215/eval/thubenchmark_atcnet_seed42_rpcf_at_autoattack_rank25-30.pth
thubenchmark,atcnet,42,rpcf_at,autoattack,subset_n512,25,robust,0.890625,purified_data/exp031/exp031_full_20260729_174215/eval/thubenchmark_atcnet_seed42_rpcf_at_autoattack_rank25-30.pth
thubenchmark,atcnet,42,rpcf_at,autoattack,subset_n512,30,clean,0.94140625,purified_data/exp031/exp031_full_20260729_174215/eval/thubenchmark_atcnet_seed42_rpcf_at_autoattack_rank25-30.pth
thubenchmark,atcnet,42,rpcf_at,autoattack,subset_n512,30,robust,0.896484375,purified_data/exp031/exp031_full_20260729_174215/eval/thubenchmark_atcnet_seed42_rpcf_at_autoattack_rank25-30.pth
thubenchmark,atcnet,42,rpcf_at,fgsm,subset_n512,raw,clean,0.962890625,purified_data/exp031/exp031_full_20260729_174215/eval/thubenchmark_atcnet_seed42_rpcf_at_fgsm_rank25-30.pth
thubenchmark,atcnet,42,rpcf_at,fgsm,subset_n512,raw,robust,0.890625,purified_data/exp031/exp031_full_20260729_174215/eval/thubenchmark_atcnet_seed42_rpcf_at_fgsm_rank25-30.pth
thubenchmark,atcnet,42,rpcf_at,fgsm,subset_n512,25,clean,0.939453125,purified_data/exp031/exp031_full_20260729_174215/eval/thubenchmark_atcnet_seed42_rpcf_at_fgsm_rank25-30.pth
thubenchmark,atcnet,42,rpcf_at,fgsm,subset_n512,25,robust,0.86328125,purified_data/exp031/exp031_full_20260729_174215/eval/thubenchmark_atcnet_seed42_rpcf_at_fgsm_rank25-30.pth
thubenchmark,atcnet,42,rpcf_at,fgsm,subset_n512,30,clean,0.94140625,purified_data/exp031/exp031_full_20260729_174215/eval/thubenchmark_atcnet_seed42_rpcf_at_fgsm_rank25-30.pth
thubenchmark,atcnet,42,rpcf_at,fgsm,subset_n512,30,robust,0.869140625,purified_data/exp031/exp031_full_20260729_174215/eval/thubenchmark_atcnet_seed42_rpcf_at_fgsm_rank25-30.pth
thubenchmark,atcnet,42,rpcf_at,pgd,subset_n512,raw,clean,0.962890625,purified_data/exp031/exp031_full_20260729_174215/eval/thubenchmark_atcnet_seed42_rpcf_at_pgd_rank25-30.pth
thubenchmark,atcnet,42,rpcf_at,pgd,subset_n512,raw,robust,0.88671875,purified_data/exp031/exp031_full_20260729_174215/eval/thubenchmark_atcnet_seed42_rpcf_at_pgd_rank25-30.pth
thubenchmark,atcnet,42,rpcf_at,pgd,subset_n512,25,clean,0.939453125,purified_data/exp031/exp031_full_20260729_174215/eval/thubenchmark_atcnet_seed42_rpcf_at_pgd_rank25-30.pth
thubenchmark,atcnet,42,rpcf_at,pgd,subset_n512,25,robust,0.857421875,purified_data/exp031/exp031_full_20260729_174215/eval/thubenchmark_atcnet_seed42_rpcf_at_pgd_rank25-30.pth
thubenchmark,atcnet,42,rpcf_at,pgd,subset_n512,30,clean,0.94140625,purified_data/exp031/exp031_full_20260729_174215/eval/thubenchmark_atcnet_seed42_rpcf_at_pgd_rank25-30.pth
thubenchmark,atcnet,42,rpcf_at,pgd,subset_n512,30,robust,0.861328125,purified_data/exp031/exp031_full_20260729_174215/eval/thubenchmark_atcnet_seed42_rpcf_at_pgd_rank25-30.pth
thubenchmark,atcnet,42,rpcf_at,cw,subset_n512,raw,clean,0.962890625,purified_data/exp031/exp031_full_20260729_174215/eval/thubenchmark_atcnet_seed42_rpcf_at_cw_rank25-30.pth
thubenchmark,atcnet,42,rpcf_at,cw,subset_n512,raw,robust,0.0,purified_data/exp031/exp031_full_20260729_174215/eval/thubenchmark_atcnet_seed42_rpcf_at_cw_rank25-30.pth
thubenchmark,atcnet,42,rpcf_at,cw,subset_n512,25,clean,0.939453125,purified_data/exp031/exp031_full_20260729_174215/eval/thubenchmark_atcnet_seed42_rpcf_at_cw_rank25-30.pth
thubenchmark,atcnet,42,rpcf_at,cw,subset_n512,25,robust,0.400390625,purified_data/exp031/exp031_full_20260729_174215/eval/thubenchmark_atcnet_seed42_rpcf_at_cw_rank25-30.pth
thubenchmark,atcnet,42,rpcf_at,cw,subset_n512,30,clean,0.94140625,purified_data/exp031/exp031_full_20260729_174215/eval/thubenchmark_atcnet_seed42_rpcf_at_cw_rank25-30.pth
thubenchmark,atcnet,42,rpcf_at,cw,subset_n512,30,robust,0.26953125,purified_data/exp031/exp031_full_20260729_174215/eval/thubenchmark_atcnet_seed42_rpcf_at_cw_rank25-30.pth
thubenchmark,atcnet,43,madry,autoattack,subset_n512,raw,clean,0.953125,purified_data/exp031/exp031_full_20260729_174215/eval/thubenchmark_atcnet_seed43_madry_autoattack_rank25-30.pth
thubenchmark,atcnet,43,madry,autoattack,subset_n512,raw,robust,0.845703125,purified_data/exp031/exp031_full_20260729_174215/eval/thubenchmark_atcnet_seed43_madry_autoattack_rank25-30.pth
thubenchmark,atcnet,43,madry,autoattack,subset_n512,25,clean,0.923828125,purified_data/exp031/exp031_full_20260729_174215/eval/thubenchmark_atcnet_seed43_madry_autoattack_rank25-30.pth
thubenchmark,atcnet,43,madry,autoattack,subset_n512,25,robust,0.853515625,purified_data/exp031/exp031_full_20260729_174215/eval/thubenchmark_atcnet_seed43_madry_autoattack_rank25-30.pth
thubenchmark,atcnet,43,madry,autoattack,subset_n512,30,clean,0.9296875,purified_data/exp031/exp031_full_20260729_174215/eval/thubenchmark_atcnet_seed43_madry_autoattack_rank25-30.pth
thubenchmark,atcnet,43,madry,autoattack,subset_n512,30,robust,0.85546875,purified_data/exp031/exp031_full_20260729_174215/eval/thubenchmark_atcnet_seed43_madry_autoattack_rank25-30.pth
thubenchmark,atcnet,43,madry,fgsm,subset_n512,raw,clean,0.953125,purified_data/exp031/exp031_full_20260729_174215/eval/thubenchmark_atcnet_seed43_madry_fgsm_rank25-30.pth
thubenchmark,atcnet,43,madry,fgsm,subset_n512,raw,robust,0.8515625,purified_data/exp031/exp031_full_20260729_174215/eval/thubenchmark_atcnet_seed43_madry_fgsm_rank25-30.pth
thubenchmark,atcnet,43,madry,fgsm,subset_n512,25,clean,0.923828125,purified_data/exp031/exp031_full_20260729_174215/eval/thubenchmark_atcnet_seed43_madry_fgsm_rank25-30.pth
thubenchmark,atcnet,43,madry,fgsm,subset_n512,25,robust,0.8203125,purified_data/exp031/exp031_full_20260729_174215/eval/thubenchmark_atcnet_seed43_madry_fgsm_rank25-30.pth
thubenchmark,atcnet,43,madry,fgsm,subset_n512,30,clean,0.9296875,purified_data/exp031/exp031_full_20260729_174215/eval/thubenchmark_atcnet_seed43_madry_fgsm_rank25-30.pth
thubenchmark,atcnet,43,madry,fgsm,subset_n512,30,robust,0.833984375,purified_data/exp031/exp031_full_20260729_174215/eval/thubenchmark_atcnet_seed43_madry_fgsm_rank25-30.pth
thubenchmark,atcnet,43,madry,pgd,subset_n512,raw,clean,0.953125,purified_data/exp031/exp031_full_20260729_174215/eval/thubenchmark_atcnet_seed43_madry_pgd_rank25-30.pth
thubenchmark,atcnet,43,madry,pgd,subset_n512,raw,robust,0.845703125,purified_data/exp031/exp031_full_20260729_174215/eval/thubenchmark_atcnet_seed43_madry_pgd_rank25-30.pth
thubenchmark,atcnet,43,madry,pgd,subset_n512,25,clean,0.923828125,purified_data/exp031/exp031_full_20260729_174215/eval/thubenchmark_atcnet_seed43_madry_pgd_rank25-30.pth
thubenchmark,atcnet,43,madry,pgd,subset_n512,25,robust,0.8125,purified_data/exp031/exp031_full_20260729_174215/eval/thubenchmark_atcnet_seed43_madry_pgd_rank25-30.pth
thubenchmark,atcnet,43,madry,pgd,subset_n512,30,clean,0.9296875,purified_data/exp031/exp031_full_20260729_174215/eval/thubenchmark_atcnet_seed43_madry_pgd_rank25-30.pth
thubenchmark,atcnet,43,madry,pgd,subset_n512,30,robust,0.82421875,purified_data/exp031/exp031_full_20260729_174215/eval/thubenchmark_atcnet_seed43_madry_pgd_rank25-30.pth
thubenchmark,atcnet,43,madry,cw,subset_n512,raw,clean,0.953125,purified_data/exp031/exp031_full_20260729_174215/eval/thubenchmark_atcnet_seed43_madry_cw_rank25-30.pth
thubenchmark,atcnet,43,madry,cw,subset_n512,raw,robust,0.0,purified_data/exp031/exp031_full_20260729_174215/eval/thubenchmark_atcnet_seed43_madry_cw_rank25-30.pth
thubenchmark,atcnet,43,madry,cw,subset_n512,25,clean,0.923828125,purified_data/exp031/exp031_full_20260729_174215/eval/thubenchmark_atcnet_seed43_madry_cw_rank25-30.pth
thubenchmark,atcnet,43,madry,cw,subset_n512,25,robust,0.390625,purified_data/exp031/exp031_full_20260729_174215/eval/thubenchmark_atcnet_seed43_madry_cw_rank25-30.pth
thubenchmark,atcnet,43,madry,cw,subset_n512,30,clean,0.9296875,purified_data/exp031/exp031_full_20260729_174215/eval/thubenchmark_atcnet_seed43_madry_cw_rank25-30.pth
thubenchmark,atcnet,43,madry,cw,subset_n512,30,robust,0.267578125,purified_data/exp031/exp031_full_20260729_174215/eval/thubenchmark_atcnet_seed43_madry_cw_rank25-30.pth
thubenchmark,atcnet,43,rpcf_at,autoattack,subset_n512,raw,clean,0.951171875,purified_data/exp031/exp031_full_20260729_174215/eval/thubenchmark_atcnet_seed43_rpcf_at_autoattack_rank25-30.pth
thubenchmark,atcnet,43,rpcf_at,autoattack,subset_n512,raw,robust,0.865234375,purified_data/exp031/exp031_full_20260729_174215/eval/thubenchmark_atcnet_seed43_rpcf_at_autoattack_rank25-30.pth
thubenchmark,atcnet,43,rpcf_at,autoattack,subset_n512,25,clean,0.921875,purified_data/exp031/exp031_full_20260729_174215/eval/thubenchmark_atcnet_seed43_rpcf_at_autoattack_rank25-30.pth
thubenchmark,atcnet,43,rpcf_at,autoattack,subset_n512,25,robust,0.869140625,purified_data/exp031/exp031_full_20260729_174215/eval/thubenchmark_atcnet_seed43_rpcf_at_autoattack_rank25-30.pth
thubenchmark,atcnet,43,rpcf_at,autoattack,subset_n512,30,clean,0.93359375,purified_data/exp031/exp031_full_20260729_174215/eval/thubenchmark_atcnet_seed43_rpcf_at_autoattack_rank25-30.pth
thubenchmark,atcnet,43,rpcf_at,autoattack,subset_n512,30,robust,0.87890625,purified_data/exp031/exp031_full_20260729_174215/eval/thubenchmark_atcnet_seed43_rpcf_at_autoattack_rank25-30.pth
thubenchmark,atcnet,43,rpcf_at,fgsm,subset_n512,raw,clean,0.951171875,purified_data/exp031/exp031_full_20260729_174215/eval/thubenchmark_atcnet_seed43_rpcf_at_fgsm_rank25-30.pth
thubenchmark,atcnet,43,rpcf_at,fgsm,subset_n512,raw,robust,0.880859375,purified_data/exp031/exp031_full_20260729_174215/eval/thubenchmark_atcnet_seed43_rpcf_at_fgsm_rank25-30.pth
thubenchmark,atcnet,43,rpcf_at,fgsm,subset_n512,25,clean,0.921875,purified_data/exp031/exp031_full_20260729_174215/eval/thubenchmark_atcnet_seed43_rpcf_at_fgsm_rank25-30.pth
thubenchmark,atcnet,43,rpcf_at,fgsm,subset_n512,25,robust,0.84765625,purified_data/exp031/exp031_full_20260729_174215/eval/thubenchmark_atcnet_seed43_rpcf_at_fgsm_rank25-30.pth
thubenchmark,atcnet,43,rpcf_at,fgsm,subset_n512,30,clean,0.93359375,purified_data/exp031/exp031_full_20260729_174215/eval/thubenchmark_atcnet_seed43_rpcf_at_fgsm_rank25-30.pth
thubenchmark,atcnet,43,rpcf_at,fgsm,subset_n512,30,robust,0.8515625,purified_data/exp031/exp031_full_20260729_174215/eval/thubenchmark_atcnet_seed43_rpcf_at_fgsm_rank25-30.pth
thubenchmark,atcnet,43,rpcf_at,pgd,subset_n512,raw,clean,0.951171875,purified_data/exp031/exp031_full_20260729_174215/eval/thubenchmark_atcnet_seed43_rpcf_at_pgd_rank25-30.pth
thubenchmark,atcnet,43,rpcf_at,pgd,subset_n512,raw,robust,0.8671875,purified_data/exp031/exp031_full_20260729_174215/eval/thubenchmark_atcnet_seed43_rpcf_at_pgd_rank25-30.pth
thubenchmark,atcnet,43,rpcf_at,pgd,subset_n512,25,clean,0.921875,purified_data/exp031/exp031_full_20260729_174215/eval/thubenchmark_atcnet_seed43_rpcf_at_pgd_rank25-30.pth
thubenchmark,atcnet,43,rpcf_at,pgd,subset_n512,25,robust,0.84765625,purified_data/exp031/exp031_full_20260729_174215/eval/thubenchmark_atcnet_seed43_rpcf_at_pgd_rank25-30.pth
thubenchmark,atcnet,43,rpcf_at,pgd,subset_n512,30,clean,0.93359375,purified_data/exp031/exp031_full_20260729_174215/eval/thubenchmark_atcnet_seed43_rpcf_at_pgd_rank25-30.pth
thubenchmark,atcnet,43,rpcf_at,pgd,subset_n512,30,robust,0.857421875,purified_data/exp031/exp031_full_20260729_174215/eval/thubenchmark_atcnet_seed43_rpcf_at_pgd_rank25-30.pth
thubenchmark,atcnet,43,rpcf_at,cw,subset_n512,raw,clean,0.951171875,purified_data/exp031/exp031_full_20260729_174215/eval/thubenchmark_atcnet_seed43_rpcf_at_cw_rank25-30.pth
thubenchmark,atcnet,43,rpcf_at,cw,subset_n512,raw,robust,0.0,purified_data/exp031/exp031_full_20260729_174215/eval/thubenchmark_atcnet_seed43_rpcf_at_cw_rank25-30.pth
thubenchmark,atcnet,43,rpcf_at,cw,subset_n512,25,clean,0.921875,purified_data/exp031/exp031_full_20260729_174215/eval/thubenchmark_atcnet_seed43_rpcf_at_cw_rank25-30.pth
thubenchmark,atcnet,43,rpcf_at,cw,subset_n512,25,robust,0.23046875,purified_data/exp031/exp031_full_20260729_174215/eval/thubenchmark_atcnet_seed43_rpcf_at_cw_rank25-30.pth
thubenchmark,atcnet,43,rpcf_at,cw,subset_n512,30,clean,0.93359375,purified_data/exp031/exp031_full_20260729_174215/eval/thubenchmark_atcnet_seed43_rpcf_at_cw_rank25-30.pth
thubenchmark,atcnet,43,rpcf_at,cw,subset_n512,30,robust,0.15625,purified_data/exp031/exp031_full_20260729_174215/eval/thubenchmark_atcnet_seed43_rpcf_at_cw_rank25-30.pth
thubenchmark,atcnet,44,madry,autoattack,subset_n512,raw,clean,0.947265625,purified_data/exp031/exp031_full_20260729_174215/eval/thubenchmark_atcnet_seed44_madry_autoattack_rank25-30.pth
thubenchmark,atcnet,44,madry,autoattack,subset_n512,raw,robust,0.859375,purified_data/exp031/exp031_full_20260729_174215/eval/thubenchmark_atcnet_seed44_madry_autoattack_rank25-30.pth
thubenchmark,atcnet,44,madry,autoattack,subset_n512,25,clean,0.92578125,purified_data/exp031/exp031_full_20260729_174215/eval/thubenchmark_atcnet_seed44_madry_autoattack_rank25-30.pth
thubenchmark,atcnet,44,madry,autoattack,subset_n512,25,robust,0.869140625,purified_data/exp031/exp031_full_20260729_174215/eval/thubenchmark_atcnet_seed44_madry_autoattack_rank25-30.pth
thubenchmark,atcnet,44,madry,autoattack,subset_n512,30,clean,0.9296875,purified_data/exp031/exp031_full_20260729_174215/eval/thubenchmark_atcnet_seed44_madry_autoattack_rank25-30.pth
thubenchmark,atcnet,44,madry,autoattack,subset_n512,30,robust,0.869140625,purified_data/exp031/exp031_full_20260729_174215/eval/thubenchmark_atcnet_seed44_madry_autoattack_rank25-30.pth
thubenchmark,atcnet,44,madry,fgsm,subset_n512,raw,clean,0.947265625,purified_data/exp031/exp031_full_20260729_174215/eval/thubenchmark_atcnet_seed44_madry_fgsm_rank25-30.pth
thubenchmark,atcnet,44,madry,fgsm,subset_n512,raw,robust,0.869140625,purified_data/exp031/exp031_full_20260729_174215/eval/thubenchmark_atcnet_seed44_madry_fgsm_rank25-30.pth
thubenchmark,atcnet,44,madry,fgsm,subset_n512,25,clean,0.92578125,purified_data/exp031/exp031_full_20260729_174215/eval/thubenchmark_atcnet_seed44_madry_fgsm_rank25-30.pth
thubenchmark,atcnet,44,madry,fgsm,subset_n512,25,robust,0.83984375,purified_data/exp031/exp031_full_20260729_174215/eval/thubenchmark_atcnet_seed44_madry_fgsm_rank25-30.pth
thubenchmark,atcnet,44,madry,fgsm,subset_n512,30,clean,0.9296875,purified_data/exp031/exp031_full_20260729_174215/eval/thubenchmark_atcnet_seed44_madry_fgsm_rank25-30.pth
thubenchmark,atcnet,44,madry,fgsm,subset_n512,30,robust,0.849609375,purified_data/exp031/exp031_full_20260729_174215/eval/thubenchmark_atcnet_seed44_madry_fgsm_rank25-30.pth
thubenchmark,atcnet,44,madry,pgd,subset_n512,raw,clean,0.947265625,purified_data/exp031/exp031_full_20260729_174215/eval/thubenchmark_atcnet_seed44_madry_pgd_rank25-30.pth
thubenchmark,atcnet,44,madry,pgd,subset_n512,raw,robust,0.86328125,purified_data/exp031/exp031_full_20260729_174215/eval/thubenchmark_atcnet_seed44_madry_pgd_rank25-30.pth
thubenchmark,atcnet,44,madry,pgd,subset_n512,25,clean,0.92578125,purified_data/exp031/exp031_full_20260729_174215/eval/thubenchmark_atcnet_seed44_madry_pgd_rank25-30.pth
thubenchmark,atcnet,44,madry,pgd,subset_n512,25,robust,0.8359375,purified_data/exp031/exp031_full_20260729_174215/eval/thubenchmark_atcnet_seed44_madry_pgd_rank25-30.pth
thubenchmark,atcnet,44,madry,pgd,subset_n512,30,clean,0.9296875,purified_data/exp031/exp031_full_20260729_174215/eval/thubenchmark_atcnet_seed44_madry_pgd_rank25-30.pth
thubenchmark,atcnet,44,madry,pgd,subset_n512,30,robust,0.841796875,purified_data/exp031/exp031_full_20260729_174215/eval/thubenchmark_atcnet_seed44_madry_pgd_rank25-30.pth
thubenchmark,atcnet,44,madry,cw,subset_n512,raw,clean,0.947265625,purified_data/exp031/exp031_full_20260729_174215/eval/thubenchmark_atcnet_seed44_madry_cw_rank25-30.pth
thubenchmark,atcnet,44,madry,cw,subset_n512,raw,robust,0.0,purified_data/exp031/exp031_full_20260729_174215/eval/thubenchmark_atcnet_seed44_madry_cw_rank25-30.pth
thubenchmark,atcnet,44,madry,cw,subset_n512,25,clean,0.92578125,purified_data/exp031/exp031_full_20260729_174215/eval/thubenchmark_atcnet_seed44_madry_cw_rank25-30.pth
thubenchmark,atcnet,44,madry,cw,subset_n512,25,robust,0.416015625,purified_data/exp031/exp031_full_20260729_174215/eval/thubenchmark_atcnet_seed44_madry_cw_rank25-30.pth
thubenchmark,atcnet,44,madry,cw,subset_n512,30,clean,0.9296875,purified_data/exp031/exp031_full_20260729_174215/eval/thubenchmark_atcnet_seed44_madry_cw_rank25-30.pth
thubenchmark,atcnet,44,madry,cw,subset_n512,30,robust,0.296875,purified_data/exp031/exp031_full_20260729_174215/eval/thubenchmark_atcnet_seed44_madry_cw_rank25-30.pth
thubenchmark,atcnet,44,rpcf_at,autoattack,subset_n512,raw,clean,0.95703125,purified_data/exp031/exp031_full_20260729_174215/eval/thubenchmark_atcnet_seed44_rpcf_at_autoattack_rank25-30.pth
thubenchmark,atcnet,44,rpcf_at,autoattack,subset_n512,raw,robust,0.849609375,purified_data/exp031/exp031_full_20260729_174215/eval/thubenchmark_atcnet_seed44_rpcf_at_autoattack_rank25-30.pth
thubenchmark,atcnet,44,rpcf_at,autoattack,subset_n512,25,clean,0.935546875,purified_data/exp031/exp031_full_20260729_174215/eval/thubenchmark_atcnet_seed44_rpcf_at_autoattack_rank25-30.pth
thubenchmark,atcnet,44,rpcf_at,autoattack,subset_n512,25,robust,0.861328125,purified_data/exp031/exp031_full_20260729_174215/eval/thubenchmark_atcnet_seed44_rpcf_at_autoattack_rank25-30.pth
thubenchmark,atcnet,44,rpcf_at,autoattack,subset_n512,30,clean,0.9375,purified_data/exp031/exp031_full_20260729_174215/eval/thubenchmark_atcnet_seed44_rpcf_at_autoattack_rank25-30.pth
thubenchmark,atcnet,44,rpcf_at,autoattack,subset_n512,30,robust,0.861328125,purified_data/exp031/exp031_full_20260729_174215/eval/thubenchmark_atcnet_seed44_rpcf_at_autoattack_rank25-30.pth
thubenchmark,atcnet,44,rpcf_at,fgsm,subset_n512,raw,clean,0.95703125,purified_data/exp031/exp031_full_20260729_174215/eval/thubenchmark_atcnet_seed44_rpcf_at_fgsm_rank25-30.pth
thubenchmark,atcnet,44,rpcf_at,fgsm,subset_n512,raw,robust,0.859375,purified_data/exp031/exp031_full_20260729_174215/eval/thubenchmark_atcnet_seed44_rpcf_at_fgsm_rank25-30.pth
thubenchmark,atcnet,44,rpcf_at,fgsm,subset_n512,25,clean,0.935546875,purified_data/exp031/exp031_full_20260729_174215/eval/thubenchmark_atcnet_seed44_rpcf_at_fgsm_rank25-30.pth
thubenchmark,atcnet,44,rpcf_at,fgsm,subset_n512,25,robust,0.845703125,purified_data/exp031/exp031_full_20260729_174215/eval/thubenchmark_atcnet_seed44_rpcf_at_fgsm_rank25-30.pth
thubenchmark,atcnet,44,rpcf_at,fgsm,subset_n512,30,clean,0.9375,purified_data/exp031/exp031_full_20260729_174215/eval/thubenchmark_atcnet_seed44_rpcf_at_fgsm_rank25-30.pth
thubenchmark,atcnet,44,rpcf_at,fgsm,subset_n512,30,robust,0.849609375,purified_data/exp031/exp031_full_20260729_174215/eval/thubenchmark_atcnet_seed44_rpcf_at_fgsm_rank25-30.pth
thubenchmark,atcnet,44,rpcf_at,pgd,subset_n512,raw,clean,0.95703125,purified_data/exp031/exp031_full_20260729_174215/eval/thubenchmark_atcnet_seed44_rpcf_at_pgd_rank25-30.pth
thubenchmark,atcnet,44,rpcf_at,pgd,subset_n512,raw,robust,0.853515625,purified_data/exp031/exp031_full_20260729_174215/eval/thubenchmark_atcnet_seed44_rpcf_at_pgd_rank25-30.pth
thubenchmark,atcnet,44,rpcf_at,pgd,subset_n512,25,clean,0.935546875,purified_data/exp031/exp031_full_20260729_174215/eval/thubenchmark_atcnet_seed44_rpcf_at_pgd_rank25-30.pth
thubenchmark,atcnet,44,rpcf_at,pgd,subset_n512,25,robust,0.84375,purified_data/exp031/exp031_full_20260729_174215/eval/thubenchmark_atcnet_seed44_rpcf_at_pgd_rank25-30.pth
thubenchmark,atcnet,44,rpcf_at,pgd,subset_n512,30,clean,0.9375,purified_data/exp031/exp031_full_20260729_174215/eval/thubenchmark_atcnet_seed44_rpcf_at_pgd_rank25-30.pth
thubenchmark,atcnet,44,rpcf_at,pgd,subset_n512,30,robust,0.845703125,purified_data/exp031/exp031_full_20260729_174215/eval/thubenchmark_atcnet_seed44_rpcf_at_pgd_rank25-30.pth
thubenchmark,atcnet,44,rpcf_at,cw,subset_n512,raw,clean,0.95703125,purified_data/exp031/exp031_full_20260729_174215/eval/thubenchmark_atcnet_seed44_rpcf_at_cw_rank25-30.pth
thubenchmark,atcnet,44,rpcf_at,cw,subset_n512,raw,robust,0.0,purified_data/exp031/exp031_full_20260729_174215/eval/thubenchmark_atcnet_seed44_rpcf_at_cw_rank25-30.pth
thubenchmark,atcnet,44,rpcf_at,cw,subset_n512,25,clean,0.935546875,purified_data/exp031/exp031_full_20260729_174215/eval/thubenchmark_atcnet_seed44_rpcf_at_cw_rank25-30.pth
thubenchmark,atcnet,44,rpcf_at,cw,subset_n512,25,robust,0.390625,purified_data/exp031/exp031_full_20260729_174215/eval/thubenchmark_atcnet_seed44_rpcf_at_cw_rank25-30.pth
thubenchmark,atcnet,44,rpcf_at,cw,subset_n512,30,clean,0.9375,purified_data/exp031/exp031_full_20260729_174215/eval/thubenchmark_atcnet_seed44_rpcf_at_cw_rank25-30.pth
thubenchmark,atcnet,44,rpcf_at,cw,subset_n512,30,robust,0.271484375,purified_data/exp031/exp031_full_20260729_174215/eval/thubenchmark_atcnet_seed44_rpcf_at_cw_rank25-30.pth
thubenchmark,atcnet,45,madry,autoattack,subset_n512,raw,clean,0.94921875,purified_data/exp031/exp031_full_20260729_174215/eval/thubenchmark_atcnet_seed45_madry_autoattack_rank25-30.pth
thubenchmark,atcnet,45,madry,autoattack,subset_n512,raw,robust,0.828125,purified_data/exp031/exp031_full_20260729_174215/eval/thubenchmark_atcnet_seed45_madry_autoattack_rank25-30.pth
thubenchmark,atcnet,45,madry,autoattack,subset_n512,25,clean,0.919921875,purified_data/exp031/exp031_full_20260729_174215/eval/thubenchmark_atcnet_seed45_madry_autoattack_rank25-30.pth
thubenchmark,atcnet,45,madry,autoattack,subset_n512,25,robust,0.85546875,purified_data/exp031/exp031_full_20260729_174215/eval/thubenchmark_atcnet_seed45_madry_autoattack_rank25-30.pth
thubenchmark,atcnet,45,madry,autoattack,subset_n512,30,clean,0.93359375,purified_data/exp031/exp031_full_20260729_174215/eval/thubenchmark_atcnet_seed45_madry_autoattack_rank25-30.pth
thubenchmark,atcnet,45,madry,autoattack,subset_n512,30,robust,0.849609375,purified_data/exp031/exp031_full_20260729_174215/eval/thubenchmark_atcnet_seed45_madry_autoattack_rank25-30.pth
thubenchmark,atcnet,45,madry,fgsm,subset_n512,raw,clean,0.94921875,purified_data/exp031/exp031_full_20260729_174215/eval/thubenchmark_atcnet_seed45_madry_fgsm_rank25-30.pth
thubenchmark,atcnet,45,madry,fgsm,subset_n512,raw,robust,0.841796875,purified_data/exp031/exp031_full_20260729_174215/eval/thubenchmark_atcnet_seed45_madry_fgsm_rank25-30.pth
thubenchmark,atcnet,45,madry,fgsm,subset_n512,25,clean,0.919921875,purified_data/exp031/exp031_full_20260729_174215/eval/thubenchmark_atcnet_seed45_madry_fgsm_rank25-30.pth
thubenchmark,atcnet,45,madry,fgsm,subset_n512,25,robust,0.830078125,purified_data/exp031/exp031_full_20260729_174215/eval/thubenchmark_atcnet_seed45_madry_fgsm_rank25-30.pth
thubenchmark,atcnet,45,madry,fgsm,subset_n512,30,clean,0.93359375,purified_data/exp031/exp031_full_20260729_174215/eval/thubenchmark_atcnet_seed45_madry_fgsm_rank25-30.pth
thubenchmark,atcnet,45,madry,fgsm,subset_n512,30,robust,0.826171875,purified_data/exp031/exp031_full_20260729_174215/eval/thubenchmark_atcnet_seed45_madry_fgsm_rank25-30.pth
thubenchmark,atcnet,45,madry,pgd,subset_n512,raw,clean,0.94921875,purified_data/exp031/exp031_full_20260729_174215/eval/thubenchmark_atcnet_seed45_madry_pgd_rank25-30.pth
thubenchmark,atcnet,45,madry,pgd,subset_n512,raw,robust,0.83984375,purified_data/exp031/exp031_full_20260729_174215/eval/thubenchmark_atcnet_seed45_madry_pgd_rank25-30.pth
thubenchmark,atcnet,45,madry,pgd,subset_n512,25,clean,0.919921875,purified_data/exp031/exp031_full_20260729_174215/eval/thubenchmark_atcnet_seed45_madry_pgd_rank25-30.pth
thubenchmark,atcnet,45,madry,pgd,subset_n512,25,robust,0.818359375,purified_data/exp031/exp031_full_20260729_174215/eval/thubenchmark_atcnet_seed45_madry_pgd_rank25-30.pth
thubenchmark,atcnet,45,madry,pgd,subset_n512,30,clean,0.93359375,purified_data/exp031/exp031_full_20260729_174215/eval/thubenchmark_atcnet_seed45_madry_pgd_rank25-30.pth
thubenchmark,atcnet,45,madry,pgd,subset_n512,30,robust,0.81640625,purified_data/exp031/exp031_full_20260729_174215/eval/thubenchmark_atcnet_seed45_madry_pgd_rank25-30.pth
thubenchmark,atcnet,45,madry,cw,subset_n512,raw,clean,0.94921875,purified_data/exp031/exp031_full_20260729_174215/eval/thubenchmark_atcnet_seed45_madry_cw_rank25-30.pth
thubenchmark,atcnet,45,madry,cw,subset_n512,raw,robust,0.0,purified_data/exp031/exp031_full_20260729_174215/eval/thubenchmark_atcnet_seed45_madry_cw_rank25-30.pth
thubenchmark,atcnet,45,madry,cw,subset_n512,25,clean,0.919921875,purified_data/exp031/exp031_full_20260729_174215/eval/thubenchmark_atcnet_seed45_madry_cw_rank25-30.pth
thubenchmark,atcnet,45,madry,cw,subset_n512,25,robust,0.390625,purified_data/exp031/exp031_full_20260729_174215/eval/thubenchmark_atcnet_seed45_madry_cw_rank25-30.pth
thubenchmark,atcnet,45,madry,cw,subset_n512,30,clean,0.93359375,purified_data/exp031/exp031_full_20260729_174215/eval/thubenchmark_atcnet_seed45_madry_cw_rank25-30.pth
thubenchmark,atcnet,45,madry,cw,subset_n512,30,robust,0.27734375,purified_data/exp031/exp031_full_20260729_174215/eval/thubenchmark_atcnet_seed45_madry_cw_rank25-30.pth
thubenchmark,atcnet,45,rpcf_at,autoattack,subset_n512,raw,clean,0.951171875,purified_data/exp031/exp031_full_20260729_174215/eval/thubenchmark_atcnet_seed45_rpcf_at_autoattack_rank25-30.pth
thubenchmark,atcnet,45,rpcf_at,autoattack,subset_n512,raw,robust,0.8359375,purified_data/exp031/exp031_full_20260729_174215/eval/thubenchmark_atcnet_seed45_rpcf_at_autoattack_rank25-30.pth
thubenchmark,atcnet,45,rpcf_at,autoattack,subset_n512,25,clean,0.9296875,purified_data/exp031/exp031_full_20260729_174215/eval/thubenchmark_atcnet_seed45_rpcf_at_autoattack_rank25-30.pth
thubenchmark,atcnet,45,rpcf_at,autoattack,subset_n512,25,robust,0.85546875,purified_data/exp031/exp031_full_20260729_174215/eval/thubenchmark_atcnet_seed45_rpcf_at_autoattack_rank25-30.pth
thubenchmark,atcnet,45,rpcf_at,autoattack,subset_n512,30,clean,0.93359375,purified_data/exp031/exp031_full_20260729_174215/eval/thubenchmark_atcnet_seed45_rpcf_at_autoattack_rank25-30.pth
thubenchmark,atcnet,45,rpcf_at,autoattack,subset_n512,30,robust,0.853515625,purified_data/exp031/exp031_full_20260729_174215/eval/thubenchmark_atcnet_seed45_rpcf_at_autoattack_rank25-30.pth
thubenchmark,atcnet,45,rpcf_at,fgsm,subset_n512,raw,clean,0.951171875,purified_data/exp031/exp031_full_20260729_174215/eval/thubenchmark_atcnet_seed45_rpcf_at_fgsm_rank25-30.pth
thubenchmark,atcnet,45,rpcf_at,fgsm,subset_n512,raw,robust,0.8515625,purified_data/exp031/exp031_full_20260729_174215/eval/thubenchmark_atcnet_seed45_rpcf_at_fgsm_rank25-30.pth
thubenchmark,atcnet,45,rpcf_at,fgsm,subset_n512,25,clean,0.9296875,purified_data/exp031/exp031_full_20260729_174215/eval/thubenchmark_atcnet_seed45_rpcf_at_fgsm_rank25-30.pth
thubenchmark,atcnet,45,rpcf_at,fgsm,subset_n512,25,robust,0.8359375,purified_data/exp031/exp031_full_20260729_174215/eval/thubenchmark_atcnet_seed45_rpcf_at_fgsm_rank25-30.pth
thubenchmark,atcnet,45,rpcf_at,fgsm,subset_n512,30,clean,0.93359375,purified_data/exp031/exp031_full_20260729_174215/eval/thubenchmark_atcnet_seed45_rpcf_at_fgsm_rank25-30.pth
thubenchmark,atcnet,45,rpcf_at,fgsm,subset_n512,30,robust,0.828125,purified_data/exp031/exp031_full_20260729_174215/eval/thubenchmark_atcnet_seed45_rpcf_at_fgsm_rank25-30.pth
thubenchmark,atcnet,45,rpcf_at,pgd,subset_n512,raw,clean,0.951171875,purified_data/exp031/exp031_full_20260729_174215/eval/thubenchmark_atcnet_seed45_rpcf_at_pgd_rank25-30.pth
thubenchmark,atcnet,45,rpcf_at,pgd,subset_n512,raw,robust,0.837890625,purified_data/exp031/exp031_full_20260729_174215/eval/thubenchmark_atcnet_seed45_rpcf_at_pgd_rank25-30.pth
thubenchmark,atcnet,45,rpcf_at,pgd,subset_n512,25,clean,0.9296875,purified_data/exp031/exp031_full_20260729_174215/eval/thubenchmark_atcnet_seed45_rpcf_at_pgd_rank25-30.pth
thubenchmark,atcnet,45,rpcf_at,pgd,subset_n512,25,robust,0.822265625,purified_data/exp031/exp031_full_20260729_174215/eval/thubenchmark_atcnet_seed45_rpcf_at_pgd_rank25-30.pth
thubenchmark,atcnet,45,rpcf_at,pgd,subset_n512,30,clean,0.93359375,purified_data/exp031/exp031_full_20260729_174215/eval/thubenchmark_atcnet_seed45_rpcf_at_pgd_rank25-30.pth
thubenchmark,atcnet,45,rpcf_at,pgd,subset_n512,30,robust,0.828125,purified_data/exp031/exp031_full_20260729_174215/eval/thubenchmark_atcnet_seed45_rpcf_at_pgd_rank25-30.pth
thubenchmark,atcnet,45,rpcf_at,cw,subset_n512,raw,clean,0.951171875,purified_data/exp031/exp031_full_20260729_174215/eval/thubenchmark_atcnet_seed45_rpcf_at_cw_rank25-30.pth
thubenchmark,atcnet,45,rpcf_at,cw,subset_n512,raw,robust,0.0,purified_data/exp031/exp031_full_20260729_174215/eval/thubenchmark_atcnet_seed45_rpcf_at_cw_rank25-30.pth
thubenchmark,atcnet,45,rpcf_at,cw,subset_n512,25,clean,0.9296875,purified_data/exp031/exp031_full_20260729_174215/eval/thubenchmark_atcnet_seed45_rpcf_at_cw_rank25-30.pth
thubenchmark,atcnet,45,rpcf_at,cw,subset_n512,25,robust,0.36328125,purified_data/exp031/exp031_full_20260729_174215/eval/thubenchmark_atcnet_seed45_rpcf_at_cw_rank25-30.pth
thubenchmark,atcnet,45,rpcf_at,cw,subset_n512,30,clean,0.93359375,purified_data/exp031/exp031_full_20260729_174215/eval/thubenchmark_atcnet_seed45_rpcf_at_cw_rank25-30.pth
thubenchmark,atcnet,45,rpcf_at,cw,subset_n512,30,robust,0.2734375,purified_data/exp031/exp031_full_20260729_174215/eval/thubenchmark_atcnet_seed45_rpcf_at_cw_rank25-30.pth
thubenchmark,atcnet,46,madry,autoattack,subset_n512,raw,clean,0.962890625,purified_data/exp031/exp031_full_20260729_174215/eval/thubenchmark_atcnet_seed46_madry_autoattack_rank25-30.pth
thubenchmark,atcnet,46,madry,autoattack,subset_n512,raw,robust,0.853515625,purified_data/exp031/exp031_full_20260729_174215/eval/thubenchmark_atcnet_seed46_madry_autoattack_rank25-30.pth
thubenchmark,atcnet,46,madry,autoattack,subset_n512,25,clean,0.9296875,purified_data/exp031/exp031_full_20260729_174215/eval/thubenchmark_atcnet_seed46_madry_autoattack_rank25-30.pth
thubenchmark,atcnet,46,madry,autoattack,subset_n512,25,robust,0.869140625,purified_data/exp031/exp031_full_20260729_174215/eval/thubenchmark_atcnet_seed46_madry_autoattack_rank25-30.pth
thubenchmark,atcnet,46,madry,autoattack,subset_n512,30,clean,0.9375,purified_data/exp031/exp031_full_20260729_174215/eval/thubenchmark_atcnet_seed46_madry_autoattack_rank25-30.pth
thubenchmark,atcnet,46,madry,autoattack,subset_n512,30,robust,0.8671875,purified_data/exp031/exp031_full_20260729_174215/eval/thubenchmark_atcnet_seed46_madry_autoattack_rank25-30.pth
thubenchmark,atcnet,46,madry,fgsm,subset_n512,raw,clean,0.962890625,purified_data/exp031/exp031_full_20260729_174215/eval/thubenchmark_atcnet_seed46_madry_fgsm_rank25-30.pth
thubenchmark,atcnet,46,madry,fgsm,subset_n512,raw,robust,0.861328125,purified_data/exp031/exp031_full_20260729_174215/eval/thubenchmark_atcnet_seed46_madry_fgsm_rank25-30.pth
thubenchmark,atcnet,46,madry,fgsm,subset_n512,25,clean,0.9296875,purified_data/exp031/exp031_full_20260729_174215/eval/thubenchmark_atcnet_seed46_madry_fgsm_rank25-30.pth
thubenchmark,atcnet,46,madry,fgsm,subset_n512,25,robust,0.837890625,purified_data/exp031/exp031_full_20260729_174215/eval/thubenchmark_atcnet_seed46_madry_fgsm_rank25-30.pth
thubenchmark,atcnet,46,madry,fgsm,subset_n512,30,clean,0.9375,purified_data/exp031/exp031_full_20260729_174215/eval/thubenchmark_atcnet_seed46_madry_fgsm_rank25-30.pth
thubenchmark,atcnet,46,madry,fgsm,subset_n512,30,robust,0.845703125,purified_data/exp031/exp031_full_20260729_174215/eval/thubenchmark_atcnet_seed46_madry_fgsm_rank25-30.pth
thubenchmark,atcnet,46,madry,pgd,subset_n512,raw,clean,0.962890625,purified_data/exp031/exp031_full_20260729_174215/eval/thubenchmark_atcnet_seed46_madry_pgd_rank25-30.pth
thubenchmark,atcnet,46,madry,pgd,subset_n512,raw,robust,0.85546875,purified_data/exp031/exp031_full_20260729_174215/eval/thubenchmark_atcnet_seed46_madry_pgd_rank25-30.pth
thubenchmark,atcnet,46,madry,pgd,subset_n512,25,clean,0.9296875,purified_data/exp031/exp031_full_20260729_174215/eval/thubenchmark_atcnet_seed46_madry_pgd_rank25-30.pth
thubenchmark,atcnet,46,madry,pgd,subset_n512,25,robust,0.828125,purified_data/exp031/exp031_full_20260729_174215/eval/thubenchmark_atcnet_seed46_madry_pgd_rank25-30.pth
thubenchmark,atcnet,46,madry,pgd,subset_n512,30,clean,0.9375,purified_data/exp031/exp031_full_20260729_174215/eval/thubenchmark_atcnet_seed46_madry_pgd_rank25-30.pth
thubenchmark,atcnet,46,madry,pgd,subset_n512,30,robust,0.841796875,purified_data/exp031/exp031_full_20260729_174215/eval/thubenchmark_atcnet_seed46_madry_pgd_rank25-30.pth
thubenchmark,atcnet,46,madry,cw,subset_n512,raw,clean,0.962890625,purified_data/exp031/exp031_full_20260729_174215/eval/thubenchmark_atcnet_seed46_madry_cw_rank25-30.pth
thubenchmark,atcnet,46,madry,cw,subset_n512,raw,robust,0.0,purified_data/exp031/exp031_full_20260729_174215/eval/thubenchmark_atcnet_seed46_madry_cw_rank25-30.pth
thubenchmark,atcnet,46,madry,cw,subset_n512,25,clean,0.9296875,purified_data/exp031/exp031_full_20260729_174215/eval/thubenchmark_atcnet_seed46_madry_cw_rank25-30.pth
thubenchmark,atcnet,46,madry,cw,subset_n512,25,robust,0.353515625,purified_data/exp031/exp031_full_20260729_174215/eval/thubenchmark_atcnet_seed46_madry_cw_rank25-30.pth
thubenchmark,atcnet,46,madry,cw,subset_n512,30,clean,0.9375,purified_data/exp031/exp031_full_20260729_174215/eval/thubenchmark_atcnet_seed46_madry_cw_rank25-30.pth
thubenchmark,atcnet,46,madry,cw,subset_n512,30,robust,0.26953125,purified_data/exp031/exp031_full_20260729_174215/eval/thubenchmark_atcnet_seed46_madry_cw_rank25-30.pth
thubenchmark,atcnet,46,rpcf_at,autoattack,subset_n512,raw,clean,0.96484375,purified_data/exp031/exp031_full_20260729_174215/eval/thubenchmark_atcnet_seed46_rpcf_at_autoattack_rank25-30.pth
thubenchmark,atcnet,46,rpcf_at,autoattack,subset_n512,raw,robust,0.853515625,purified_data/exp031/exp031_full_20260729_174215/eval/thubenchmark_atcnet_seed46_rpcf_at_autoattack_rank25-30.pth
thubenchmark,atcnet,46,rpcf_at,autoattack,subset_n512,25,clean,0.9375,purified_data/exp031/exp031_full_20260729_174215/eval/thubenchmark_atcnet_seed46_rpcf_at_autoattack_rank25-30.pth
thubenchmark,atcnet,46,rpcf_at,autoattack,subset_n512,25,robust,0.869140625,purified_data/exp031/exp031_full_20260729_174215/eval/thubenchmark_atcnet_seed46_rpcf_at_autoattack_rank25-30.pth
thubenchmark,atcnet,46,rpcf_at,autoattack,subset_n512,30,clean,0.943359375,purified_data/exp031/exp031_full_20260729_174215/eval/thubenchmark_atcnet_seed46_rpcf_at_autoattack_rank25-30.pth
thubenchmark,atcnet,46,rpcf_at,autoattack,subset_n512,30,robust,0.865234375,purified_data/exp031/exp031_full_20260729_174215/eval/thubenchmark_atcnet_seed46_rpcf_at_autoattack_rank25-30.pth
thubenchmark,atcnet,46,rpcf_at,fgsm,subset_n512,raw,clean,0.96484375,purified_data/exp031/exp031_full_20260729_174215/eval/thubenchmark_atcnet_seed46_rpcf_at_fgsm_rank25-30.pth
thubenchmark,atcnet,46,rpcf_at,fgsm,subset_n512,raw,robust,0.865234375,purified_data/exp031/exp031_full_20260729_174215/eval/thubenchmark_atcnet_seed46_rpcf_at_fgsm_rank25-30.pth
thubenchmark,atcnet,46,rpcf_at,fgsm,subset_n512,25,clean,0.9375,purified_data/exp031/exp031_full_20260729_174215/eval/thubenchmark_atcnet_seed46_rpcf_at_fgsm_rank25-30.pth
thubenchmark,atcnet,46,rpcf_at,fgsm,subset_n512,25,robust,0.853515625,purified_data/exp031/exp031_full_20260729_174215/eval/thubenchmark_atcnet_seed46_rpcf_at_fgsm_rank25-30.pth
thubenchmark,atcnet,46,rpcf_at,fgsm,subset_n512,30,clean,0.943359375,purified_data/exp031/exp031_full_20260729_174215/eval/thubenchmark_atcnet_seed46_rpcf_at_fgsm_rank25-30.pth
thubenchmark,atcnet,46,rpcf_at,fgsm,subset_n512,30,robust,0.853515625,purified_data/exp031/exp031_full_20260729_174215/eval/thubenchmark_atcnet_seed46_rpcf_at_fgsm_rank25-30.pth
thubenchmark,atcnet,46,rpcf_at,pgd,subset_n512,raw,clean,0.96484375,purified_data/exp031/exp031_full_20260729_174215/eval/thubenchmark_atcnet_seed46_rpcf_at_pgd_rank25-30.pth
thubenchmark,atcnet,46,rpcf_at,pgd,subset_n512,raw,robust,0.853515625,purified_data/exp031/exp031_full_20260729_174215/eval/thubenchmark_atcnet_seed46_rpcf_at_pgd_rank25-30.pth
thubenchmark,atcnet,46,rpcf_at,pgd,subset_n512,25,clean,0.9375,purified_data/exp031/exp031_full_20260729_174215/eval/thubenchmark_atcnet_seed46_rpcf_at_pgd_rank25-30.pth
thubenchmark,atcnet,46,rpcf_at,pgd,subset_n512,25,robust,0.845703125,purified_data/exp031/exp031_full_20260729_174215/eval/thubenchmark_atcnet_seed46_rpcf_at_pgd_rank25-30.pth
thubenchmark,atcnet,46,rpcf_at,pgd,subset_n512,30,clean,0.943359375,purified_data/exp031/exp031_full_20260729_174215/eval/thubenchmark_atcnet_seed46_rpcf_at_pgd_rank25-30.pth
thubenchmark,atcnet,46,rpcf_at,pgd,subset_n512,30,robust,0.845703125,purified_data/exp031/exp031_full_20260729_174215/eval/thubenchmark_atcnet_seed46_rpcf_at_pgd_rank25-30.pth
thubenchmark,atcnet,46,rpcf_at,cw,subset_n512,raw,clean,0.96484375,purified_data/exp031/exp031_full_20260729_174215/eval/thubenchmark_atcnet_seed46_rpcf_at_cw_rank25-30.pth
thubenchmark,atcnet,46,rpcf_at,cw,subset_n512,raw,robust,0.001953125,purified_data/exp031/exp031_full_20260729_174215/eval/thubenchmark_atcnet_seed46_rpcf_at_cw_rank25-30.pth
thubenchmark,atcnet,46,rpcf_at,cw,subset_n512,25,clean,0.9375,purified_data/exp031/exp031_full_20260729_174215/eval/thubenchmark_atcnet_seed46_rpcf_at_cw_rank25-30.pth
thubenchmark,atcnet,46,rpcf_at,cw,subset_n512,25,robust,0.30859375,purified_data/exp031/exp031_full_20260729_174215/eval/thubenchmark_atcnet_seed46_rpcf_at_cw_rank25-30.pth
thubenchmark,atcnet,46,rpcf_at,cw,subset_n512,30,clean,0.943359375,purified_data/exp031/exp031_full_20260729_174215/eval/thubenchmark_atcnet_seed46_rpcf_at_cw_rank25-30.pth
thubenchmark,atcnet,46,rpcf_at,cw,subset_n512,30,robust,0.220703125,purified_data/exp031/exp031_full_20260729_174215/eval/thubenchmark_atcnet_seed46_rpcf_at_cw_rank25-30.pth
thubenchmark,conformer,42,madry,autoattack,subset_n512,raw,clean,0.9453125,purified_data/exp031/exp031_full_20260729_174215/eval/thubenchmark_conformer_seed42_madry_autoattack_rank25-30.pth
thubenchmark,conformer,42,madry,autoattack,subset_n512,raw,robust,0.751953125,purified_data/exp031/exp031_full_20260729_174215/eval/thubenchmark_conformer_seed42_madry_autoattack_rank25-30.pth
thubenchmark,conformer,42,madry,autoattack,subset_n512,25,clean,0.91015625,purified_data/exp031/exp031_full_20260729_174215/eval/thubenchmark_conformer_seed42_madry_autoattack_rank25-30.pth
thubenchmark,conformer,42,madry,autoattack,subset_n512,25,robust,0.80078125,purified_data/exp031/exp031_full_20260729_174215/eval/thubenchmark_conformer_seed42_madry_autoattack_rank25-30.pth
thubenchmark,conformer,42,madry,autoattack,subset_n512,30,clean,0.921875,purified_data/exp031/exp031_full_20260729_174215/eval/thubenchmark_conformer_seed42_madry_autoattack_rank25-30.pth
thubenchmark,conformer,42,madry,autoattack,subset_n512,30,robust,0.791015625,purified_data/exp031/exp031_full_20260729_174215/eval/thubenchmark_conformer_seed42_madry_autoattack_rank25-30.pth
thubenchmark,conformer,42,madry,fgsm,subset_n512,raw,clean,0.9453125,purified_data/exp031/exp031_full_20260729_174215/eval/thubenchmark_conformer_seed42_madry_fgsm_rank25-30.pth
thubenchmark,conformer,42,madry,fgsm,subset_n512,raw,robust,0.798828125,purified_data/exp031/exp031_full_20260729_174215/eval/thubenchmark_conformer_seed42_madry_fgsm_rank25-30.pth
thubenchmark,conformer,42,madry,fgsm,subset_n512,25,clean,0.91015625,purified_data/exp031/exp031_full_20260729_174215/eval/thubenchmark_conformer_seed42_madry_fgsm_rank25-30.pth
thubenchmark,conformer,42,madry,fgsm,subset_n512,25,robust,0.80859375,purified_data/exp031/exp031_full_20260729_174215/eval/thubenchmark_conformer_seed42_madry_fgsm_rank25-30.pth
thubenchmark,conformer,42,madry,fgsm,subset_n512,30,clean,0.921875,purified_data/exp031/exp031_full_20260729_174215/eval/thubenchmark_conformer_seed42_madry_fgsm_rank25-30.pth
thubenchmark,conformer,42,madry,fgsm,subset_n512,30,robust,0.806640625,purified_data/exp031/exp031_full_20260729_174215/eval/thubenchmark_conformer_seed42_madry_fgsm_rank25-30.pth
thubenchmark,conformer,42,madry,pgd,subset_n512,raw,clean,0.9453125,purified_data/exp031/exp031_full_20260729_174215/eval/thubenchmark_conformer_seed42_madry_pgd_rank25-30.pth
thubenchmark,conformer,42,madry,pgd,subset_n512,raw,robust,0.75390625,purified_data/exp031/exp031_full_20260729_174215/eval/thubenchmark_conformer_seed42_madry_pgd_rank25-30.pth
thubenchmark,conformer,42,madry,pgd,subset_n512,25,clean,0.91015625,purified_data/exp031/exp031_full_20260729_174215/eval/thubenchmark_conformer_seed42_madry_pgd_rank25-30.pth
thubenchmark,conformer,42,madry,pgd,subset_n512,25,robust,0.796875,purified_data/exp031/exp031_full_20260729_174215/eval/thubenchmark_conformer_seed42_madry_pgd_rank25-30.pth
thubenchmark,conformer,42,madry,pgd,subset_n512,30,clean,0.921875,purified_data/exp031/exp031_full_20260729_174215/eval/thubenchmark_conformer_seed42_madry_pgd_rank25-30.pth
thubenchmark,conformer,42,madry,pgd,subset_n512,30,robust,0.779296875,purified_data/exp031/exp031_full_20260729_174215/eval/thubenchmark_conformer_seed42_madry_pgd_rank25-30.pth
thubenchmark,conformer,42,madry,cw,subset_n512,raw,clean,0.9453125,purified_data/exp031/exp031_full_20260729_174215/eval/thubenchmark_conformer_seed42_madry_cw_rank25-30.pth
thubenchmark,conformer,42,madry,cw,subset_n512,raw,robust,0.0,purified_data/exp031/exp031_full_20260729_174215/eval/thubenchmark_conformer_seed42_madry_cw_rank25-30.pth
thubenchmark,conformer,42,madry,cw,subset_n512,25,clean,0.91015625,purified_data/exp031/exp031_full_20260729_174215/eval/thubenchmark_conformer_seed42_madry_cw_rank25-30.pth
thubenchmark,conformer,42,madry,cw,subset_n512,25,robust,0.18359375,purified_data/exp031/exp031_full_20260729_174215/eval/thubenchmark_conformer_seed42_madry_cw_rank25-30.pth
thubenchmark,conformer,42,madry,cw,subset_n512,30,clean,0.921875,purified_data/exp031/exp031_full_20260729_174215/eval/thubenchmark_conformer_seed42_madry_cw_rank25-30.pth
thubenchmark,conformer,42,madry,cw,subset_n512,30,robust,0.138671875,purified_data/exp031/exp031_full_20260729_174215/eval/thubenchmark_conformer_seed42_madry_cw_rank25-30.pth
thubenchmark,conformer,42,rpcf_at,autoattack,subset_n512,raw,clean,0.94140625,purified_data/exp031/exp031_full_20260729_174215/eval/thubenchmark_conformer_seed42_rpcf_at_autoattack_rank25-30.pth
thubenchmark,conformer,42,rpcf_at,autoattack,subset_n512,raw,robust,0.728515625,purified_data/exp031/exp031_full_20260729_174215/eval/thubenchmark_conformer_seed42_rpcf_at_autoattack_rank25-30.pth
thubenchmark,conformer,42,rpcf_at,autoattack,subset_n512,25,clean,0.90625,purified_data/exp031/exp031_full_20260729_174215/eval/thubenchmark_conformer_seed42_rpcf_at_autoattack_rank25-30.pth
thubenchmark,conformer,42,rpcf_at,autoattack,subset_n512,25,robust,0.7890625,purified_data/exp031/exp031_full_20260729_174215/eval/thubenchmark_conformer_seed42_rpcf_at_autoattack_rank25-30.pth
thubenchmark,conformer,42,rpcf_at,autoattack,subset_n512,30,clean,0.921875,purified_data/exp031/exp031_full_20260729_174215/eval/thubenchmark_conformer_seed42_rpcf_at_autoattack_rank25-30.pth
thubenchmark,conformer,42,rpcf_at,autoattack,subset_n512,30,robust,0.791015625,purified_data/exp031/exp031_full_20260729_174215/eval/thubenchmark_conformer_seed42_rpcf_at_autoattack_rank25-30.pth
thubenchmark,conformer,42,rpcf_at,fgsm,subset_n512,raw,clean,0.94140625,purified_data/exp031/exp031_full_20260729_174215/eval/thubenchmark_conformer_seed42_rpcf_at_fgsm_rank25-30.pth
thubenchmark,conformer,42,rpcf_at,fgsm,subset_n512,raw,robust,0.767578125,purified_data/exp031/exp031_full_20260729_174215/eval/thubenchmark_conformer_seed42_rpcf_at_fgsm_rank25-30.pth
thubenchmark,conformer,42,rpcf_at,fgsm,subset_n512,25,clean,0.90625,purified_data/exp031/exp031_full_20260729_174215/eval/thubenchmark_conformer_seed42_rpcf_at_fgsm_rank25-30.pth
thubenchmark,conformer,42,rpcf_at,fgsm,subset_n512,25,robust,0.80078125,purified_data/exp031/exp031_full_20260729_174215/eval/thubenchmark_conformer_seed42_rpcf_at_fgsm_rank25-30.pth
thubenchmark,conformer,42,rpcf_at,fgsm,subset_n512,30,clean,0.921875,purified_data/exp031/exp031_full_20260729_174215/eval/thubenchmark_conformer_seed42_rpcf_at_fgsm_rank25-30.pth
thubenchmark,conformer,42,rpcf_at,fgsm,subset_n512,30,robust,0.794921875,purified_data/exp031/exp031_full_20260729_174215/eval/thubenchmark_conformer_seed42_rpcf_at_fgsm_rank25-30.pth
thubenchmark,conformer,42,rpcf_at,pgd,subset_n512,raw,clean,0.94140625,purified_data/exp031/exp031_full_20260729_174215/eval/thubenchmark_conformer_seed42_rpcf_at_pgd_rank25-30.pth
thubenchmark,conformer,42,rpcf_at,pgd,subset_n512,raw,robust,0.736328125,purified_data/exp031/exp031_full_20260729_174215/eval/thubenchmark_conformer_seed42_rpcf_at_pgd_rank25-30.pth
thubenchmark,conformer,42,rpcf_at,pgd,subset_n512,25,clean,0.90625,purified_data/exp031/exp031_full_20260729_174215/eval/thubenchmark_conformer_seed42_rpcf_at_pgd_rank25-30.pth
thubenchmark,conformer,42,rpcf_at,pgd,subset_n512,25,robust,0.79296875,purified_data/exp031/exp031_full_20260729_174215/eval/thubenchmark_conformer_seed42_rpcf_at_pgd_rank25-30.pth
thubenchmark,conformer,42,rpcf_at,pgd,subset_n512,30,clean,0.921875,purified_data/exp031/exp031_full_20260729_174215/eval/thubenchmark_conformer_seed42_rpcf_at_pgd_rank25-30.pth
thubenchmark,conformer,42,rpcf_at,pgd,subset_n512,30,robust,0.78515625,purified_data/exp031/exp031_full_20260729_174215/eval/thubenchmark_conformer_seed42_rpcf_at_pgd_rank25-30.pth
thubenchmark,conformer,42,rpcf_at,cw,subset_n512,raw,clean,0.94140625,purified_data/exp031/exp031_full_20260729_174215/eval/thubenchmark_conformer_seed42_rpcf_at_cw_rank25-30.pth
thubenchmark,conformer,42,rpcf_at,cw,subset_n512,raw,robust,0.0,purified_data/exp031/exp031_full_20260729_174215/eval/thubenchmark_conformer_seed42_rpcf_at_cw_rank25-30.pth
thubenchmark,conformer,42,rpcf_at,cw,subset_n512,25,clean,0.90625,purified_data/exp031/exp031_full_20260729_174215/eval/thubenchmark_conformer_seed42_rpcf_at_cw_rank25-30.pth
thubenchmark,conformer,42,rpcf_at,cw,subset_n512,25,robust,0.25390625,purified_data/exp031/exp031_full_20260729_174215/eval/thubenchmark_conformer_seed42_rpcf_at_cw_rank25-30.pth
thubenchmark,conformer,42,rpcf_at,cw,subset_n512,30,clean,0.921875,purified_data/exp031/exp031_full_20260729_174215/eval/thubenchmark_conformer_seed42_rpcf_at_cw_rank25-30.pth
thubenchmark,conformer,42,rpcf_at,cw,subset_n512,30,robust,0.19140625,purified_data/exp031/exp031_full_20260729_174215/eval/thubenchmark_conformer_seed42_rpcf_at_cw_rank25-30.pth
thubenchmark,conformer,43,madry,autoattack,subset_n512,raw,clean,0.943359375,purified_data/exp031/exp031_full_20260729_174215/eval/thubenchmark_conformer_seed43_madry_autoattack_rank25-30.pth
thubenchmark,conformer,43,madry,autoattack,subset_n512,raw,robust,0.763671875,purified_data/exp031/exp031_full_20260729_174215/eval/thubenchmark_conformer_seed43_madry_autoattack_rank25-30.pth
thubenchmark,conformer,43,madry,autoattack,subset_n512,25,clean,0.919921875,purified_data/exp031/exp031_full_20260729_174215/eval/thubenchmark_conformer_seed43_madry_autoattack_rank25-30.pth
thubenchmark,conformer,43,madry,autoattack,subset_n512,25,robust,0.830078125,purified_data/exp031/exp031_full_20260729_174215/eval/thubenchmark_conformer_seed43_madry_autoattack_rank25-30.pth
thubenchmark,conformer,43,madry,autoattack,subset_n512,30,clean,0.919921875,purified_data/exp031/exp031_full_20260729_174215/eval/thubenchmark_conformer_seed43_madry_autoattack_rank25-30.pth
thubenchmark,conformer,43,madry,autoattack,subset_n512,30,robust,0.828125,purified_data/exp031/exp031_full_20260729_174215/eval/thubenchmark_conformer_seed43_madry_autoattack_rank25-30.pth
thubenchmark,conformer,43,madry,fgsm,subset_n512,raw,clean,0.943359375,purified_data/exp031/exp031_full_20260729_174215/eval/thubenchmark_conformer_seed43_madry_fgsm_rank25-30.pth
thubenchmark,conformer,43,madry,fgsm,subset_n512,raw,robust,0.814453125,purified_data/exp031/exp031_full_20260729_174215/eval/thubenchmark_conformer_seed43_madry_fgsm_rank25-30.pth
thubenchmark,conformer,43,madry,fgsm,subset_n512,25,clean,0.919921875,purified_data/exp031/exp031_full_20260729_174215/eval/thubenchmark_conformer_seed43_madry_fgsm_rank25-30.pth
thubenchmark,conformer,43,madry,fgsm,subset_n512,25,robust,0.822265625,purified_data/exp031/exp031_full_20260729_174215/eval/thubenchmark_conformer_seed43_madry_fgsm_rank25-30.pth
thubenchmark,conformer,43,madry,fgsm,subset_n512,30,clean,0.919921875,purified_data/exp031/exp031_full_20260729_174215/eval/thubenchmark_conformer_seed43_madry_fgsm_rank25-30.pth
thubenchmark,conformer,43,madry,fgsm,subset_n512,30,robust,0.826171875,purified_data/exp031/exp031_full_20260729_174215/eval/thubenchmark_conformer_seed43_madry_fgsm_rank25-30.pth
thubenchmark,conformer,43,madry,pgd,subset_n512,raw,clean,0.943359375,purified_data/exp031/exp031_full_20260729_174215/eval/thubenchmark_conformer_seed43_madry_pgd_rank25-30.pth
thubenchmark,conformer,43,madry,pgd,subset_n512,raw,robust,0.76953125,purified_data/exp031/exp031_full_20260729_174215/eval/thubenchmark_conformer_seed43_madry_pgd_rank25-30.pth
thubenchmark,conformer,43,madry,pgd,subset_n512,25,clean,0.919921875,purified_data/exp031/exp031_full_20260729_174215/eval/thubenchmark_conformer_seed43_madry_pgd_rank25-30.pth
thubenchmark,conformer,43,madry,pgd,subset_n512,25,robust,0.8046875,purified_data/exp031/exp031_full_20260729_174215/eval/thubenchmark_conformer_seed43_madry_pgd_rank25-30.pth
thubenchmark,conformer,43,madry,pgd,subset_n512,30,clean,0.919921875,purified_data/exp031/exp031_full_20260729_174215/eval/thubenchmark_conformer_seed43_madry_pgd_rank25-30.pth
thubenchmark,conformer,43,madry,pgd,subset_n512,30,robust,0.8046875,purified_data/exp031/exp031_full_20260729_174215/eval/thubenchmark_conformer_seed43_madry_pgd_rank25-30.pth
thubenchmark,conformer,43,madry,cw,subset_n512,raw,clean,0.943359375,purified_data/exp031/exp031_full_20260729_174215/eval/thubenchmark_conformer_seed43_madry_cw_rank25-30.pth
thubenchmark,conformer,43,madry,cw,subset_n512,raw,robust,0.0,purified_data/exp031/exp031_full_20260729_174215/eval/thubenchmark_conformer_seed43_madry_cw_rank25-30.pth
thubenchmark,conformer,43,madry,cw,subset_n512,25,clean,0.919921875,purified_data/exp031/exp031_full_20260729_174215/eval/thubenchmark_conformer_seed43_madry_cw_rank25-30.pth
thubenchmark,conformer,43,madry,cw,subset_n512,25,robust,0.201171875,purified_data/exp031/exp031_full_20260729_174215/eval/thubenchmark_conformer_seed43_madry_cw_rank25-30.pth
thubenchmark,conformer,43,madry,cw,subset_n512,30,clean,0.919921875,purified_data/exp031/exp031_full_20260729_174215/eval/thubenchmark_conformer_seed43_madry_cw_rank25-30.pth
thubenchmark,conformer,43,madry,cw,subset_n512,30,robust,0.1484375,purified_data/exp031/exp031_full_20260729_174215/eval/thubenchmark_conformer_seed43_madry_cw_rank25-30.pth
thubenchmark,conformer,43,rpcf_at,autoattack,subset_n512,raw,clean,0.939453125,purified_data/exp031/exp031_full_20260729_174215/eval/thubenchmark_conformer_seed43_rpcf_at_autoattack_rank25-30.pth
thubenchmark,conformer,43,rpcf_at,autoattack,subset_n512,raw,robust,0.751953125,purified_data/exp031/exp031_full_20260729_174215/eval/thubenchmark_conformer_seed43_rpcf_at_autoattack_rank25-30.pth
thubenchmark,conformer,43,rpcf_at,autoattack,subset_n512,25,clean,0.9140625,purified_data/exp031/exp031_full_20260729_174215/eval/thubenchmark_conformer_seed43_rpcf_at_autoattack_rank25-30.pth
thubenchmark,conformer,43,rpcf_at,autoattack,subset_n512,25,robust,0.814453125,purified_data/exp031/exp031_full_20260729_174215/eval/thubenchmark_conformer_seed43_rpcf_at_autoattack_rank25-30.pth
thubenchmark,conformer,43,rpcf_at,autoattack,subset_n512,30,clean,0.916015625,purified_data/exp031/exp031_full_20260729_174215/eval/thubenchmark_conformer_seed43_rpcf_at_autoattack_rank25-30.pth
thubenchmark,conformer,43,rpcf_at,autoattack,subset_n512,30,robust,0.8046875,purified_data/exp031/exp031_full_20260729_174215/eval/thubenchmark_conformer_seed43_rpcf_at_autoattack_rank25-30.pth
thubenchmark,conformer,43,rpcf_at,fgsm,subset_n512,raw,clean,0.939453125,purified_data/exp031/exp031_full_20260729_174215/eval/thubenchmark_conformer_seed43_rpcf_at_fgsm_rank25-30.pth
thubenchmark,conformer,43,rpcf_at,fgsm,subset_n512,raw,robust,0.802734375,purified_data/exp031/exp031_full_20260729_174215/eval/thubenchmark_conformer_seed43_rpcf_at_fgsm_rank25-30.pth
thubenchmark,conformer,43,rpcf_at,fgsm,subset_n512,25,clean,0.9140625,purified_data/exp031/exp031_full_20260729_174215/eval/thubenchmark_conformer_seed43_rpcf_at_fgsm_rank25-30.pth
thubenchmark,conformer,43,rpcf_at,fgsm,subset_n512,25,robust,0.802734375,purified_data/exp031/exp031_full_20260729_174215/eval/thubenchmark_conformer_seed43_rpcf_at_fgsm_rank25-30.pth
thubenchmark,conformer,43,rpcf_at,fgsm,subset_n512,30,clean,0.916015625,purified_data/exp031/exp031_full_20260729_174215/eval/thubenchmark_conformer_seed43_rpcf_at_fgsm_rank25-30.pth
thubenchmark,conformer,43,rpcf_at,fgsm,subset_n512,30,robust,0.80859375,purified_data/exp031/exp031_full_20260729_174215/eval/thubenchmark_conformer_seed43_rpcf_at_fgsm_rank25-30.pth
thubenchmark,conformer,43,rpcf_at,pgd,subset_n512,raw,clean,0.939453125,purified_data/exp031/exp031_full_20260729_174215/eval/thubenchmark_conformer_seed43_rpcf_at_pgd_rank25-30.pth
thubenchmark,conformer,43,rpcf_at,pgd,subset_n512,raw,robust,0.7578125,purified_data/exp031/exp031_full_20260729_174215/eval/thubenchmark_conformer_seed43_rpcf_at_pgd_rank25-30.pth
thubenchmark,conformer,43,rpcf_at,pgd,subset_n512,25,clean,0.9140625,purified_data/exp031/exp031_full_20260729_174215/eval/thubenchmark_conformer_seed43_rpcf_at_pgd_rank25-30.pth
thubenchmark,conformer,43,rpcf_at,pgd,subset_n512,25,robust,0.8046875,purified_data/exp031/exp031_full_20260729_174215/eval/thubenchmark_conformer_seed43_rpcf_at_pgd_rank25-30.pth
thubenchmark,conformer,43,rpcf_at,pgd,subset_n512,30,clean,0.916015625,purified_data/exp031/exp031_full_20260729_174215/eval/thubenchmark_conformer_seed43_rpcf_at_pgd_rank25-30.pth
thubenchmark,conformer,43,rpcf_at,pgd,subset_n512,30,robust,0.79296875,purified_data/exp031/exp031_full_20260729_174215/eval/thubenchmark_conformer_seed43_rpcf_at_pgd_rank25-30.pth
thubenchmark,conformer,43,rpcf_at,cw,subset_n512,raw,clean,0.939453125,purified_data/exp031/exp031_full_20260729_174215/eval/thubenchmark_conformer_seed43_rpcf_at_cw_rank25-30.pth
thubenchmark,conformer,43,rpcf_at,cw,subset_n512,raw,robust,0.0,purified_data/exp031/exp031_full_20260729_174215/eval/thubenchmark_conformer_seed43_rpcf_at_cw_rank25-30.pth
thubenchmark,conformer,43,rpcf_at,cw,subset_n512,25,clean,0.9140625,purified_data/exp031/exp031_full_20260729_174215/eval/thubenchmark_conformer_seed43_rpcf_at_cw_rank25-30.pth
thubenchmark,conformer,43,rpcf_at,cw,subset_n512,25,robust,0.22265625,purified_data/exp031/exp031_full_20260729_174215/eval/thubenchmark_conformer_seed43_rpcf_at_cw_rank25-30.pth
thubenchmark,conformer,43,rpcf_at,cw,subset_n512,30,clean,0.916015625,purified_data/exp031/exp031_full_20260729_174215/eval/thubenchmark_conformer_seed43_rpcf_at_cw_rank25-30.pth
thubenchmark,conformer,43,rpcf_at,cw,subset_n512,30,robust,0.15234375,purified_data/exp031/exp031_full_20260729_174215/eval/thubenchmark_conformer_seed43_rpcf_at_cw_rank25-30.pth
thubenchmark,conformer,44,madry,autoattack,subset_n512,raw,clean,0.935546875,purified_data/exp031/exp031_full_20260729_174215/eval/thubenchmark_conformer_seed44_madry_autoattack_rank25-30.pth
thubenchmark,conformer,44,madry,autoattack,subset_n512,raw,robust,0.728515625,purified_data/exp031/exp031_full_20260729_174215/eval/thubenchmark_conformer_seed44_madry_autoattack_rank25-30.pth
thubenchmark,conformer,44,madry,autoattack,subset_n512,25,clean,0.91796875,purified_data/exp031/exp031_full_20260729_174215/eval/thubenchmark_conformer_seed44_madry_autoattack_rank25-30.pth
thubenchmark,conformer,44,madry,autoattack,subset_n512,25,robust,0.798828125,purified_data/exp031/exp031_full_20260729_174215/eval/thubenchmark_conformer_seed44_madry_autoattack_rank25-30.pth
thubenchmark,conformer,44,madry,autoattack,subset_n512,30,clean,0.91796875,purified_data/exp031/exp031_full_20260729_174215/eval/thubenchmark_conformer_seed44_madry_autoattack_rank25-30.pth
thubenchmark,conformer,44,madry,autoattack,subset_n512,30,robust,0.794921875,purified_data/exp031/exp031_full_20260729_174215/eval/thubenchmark_conformer_seed44_madry_autoattack_rank25-30.pth
thubenchmark,conformer,44,madry,fgsm,subset_n512,raw,clean,0.935546875,purified_data/exp031/exp031_full_20260729_174215/eval/thubenchmark_conformer_seed44_madry_fgsm_rank25-30.pth
thubenchmark,conformer,44,madry,fgsm,subset_n512,raw,robust,0.80078125,purified_data/exp031/exp031_full_20260729_174215/eval/thubenchmark_conformer_seed44_madry_fgsm_rank25-30.pth
thubenchmark,conformer,44,madry,fgsm,subset_n512,25,clean,0.91796875,purified_data/exp031/exp031_full_20260729_174215/eval/thubenchmark_conformer_seed44_madry_fgsm_rank25-30.pth
thubenchmark,conformer,44,madry,fgsm,subset_n512,25,robust,0.802734375,purified_data/exp031/exp031_full_20260729_174215/eval/thubenchmark_conformer_seed44_madry_fgsm_rank25-30.pth
thubenchmark,conformer,44,madry,fgsm,subset_n512,30,clean,0.91796875,purified_data/exp031/exp031_full_20260729_174215/eval/thubenchmark_conformer_seed44_madry_fgsm_rank25-30.pth
thubenchmark,conformer,44,madry,fgsm,subset_n512,30,robust,0.80859375,purified_data/exp031/exp031_full_20260729_174215/eval/thubenchmark_conformer_seed44_madry_fgsm_rank25-30.pth
thubenchmark,conformer,44,madry,pgd,subset_n512,raw,clean,0.935546875,purified_data/exp031/exp031_full_20260729_174215/eval/thubenchmark_conformer_seed44_madry_pgd_rank25-30.pth
thubenchmark,conformer,44,madry,pgd,subset_n512,raw,robust,0.732421875,purified_data/exp031/exp031_full_20260729_174215/eval/thubenchmark_conformer_seed44_madry_pgd_rank25-30.pth
thubenchmark,conformer,44,madry,pgd,subset_n512,25,clean,0.91796875,purified_data/exp031/exp031_full_20260729_174215/eval/thubenchmark_conformer_seed44_madry_pgd_rank25-30.pth
thubenchmark,conformer,44,madry,pgd,subset_n512,25,robust,0.78125,purified_data/exp031/exp031_full_20260729_174215/eval/thubenchmark_conformer_seed44_madry_pgd_rank25-30.pth
thubenchmark,conformer,44,madry,pgd,subset_n512,30,clean,0.91796875,purified_data/exp031/exp031_full_20260729_174215/eval/thubenchmark_conformer_seed44_madry_pgd_rank25-30.pth
thubenchmark,conformer,44,madry,pgd,subset_n512,30,robust,0.76953125,purified_data/exp031/exp031_full_20260729_174215/eval/thubenchmark_conformer_seed44_madry_pgd_rank25-30.pth
thubenchmark,conformer,44,madry,cw,subset_n512,raw,clean,0.935546875,purified_data/exp031/exp031_full_20260729_174215/eval/thubenchmark_conformer_seed44_madry_cw_rank25-30.pth
thubenchmark,conformer,44,madry,cw,subset_n512,raw,robust,0.0,purified_data/exp031/exp031_full_20260729_174215/eval/thubenchmark_conformer_seed44_madry_cw_rank25-30.pth
thubenchmark,conformer,44,madry,cw,subset_n512,25,clean,0.91796875,purified_data/exp031/exp031_full_20260729_174215/eval/thubenchmark_conformer_seed44_madry_cw_rank25-30.pth
thubenchmark,conformer,44,madry,cw,subset_n512,25,robust,0.126953125,purified_data/exp031/exp031_full_20260729_174215/eval/thubenchmark_conformer_seed44_madry_cw_rank25-30.pth
thubenchmark,conformer,44,madry,cw,subset_n512,30,clean,0.91796875,purified_data/exp031/exp031_full_20260729_174215/eval/thubenchmark_conformer_seed44_madry_cw_rank25-30.pth
thubenchmark,conformer,44,madry,cw,subset_n512,30,robust,0.08203125,purified_data/exp031/exp031_full_20260729_174215/eval/thubenchmark_conformer_seed44_madry_cw_rank25-30.pth
thubenchmark,conformer,44,rpcf_at,autoattack,subset_n512,raw,clean,0.931640625,purified_data/exp031/exp031_full_20260729_174215/eval/thubenchmark_conformer_seed44_rpcf_at_autoattack_rank25-30.pth
thubenchmark,conformer,44,rpcf_at,autoattack,subset_n512,raw,robust,0.734375,purified_data/exp031/exp031_full_20260729_174215/eval/thubenchmark_conformer_seed44_rpcf_at_autoattack_rank25-30.pth
thubenchmark,conformer,44,rpcf_at,autoattack,subset_n512,25,clean,0.9140625,purified_data/exp031/exp031_full_20260729_174215/eval/thubenchmark_conformer_seed44_rpcf_at_autoattack_rank25-30.pth
thubenchmark,conformer,44,rpcf_at,autoattack,subset_n512,25,robust,0.79296875,purified_data/exp031/exp031_full_20260729_174215/eval/thubenchmark_conformer_seed44_rpcf_at_autoattack_rank25-30.pth
thubenchmark,conformer,44,rpcf_at,autoattack,subset_n512,30,clean,0.91015625,purified_data/exp031/exp031_full_20260729_174215/eval/thubenchmark_conformer_seed44_rpcf_at_autoattack_rank25-30.pth
thubenchmark,conformer,44,rpcf_at,autoattack,subset_n512,30,robust,0.791015625,purified_data/exp031/exp031_full_20260729_174215/eval/thubenchmark_conformer_seed44_rpcf_at_autoattack_rank25-30.pth
thubenchmark,conformer,44,rpcf_at,fgsm,subset_n512,raw,clean,0.931640625,purified_data/exp031/exp031_full_20260729_174215/eval/thubenchmark_conformer_seed44_rpcf_at_fgsm_rank25-30.pth
thubenchmark,conformer,44,rpcf_at,fgsm,subset_n512,raw,robust,0.77734375,purified_data/exp031/exp031_full_20260729_174215/eval/thubenchmark_conformer_seed44_rpcf_at_fgsm_rank25-30.pth
thubenchmark,conformer,44,rpcf_at,fgsm,subset_n512,25,clean,0.9140625,purified_data/exp031/exp031_full_20260729_174215/eval/thubenchmark_conformer_seed44_rpcf_at_fgsm_rank25-30.pth
thubenchmark,conformer,44,rpcf_at,fgsm,subset_n512,25,robust,0.794921875,purified_data/exp031/exp031_full_20260729_174215/eval/thubenchmark_conformer_seed44_rpcf_at_fgsm_rank25-30.pth
thubenchmark,conformer,44,rpcf_at,fgsm,subset_n512,30,clean,0.91015625,purified_data/exp031/exp031_full_20260729_174215/eval/thubenchmark_conformer_seed44_rpcf_at_fgsm_rank25-30.pth
thubenchmark,conformer,44,rpcf_at,fgsm,subset_n512,30,robust,0.794921875,purified_data/exp031/exp031_full_20260729_174215/eval/thubenchmark_conformer_seed44_rpcf_at_fgsm_rank25-30.pth
thubenchmark,conformer,44,rpcf_at,pgd,subset_n512,raw,clean,0.931640625,purified_data/exp031/exp031_full_20260729_174215/eval/thubenchmark_conformer_seed44_rpcf_at_pgd_rank25-30.pth
thubenchmark,conformer,44,rpcf_at,pgd,subset_n512,raw,robust,0.744140625,purified_data/exp031/exp031_full_20260729_174215/eval/thubenchmark_conformer_seed44_rpcf_at_pgd_rank25-30.pth
thubenchmark,conformer,44,rpcf_at,pgd,subset_n512,25,clean,0.9140625,purified_data/exp031/exp031_full_20260729_174215/eval/thubenchmark_conformer_seed44_rpcf_at_pgd_rank25-30.pth
thubenchmark,conformer,44,rpcf_at,pgd,subset_n512,25,robust,0.77734375,purified_data/exp031/exp031_full_20260729_174215/eval/thubenchmark_conformer_seed44_rpcf_at_pgd_rank25-30.pth
thubenchmark,conformer,44,rpcf_at,pgd,subset_n512,30,clean,0.91015625,purified_data/exp031/exp031_full_20260729_174215/eval/thubenchmark_conformer_seed44_rpcf_at_pgd_rank25-30.pth
thubenchmark,conformer,44,rpcf_at,pgd,subset_n512,30,robust,0.78515625,purified_data/exp031/exp031_full_20260729_174215/eval/thubenchmark_conformer_seed44_rpcf_at_pgd_rank25-30.pth
thubenchmark,conformer,44,rpcf_at,cw,subset_n512,raw,clean,0.931640625,purified_data/exp031/exp031_full_20260729_174215/eval/thubenchmark_conformer_seed44_rpcf_at_cw_rank25-30.pth
thubenchmark,conformer,44,rpcf_at,cw,subset_n512,raw,robust,0.0,purified_data/exp031/exp031_full_20260729_174215/eval/thubenchmark_conformer_seed44_rpcf_at_cw_rank25-30.pth
thubenchmark,conformer,44,rpcf_at,cw,subset_n512,25,clean,0.9140625,purified_data/exp031/exp031_full_20260729_174215/eval/thubenchmark_conformer_seed44_rpcf_at_cw_rank25-30.pth
thubenchmark,conformer,44,rpcf_at,cw,subset_n512,25,robust,0.228515625,purified_data/exp031/exp031_full_20260729_174215/eval/thubenchmark_conformer_seed44_rpcf_at_cw_rank25-30.pth
thubenchmark,conformer,44,rpcf_at,cw,subset_n512,30,clean,0.91015625,purified_data/exp031/exp031_full_20260729_174215/eval/thubenchmark_conformer_seed44_rpcf_at_cw_rank25-30.pth
thubenchmark,conformer,44,rpcf_at,cw,subset_n512,30,robust,0.169921875,purified_data/exp031/exp031_full_20260729_174215/eval/thubenchmark_conformer_seed44_rpcf_at_cw_rank25-30.pth
thubenchmark,conformer,45,madry,autoattack,subset_n512,raw,clean,0.93359375,purified_data/exp031/exp031_full_20260729_174215/eval/thubenchmark_conformer_seed45_madry_autoattack_rank25-30.pth
thubenchmark,conformer,45,madry,autoattack,subset_n512,raw,robust,0.748046875,purified_data/exp031/exp031_full_20260729_174215/eval/thubenchmark_conformer_seed45_madry_autoattack_rank25-30.pth
thubenchmark,conformer,45,madry,autoattack,subset_n512,25,clean,0.90234375,purified_data/exp031/exp031_full_20260729_174215/eval/thubenchmark_conformer_seed45_madry_autoattack_rank25-30.pth
thubenchmark,conformer,45,madry,autoattack,subset_n512,25,robust,0.80859375,purified_data/exp031/exp031_full_20260729_174215/eval/thubenchmark_conformer_seed45_madry_autoattack_rank25-30.pth
thubenchmark,conformer,45,madry,autoattack,subset_n512,30,clean,0.916015625,purified_data/exp031/exp031_full_20260729_174215/eval/thubenchmark_conformer_seed45_madry_autoattack_rank25-30.pth
thubenchmark,conformer,45,madry,autoattack,subset_n512,30,robust,0.796875,purified_data/exp031/exp031_full_20260729_174215/eval/thubenchmark_conformer_seed45_madry_autoattack_rank25-30.pth
thubenchmark,conformer,45,madry,fgsm,subset_n512,raw,clean,0.93359375,purified_data/exp031/exp031_full_20260729_174215/eval/thubenchmark_conformer_seed45_madry_fgsm_rank25-30.pth
thubenchmark,conformer,45,madry,fgsm,subset_n512,raw,robust,0.796875,purified_data/exp031/exp031_full_20260729_174215/eval/thubenchmark_conformer_seed45_madry_fgsm_rank25-30.pth
thubenchmark,conformer,45,madry,fgsm,subset_n512,25,clean,0.90234375,purified_data/exp031/exp031_full_20260729_174215/eval/thubenchmark_conformer_seed45_madry_fgsm_rank25-30.pth
thubenchmark,conformer,45,madry,fgsm,subset_n512,25,robust,0.822265625,purified_data/exp031/exp031_full_20260729_174215/eval/thubenchmark_conformer_seed45_madry_fgsm_rank25-30.pth
thubenchmark,conformer,45,madry,fgsm,subset_n512,30,clean,0.916015625,purified_data/exp031/exp031_full_20260729_174215/eval/thubenchmark_conformer_seed45_madry_fgsm_rank25-30.pth
thubenchmark,conformer,45,madry,fgsm,subset_n512,30,robust,0.818359375,purified_data/exp031/exp031_full_20260729_174215/eval/thubenchmark_conformer_seed45_madry_fgsm_rank25-30.pth
thubenchmark,conformer,45,madry,pgd,subset_n512,raw,clean,0.93359375,purified_data/exp031/exp031_full_20260729_174215/eval/thubenchmark_conformer_seed45_madry_pgd_rank25-30.pth
thubenchmark,conformer,45,madry,pgd,subset_n512,raw,robust,0.76171875,purified_data/exp031/exp031_full_20260729_174215/eval/thubenchmark_conformer_seed45_madry_pgd_rank25-30.pth
thubenchmark,conformer,45,madry,pgd,subset_n512,25,clean,0.90234375,purified_data/exp031/exp031_full_20260729_174215/eval/thubenchmark_conformer_seed45_madry_pgd_rank25-30.pth
thubenchmark,conformer,45,madry,pgd,subset_n512,25,robust,0.80859375,purified_data/exp031/exp031_full_20260729_174215/eval/thubenchmark_conformer_seed45_madry_pgd_rank25-30.pth
thubenchmark,conformer,45,madry,pgd,subset_n512,30,clean,0.916015625,purified_data/exp031/exp031_full_20260729_174215/eval/thubenchmark_conformer_seed45_madry_pgd_rank25-30.pth
thubenchmark,conformer,45,madry,pgd,subset_n512,30,robust,0.794921875,purified_data/exp031/exp031_full_20260729_174215/eval/thubenchmark_conformer_seed45_madry_pgd_rank25-30.pth
thubenchmark,conformer,45,madry,cw,subset_n512,raw,clean,0.93359375,purified_data/exp031/exp031_full_20260729_174215/eval/thubenchmark_conformer_seed45_madry_cw_rank25-30.pth
thubenchmark,conformer,45,madry,cw,subset_n512,raw,robust,0.0,purified_data/exp031/exp031_full_20260729_174215/eval/thubenchmark_conformer_seed45_madry_cw_rank25-30.pth
thubenchmark,conformer,45,madry,cw,subset_n512,25,clean,0.90234375,purified_data/exp031/exp031_full_20260729_174215/eval/thubenchmark_conformer_seed45_madry_cw_rank25-30.pth
thubenchmark,conformer,45,madry,cw,subset_n512,25,robust,0.1640625,purified_data/exp031/exp031_full_20260729_174215/eval/thubenchmark_conformer_seed45_madry_cw_rank25-30.pth
thubenchmark,conformer,45,madry,cw,subset_n512,30,clean,0.916015625,purified_data/exp031/exp031_full_20260729_174215/eval/thubenchmark_conformer_seed45_madry_cw_rank25-30.pth
thubenchmark,conformer,45,madry,cw,subset_n512,30,robust,0.09375,purified_data/exp031/exp031_full_20260729_174215/eval/thubenchmark_conformer_seed45_madry_cw_rank25-30.pth
thubenchmark,conformer,45,rpcf_at,autoattack,subset_n512,raw,clean,0.916015625,purified_data/exp031/exp031_full_20260729_174215/eval/thubenchmark_conformer_seed45_rpcf_at_autoattack_rank25-30.pth
thubenchmark,conformer,45,rpcf_at,autoattack,subset_n512,raw,robust,0.689453125,purified_data/exp031/exp031_full_20260729_174215/eval/thubenchmark_conformer_seed45_rpcf_at_autoattack_rank25-30.pth
thubenchmark,conformer,45,rpcf_at,autoattack,subset_n512,25,clean,0.90234375,purified_data/exp031/exp031_full_20260729_174215/eval/thubenchmark_conformer_seed45_rpcf_at_autoattack_rank25-30.pth
thubenchmark,conformer,45,rpcf_at,autoattack,subset_n512,25,robust,0.78125,purified_data/exp031/exp031_full_20260729_174215/eval/thubenchmark_conformer_seed45_rpcf_at_autoattack_rank25-30.pth
thubenchmark,conformer,45,rpcf_at,autoattack,subset_n512,30,clean,0.90234375,purified_data/exp031/exp031_full_20260729_174215/eval/thubenchmark_conformer_seed45_rpcf_at_autoattack_rank25-30.pth
thubenchmark,conformer,45,rpcf_at,autoattack,subset_n512,30,robust,0.767578125,purified_data/exp031/exp031_full_20260729_174215/eval/thubenchmark_conformer_seed45_rpcf_at_autoattack_rank25-30.pth
thubenchmark,conformer,45,rpcf_at,fgsm,subset_n512,raw,clean,0.916015625,purified_data/exp031/exp031_full_20260729_174215/eval/thubenchmark_conformer_seed45_rpcf_at_fgsm_rank25-30.pth
thubenchmark,conformer,45,rpcf_at,fgsm,subset_n512,raw,robust,0.748046875,purified_data/exp031/exp031_full_20260729_174215/eval/thubenchmark_conformer_seed45_rpcf_at_fgsm_rank25-30.pth
thubenchmark,conformer,45,rpcf_at,fgsm,subset_n512,25,clean,0.90234375,purified_data/exp031/exp031_full_20260729_174215/eval/thubenchmark_conformer_seed45_rpcf_at_fgsm_rank25-30.pth
thubenchmark,conformer,45,rpcf_at,fgsm,subset_n512,25,robust,0.78125,purified_data/exp031/exp031_full_20260729_174215/eval/thubenchmark_conformer_seed45_rpcf_at_fgsm_rank25-30.pth
thubenchmark,conformer,45,rpcf_at,fgsm,subset_n512,30,clean,0.90234375,purified_data/exp031/exp031_full_20260729_174215/eval/thubenchmark_conformer_seed45_rpcf_at_fgsm_rank25-30.pth
thubenchmark,conformer,45,rpcf_at,fgsm,subset_n512,30,robust,0.78125,purified_data/exp031/exp031_full_20260729_174215/eval/thubenchmark_conformer_seed45_rpcf_at_fgsm_rank25-30.pth
thubenchmark,conformer,45,rpcf_at,pgd,subset_n512,raw,clean,0.916015625,purified_data/exp031/exp031_full_20260729_174215/eval/thubenchmark_conformer_seed45_rpcf_at_pgd_rank25-30.pth
thubenchmark,conformer,45,rpcf_at,pgd,subset_n512,raw,robust,0.703125,purified_data/exp031/exp031_full_20260729_174215/eval/thubenchmark_conformer_seed45_rpcf_at_pgd_rank25-30.pth
thubenchmark,conformer,45,rpcf_at,pgd,subset_n512,25,clean,0.90234375,purified_data/exp031/exp031_full_20260729_174215/eval/thubenchmark_conformer_seed45_rpcf_at_pgd_rank25-30.pth
thubenchmark,conformer,45,rpcf_at,pgd,subset_n512,25,robust,0.755859375,purified_data/exp031/exp031_full_20260729_174215/eval/thubenchmark_conformer_seed45_rpcf_at_pgd_rank25-30.pth
thubenchmark,conformer,45,rpcf_at,pgd,subset_n512,30,clean,0.90234375,purified_data/exp031/exp031_full_20260729_174215/eval/thubenchmark_conformer_seed45_rpcf_at_pgd_rank25-30.pth
thubenchmark,conformer,45,rpcf_at,pgd,subset_n512,30,robust,0.76171875,purified_data/exp031/exp031_full_20260729_174215/eval/thubenchmark_conformer_seed45_rpcf_at_pgd_rank25-30.pth
thubenchmark,conformer,45,rpcf_at,cw,subset_n512,raw,clean,0.916015625,purified_data/exp031/exp031_full_20260729_174215/eval/thubenchmark_conformer_seed45_rpcf_at_cw_rank25-30.pth
thubenchmark,conformer,45,rpcf_at,cw,subset_n512,raw,robust,0.0,purified_data/exp031/exp031_full_20260729_174215/eval/thubenchmark_conformer_seed45_rpcf_at_cw_rank25-30.pth
thubenchmark,conformer,45,rpcf_at,cw,subset_n512,25,clean,0.90234375,purified_data/exp031/exp031_full_20260729_174215/eval/thubenchmark_conformer_seed45_rpcf_at_cw_rank25-30.pth
thubenchmark,conformer,45,rpcf_at,cw,subset_n512,25,robust,0.294921875,purified_data/exp031/exp031_full_20260729_174215/eval/thubenchmark_conformer_seed45_rpcf_at_cw_rank25-30.pth
thubenchmark,conformer,45,rpcf_at,cw,subset_n512,30,clean,0.90234375,purified_data/exp031/exp031_full_20260729_174215/eval/thubenchmark_conformer_seed45_rpcf_at_cw_rank25-30.pth
thubenchmark,conformer,45,rpcf_at,cw,subset_n512,30,robust,0.216796875,purified_data/exp031/exp031_full_20260729_174215/eval/thubenchmark_conformer_seed45_rpcf_at_cw_rank25-30.pth
thubenchmark,conformer,46,madry,autoattack,subset_n512,raw,clean,0.93359375,purified_data/exp031/exp031_full_20260729_174215/eval/thubenchmark_conformer_seed46_madry_autoattack_rank25-30.pth
thubenchmark,conformer,46,madry,autoattack,subset_n512,raw,robust,0.724609375,purified_data/exp031/exp031_full_20260729_174215/eval/thubenchmark_conformer_seed46_madry_autoattack_rank25-30.pth
thubenchmark,conformer,46,madry,autoattack,subset_n512,25,clean,0.916015625,purified_data/exp031/exp031_full_20260729_174215/eval/thubenchmark_conformer_seed46_madry_autoattack_rank25-30.pth
thubenchmark,conformer,46,madry,autoattack,subset_n512,25,robust,0.77734375,purified_data/exp031/exp031_full_20260729_174215/eval/thubenchmark_conformer_seed46_madry_autoattack_rank25-30.pth
thubenchmark,conformer,46,madry,autoattack,subset_n512,30,clean,0.92578125,purified_data/exp031/exp031_full_20260729_174215/eval/thubenchmark_conformer_seed46_madry_autoattack_rank25-30.pth
thubenchmark,conformer,46,madry,autoattack,subset_n512,30,robust,0.765625,purified_data/exp031/exp031_full_20260729_174215/eval/thubenchmark_conformer_seed46_madry_autoattack_rank25-30.pth
thubenchmark,conformer,46,madry,fgsm,subset_n512,raw,clean,0.93359375,purified_data/exp031/exp031_full_20260729_174215/eval/thubenchmark_conformer_seed46_madry_fgsm_rank25-30.pth
thubenchmark,conformer,46,madry,fgsm,subset_n512,raw,robust,0.78515625,purified_data/exp031/exp031_full_20260729_174215/eval/thubenchmark_conformer_seed46_madry_fgsm_rank25-30.pth
thubenchmark,conformer,46,madry,fgsm,subset_n512,25,clean,0.916015625,purified_data/exp031/exp031_full_20260729_174215/eval/thubenchmark_conformer_seed46_madry_fgsm_rank25-30.pth
thubenchmark,conformer,46,madry,fgsm,subset_n512,25,robust,0.787109375,purified_data/exp031/exp031_full_20260729_174215/eval/thubenchmark_conformer_seed46_madry_fgsm_rank25-30.pth
thubenchmark,conformer,46,madry,fgsm,subset_n512,30,clean,0.92578125,purified_data/exp031/exp031_full_20260729_174215/eval/thubenchmark_conformer_seed46_madry_fgsm_rank25-30.pth
thubenchmark,conformer,46,madry,fgsm,subset_n512,30,robust,0.783203125,purified_data/exp031/exp031_full_20260729_174215/eval/thubenchmark_conformer_seed46_madry_fgsm_rank25-30.pth
thubenchmark,conformer,46,madry,pgd,subset_n512,raw,clean,0.93359375,purified_data/exp031/exp031_full_20260729_174215/eval/thubenchmark_conformer_seed46_madry_pgd_rank25-30.pth
thubenchmark,conformer,46,madry,pgd,subset_n512,raw,robust,0.748046875,purified_data/exp031/exp031_full_20260729_174215/eval/thubenchmark_conformer_seed46_madry_pgd_rank25-30.pth
thubenchmark,conformer,46,madry,pgd,subset_n512,25,clean,0.916015625,purified_data/exp031/exp031_full_20260729_174215/eval/thubenchmark_conformer_seed46_madry_pgd_rank25-30.pth
thubenchmark,conformer,46,madry,pgd,subset_n512,25,robust,0.76171875,purified_data/exp031/exp031_full_20260729_174215/eval/thubenchmark_conformer_seed46_madry_pgd_rank25-30.pth
thubenchmark,conformer,46,madry,pgd,subset_n512,30,clean,0.92578125,purified_data/exp031/exp031_full_20260729_174215/eval/thubenchmark_conformer_seed46_madry_pgd_rank25-30.pth
thubenchmark,conformer,46,madry,pgd,subset_n512,30,robust,0.765625,purified_data/exp031/exp031_full_20260729_174215/eval/thubenchmark_conformer_seed46_madry_pgd_rank25-30.pth
thubenchmark,conformer,46,madry,cw,subset_n512,raw,clean,0.93359375,purified_data/exp031/exp031_full_20260729_174215/eval/thubenchmark_conformer_seed46_madry_cw_rank25-30.pth
thubenchmark,conformer,46,madry,cw,subset_n512,raw,robust,0.0,purified_data/exp031/exp031_full_20260729_174215/eval/thubenchmark_conformer_seed46_madry_cw_rank25-30.pth
thubenchmark,conformer,46,madry,cw,subset_n512,25,clean,0.916015625,purified_data/exp031/exp031_full_20260729_174215/eval/thubenchmark_conformer_seed46_madry_cw_rank25-30.pth
thubenchmark,conformer,46,madry,cw,subset_n512,25,robust,0.21875,purified_data/exp031/exp031_full_20260729_174215/eval/thubenchmark_conformer_seed46_madry_cw_rank25-30.pth
thubenchmark,conformer,46,madry,cw,subset_n512,30,clean,0.92578125,purified_data/exp031/exp031_full_20260729_174215/eval/thubenchmark_conformer_seed46_madry_cw_rank25-30.pth
thubenchmark,conformer,46,madry,cw,subset_n512,30,robust,0.15625,purified_data/exp031/exp031_full_20260729_174215/eval/thubenchmark_conformer_seed46_madry_cw_rank25-30.pth
thubenchmark,conformer,46,rpcf_at,autoattack,subset_n512,raw,clean,0.927734375,purified_data/exp031/exp031_full_20260729_174215/eval/thubenchmark_conformer_seed46_rpcf_at_autoattack_rank25-30.pth
thubenchmark,conformer,46,rpcf_at,autoattack,subset_n512,raw,robust,0.76171875,purified_data/exp031/exp031_full_20260729_174215/eval/thubenchmark_conformer_seed46_rpcf_at_autoattack_rank25-30.pth
thubenchmark,conformer,46,rpcf_at,autoattack,subset_n512,25,clean,0.90234375,purified_data/exp031/exp031_full_20260729_174215/eval/thubenchmark_conformer_seed46_rpcf_at_autoattack_rank25-30.pth
thubenchmark,conformer,46,rpcf_at,autoattack,subset_n512,25,robust,0.81640625,purified_data/exp031/exp031_full_20260729_174215/eval/thubenchmark_conformer_seed46_rpcf_at_autoattack_rank25-30.pth
thubenchmark,conformer,46,rpcf_at,autoattack,subset_n512,30,clean,0.90625,purified_data/exp031/exp031_full_20260729_174215/eval/thubenchmark_conformer_seed46_rpcf_at_autoattack_rank25-30.pth
thubenchmark,conformer,46,rpcf_at,autoattack,subset_n512,30,robust,0.806640625,purified_data/exp031/exp031_full_20260729_174215/eval/thubenchmark_conformer_seed46_rpcf_at_autoattack_rank25-30.pth
thubenchmark,conformer,46,rpcf_at,fgsm,subset_n512,raw,clean,0.927734375,purified_data/exp031/exp031_full_20260729_174215/eval/thubenchmark_conformer_seed46_rpcf_at_fgsm_rank25-30.pth
thubenchmark,conformer,46,rpcf_at,fgsm,subset_n512,raw,robust,0.794921875,purified_data/exp031/exp031_full_20260729_174215/eval/thubenchmark_conformer_seed46_rpcf_at_fgsm_rank25-30.pth
thubenchmark,conformer,46,rpcf_at,fgsm,subset_n512,25,clean,0.90234375,purified_data/exp031/exp031_full_20260729_174215/eval/thubenchmark_conformer_seed46_rpcf_at_fgsm_rank25-30.pth
thubenchmark,conformer,46,rpcf_at,fgsm,subset_n512,25,robust,0.8046875,purified_data/exp031/exp031_full_20260729_174215/eval/thubenchmark_conformer_seed46_rpcf_at_fgsm_rank25-30.pth
thubenchmark,conformer,46,rpcf_at,fgsm,subset_n512,30,clean,0.90625,purified_data/exp031/exp031_full_20260729_174215/eval/thubenchmark_conformer_seed46_rpcf_at_fgsm_rank25-30.pth
thubenchmark,conformer,46,rpcf_at,fgsm,subset_n512,30,robust,0.80859375,purified_data/exp031/exp031_full_20260729_174215/eval/thubenchmark_conformer_seed46_rpcf_at_fgsm_rank25-30.pth
thubenchmark,conformer,46,rpcf_at,pgd,subset_n512,raw,clean,0.927734375,purified_data/exp031/exp031_full_20260729_174215/eval/thubenchmark_conformer_seed46_rpcf_at_pgd_rank25-30.pth
thubenchmark,conformer,46,rpcf_at,pgd,subset_n512,raw,robust,0.76953125,purified_data/exp031/exp031_full_20260729_174215/eval/thubenchmark_conformer_seed46_rpcf_at_pgd_rank25-30.pth
thubenchmark,conformer,46,rpcf_at,pgd,subset_n512,25,clean,0.90234375,purified_data/exp031/exp031_full_20260729_174215/eval/thubenchmark_conformer_seed46_rpcf_at_pgd_rank25-30.pth
thubenchmark,conformer,46,rpcf_at,pgd,subset_n512,25,robust,0.791015625,purified_data/exp031/exp031_full_20260729_174215/eval/thubenchmark_conformer_seed46_rpcf_at_pgd_rank25-30.pth
thubenchmark,conformer,46,rpcf_at,pgd,subset_n512,30,clean,0.90625,purified_data/exp031/exp031_full_20260729_174215/eval/thubenchmark_conformer_seed46_rpcf_at_pgd_rank25-30.pth
thubenchmark,conformer,46,rpcf_at,pgd,subset_n512,30,robust,0.7890625,purified_data/exp031/exp031_full_20260729_174215/eval/thubenchmark_conformer_seed46_rpcf_at_pgd_rank25-30.pth
thubenchmark,conformer,46,rpcf_at,cw,subset_n512,raw,clean,0.927734375,purified_data/exp031/exp031_full_20260729_174215/eval/thubenchmark_conformer_seed46_rpcf_at_cw_rank25-30.pth
thubenchmark,conformer,46,rpcf_at,cw,subset_n512,raw,robust,0.0,purified_data/exp031/exp031_full_20260729_174215/eval/thubenchmark_conformer_seed46_rpcf_at_cw_rank25-30.pth
thubenchmark,conformer,46,rpcf_at,cw,subset_n512,25,clean,0.90234375,purified_data/exp031/exp031_full_20260729_174215/eval/thubenchmark_conformer_seed46_rpcf_at_cw_rank25-30.pth
thubenchmark,conformer,46,rpcf_at,cw,subset_n512,25,robust,0.25,purified_data/exp031/exp031_full_20260729_174215/eval/thubenchmark_conformer_seed46_rpcf_at_cw_rank25-30.pth
thubenchmark,conformer,46,rpcf_at,cw,subset_n512,30,clean,0.90625,purified_data/exp031/exp031_full_20260729_174215/eval/thubenchmark_conformer_seed46_rpcf_at_cw_rank25-30.pth
thubenchmark,conformer,46,rpcf_at,cw,subset_n512,30,robust,0.171875,purified_data/exp031/exp031_full_20260729_174215/eval/thubenchmark_conformer_seed46_rpcf_at_cw_rank25-30.pth
thubenchmark,tcnet,42,madry,autoattack,subset_n512,raw,clean,0.837890625,purified_data/exp031/exp031_full_20260729_174215/eval/thubenchmark_tcnet_seed42_madry_autoattack_rank25-30.pth
thubenchmark,tcnet,42,madry,autoattack,subset_n512,raw,robust,0.421875,purified_data/exp031/exp031_full_20260729_174215/eval/thubenchmark_tcnet_seed42_madry_autoattack_rank25-30.pth
thubenchmark,tcnet,42,madry,autoattack,subset_n512,25,clean,0.77734375,purified_data/exp031/exp031_full_20260729_174215/eval/thubenchmark_tcnet_seed42_madry_autoattack_rank25-30.pth
thubenchmark,tcnet,42,madry,autoattack,subset_n512,25,robust,0.572265625,purified_data/exp031/exp031_full_20260729_174215/eval/thubenchmark_tcnet_seed42_madry_autoattack_rank25-30.pth
thubenchmark,tcnet,42,madry,autoattack,subset_n512,30,clean,0.77734375,purified_data/exp031/exp031_full_20260729_174215/eval/thubenchmark_tcnet_seed42_madry_autoattack_rank25-30.pth
thubenchmark,tcnet,42,madry,autoattack,subset_n512,30,robust,0.53125,purified_data/exp031/exp031_full_20260729_174215/eval/thubenchmark_tcnet_seed42_madry_autoattack_rank25-30.pth
thubenchmark,tcnet,42,madry,fgsm,subset_n512,raw,clean,0.837890625,purified_data/exp031/exp031_full_20260729_174215/eval/thubenchmark_tcnet_seed42_madry_fgsm_rank25-30.pth
thubenchmark,tcnet,42,madry,fgsm,subset_n512,raw,robust,0.5390625,purified_data/exp031/exp031_full_20260729_174215/eval/thubenchmark_tcnet_seed42_madry_fgsm_rank25-30.pth
thubenchmark,tcnet,42,madry,fgsm,subset_n512,25,clean,0.77734375,purified_data/exp031/exp031_full_20260729_174215/eval/thubenchmark_tcnet_seed42_madry_fgsm_rank25-30.pth
thubenchmark,tcnet,42,madry,fgsm,subset_n512,25,robust,0.572265625,purified_data/exp031/exp031_full_20260729_174215/eval/thubenchmark_tcnet_seed42_madry_fgsm_rank25-30.pth
thubenchmark,tcnet,42,madry,fgsm,subset_n512,30,clean,0.77734375,purified_data/exp031/exp031_full_20260729_174215/eval/thubenchmark_tcnet_seed42_madry_fgsm_rank25-30.pth
thubenchmark,tcnet,42,madry,fgsm,subset_n512,30,robust,0.55078125,purified_data/exp031/exp031_full_20260729_174215/eval/thubenchmark_tcnet_seed42_madry_fgsm_rank25-30.pth
thubenchmark,tcnet,42,madry,pgd,subset_n512,raw,clean,0.837890625,purified_data/exp031/exp031_full_20260729_174215/eval/thubenchmark_tcnet_seed42_madry_pgd_rank25-30.pth
thubenchmark,tcnet,42,madry,pgd,subset_n512,raw,robust,0.4765625,purified_data/exp031/exp031_full_20260729_174215/eval/thubenchmark_tcnet_seed42_madry_pgd_rank25-30.pth
thubenchmark,tcnet,42,madry,pgd,subset_n512,25,clean,0.77734375,purified_data/exp031/exp031_full_20260729_174215/eval/thubenchmark_tcnet_seed42_madry_pgd_rank25-30.pth
thubenchmark,tcnet,42,madry,pgd,subset_n512,25,robust,0.53515625,purified_data/exp031/exp031_full_20260729_174215/eval/thubenchmark_tcnet_seed42_madry_pgd_rank25-30.pth
thubenchmark,tcnet,42,madry,pgd,subset_n512,30,clean,0.77734375,purified_data/exp031/exp031_full_20260729_174215/eval/thubenchmark_tcnet_seed42_madry_pgd_rank25-30.pth
thubenchmark,tcnet,42,madry,pgd,subset_n512,30,robust,0.533203125,purified_data/exp031/exp031_full_20260729_174215/eval/thubenchmark_tcnet_seed42_madry_pgd_rank25-30.pth
thubenchmark,tcnet,42,madry,cw,subset_n512,raw,clean,0.837890625,purified_data/exp031/exp031_full_20260729_174215/eval/thubenchmark_tcnet_seed42_madry_cw_rank25-30.pth
thubenchmark,tcnet,42,madry,cw,subset_n512,raw,robust,0.03515625,purified_data/exp031/exp031_full_20260729_174215/eval/thubenchmark_tcnet_seed42_madry_cw_rank25-30.pth
thubenchmark,tcnet,42,madry,cw,subset_n512,25,clean,0.77734375,purified_data/exp031/exp031_full_20260729_174215/eval/thubenchmark_tcnet_seed42_madry_cw_rank25-30.pth
thubenchmark,tcnet,42,madry,cw,subset_n512,25,robust,0.1015625,purified_data/exp031/exp031_full_20260729_174215/eval/thubenchmark_tcnet_seed42_madry_cw_rank25-30.pth
thubenchmark,tcnet,42,madry,cw,subset_n512,30,clean,0.77734375,purified_data/exp031/exp031_full_20260729_174215/eval/thubenchmark_tcnet_seed42_madry_cw_rank25-30.pth
thubenchmark,tcnet,42,madry,cw,subset_n512,30,robust,0.0703125,purified_data/exp031/exp031_full_20260729_174215/eval/thubenchmark_tcnet_seed42_madry_cw_rank25-30.pth
thubenchmark,tcnet,42,rpcf_at,autoattack,subset_n512,raw,clean,0.857421875,purified_data/exp031/exp031_full_20260729_174215/eval/thubenchmark_tcnet_seed42_rpcf_at_autoattack_rank25-30.pth
thubenchmark,tcnet,42,rpcf_at,autoattack,subset_n512,raw,robust,0.4296875,purified_data/exp031/exp031_full_20260729_174215/eval/thubenchmark_tcnet_seed42_rpcf_at_autoattack_rank25-30.pth
thubenchmark,tcnet,42,rpcf_at,autoattack,subset_n512,25,clean,0.794921875,purified_data/exp031/exp031_full_20260729_174215/eval/thubenchmark_tcnet_seed42_rpcf_at_autoattack_rank25-30.pth
thubenchmark,tcnet,42,rpcf_at,autoattack,subset_n512,25,robust,0.607421875,purified_data/exp031/exp031_full_20260729_174215/eval/thubenchmark_tcnet_seed42_rpcf_at_autoattack_rank25-30.pth
thubenchmark,tcnet,42,rpcf_at,autoattack,subset_n512,30,clean,0.814453125,purified_data/exp031/exp031_full_20260729_174215/eval/thubenchmark_tcnet_seed42_rpcf_at_autoattack_rank25-30.pth
thubenchmark,tcnet,42,rpcf_at,autoattack,subset_n512,30,robust,0.599609375,purified_data/exp031/exp031_full_20260729_174215/eval/thubenchmark_tcnet_seed42_rpcf_at_autoattack_rank25-30.pth
thubenchmark,tcnet,42,rpcf_at,fgsm,subset_n512,raw,clean,0.857421875,purified_data/exp031/exp031_full_20260729_174215/eval/thubenchmark_tcnet_seed42_rpcf_at_fgsm_rank25-30.pth
thubenchmark,tcnet,42,rpcf_at,fgsm,subset_n512,raw,robust,0.546875,purified_data/exp031/exp031_full_20260729_174215/eval/thubenchmark_tcnet_seed42_rpcf_at_fgsm_rank25-30.pth
thubenchmark,tcnet,42,rpcf_at,fgsm,subset_n512,25,clean,0.794921875,purified_data/exp031/exp031_full_20260729_174215/eval/thubenchmark_tcnet_seed42_rpcf_at_fgsm_rank25-30.pth
thubenchmark,tcnet,42,rpcf_at,fgsm,subset_n512,25,robust,0.609375,purified_data/exp031/exp031_full_20260729_174215/eval/thubenchmark_tcnet_seed42_rpcf_at_fgsm_rank25-30.pth
thubenchmark,tcnet,42,rpcf_at,fgsm,subset_n512,30,clean,0.814453125,purified_data/exp031/exp031_full_20260729_174215/eval/thubenchmark_tcnet_seed42_rpcf_at_fgsm_rank25-30.pth
thubenchmark,tcnet,42,rpcf_at,fgsm,subset_n512,30,robust,0.611328125,purified_data/exp031/exp031_full_20260729_174215/eval/thubenchmark_tcnet_seed42_rpcf_at_fgsm_rank25-30.pth
thubenchmark,tcnet,42,rpcf_at,pgd,subset_n512,raw,clean,0.857421875,purified_data/exp031/exp031_full_20260729_174215/eval/thubenchmark_tcnet_seed42_rpcf_at_pgd_rank25-30.pth
thubenchmark,tcnet,42,rpcf_at,pgd,subset_n512,raw,robust,0.470703125,purified_data/exp031/exp031_full_20260729_174215/eval/thubenchmark_tcnet_seed42_rpcf_at_pgd_rank25-30.pth
thubenchmark,tcnet,42,rpcf_at,pgd,subset_n512,25,clean,0.794921875,purified_data/exp031/exp031_full_20260729_174215/eval/thubenchmark_tcnet_seed42_rpcf_at_pgd_rank25-30.pth
thubenchmark,tcnet,42,rpcf_at,pgd,subset_n512,25,robust,0.587890625,purified_data/exp031/exp031_full_20260729_174215/eval/thubenchmark_tcnet_seed42_rpcf_at_pgd_rank25-30.pth
thubenchmark,tcnet,42,rpcf_at,pgd,subset_n512,30,clean,0.814453125,purified_data/exp031/exp031_full_20260729_174215/eval/thubenchmark_tcnet_seed42_rpcf_at_pgd_rank25-30.pth
thubenchmark,tcnet,42,rpcf_at,pgd,subset_n512,30,robust,0.58984375,purified_data/exp031/exp031_full_20260729_174215/eval/thubenchmark_tcnet_seed42_rpcf_at_pgd_rank25-30.pth
thubenchmark,tcnet,42,rpcf_at,cw,subset_n512,raw,clean,0.857421875,purified_data/exp031/exp031_full_20260729_174215/eval/thubenchmark_tcnet_seed42_rpcf_at_cw_rank25-30.pth
thubenchmark,tcnet,42,rpcf_at,cw,subset_n512,raw,robust,0.0390625,purified_data/exp031/exp031_full_20260729_174215/eval/thubenchmark_tcnet_seed42_rpcf_at_cw_rank25-30.pth
thubenchmark,tcnet,42,rpcf_at,cw,subset_n512,25,clean,0.794921875,purified_data/exp031/exp031_full_20260729_174215/eval/thubenchmark_tcnet_seed42_rpcf_at_cw_rank25-30.pth
thubenchmark,tcnet,42,rpcf_at,cw,subset_n512,25,robust,0.083984375,purified_data/exp031/exp031_full_20260729_174215/eval/thubenchmark_tcnet_seed42_rpcf_at_cw_rank25-30.pth
thubenchmark,tcnet,42,rpcf_at,cw,subset_n512,30,clean,0.814453125,purified_data/exp031/exp031_full_20260729_174215/eval/thubenchmark_tcnet_seed42_rpcf_at_cw_rank25-30.pth
thubenchmark,tcnet,42,rpcf_at,cw,subset_n512,30,robust,0.068359375,purified_data/exp031/exp031_full_20260729_174215/eval/thubenchmark_tcnet_seed42_rpcf_at_cw_rank25-30.pth
thubenchmark,tcnet,43,madry,autoattack,subset_n512,raw,clean,0.853515625,purified_data/exp031/exp031_full_20260729_174215/eval/thubenchmark_tcnet_seed43_madry_autoattack_rank25-30.pth
thubenchmark,tcnet,43,madry,autoattack,subset_n512,raw,robust,0.4453125,purified_data/exp031/exp031_full_20260729_174215/eval/thubenchmark_tcnet_seed43_madry_autoattack_rank25-30.pth
thubenchmark,tcnet,43,madry,autoattack,subset_n512,25,clean,0.80859375,purified_data/exp031/exp031_full_20260729_174215/eval/thubenchmark_tcnet_seed43_madry_autoattack_rank25-30.pth
thubenchmark,tcnet,43,madry,autoattack,subset_n512,25,robust,0.623046875,purified_data/exp031/exp031_full_20260729_174215/eval/thubenchmark_tcnet_seed43_madry_autoattack_rank25-30.pth
thubenchmark,tcnet,43,madry,autoattack,subset_n512,30,clean,0.814453125,purified_data/exp031/exp031_full_20260729_174215/eval/thubenchmark_tcnet_seed43_madry_autoattack_rank25-30.pth
thubenchmark,tcnet,43,madry,autoattack,subset_n512,30,robust,0.580078125,purified_data/exp031/exp031_full_20260729_174215/eval/thubenchmark_tcnet_seed43_madry_autoattack_rank25-30.pth
thubenchmark,tcnet,43,madry,fgsm,subset_n512,raw,clean,0.853515625,purified_data/exp031/exp031_full_20260729_174215/eval/thubenchmark_tcnet_seed43_madry_fgsm_rank25-30.pth
thubenchmark,tcnet,43,madry,fgsm,subset_n512,raw,robust,0.5859375,purified_data/exp031/exp031_full_20260729_174215/eval/thubenchmark_tcnet_seed43_madry_fgsm_rank25-30.pth
thubenchmark,tcnet,43,madry,fgsm,subset_n512,25,clean,0.80859375,purified_data/exp031/exp031_full_20260729_174215/eval/thubenchmark_tcnet_seed43_madry_fgsm_rank25-30.pth
thubenchmark,tcnet,43,madry,fgsm,subset_n512,25,robust,0.61328125,purified_data/exp031/exp031_full_20260729_174215/eval/thubenchmark_tcnet_seed43_madry_fgsm_rank25-30.pth
thubenchmark,tcnet,43,madry,fgsm,subset_n512,30,clean,0.814453125,purified_data/exp031/exp031_full_20260729_174215/eval/thubenchmark_tcnet_seed43_madry_fgsm_rank25-30.pth
thubenchmark,tcnet,43,madry,fgsm,subset_n512,30,robust,0.61328125,purified_data/exp031/exp031_full_20260729_174215/eval/thubenchmark_tcnet_seed43_madry_fgsm_rank25-30.pth
thubenchmark,tcnet,43,madry,pgd,subset_n512,raw,clean,0.853515625,purified_data/exp031/exp031_full_20260729_174215/eval/thubenchmark_tcnet_seed43_madry_pgd_rank25-30.pth
thubenchmark,tcnet,43,madry,pgd,subset_n512,raw,robust,0.5390625,purified_data/exp031/exp031_full_20260729_174215/eval/thubenchmark_tcnet_seed43_madry_pgd_rank25-30.pth
thubenchmark,tcnet,43,madry,pgd,subset_n512,25,clean,0.80859375,purified_data/exp031/exp031_full_20260729_174215/eval/thubenchmark_tcnet_seed43_madry_pgd_rank25-30.pth
thubenchmark,tcnet,43,madry,pgd,subset_n512,25,robust,0.599609375,purified_data/exp031/exp031_full_20260729_174215/eval/thubenchmark_tcnet_seed43_madry_pgd_rank25-30.pth
thubenchmark,tcnet,43,madry,pgd,subset_n512,30,clean,0.814453125,purified_data/exp031/exp031_full_20260729_174215/eval/thubenchmark_tcnet_seed43_madry_pgd_rank25-30.pth
thubenchmark,tcnet,43,madry,pgd,subset_n512,30,robust,0.58203125,purified_data/exp031/exp031_full_20260729_174215/eval/thubenchmark_tcnet_seed43_madry_pgd_rank25-30.pth
thubenchmark,tcnet,43,madry,cw,subset_n512,raw,clean,0.853515625,purified_data/exp031/exp031_full_20260729_174215/eval/thubenchmark_tcnet_seed43_madry_cw_rank25-30.pth
thubenchmark,tcnet,43,madry,cw,subset_n512,raw,robust,0.025390625,purified_data/exp031/exp031_full_20260729_174215/eval/thubenchmark_tcnet_seed43_madry_cw_rank25-30.pth
thubenchmark,tcnet,43,madry,cw,subset_n512,25,clean,0.80859375,purified_data/exp031/exp031_full_20260729_174215/eval/thubenchmark_tcnet_seed43_madry_cw_rank25-30.pth
thubenchmark,tcnet,43,madry,cw,subset_n512,25,robust,0.08203125,purified_data/exp031/exp031_full_20260729_174215/eval/thubenchmark_tcnet_seed43_madry_cw_rank25-30.pth
thubenchmark,tcnet,43,madry,cw,subset_n512,30,clean,0.814453125,purified_data/exp031/exp031_full_20260729_174215/eval/thubenchmark_tcnet_seed43_madry_cw_rank25-30.pth
thubenchmark,tcnet,43,madry,cw,subset_n512,30,robust,0.05078125,purified_data/exp031/exp031_full_20260729_174215/eval/thubenchmark_tcnet_seed43_madry_cw_rank25-30.pth
thubenchmark,tcnet,43,rpcf_at,autoattack,subset_n512,raw,clean,0.84375,purified_data/exp031/exp031_full_20260729_174215/eval/thubenchmark_tcnet_seed43_rpcf_at_autoattack_rank25-30.pth
thubenchmark,tcnet,43,rpcf_at,autoattack,subset_n512,raw,robust,0.46484375,purified_data/exp031/exp031_full_20260729_174215/eval/thubenchmark_tcnet_seed43_rpcf_at_autoattack_rank25-30.pth
thubenchmark,tcnet,43,rpcf_at,autoattack,subset_n512,25,clean,0.806640625,purified_data/exp031/exp031_full_20260729_174215/eval/thubenchmark_tcnet_seed43_rpcf_at_autoattack_rank25-30.pth
thubenchmark,tcnet,43,rpcf_at,autoattack,subset_n512,25,robust,0.65234375,purified_data/exp031/exp031_full_20260729_174215/eval/thubenchmark_tcnet_seed43_rpcf_at_autoattack_rank25-30.pth
thubenchmark,tcnet,43,rpcf_at,autoattack,subset_n512,30,clean,0.818359375,purified_data/exp031/exp031_full_20260729_174215/eval/thubenchmark_tcnet_seed43_rpcf_at_autoattack_rank25-30.pth
thubenchmark,tcnet,43,rpcf_at,autoattack,subset_n512,30,robust,0.646484375,purified_data/exp031/exp031_full_20260729_174215/eval/thubenchmark_tcnet_seed43_rpcf_at_autoattack_rank25-30.pth
thubenchmark,tcnet,43,rpcf_at,fgsm,subset_n512,raw,clean,0.84375,purified_data/exp031/exp031_full_20260729_174215/eval/thubenchmark_tcnet_seed43_rpcf_at_fgsm_rank25-30.pth
thubenchmark,tcnet,43,rpcf_at,fgsm,subset_n512,raw,robust,0.587890625,purified_data/exp031/exp031_full_20260729_174215/eval/thubenchmark_tcnet_seed43_rpcf_at_fgsm_rank25-30.pth
thubenchmark,tcnet,43,rpcf_at,fgsm,subset_n512,25,clean,0.806640625,purified_data/exp031/exp031_full_20260729_174215/eval/thubenchmark_tcnet_seed43_rpcf_at_fgsm_rank25-30.pth
thubenchmark,tcnet,43,rpcf_at,fgsm,subset_n512,25,robust,0.658203125,purified_data/exp031/exp031_full_20260729_174215/eval/thubenchmark_tcnet_seed43_rpcf_at_fgsm_rank25-30.pth
thubenchmark,tcnet,43,rpcf_at,fgsm,subset_n512,30,clean,0.818359375,purified_data/exp031/exp031_full_20260729_174215/eval/thubenchmark_tcnet_seed43_rpcf_at_fgsm_rank25-30.pth
thubenchmark,tcnet,43,rpcf_at,fgsm,subset_n512,30,robust,0.65625,purified_data/exp031/exp031_full_20260729_174215/eval/thubenchmark_tcnet_seed43_rpcf_at_fgsm_rank25-30.pth
thubenchmark,tcnet,43,rpcf_at,pgd,subset_n512,raw,clean,0.84375,purified_data/exp031/exp031_full_20260729_174215/eval/thubenchmark_tcnet_seed43_rpcf_at_pgd_rank25-30.pth
thubenchmark,tcnet,43,rpcf_at,pgd,subset_n512,raw,robust,0.525390625,purified_data/exp031/exp031_full_20260729_174215/eval/thubenchmark_tcnet_seed43_rpcf_at_pgd_rank25-30.pth
thubenchmark,tcnet,43,rpcf_at,pgd,subset_n512,25,clean,0.806640625,purified_data/exp031/exp031_full_20260729_174215/eval/thubenchmark_tcnet_seed43_rpcf_at_pgd_rank25-30.pth
thubenchmark,tcnet,43,rpcf_at,pgd,subset_n512,25,robust,0.6328125,purified_data/exp031/exp031_full_20260729_174215/eval/thubenchmark_tcnet_seed43_rpcf_at_pgd_rank25-30.pth
thubenchmark,tcnet,43,rpcf_at,pgd,subset_n512,30,clean,0.818359375,purified_data/exp031/exp031_full_20260729_174215/eval/thubenchmark_tcnet_seed43_rpcf_at_pgd_rank25-30.pth
thubenchmark,tcnet,43,rpcf_at,pgd,subset_n512,30,robust,0.6328125,purified_data/exp031/exp031_full_20260729_174215/eval/thubenchmark_tcnet_seed43_rpcf_at_pgd_rank25-30.pth
thubenchmark,tcnet,43,rpcf_at,cw,subset_n512,raw,clean,0.84375,purified_data/exp031/exp031_full_20260729_174215/eval/thubenchmark_tcnet_seed43_rpcf_at_cw_rank25-30.pth
thubenchmark,tcnet,43,rpcf_at,cw,subset_n512,raw,robust,0.017578125,purified_data/exp031/exp031_full_20260729_174215/eval/thubenchmark_tcnet_seed43_rpcf_at_cw_rank25-30.pth
thubenchmark,tcnet,43,rpcf_at,cw,subset_n512,25,clean,0.806640625,purified_data/exp031/exp031_full_20260729_174215/eval/thubenchmark_tcnet_seed43_rpcf_at_cw_rank25-30.pth
thubenchmark,tcnet,43,rpcf_at,cw,subset_n512,25,robust,0.068359375,purified_data/exp031/exp031_full_20260729_174215/eval/thubenchmark_tcnet_seed43_rpcf_at_cw_rank25-30.pth
thubenchmark,tcnet,43,rpcf_at,cw,subset_n512,30,clean,0.818359375,purified_data/exp031/exp031_full_20260729_174215/eval/thubenchmark_tcnet_seed43_rpcf_at_cw_rank25-30.pth
thubenchmark,tcnet,43,rpcf_at,cw,subset_n512,30,robust,0.044921875,purified_data/exp031/exp031_full_20260729_174215/eval/thubenchmark_tcnet_seed43_rpcf_at_cw_rank25-30.pth
thubenchmark,tcnet,44,madry,autoattack,subset_n512,raw,clean,0.826171875,purified_data/exp031/exp031_full_20260729_174215/eval/thubenchmark_tcnet_seed44_madry_autoattack_rank25-30.pth
thubenchmark,tcnet,44,madry,autoattack,subset_n512,raw,robust,0.455078125,purified_data/exp031/exp031_full_20260729_174215/eval/thubenchmark_tcnet_seed44_madry_autoattack_rank25-30.pth
thubenchmark,tcnet,44,madry,autoattack,subset_n512,25,clean,0.7734375,purified_data/exp031/exp031_full_20260729_174215/eval/thubenchmark_tcnet_seed44_madry_autoattack_rank25-30.pth
thubenchmark,tcnet,44,madry,autoattack,subset_n512,25,robust,0.60546875,purified_data/exp031/exp031_full_20260729_174215/eval/thubenchmark_tcnet_seed44_madry_autoattack_rank25-30.pth
thubenchmark,tcnet,44,madry,autoattack,subset_n512,30,clean,0.78515625,purified_data/exp031/exp031_full_20260729_174215/eval/thubenchmark_tcnet_seed44_madry_autoattack_rank25-30.pth
thubenchmark,tcnet,44,madry,autoattack,subset_n512,30,robust,0.572265625,purified_data/exp031/exp031_full_20260729_174215/eval/thubenchmark_tcnet_seed44_madry_autoattack_rank25-30.pth
thubenchmark,tcnet,44,madry,fgsm,subset_n512,raw,clean,0.826171875,purified_data/exp031/exp031_full_20260729_174215/eval/thubenchmark_tcnet_seed44_madry_fgsm_rank25-30.pth
thubenchmark,tcnet,44,madry,fgsm,subset_n512,raw,robust,0.5546875,purified_data/exp031/exp031_full_20260729_174215/eval/thubenchmark_tcnet_seed44_madry_fgsm_rank25-30.pth
thubenchmark,tcnet,44,madry,fgsm,subset_n512,25,clean,0.7734375,purified_data/exp031/exp031_full_20260729_174215/eval/thubenchmark_tcnet_seed44_madry_fgsm_rank25-30.pth
thubenchmark,tcnet,44,madry,fgsm,subset_n512,25,robust,0.576171875,purified_data/exp031/exp031_full_20260729_174215/eval/thubenchmark_tcnet_seed44_madry_fgsm_rank25-30.pth
thubenchmark,tcnet,44,madry,fgsm,subset_n512,30,clean,0.78515625,purified_data/exp031/exp031_full_20260729_174215/eval/thubenchmark_tcnet_seed44_madry_fgsm_rank25-30.pth
thubenchmark,tcnet,44,madry,fgsm,subset_n512,30,robust,0.59375,purified_data/exp031/exp031_full_20260729_174215/eval/thubenchmark_tcnet_seed44_madry_fgsm_rank25-30.pth
thubenchmark,tcnet,44,madry,pgd,subset_n512,raw,clean,0.826171875,purified_data/exp031/exp031_full_20260729_174215/eval/thubenchmark_tcnet_seed44_madry_pgd_rank25-30.pth
thubenchmark,tcnet,44,madry,pgd,subset_n512,raw,robust,0.5234375,purified_data/exp031/exp031_full_20260729_174215/eval/thubenchmark_tcnet_seed44_madry_pgd_rank25-30.pth
thubenchmark,tcnet,44,madry,pgd,subset_n512,25,clean,0.7734375,purified_data/exp031/exp031_full_20260729_174215/eval/thubenchmark_tcnet_seed44_madry_pgd_rank25-30.pth
thubenchmark,tcnet,44,madry,pgd,subset_n512,25,robust,0.58984375,purified_data/exp031/exp031_full_20260729_174215/eval/thubenchmark_tcnet_seed44_madry_pgd_rank25-30.pth
thubenchmark,tcnet,44,madry,pgd,subset_n512,30,clean,0.78515625,purified_data/exp031/exp031_full_20260729_174215/eval/thubenchmark_tcnet_seed44_madry_pgd_rank25-30.pth
thubenchmark,tcnet,44,madry,pgd,subset_n512,30,robust,0.56640625,purified_data/exp031/exp031_full_20260729_174215/eval/thubenchmark_tcnet_seed44_madry_pgd_rank25-30.pth
thubenchmark,tcnet,44,madry,cw,subset_n512,raw,clean,0.826171875,purified_data/exp031/exp031_full_20260729_174215/eval/thubenchmark_tcnet_seed44_madry_cw_rank25-30.pth
thubenchmark,tcnet,44,madry,cw,subset_n512,raw,robust,0.041015625,purified_data/exp031/exp031_full_20260729_174215/eval/thubenchmark_tcnet_seed44_madry_cw_rank25-30.pth
thubenchmark,tcnet,44,madry,cw,subset_n512,25,clean,0.7734375,purified_data/exp031/exp031_full_20260729_174215/eval/thubenchmark_tcnet_seed44_madry_cw_rank25-30.pth
thubenchmark,tcnet,44,madry,cw,subset_n512,25,robust,0.095703125,purified_data/exp031/exp031_full_20260729_174215/eval/thubenchmark_tcnet_seed44_madry_cw_rank25-30.pth
thubenchmark,tcnet,44,madry,cw,subset_n512,30,clean,0.78515625,purified_data/exp031/exp031_full_20260729_174215/eval/thubenchmark_tcnet_seed44_madry_cw_rank25-30.pth
thubenchmark,tcnet,44,madry,cw,subset_n512,30,robust,0.060546875,purified_data/exp031/exp031_full_20260729_174215/eval/thubenchmark_tcnet_seed44_madry_cw_rank25-30.pth
thubenchmark,tcnet,44,rpcf_at,autoattack,subset_n512,raw,clean,0.833984375,purified_data/exp031/exp031_full_20260729_174215/eval/thubenchmark_tcnet_seed44_rpcf_at_autoattack_rank25-30.pth
thubenchmark,tcnet,44,rpcf_at,autoattack,subset_n512,raw,robust,0.45703125,purified_data/exp031/exp031_full_20260729_174215/eval/thubenchmark_tcnet_seed44_rpcf_at_autoattack_rank25-30.pth
thubenchmark,tcnet,44,rpcf_at,autoattack,subset_n512,25,clean,0.7734375,purified_data/exp031/exp031_full_20260729_174215/eval/thubenchmark_tcnet_seed44_rpcf_at_autoattack_rank25-30.pth
thubenchmark,tcnet,44,rpcf_at,autoattack,subset_n512,25,robust,0.615234375,purified_data/exp031/exp031_full_20260729_174215/eval/thubenchmark_tcnet_seed44_rpcf_at_autoattack_rank25-30.pth
thubenchmark,tcnet,44,rpcf_at,autoattack,subset_n512,30,clean,0.7890625,purified_data/exp031/exp031_full_20260729_174215/eval/thubenchmark_tcnet_seed44_rpcf_at_autoattack_rank25-30.pth
thubenchmark,tcnet,44,rpcf_at,autoattack,subset_n512,30,robust,0.572265625,purified_data/exp031/exp031_full_20260729_174215/eval/thubenchmark_tcnet_seed44_rpcf_at_autoattack_rank25-30.pth
thubenchmark,tcnet,44,rpcf_at,fgsm,subset_n512,raw,clean,0.833984375,purified_data/exp031/exp031_full_20260729_174215/eval/thubenchmark_tcnet_seed44_rpcf_at_fgsm_rank25-30.pth
thubenchmark,tcnet,44,rpcf_at,fgsm,subset_n512,raw,robust,0.578125,purified_data/exp031/exp031_full_20260729_174215/eval/thubenchmark_tcnet_seed44_rpcf_at_fgsm_rank25-30.pth
thubenchmark,tcnet,44,rpcf_at,fgsm,subset_n512,25,clean,0.7734375,purified_data/exp031/exp031_full_20260729_174215/eval/thubenchmark_tcnet_seed44_rpcf_at_fgsm_rank25-30.pth
thubenchmark,tcnet,44,rpcf_at,fgsm,subset_n512,25,robust,0.599609375,purified_data/exp031/exp031_full_20260729_174215/eval/thubenchmark_tcnet_seed44_rpcf_at_fgsm_rank25-30.pth
thubenchmark,tcnet,44,rpcf_at,fgsm,subset_n512,30,clean,0.7890625,purified_data/exp031/exp031_full_20260729_174215/eval/thubenchmark_tcnet_seed44_rpcf_at_fgsm_rank25-30.pth
thubenchmark,tcnet,44,rpcf_at,fgsm,subset_n512,30,robust,0.587890625,purified_data/exp031/exp031_full_20260729_174215/eval/thubenchmark_tcnet_seed44_rpcf_at_fgsm_rank25-30.pth
thubenchmark,tcnet,44,rpcf_at,pgd,subset_n512,raw,clean,0.833984375,purified_data/exp031/exp031_full_20260729_174215/eval/thubenchmark_tcnet_seed44_rpcf_at_pgd_rank25-30.pth
thubenchmark,tcnet,44,rpcf_at,pgd,subset_n512,raw,robust,0.525390625,purified_data/exp031/exp031_full_20260729_174215/eval/thubenchmark_tcnet_seed44_rpcf_at_pgd_rank25-30.pth
thubenchmark,tcnet,44,rpcf_at,pgd,subset_n512,25,clean,0.7734375,purified_data/exp031/exp031_full_20260729_174215/eval/thubenchmark_tcnet_seed44_rpcf_at_pgd_rank25-30.pth
thubenchmark,tcnet,44,rpcf_at,pgd,subset_n512,25,robust,0.572265625,purified_data/exp031/exp031_full_20260729_174215/eval/thubenchmark_tcnet_seed44_rpcf_at_pgd_rank25-30.pth
thubenchmark,tcnet,44,rpcf_at,pgd,subset_n512,30,clean,0.7890625,purified_data/exp031/exp031_full_20260729_174215/eval/thubenchmark_tcnet_seed44_rpcf_at_pgd_rank25-30.pth
thubenchmark,tcnet,44,rpcf_at,pgd,subset_n512,30,robust,0.56640625,purified_data/exp031/exp031_full_20260729_174215/eval/thubenchmark_tcnet_seed44_rpcf_at_pgd_rank25-30.pth
thubenchmark,tcnet,44,rpcf_at,cw,subset_n512,raw,clean,0.833984375,purified_data/exp031/exp031_full_20260729_174215/eval/thubenchmark_tcnet_seed44_rpcf_at_cw_rank25-30.pth
thubenchmark,tcnet,44,rpcf_at,cw,subset_n512,raw,robust,0.048828125,purified_data/exp031/exp031_full_20260729_174215/eval/thubenchmark_tcnet_seed44_rpcf_at_cw_rank25-30.pth
thubenchmark,tcnet,44,rpcf_at,cw,subset_n512,25,clean,0.7734375,purified_data/exp031/exp031_full_20260729_174215/eval/thubenchmark_tcnet_seed44_rpcf_at_cw_rank25-30.pth
thubenchmark,tcnet,44,rpcf_at,cw,subset_n512,25,robust,0.09375,purified_data/exp031/exp031_full_20260729_174215/eval/thubenchmark_tcnet_seed44_rpcf_at_cw_rank25-30.pth
thubenchmark,tcnet,44,rpcf_at,cw,subset_n512,30,clean,0.7890625,purified_data/exp031/exp031_full_20260729_174215/eval/thubenchmark_tcnet_seed44_rpcf_at_cw_rank25-30.pth
thubenchmark,tcnet,44,rpcf_at,cw,subset_n512,30,robust,0.064453125,purified_data/exp031/exp031_full_20260729_174215/eval/thubenchmark_tcnet_seed44_rpcf_at_cw_rank25-30.pth
thubenchmark,tcnet,45,madry,autoattack,subset_n512,raw,clean,0.83203125,purified_data/exp031/exp031_full_20260729_174215/eval/thubenchmark_tcnet_seed45_madry_autoattack_rank25-30.pth
thubenchmark,tcnet,45,madry,autoattack,subset_n512,raw,robust,0.357421875,purified_data/exp031/exp031_full_20260729_174215/eval/thubenchmark_tcnet_seed45_madry_autoattack_rank25-30.pth
thubenchmark,tcnet,45,madry,autoattack,subset_n512,25,clean,0.771484375,purified_data/exp031/exp031_full_20260729_174215/eval/thubenchmark_tcnet_seed45_madry_autoattack_rank25-30.pth
thubenchmark,tcnet,45,madry,autoattack,subset_n512,25,robust,0.546875,purified_data/exp031/exp031_full_20260729_174215/eval/thubenchmark_tcnet_seed45_madry_autoattack_rank25-30.pth
thubenchmark,tcnet,45,madry,autoattack,subset_n512,30,clean,0.77734375,purified_data/exp031/exp031_full_20260729_174215/eval/thubenchmark_tcnet_seed45_madry_autoattack_rank25-30.pth
thubenchmark,tcnet,45,madry,autoattack,subset_n512,30,robust,0.521484375,purified_data/exp031/exp031_full_20260729_174215/eval/thubenchmark_tcnet_seed45_madry_autoattack_rank25-30.pth
thubenchmark,tcnet,45,madry,fgsm,subset_n512,raw,clean,0.83203125,purified_data/exp031/exp031_full_20260729_174215/eval/thubenchmark_tcnet_seed45_madry_fgsm_rank25-30.pth
thubenchmark,tcnet,45,madry,fgsm,subset_n512,raw,robust,0.48828125,purified_data/exp031/exp031_full_20260729_174215/eval/thubenchmark_tcnet_seed45_madry_fgsm_rank25-30.pth
thubenchmark,tcnet,45,madry,fgsm,subset_n512,25,clean,0.771484375,purified_data/exp031/exp031_full_20260729_174215/eval/thubenchmark_tcnet_seed45_madry_fgsm_rank25-30.pth
thubenchmark,tcnet,45,madry,fgsm,subset_n512,25,robust,0.51953125,purified_data/exp031/exp031_full_20260729_174215/eval/thubenchmark_tcnet_seed45_madry_fgsm_rank25-30.pth
thubenchmark,tcnet,45,madry,fgsm,subset_n512,30,clean,0.77734375,purified_data/exp031/exp031_full_20260729_174215/eval/thubenchmark_tcnet_seed45_madry_fgsm_rank25-30.pth
thubenchmark,tcnet,45,madry,fgsm,subset_n512,30,robust,0.53125,purified_data/exp031/exp031_full_20260729_174215/eval/thubenchmark_tcnet_seed45_madry_fgsm_rank25-30.pth
thubenchmark,tcnet,45,madry,pgd,subset_n512,raw,clean,0.83203125,purified_data/exp031/exp031_full_20260729_174215/eval/thubenchmark_tcnet_seed45_madry_pgd_rank25-30.pth
thubenchmark,tcnet,45,madry,pgd,subset_n512,raw,robust,0.4375,purified_data/exp031/exp031_full_20260729_174215/eval/thubenchmark_tcnet_seed45_madry_pgd_rank25-30.pth
thubenchmark,tcnet,45,madry,pgd,subset_n512,25,clean,0.771484375,purified_data/exp031/exp031_full_20260729_174215/eval/thubenchmark_tcnet_seed45_madry_pgd_rank25-30.pth
thubenchmark,tcnet,45,madry,pgd,subset_n512,25,robust,0.50390625,purified_data/exp031/exp031_full_20260729_174215/eval/thubenchmark_tcnet_seed45_madry_pgd_rank25-30.pth
thubenchmark,tcnet,45,madry,pgd,subset_n512,30,clean,0.77734375,purified_data/exp031/exp031_full_20260729_174215/eval/thubenchmark_tcnet_seed45_madry_pgd_rank25-30.pth
thubenchmark,tcnet,45,madry,pgd,subset_n512,30,robust,0.5078125,purified_data/exp031/exp031_full_20260729_174215/eval/thubenchmark_tcnet_seed45_madry_pgd_rank25-30.pth
thubenchmark,tcnet,45,madry,cw,subset_n512,raw,clean,0.83203125,purified_data/exp031/exp031_full_20260729_174215/eval/thubenchmark_tcnet_seed45_madry_cw_rank25-30.pth
thubenchmark,tcnet,45,madry,cw,subset_n512,raw,robust,0.033203125,purified_data/exp031/exp031_full_20260729_174215/eval/thubenchmark_tcnet_seed45_madry_cw_rank25-30.pth
thubenchmark,tcnet,45,madry,cw,subset_n512,25,clean,0.771484375,purified_data/exp031/exp031_full_20260729_174215/eval/thubenchmark_tcnet_seed45_madry_cw_rank25-30.pth
thubenchmark,tcnet,45,madry,cw,subset_n512,25,robust,0.07421875,purified_data/exp031/exp031_full_20260729_174215/eval/thubenchmark_tcnet_seed45_madry_cw_rank25-30.pth
thubenchmark,tcnet,45,madry,cw,subset_n512,30,clean,0.77734375,purified_data/exp031/exp031_full_20260729_174215/eval/thubenchmark_tcnet_seed45_madry_cw_rank25-30.pth
thubenchmark,tcnet,45,madry,cw,subset_n512,30,robust,0.0546875,purified_data/exp031/exp031_full_20260729_174215/eval/thubenchmark_tcnet_seed45_madry_cw_rank25-30.pth
thubenchmark,tcnet,45,rpcf_at,autoattack,subset_n512,raw,clean,0.8203125,purified_data/exp031/exp031_full_20260729_174215/eval/thubenchmark_tcnet_seed45_rpcf_at_autoattack_rank25-30.pth
thubenchmark,tcnet,45,rpcf_at,autoattack,subset_n512,raw,robust,0.38671875,purified_data/exp031/exp031_full_20260729_174215/eval/thubenchmark_tcnet_seed45_rpcf_at_autoattack_rank25-30.pth
thubenchmark,tcnet,45,rpcf_at,autoattack,subset_n512,25,clean,0.771484375,purified_data/exp031/exp031_full_20260729_174215/eval/thubenchmark_tcnet_seed45_rpcf_at_autoattack_rank25-30.pth
thubenchmark,tcnet,45,rpcf_at,autoattack,subset_n512,25,robust,0.55078125,purified_data/exp031/exp031_full_20260729_174215/eval/thubenchmark_tcnet_seed45_rpcf_at_autoattack_rank25-30.pth
thubenchmark,tcnet,45,rpcf_at,autoattack,subset_n512,30,clean,0.775390625,purified_data/exp031/exp031_full_20260729_174215/eval/thubenchmark_tcnet_seed45_rpcf_at_autoattack_rank25-30.pth
thubenchmark,tcnet,45,rpcf_at,autoattack,subset_n512,30,robust,0.53515625,purified_data/exp031/exp031_full_20260729_174215/eval/thubenchmark_tcnet_seed45_rpcf_at_autoattack_rank25-30.pth
thubenchmark,tcnet,45,rpcf_at,fgsm,subset_n512,raw,clean,0.8203125,purified_data/exp031/exp031_full_20260729_174215/eval/thubenchmark_tcnet_seed45_rpcf_at_fgsm_rank25-30.pth
thubenchmark,tcnet,45,rpcf_at,fgsm,subset_n512,raw,robust,0.4921875,purified_data/exp031/exp031_full_20260729_174215/eval/thubenchmark_tcnet_seed45_rpcf_at_fgsm_rank25-30.pth
thubenchmark,tcnet,45,rpcf_at,fgsm,subset_n512,25,clean,0.771484375,purified_data/exp031/exp031_full_20260729_174215/eval/thubenchmark_tcnet_seed45_rpcf_at_fgsm_rank25-30.pth
thubenchmark,tcnet,45,rpcf_at,fgsm,subset_n512,25,robust,0.544921875,purified_data/exp031/exp031_full_20260729_174215/eval/thubenchmark_tcnet_seed45_rpcf_at_fgsm_rank25-30.pth
thubenchmark,tcnet,45,rpcf_at,fgsm,subset_n512,30,clean,0.775390625,purified_data/exp031/exp031_full_20260729_174215/eval/thubenchmark_tcnet_seed45_rpcf_at_fgsm_rank25-30.pth
thubenchmark,tcnet,45,rpcf_at,fgsm,subset_n512,30,robust,0.546875,purified_data/exp031/exp031_full_20260729_174215/eval/thubenchmark_tcnet_seed45_rpcf_at_fgsm_rank25-30.pth
thubenchmark,tcnet,45,rpcf_at,pgd,subset_n512,raw,clean,0.8203125,purified_data/exp031/exp031_full_20260729_174215/eval/thubenchmark_tcnet_seed45_rpcf_at_pgd_rank25-30.pth
thubenchmark,tcnet,45,rpcf_at,pgd,subset_n512,raw,robust,0.462890625,purified_data/exp031/exp031_full_20260729_174215/eval/thubenchmark_tcnet_seed45_rpcf_at_pgd_rank25-30.pth
thubenchmark,tcnet,45,rpcf_at,pgd,subset_n512,25,clean,0.771484375,purified_data/exp031/exp031_full_20260729_174215/eval/thubenchmark_tcnet_seed45_rpcf_at_pgd_rank25-30.pth
thubenchmark,tcnet,45,rpcf_at,pgd,subset_n512,25,robust,0.556640625,purified_data/exp031/exp031_full_20260729_174215/eval/thubenchmark_tcnet_seed45_rpcf_at_pgd_rank25-30.pth
thubenchmark,tcnet,45,rpcf_at,pgd,subset_n512,30,clean,0.775390625,purified_data/exp031/exp031_full_20260729_174215/eval/thubenchmark_tcnet_seed45_rpcf_at_pgd_rank25-30.pth
thubenchmark,tcnet,45,rpcf_at,pgd,subset_n512,30,robust,0.533203125,purified_data/exp031/exp031_full_20260729_174215/eval/thubenchmark_tcnet_seed45_rpcf_at_pgd_rank25-30.pth
thubenchmark,tcnet,45,rpcf_at,cw,subset_n512,raw,clean,0.8203125,purified_data/exp031/exp031_full_20260729_174215/eval/thubenchmark_tcnet_seed45_rpcf_at_cw_rank25-30.pth
thubenchmark,tcnet,45,rpcf_at,cw,subset_n512,raw,robust,0.02734375,purified_data/exp031/exp031_full_20260729_174215/eval/thubenchmark_tcnet_seed45_rpcf_at_cw_rank25-30.pth
thubenchmark,tcnet,45,rpcf_at,cw,subset_n512,25,clean,0.771484375,purified_data/exp031/exp031_full_20260729_174215/eval/thubenchmark_tcnet_seed45_rpcf_at_cw_rank25-30.pth
thubenchmark,tcnet,45,rpcf_at,cw,subset_n512,25,robust,0.072265625,purified_data/exp031/exp031_full_20260729_174215/eval/thubenchmark_tcnet_seed45_rpcf_at_cw_rank25-30.pth
thubenchmark,tcnet,45,rpcf_at,cw,subset_n512,30,clean,0.775390625,purified_data/exp031/exp031_full_20260729_174215/eval/thubenchmark_tcnet_seed45_rpcf_at_cw_rank25-30.pth
thubenchmark,tcnet,45,rpcf_at,cw,subset_n512,30,robust,0.05078125,purified_data/exp031/exp031_full_20260729_174215/eval/thubenchmark_tcnet_seed45_rpcf_at_cw_rank25-30.pth
thubenchmark,tcnet,46,madry,autoattack,subset_n512,raw,clean,0.837890625,purified_data/exp031/exp031_full_20260729_174215/eval/thubenchmark_tcnet_seed46_madry_autoattack_rank25-30.pth
thubenchmark,tcnet,46,madry,autoattack,subset_n512,raw,robust,0.44140625,purified_data/exp031/exp031_full_20260729_174215/eval/thubenchmark_tcnet_seed46_madry_autoattack_rank25-30.pth
thubenchmark,tcnet,46,madry,autoattack,subset_n512,25,clean,0.7734375,purified_data/exp031/exp031_full_20260729_174215/eval/thubenchmark_tcnet_seed46_madry_autoattack_rank25-30.pth
thubenchmark,tcnet,46,madry,autoattack,subset_n512,25,robust,0.61328125,purified_data/exp031/exp031_full_20260729_174215/eval/thubenchmark_tcnet_seed46_madry_autoattack_rank25-30.pth
thubenchmark,tcnet,46,madry,autoattack,subset_n512,30,clean,0.791015625,purified_data/exp031/exp031_full_20260729_174215/eval/thubenchmark_tcnet_seed46_madry_autoattack_rank25-30.pth
thubenchmark,tcnet,46,madry,autoattack,subset_n512,30,robust,0.59765625,purified_data/exp031/exp031_full_20260729_174215/eval/thubenchmark_tcnet_seed46_madry_autoattack_rank25-30.pth
thubenchmark,tcnet,46,madry,fgsm,subset_n512,raw,clean,0.837890625,purified_data/exp031/exp031_full_20260729_174215/eval/thubenchmark_tcnet_seed46_madry_fgsm_rank25-30.pth
thubenchmark,tcnet,46,madry,fgsm,subset_n512,raw,robust,0.556640625,purified_data/exp031/exp031_full_20260729_174215/eval/thubenchmark_tcnet_seed46_madry_fgsm_rank25-30.pth
thubenchmark,tcnet,46,madry,fgsm,subset_n512,25,clean,0.7734375,purified_data/exp031/exp031_full_20260729_174215/eval/thubenchmark_tcnet_seed46_madry_fgsm_rank25-30.pth
thubenchmark,tcnet,46,madry,fgsm,subset_n512,25,robust,0.587890625,purified_data/exp031/exp031_full_20260729_174215/eval/thubenchmark_tcnet_seed46_madry_fgsm_rank25-30.pth
thubenchmark,tcnet,46,madry,fgsm,subset_n512,30,clean,0.791015625,purified_data/exp031/exp031_full_20260729_174215/eval/thubenchmark_tcnet_seed46_madry_fgsm_rank25-30.pth
thubenchmark,tcnet,46,madry,fgsm,subset_n512,30,robust,0.59375,purified_data/exp031/exp031_full_20260729_174215/eval/thubenchmark_tcnet_seed46_madry_fgsm_rank25-30.pth
thubenchmark,tcnet,46,madry,pgd,subset_n512,raw,clean,0.837890625,purified_data/exp031/exp031_full_20260729_174215/eval/thubenchmark_tcnet_seed46_madry_pgd_rank25-30.pth
thubenchmark,tcnet,46,madry,pgd,subset_n512,raw,robust,0.515625,purified_data/exp031/exp031_full_20260729_174215/eval/thubenchmark_tcnet_seed46_madry_pgd_rank25-30.pth
thubenchmark,tcnet,46,madry,pgd,subset_n512,25,clean,0.7734375,purified_data/exp031/exp031_full_20260729_174215/eval/thubenchmark_tcnet_seed46_madry_pgd_rank25-30.pth
thubenchmark,tcnet,46,madry,pgd,subset_n512,25,robust,0.583984375,purified_data/exp031/exp031_full_20260729_174215/eval/thubenchmark_tcnet_seed46_madry_pgd_rank25-30.pth
thubenchmark,tcnet,46,madry,pgd,subset_n512,30,clean,0.791015625,purified_data/exp031/exp031_full_20260729_174215/eval/thubenchmark_tcnet_seed46_madry_pgd_rank25-30.pth
thubenchmark,tcnet,46,madry,pgd,subset_n512,30,robust,0.578125,purified_data/exp031/exp031_full_20260729_174215/eval/thubenchmark_tcnet_seed46_madry_pgd_rank25-30.pth
thubenchmark,tcnet,46,madry,cw,subset_n512,raw,clean,0.837890625,purified_data/exp031/exp031_full_20260729_174215/eval/thubenchmark_tcnet_seed46_madry_cw_rank25-30.pth
thubenchmark,tcnet,46,madry,cw,subset_n512,raw,robust,0.044921875,purified_data/exp031/exp031_full_20260729_174215/eval/thubenchmark_tcnet_seed46_madry_cw_rank25-30.pth
thubenchmark,tcnet,46,madry,cw,subset_n512,25,clean,0.7734375,purified_data/exp031/exp031_full_20260729_174215/eval/thubenchmark_tcnet_seed46_madry_cw_rank25-30.pth
thubenchmark,tcnet,46,madry,cw,subset_n512,25,robust,0.09375,purified_data/exp031/exp031_full_20260729_174215/eval/thubenchmark_tcnet_seed46_madry_cw_rank25-30.pth
thubenchmark,tcnet,46,madry,cw,subset_n512,30,clean,0.791015625,purified_data/exp031/exp031_full_20260729_174215/eval/thubenchmark_tcnet_seed46_madry_cw_rank25-30.pth
thubenchmark,tcnet,46,madry,cw,subset_n512,30,robust,0.08203125,purified_data/exp031/exp031_full_20260729_174215/eval/thubenchmark_tcnet_seed46_madry_cw_rank25-30.pth
thubenchmark,tcnet,46,rpcf_at,autoattack,subset_n512,raw,clean,0.83984375,purified_data/exp031/exp031_full_20260729_174215/eval/thubenchmark_tcnet_seed46_rpcf_at_autoattack_rank25-30.pth
thubenchmark,tcnet,46,rpcf_at,autoattack,subset_n512,raw,robust,0.431640625,purified_data/exp031/exp031_full_20260729_174215/eval/thubenchmark_tcnet_seed46_rpcf_at_autoattack_rank25-30.pth
thubenchmark,tcnet,46,rpcf_at,autoattack,subset_n512,25,clean,0.779296875,purified_data/exp031/exp031_full_20260729_174215/eval/thubenchmark_tcnet_seed46_rpcf_at_autoattack_rank25-30.pth
thubenchmark,tcnet,46,rpcf_at,autoattack,subset_n512,25,robust,0.611328125,purified_data/exp031/exp031_full_20260729_174215/eval/thubenchmark_tcnet_seed46_rpcf_at_autoattack_rank25-30.pth
thubenchmark,tcnet,46,rpcf_at,autoattack,subset_n512,30,clean,0.798828125,purified_data/exp031/exp031_full_20260729_174215/eval/thubenchmark_tcnet_seed46_rpcf_at_autoattack_rank25-30.pth
thubenchmark,tcnet,46,rpcf_at,autoattack,subset_n512,30,robust,0.595703125,purified_data/exp031/exp031_full_20260729_174215/eval/thubenchmark_tcnet_seed46_rpcf_at_autoattack_rank25-30.pth
thubenchmark,tcnet,46,rpcf_at,fgsm,subset_n512,raw,clean,0.83984375,purified_data/exp031/exp031_full_20260729_174215/eval/thubenchmark_tcnet_seed46_rpcf_at_fgsm_rank25-30.pth
thubenchmark,tcnet,46,rpcf_at,fgsm,subset_n512,raw,robust,0.546875,purified_data/exp031/exp031_full_20260729_174215/eval/thubenchmark_tcnet_seed46_rpcf_at_fgsm_rank25-30.pth
thubenchmark,tcnet,46,rpcf_at,fgsm,subset_n512,25,clean,0.779296875,purified_data/exp031/exp031_full_20260729_174215/eval/thubenchmark_tcnet_seed46_rpcf_at_fgsm_rank25-30.pth
thubenchmark,tcnet,46,rpcf_at,fgsm,subset_n512,25,robust,0.603515625,purified_data/exp031/exp031_full_20260729_174215/eval/thubenchmark_tcnet_seed46_rpcf_at_fgsm_rank25-30.pth
thubenchmark,tcnet,46,rpcf_at,fgsm,subset_n512,30,clean,0.798828125,purified_data/exp031/exp031_full_20260729_174215/eval/thubenchmark_tcnet_seed46_rpcf_at_fgsm_rank25-30.pth
thubenchmark,tcnet,46,rpcf_at,fgsm,subset_n512,30,robust,0.591796875,purified_data/exp031/exp031_full_20260729_174215/eval/thubenchmark_tcnet_seed46_rpcf_at_fgsm_rank25-30.pth
thubenchmark,tcnet,46,rpcf_at,pgd,subset_n512,raw,clean,0.83984375,purified_data/exp031/exp031_full_20260729_174215/eval/thubenchmark_tcnet_seed46_rpcf_at_pgd_rank25-30.pth
thubenchmark,tcnet,46,rpcf_at,pgd,subset_n512,raw,robust,0.4921875,purified_data/exp031/exp031_full_20260729_174215/eval/thubenchmark_tcnet_seed46_rpcf_at_pgd_rank25-30.pth
thubenchmark,tcnet,46,rpcf_at,pgd,subset_n512,25,clean,0.779296875,purified_data/exp031/exp031_full_20260729_174215/eval/thubenchmark_tcnet_seed46_rpcf_at_pgd_rank25-30.pth
thubenchmark,tcnet,46,rpcf_at,pgd,subset_n512,25,robust,0.58984375,purified_data/exp031/exp031_full_20260729_174215/eval/thubenchmark_tcnet_seed46_rpcf_at_pgd_rank25-30.pth
thubenchmark,tcnet,46,rpcf_at,pgd,subset_n512,30,clean,0.798828125,purified_data/exp031/exp031_full_20260729_174215/eval/thubenchmark_tcnet_seed46_rpcf_at_pgd_rank25-30.pth
thubenchmark,tcnet,46,rpcf_at,pgd,subset_n512,30,robust,0.576171875,purified_data/exp031/exp031_full_20260729_174215/eval/thubenchmark_tcnet_seed46_rpcf_at_pgd_rank25-30.pth
thubenchmark,tcnet,46,rpcf_at,cw,subset_n512,raw,clean,0.83984375,purified_data/exp031/exp031_full_20260729_174215/eval/thubenchmark_tcnet_seed46_rpcf_at_cw_rank25-30.pth
thubenchmark,tcnet,46,rpcf_at,cw,subset_n512,raw,robust,0.046875,purified_data/exp031/exp031_full_20260729_174215/eval/thubenchmark_tcnet_seed46_rpcf_at_cw_rank25-30.pth
thubenchmark,tcnet,46,rpcf_at,cw,subset_n512,25,clean,0.779296875,purified_data/exp031/exp031_full_20260729_174215/eval/thubenchmark_tcnet_seed46_rpcf_at_cw_rank25-30.pth
thubenchmark,tcnet,46,rpcf_at,cw,subset_n512,25,robust,0.099609375,purified_data/exp031/exp031_full_20260729_174215/eval/thubenchmark_tcnet_seed46_rpcf_at_cw_rank25-30.pth
thubenchmark,tcnet,46,rpcf_at,cw,subset_n512,30,clean,0.798828125,purified_data/exp031/exp031_full_20260729_174215/eval/thubenchmark_tcnet_seed46_rpcf_at_cw_rank25-30.pth
thubenchmark,tcnet,46,rpcf_at,cw,subset_n512,30,robust,0.060546875,purified_data/exp031/exp031_full_20260729_174215/eval/thubenchmark_tcnet_seed46_rpcf_at_cw_rank25-30.pth
seediv,eegnet,42,madry,autoattack,subset_n512,raw,clean,0.34375,purified_data/exp031/exp031_full_20260729_174215/eval/seediv_eegnet_seed42_madry_autoattack_rank25-30.pth
seediv,eegnet,42,madry,autoattack,subset_n512,raw,robust,0.265625,purified_data/exp031/exp031_full_20260729_174215/eval/seediv_eegnet_seed42_madry_autoattack_rank25-30.pth
seediv,eegnet,42,madry,autoattack,subset_n512,25,clean,0.333984375,purified_data/exp031/exp031_full_20260729_174215/eval/seediv_eegnet_seed42_madry_autoattack_rank25-30.pth
seediv,eegnet,42,madry,autoattack,subset_n512,25,robust,0.31640625,purified_data/exp031/exp031_full_20260729_174215/eval/seediv_eegnet_seed42_madry_autoattack_rank25-30.pth
seediv,eegnet,42,madry,autoattack,subset_n512,30,clean,0.3359375,purified_data/exp031/exp031_full_20260729_174215/eval/seediv_eegnet_seed42_madry_autoattack_rank25-30.pth
seediv,eegnet,42,madry,autoattack,subset_n512,30,robust,0.310546875,purified_data/exp031/exp031_full_20260729_174215/eval/seediv_eegnet_seed42_madry_autoattack_rank25-30.pth
seediv,eegnet,42,madry,fgsm,subset_n512,raw,clean,0.34375,purified_data/exp031/exp031_full_20260729_174215/eval/seediv_eegnet_seed42_madry_fgsm_rank25-30.pth
seediv,eegnet,42,madry,fgsm,subset_n512,raw,robust,0.27734375,purified_data/exp031/exp031_full_20260729_174215/eval/seediv_eegnet_seed42_madry_fgsm_rank25-30.pth
seediv,eegnet,42,madry,fgsm,subset_n512,25,clean,0.333984375,purified_data/exp031/exp031_full_20260729_174215/eval/seediv_eegnet_seed42_madry_fgsm_rank25-30.pth
seediv,eegnet,42,madry,fgsm,subset_n512,25,robust,0.283203125,purified_data/exp031/exp031_full_20260729_174215/eval/seediv_eegnet_seed42_madry_fgsm_rank25-30.pth
seediv,eegnet,42,madry,fgsm,subset_n512,30,clean,0.3359375,purified_data/exp031/exp031_full_20260729_174215/eval/seediv_eegnet_seed42_madry_fgsm_rank25-30.pth
seediv,eegnet,42,madry,fgsm,subset_n512,30,robust,0.27734375,purified_data/exp031/exp031_full_20260729_174215/eval/seediv_eegnet_seed42_madry_fgsm_rank25-30.pth
seediv,eegnet,42,madry,pgd,subset_n512,raw,clean,0.34375,purified_data/exp031/exp031_full_20260729_174215/eval/seediv_eegnet_seed42_madry_pgd_rank25-30.pth
seediv,eegnet,42,madry,pgd,subset_n512,raw,robust,0.275390625,purified_data/exp031/exp031_full_20260729_174215/eval/seediv_eegnet_seed42_madry_pgd_rank25-30.pth
seediv,eegnet,42,madry,pgd,subset_n512,25,clean,0.333984375,purified_data/exp031/exp031_full_20260729_174215/eval/seediv_eegnet_seed42_madry_pgd_rank25-30.pth
seediv,eegnet,42,madry,pgd,subset_n512,25,robust,0.28125,purified_data/exp031/exp031_full_20260729_174215/eval/seediv_eegnet_seed42_madry_pgd_rank25-30.pth
seediv,eegnet,42,madry,pgd,subset_n512,30,clean,0.3359375,purified_data/exp031/exp031_full_20260729_174215/eval/seediv_eegnet_seed42_madry_pgd_rank25-30.pth
seediv,eegnet,42,madry,pgd,subset_n512,30,robust,0.279296875,purified_data/exp031/exp031_full_20260729_174215/eval/seediv_eegnet_seed42_madry_pgd_rank25-30.pth
seediv,eegnet,42,madry,cw,subset_n512,raw,clean,0.34375,purified_data/exp031/exp031_full_20260729_174215/eval/seediv_eegnet_seed42_madry_cw_rank25-30.pth
seediv,eegnet,42,madry,cw,subset_n512,raw,robust,0.0,purified_data/exp031/exp031_full_20260729_174215/eval/seediv_eegnet_seed42_madry_cw_rank25-30.pth
seediv,eegnet,42,madry,cw,subset_n512,25,clean,0.333984375,purified_data/exp031/exp031_full_20260729_174215/eval/seediv_eegnet_seed42_madry_cw_rank25-30.pth
seediv,eegnet,42,madry,cw,subset_n512,25,robust,0.013671875,purified_data/exp031/exp031_full_20260729_174215/eval/seediv_eegnet_seed42_madry_cw_rank25-30.pth
seediv,eegnet,42,madry,cw,subset_n512,30,clean,0.3359375,purified_data/exp031/exp031_full_20260729_174215/eval/seediv_eegnet_seed42_madry_cw_rank25-30.pth
seediv,eegnet,42,madry,cw,subset_n512,30,robust,0.00390625,purified_data/exp031/exp031_full_20260729_174215/eval/seediv_eegnet_seed42_madry_cw_rank25-30.pth
seediv,eegnet,42,rpcf_at,autoattack,subset_n512,raw,clean,0.36328125,purified_data/exp031/exp031_full_20260729_174215/eval/seediv_eegnet_seed42_rpcf_at_autoattack_rank25-30.pth
seediv,eegnet,42,rpcf_at,autoattack,subset_n512,raw,robust,0.259765625,purified_data/exp031/exp031_full_20260729_174215/eval/seediv_eegnet_seed42_rpcf_at_autoattack_rank25-30.pth
seediv,eegnet,42,rpcf_at,autoattack,subset_n512,25,clean,0.369140625,purified_data/exp031/exp031_full_20260729_174215/eval/seediv_eegnet_seed42_rpcf_at_autoattack_rank25-30.pth
seediv,eegnet,42,rpcf_at,autoattack,subset_n512,25,robust,0.333984375,purified_data/exp031/exp031_full_20260729_174215/eval/seediv_eegnet_seed42_rpcf_at_autoattack_rank25-30.pth
seediv,eegnet,42,rpcf_at,autoattack,subset_n512,30,clean,0.361328125,purified_data/exp031/exp031_full_20260729_174215/eval/seediv_eegnet_seed42_rpcf_at_autoattack_rank25-30.pth
seediv,eegnet,42,rpcf_at,autoattack,subset_n512,30,robust,0.32421875,purified_data/exp031/exp031_full_20260729_174215/eval/seediv_eegnet_seed42_rpcf_at_autoattack_rank25-30.pth
seediv,eegnet,42,rpcf_at,fgsm,subset_n512,raw,clean,0.36328125,purified_data/exp031/exp031_full_20260729_174215/eval/seediv_eegnet_seed42_rpcf_at_fgsm_rank25-30.pth
seediv,eegnet,42,rpcf_at,fgsm,subset_n512,raw,robust,0.26953125,purified_data/exp031/exp031_full_20260729_174215/eval/seediv_eegnet_seed42_rpcf_at_fgsm_rank25-30.pth
seediv,eegnet,42,rpcf_at,fgsm,subset_n512,25,clean,0.369140625,purified_data/exp031/exp031_full_20260729_174215/eval/seediv_eegnet_seed42_rpcf_at_fgsm_rank25-30.pth
seediv,eegnet,42,rpcf_at,fgsm,subset_n512,25,robust,0.28125,purified_data/exp031/exp031_full_20260729_174215/eval/seediv_eegnet_seed42_rpcf_at_fgsm_rank25-30.pth
seediv,eegnet,42,rpcf_at,fgsm,subset_n512,30,clean,0.361328125,purified_data/exp031/exp031_full_20260729_174215/eval/seediv_eegnet_seed42_rpcf_at_fgsm_rank25-30.pth
seediv,eegnet,42,rpcf_at,fgsm,subset_n512,30,robust,0.2734375,purified_data/exp031/exp031_full_20260729_174215/eval/seediv_eegnet_seed42_rpcf_at_fgsm_rank25-30.pth
seediv,eegnet,42,rpcf_at,pgd,subset_n512,raw,clean,0.36328125,purified_data/exp031/exp031_full_20260729_174215/eval/seediv_eegnet_seed42_rpcf_at_pgd_rank25-30.pth
seediv,eegnet,42,rpcf_at,pgd,subset_n512,raw,robust,0.271484375,purified_data/exp031/exp031_full_20260729_174215/eval/seediv_eegnet_seed42_rpcf_at_pgd_rank25-30.pth
seediv,eegnet,42,rpcf_at,pgd,subset_n512,25,clean,0.369140625,purified_data/exp031/exp031_full_20260729_174215/eval/seediv_eegnet_seed42_rpcf_at_pgd_rank25-30.pth
seediv,eegnet,42,rpcf_at,pgd,subset_n512,25,robust,0.287109375,purified_data/exp031/exp031_full_20260729_174215/eval/seediv_eegnet_seed42_rpcf_at_pgd_rank25-30.pth
seediv,eegnet,42,rpcf_at,pgd,subset_n512,30,clean,0.361328125,purified_data/exp031/exp031_full_20260729_174215/eval/seediv_eegnet_seed42_rpcf_at_pgd_rank25-30.pth
seediv,eegnet,42,rpcf_at,pgd,subset_n512,30,robust,0.275390625,purified_data/exp031/exp031_full_20260729_174215/eval/seediv_eegnet_seed42_rpcf_at_pgd_rank25-30.pth
seediv,eegnet,42,rpcf_at,cw,subset_n512,raw,clean,0.36328125,purified_data/exp031/exp031_full_20260729_174215/eval/seediv_eegnet_seed42_rpcf_at_cw_rank25-30.pth
seediv,eegnet,42,rpcf_at,cw,subset_n512,raw,robust,0.0,purified_data/exp031/exp031_full_20260729_174215/eval/seediv_eegnet_seed42_rpcf_at_cw_rank25-30.pth
seediv,eegnet,42,rpcf_at,cw,subset_n512,25,clean,0.369140625,purified_data/exp031/exp031_full_20260729_174215/eval/seediv_eegnet_seed42_rpcf_at_cw_rank25-30.pth
seediv,eegnet,42,rpcf_at,cw,subset_n512,25,robust,0.021484375,purified_data/exp031/exp031_full_20260729_174215/eval/seediv_eegnet_seed42_rpcf_at_cw_rank25-30.pth
seediv,eegnet,42,rpcf_at,cw,subset_n512,30,clean,0.361328125,purified_data/exp031/exp031_full_20260729_174215/eval/seediv_eegnet_seed42_rpcf_at_cw_rank25-30.pth
seediv,eegnet,42,rpcf_at,cw,subset_n512,30,robust,0.001953125,purified_data/exp031/exp031_full_20260729_174215/eval/seediv_eegnet_seed42_rpcf_at_cw_rank25-30.pth
seediv,eegnet,43,madry,autoattack,subset_n512,raw,clean,0.373046875,purified_data/exp031/exp031_full_20260729_174215/eval/seediv_eegnet_seed43_madry_autoattack_rank25-30.pth
seediv,eegnet,43,madry,autoattack,subset_n512,raw,robust,0.287109375,purified_data/exp031/exp031_full_20260729_174215/eval/seediv_eegnet_seed43_madry_autoattack_rank25-30.pth
seediv,eegnet,43,madry,autoattack,subset_n512,25,clean,0.37109375,purified_data/exp031/exp031_full_20260729_174215/eval/seediv_eegnet_seed43_madry_autoattack_rank25-30.pth
seediv,eegnet,43,madry,autoattack,subset_n512,25,robust,0.35546875,purified_data/exp031/exp031_full_20260729_174215/eval/seediv_eegnet_seed43_madry_autoattack_rank25-30.pth
seediv,eegnet,43,madry,autoattack,subset_n512,30,clean,0.3671875,purified_data/exp031/exp031_full_20260729_174215/eval/seediv_eegnet_seed43_madry_autoattack_rank25-30.pth
seediv,eegnet,43,madry,autoattack,subset_n512,30,robust,0.353515625,purified_data/exp031/exp031_full_20260729_174215/eval/seediv_eegnet_seed43_madry_autoattack_rank25-30.pth
seediv,eegnet,43,madry,fgsm,subset_n512,raw,clean,0.373046875,purified_data/exp031/exp031_full_20260729_174215/eval/seediv_eegnet_seed43_madry_fgsm_rank25-30.pth
seediv,eegnet,43,madry,fgsm,subset_n512,raw,robust,0.30078125,purified_data/exp031/exp031_full_20260729_174215/eval/seediv_eegnet_seed43_madry_fgsm_rank25-30.pth
seediv,eegnet,43,madry,fgsm,subset_n512,25,clean,0.37109375,purified_data/exp031/exp031_full_20260729_174215/eval/seediv_eegnet_seed43_madry_fgsm_rank25-30.pth
seediv,eegnet,43,madry,fgsm,subset_n512,25,robust,0.3125,purified_data/exp031/exp031_full_20260729_174215/eval/seediv_eegnet_seed43_madry_fgsm_rank25-30.pth
seediv,eegnet,43,madry,fgsm,subset_n512,30,clean,0.3671875,purified_data/exp031/exp031_full_20260729_174215/eval/seediv_eegnet_seed43_madry_fgsm_rank25-30.pth
seediv,eegnet,43,madry,fgsm,subset_n512,30,robust,0.306640625,purified_data/exp031/exp031_full_20260729_174215/eval/seediv_eegnet_seed43_madry_fgsm_rank25-30.pth
seediv,eegnet,43,madry,pgd,subset_n512,raw,clean,0.373046875,purified_data/exp031/exp031_full_20260729_174215/eval/seediv_eegnet_seed43_madry_pgd_rank25-30.pth
seediv,eegnet,43,madry,pgd,subset_n512,raw,robust,0.298828125,purified_data/exp031/exp031_full_20260729_174215/eval/seediv_eegnet_seed43_madry_pgd_rank25-30.pth
seediv,eegnet,43,madry,pgd,subset_n512,25,clean,0.37109375,purified_data/exp031/exp031_full_20260729_174215/eval/seediv_eegnet_seed43_madry_pgd_rank25-30.pth
seediv,eegnet,43,madry,pgd,subset_n512,25,robust,0.31640625,purified_data/exp031/exp031_full_20260729_174215/eval/seediv_eegnet_seed43_madry_pgd_rank25-30.pth
seediv,eegnet,43,madry,pgd,subset_n512,30,clean,0.3671875,purified_data/exp031/exp031_full_20260729_174215/eval/seediv_eegnet_seed43_madry_pgd_rank25-30.pth
seediv,eegnet,43,madry,pgd,subset_n512,30,robust,0.306640625,purified_data/exp031/exp031_full_20260729_174215/eval/seediv_eegnet_seed43_madry_pgd_rank25-30.pth
seediv,eegnet,43,madry,cw,subset_n512,raw,clean,0.373046875,purified_data/exp031/exp031_full_20260729_174215/eval/seediv_eegnet_seed43_madry_cw_rank25-30.pth
seediv,eegnet,43,madry,cw,subset_n512,raw,robust,0.0,purified_data/exp031/exp031_full_20260729_174215/eval/seediv_eegnet_seed43_madry_cw_rank25-30.pth
seediv,eegnet,43,madry,cw,subset_n512,25,clean,0.37109375,purified_data/exp031/exp031_full_20260729_174215/eval/seediv_eegnet_seed43_madry_cw_rank25-30.pth
seediv,eegnet,43,madry,cw,subset_n512,25,robust,0.02734375,purified_data/exp031/exp031_full_20260729_174215/eval/seediv_eegnet_seed43_madry_cw_rank25-30.pth
seediv,eegnet,43,madry,cw,subset_n512,30,clean,0.3671875,purified_data/exp031/exp031_full_20260729_174215/eval/seediv_eegnet_seed43_madry_cw_rank25-30.pth
seediv,eegnet,43,madry,cw,subset_n512,30,robust,0.001953125,purified_data/exp031/exp031_full_20260729_174215/eval/seediv_eegnet_seed43_madry_cw_rank25-30.pth
seediv,eegnet,43,rpcf_at,autoattack,subset_n512,raw,clean,0.38671875,purified_data/exp031/exp031_full_20260729_174215/eval/seediv_eegnet_seed43_rpcf_at_autoattack_rank25-30.pth
seediv,eegnet,43,rpcf_at,autoattack,subset_n512,raw,robust,0.271484375,purified_data/exp031/exp031_full_20260729_174215/eval/seediv_eegnet_seed43_rpcf_at_autoattack_rank25-30.pth
seediv,eegnet,43,rpcf_at,autoattack,subset_n512,25,clean,0.384765625,purified_data/exp031/exp031_full_20260729_174215/eval/seediv_eegnet_seed43_rpcf_at_autoattack_rank25-30.pth
seediv,eegnet,43,rpcf_at,autoattack,subset_n512,25,robust,0.34765625,purified_data/exp031/exp031_full_20260729_174215/eval/seediv_eegnet_seed43_rpcf_at_autoattack_rank25-30.pth
seediv,eegnet,43,rpcf_at,autoattack,subset_n512,30,clean,0.375,purified_data/exp031/exp031_full_20260729_174215/eval/seediv_eegnet_seed43_rpcf_at_autoattack_rank25-30.pth
seediv,eegnet,43,rpcf_at,autoattack,subset_n512,30,robust,0.349609375,purified_data/exp031/exp031_full_20260729_174215/eval/seediv_eegnet_seed43_rpcf_at_autoattack_rank25-30.pth
seediv,eegnet,43,rpcf_at,fgsm,subset_n512,raw,clean,0.38671875,purified_data/exp031/exp031_full_20260729_174215/eval/seediv_eegnet_seed43_rpcf_at_fgsm_rank25-30.pth
seediv,eegnet,43,rpcf_at,fgsm,subset_n512,raw,robust,0.287109375,purified_data/exp031/exp031_full_20260729_174215/eval/seediv_eegnet_seed43_rpcf_at_fgsm_rank25-30.pth
seediv,eegnet,43,rpcf_at,fgsm,subset_n512,25,clean,0.384765625,purified_data/exp031/exp031_full_20260729_174215/eval/seediv_eegnet_seed43_rpcf_at_fgsm_rank25-30.pth
seediv,eegnet,43,rpcf_at,fgsm,subset_n512,25,robust,0.314453125,purified_data/exp031/exp031_full_20260729_174215/eval/seediv_eegnet_seed43_rpcf_at_fgsm_rank25-30.pth
seediv,eegnet,43,rpcf_at,fgsm,subset_n512,30,clean,0.375,purified_data/exp031/exp031_full_20260729_174215/eval/seediv_eegnet_seed43_rpcf_at_fgsm_rank25-30.pth
seediv,eegnet,43,rpcf_at,fgsm,subset_n512,30,robust,0.3125,purified_data/exp031/exp031_full_20260729_174215/eval/seediv_eegnet_seed43_rpcf_at_fgsm_rank25-30.pth
seediv,eegnet,43,rpcf_at,pgd,subset_n512,raw,clean,0.38671875,purified_data/exp031/exp031_full_20260729_174215/eval/seediv_eegnet_seed43_rpcf_at_pgd_rank25-30.pth
seediv,eegnet,43,rpcf_at,pgd,subset_n512,raw,robust,0.291015625,purified_data/exp031/exp031_full_20260729_174215/eval/seediv_eegnet_seed43_rpcf_at_pgd_rank25-30.pth
seediv,eegnet,43,rpcf_at,pgd,subset_n512,25,clean,0.384765625,purified_data/exp031/exp031_full_20260729_174215/eval/seediv_eegnet_seed43_rpcf_at_pgd_rank25-30.pth
seediv,eegnet,43,rpcf_at,pgd,subset_n512,25,robust,0.310546875,purified_data/exp031/exp031_full_20260729_174215/eval/seediv_eegnet_seed43_rpcf_at_pgd_rank25-30.pth
seediv,eegnet,43,rpcf_at,pgd,subset_n512,30,clean,0.375,purified_data/exp031/exp031_full_20260729_174215/eval/seediv_eegnet_seed43_rpcf_at_pgd_rank25-30.pth
seediv,eegnet,43,rpcf_at,pgd,subset_n512,30,robust,0.30859375,purified_data/exp031/exp031_full_20260729_174215/eval/seediv_eegnet_seed43_rpcf_at_pgd_rank25-30.pth
seediv,eegnet,43,rpcf_at,cw,subset_n512,raw,clean,0.38671875,purified_data/exp031/exp031_full_20260729_174215/eval/seediv_eegnet_seed43_rpcf_at_cw_rank25-30.pth
seediv,eegnet,43,rpcf_at,cw,subset_n512,raw,robust,0.0,purified_data/exp031/exp031_full_20260729_174215/eval/seediv_eegnet_seed43_rpcf_at_cw_rank25-30.pth
seediv,eegnet,43,rpcf_at,cw,subset_n512,25,clean,0.384765625,purified_data/exp031/exp031_full_20260729_174215/eval/seediv_eegnet_seed43_rpcf_at_cw_rank25-30.pth
seediv,eegnet,43,rpcf_at,cw,subset_n512,25,robust,0.025390625,purified_data/exp031/exp031_full_20260729_174215/eval/seediv_eegnet_seed43_rpcf_at_cw_rank25-30.pth
seediv,eegnet,43,rpcf_at,cw,subset_n512,30,clean,0.375,purified_data/exp031/exp031_full_20260729_174215/eval/seediv_eegnet_seed43_rpcf_at_cw_rank25-30.pth
seediv,eegnet,43,rpcf_at,cw,subset_n512,30,robust,0.001953125,purified_data/exp031/exp031_full_20260729_174215/eval/seediv_eegnet_seed43_rpcf_at_cw_rank25-30.pth
seediv,eegnet,44,madry,autoattack,subset_n512,raw,clean,0.279296875,purified_data/exp031/exp031_full_20260729_174215/eval/seediv_eegnet_seed44_madry_autoattack_rank25-30.pth
seediv,eegnet,44,madry,autoattack,subset_n512,raw,robust,0.193359375,purified_data/exp031/exp031_full_20260729_174215/eval/seediv_eegnet_seed44_madry_autoattack_rank25-30.pth
seediv,eegnet,44,madry,autoattack,subset_n512,25,clean,0.279296875,purified_data/exp031/exp031_full_20260729_174215/eval/seediv_eegnet_seed44_madry_autoattack_rank25-30.pth
seediv,eegnet,44,madry,autoattack,subset_n512,25,robust,0.22265625,purified_data/exp031/exp031_full_20260729_174215/eval/seediv_eegnet_seed44_madry_autoattack_rank25-30.pth
seediv,eegnet,44,madry,autoattack,subset_n512,30,clean,0.28125,purified_data/exp031/exp031_full_20260729_174215/eval/seediv_eegnet_seed44_madry_autoattack_rank25-30.pth
seediv,eegnet,44,madry,autoattack,subset_n512,30,robust,0.208984375,purified_data/exp031/exp031_full_20260729_174215/eval/seediv_eegnet_seed44_madry_autoattack_rank25-30.pth
seediv,eegnet,44,madry,fgsm,subset_n512,raw,clean,0.279296875,purified_data/exp031/exp031_full_20260729_174215/eval/seediv_eegnet_seed44_madry_fgsm_rank25-30.pth
seediv,eegnet,44,madry,fgsm,subset_n512,raw,robust,0.216796875,purified_data/exp031/exp031_full_20260729_174215/eval/seediv_eegnet_seed44_madry_fgsm_rank25-30.pth
seediv,eegnet,44,madry,fgsm,subset_n512,25,clean,0.279296875,purified_data/exp031/exp031_full_20260729_174215/eval/seediv_eegnet_seed44_madry_fgsm_rank25-30.pth
seediv,eegnet,44,madry,fgsm,subset_n512,25,robust,0.224609375,purified_data/exp031/exp031_full_20260729_174215/eval/seediv_eegnet_seed44_madry_fgsm_rank25-30.pth
seediv,eegnet,44,madry,fgsm,subset_n512,30,clean,0.28125,purified_data/exp031/exp031_full_20260729_174215/eval/seediv_eegnet_seed44_madry_fgsm_rank25-30.pth
seediv,eegnet,44,madry,fgsm,subset_n512,30,robust,0.2265625,purified_data/exp031/exp031_full_20260729_174215/eval/seediv_eegnet_seed44_madry_fgsm_rank25-30.pth
seediv,eegnet,44,madry,pgd,subset_n512,raw,clean,0.279296875,purified_data/exp031/exp031_full_20260729_174215/eval/seediv_eegnet_seed44_madry_pgd_rank25-30.pth
seediv,eegnet,44,madry,pgd,subset_n512,raw,robust,0.216796875,purified_data/exp031/exp031_full_20260729_174215/eval/seediv_eegnet_seed44_madry_pgd_rank25-30.pth
seediv,eegnet,44,madry,pgd,subset_n512,25,clean,0.279296875,purified_data/exp031/exp031_full_20260729_174215/eval/seediv_eegnet_seed44_madry_pgd_rank25-30.pth
seediv,eegnet,44,madry,pgd,subset_n512,25,robust,0.2265625,purified_data/exp031/exp031_full_20260729_174215/eval/seediv_eegnet_seed44_madry_pgd_rank25-30.pth
seediv,eegnet,44,madry,pgd,subset_n512,30,clean,0.28125,purified_data/exp031/exp031_full_20260729_174215/eval/seediv_eegnet_seed44_madry_pgd_rank25-30.pth
seediv,eegnet,44,madry,pgd,subset_n512,30,robust,0.228515625,purified_data/exp031/exp031_full_20260729_174215/eval/seediv_eegnet_seed44_madry_pgd_rank25-30.pth
seediv,eegnet,44,madry,cw,subset_n512,raw,clean,0.279296875,purified_data/exp031/exp031_full_20260729_174215/eval/seediv_eegnet_seed44_madry_cw_rank25-30.pth
seediv,eegnet,44,madry,cw,subset_n512,raw,robust,0.064453125,purified_data/exp031/exp031_full_20260729_174215/eval/seediv_eegnet_seed44_madry_cw_rank25-30.pth
seediv,eegnet,44,madry,cw,subset_n512,25,clean,0.279296875,purified_data/exp031/exp031_full_20260729_174215/eval/seediv_eegnet_seed44_madry_cw_rank25-30.pth
seediv,eegnet,44,madry,cw,subset_n512,25,robust,0.06640625,purified_data/exp031/exp031_full_20260729_174215/eval/seediv_eegnet_seed44_madry_cw_rank25-30.pth
seediv,eegnet,44,madry,cw,subset_n512,30,clean,0.28125,purified_data/exp031/exp031_full_20260729_174215/eval/seediv_eegnet_seed44_madry_cw_rank25-30.pth
seediv,eegnet,44,madry,cw,subset_n512,30,robust,0.064453125,purified_data/exp031/exp031_full_20260729_174215/eval/seediv_eegnet_seed44_madry_cw_rank25-30.pth
seediv,eegnet,44,rpcf_at,autoattack,subset_n512,raw,clean,0.3125,purified_data/exp031/exp031_full_20260729_174215/eval/seediv_eegnet_seed44_rpcf_at_autoattack_rank25-30.pth
seediv,eegnet,44,rpcf_at,autoattack,subset_n512,raw,robust,0.2421875,purified_data/exp031/exp031_full_20260729_174215/eval/seediv_eegnet_seed44_rpcf_at_autoattack_rank25-30.pth
seediv,eegnet,44,rpcf_at,autoattack,subset_n512,25,clean,0.318359375,purified_data/exp031/exp031_full_20260729_174215/eval/seediv_eegnet_seed44_rpcf_at_autoattack_rank25-30.pth
seediv,eegnet,44,rpcf_at,autoattack,subset_n512,25,robust,0.306640625,purified_data/exp031/exp031_full_20260729_174215/eval/seediv_eegnet_seed44_rpcf_at_autoattack_rank25-30.pth
seediv,eegnet,44,rpcf_at,autoattack,subset_n512,30,clean,0.3203125,purified_data/exp031/exp031_full_20260729_174215/eval/seediv_eegnet_seed44_rpcf_at_autoattack_rank25-30.pth
seediv,eegnet,44,rpcf_at,autoattack,subset_n512,30,robust,0.302734375,purified_data/exp031/exp031_full_20260729_174215/eval/seediv_eegnet_seed44_rpcf_at_autoattack_rank25-30.pth
seediv,eegnet,44,rpcf_at,fgsm,subset_n512,raw,clean,0.3125,purified_data/exp031/exp031_full_20260729_174215/eval/seediv_eegnet_seed44_rpcf_at_fgsm_rank25-30.pth
seediv,eegnet,44,rpcf_at,fgsm,subset_n512,raw,robust,0.2578125,purified_data/exp031/exp031_full_20260729_174215/eval/seediv_eegnet_seed44_rpcf_at_fgsm_rank25-30.pth
seediv,eegnet,44,rpcf_at,fgsm,subset_n512,25,clean,0.318359375,purified_data/exp031/exp031_full_20260729_174215/eval/seediv_eegnet_seed44_rpcf_at_fgsm_rank25-30.pth
seediv,eegnet,44,rpcf_at,fgsm,subset_n512,25,robust,0.28125,purified_data/exp031/exp031_full_20260729_174215/eval/seediv_eegnet_seed44_rpcf_at_fgsm_rank25-30.pth
seediv,eegnet,44,rpcf_at,fgsm,subset_n512,30,clean,0.3203125,purified_data/exp031/exp031_full_20260729_174215/eval/seediv_eegnet_seed44_rpcf_at_fgsm_rank25-30.pth
seediv,eegnet,44,rpcf_at,fgsm,subset_n512,30,robust,0.263671875,purified_data/exp031/exp031_full_20260729_174215/eval/seediv_eegnet_seed44_rpcf_at_fgsm_rank25-30.pth
seediv,eegnet,44,rpcf_at,pgd,subset_n512,raw,clean,0.3125,purified_data/exp031/exp031_full_20260729_174215/eval/seediv_eegnet_seed44_rpcf_at_pgd_rank25-30.pth
seediv,eegnet,44,rpcf_at,pgd,subset_n512,raw,robust,0.2578125,purified_data/exp031/exp031_full_20260729_174215/eval/seediv_eegnet_seed44_rpcf_at_pgd_rank25-30.pth
seediv,eegnet,44,rpcf_at,pgd,subset_n512,25,clean,0.318359375,purified_data/exp031/exp031_full_20260729_174215/eval/seediv_eegnet_seed44_rpcf_at_pgd_rank25-30.pth
seediv,eegnet,44,rpcf_at,pgd,subset_n512,25,robust,0.275390625,purified_data/exp031/exp031_full_20260729_174215/eval/seediv_eegnet_seed44_rpcf_at_pgd_rank25-30.pth
seediv,eegnet,44,rpcf_at,pgd,subset_n512,30,clean,0.3203125,purified_data/exp031/exp031_full_20260729_174215/eval/seediv_eegnet_seed44_rpcf_at_pgd_rank25-30.pth
seediv,eegnet,44,rpcf_at,pgd,subset_n512,30,robust,0.263671875,purified_data/exp031/exp031_full_20260729_174215/eval/seediv_eegnet_seed44_rpcf_at_pgd_rank25-30.pth
seediv,eegnet,44,rpcf_at,cw,subset_n512,raw,clean,0.3125,purified_data/exp031/exp031_full_20260729_174215/eval/seediv_eegnet_seed44_rpcf_at_cw_rank25-30.pth
seediv,eegnet,44,rpcf_at,cw,subset_n512,raw,robust,0.009765625,purified_data/exp031/exp031_full_20260729_174215/eval/seediv_eegnet_seed44_rpcf_at_cw_rank25-30.pth
seediv,eegnet,44,rpcf_at,cw,subset_n512,25,clean,0.318359375,purified_data/exp031/exp031_full_20260729_174215/eval/seediv_eegnet_seed44_rpcf_at_cw_rank25-30.pth
seediv,eegnet,44,rpcf_at,cw,subset_n512,25,robust,0.04296875,purified_data/exp031/exp031_full_20260729_174215/eval/seediv_eegnet_seed44_rpcf_at_cw_rank25-30.pth
seediv,eegnet,44,rpcf_at,cw,subset_n512,30,clean,0.3203125,purified_data/exp031/exp031_full_20260729_174215/eval/seediv_eegnet_seed44_rpcf_at_cw_rank25-30.pth
seediv,eegnet,44,rpcf_at,cw,subset_n512,30,robust,0.01953125,purified_data/exp031/exp031_full_20260729_174215/eval/seediv_eegnet_seed44_rpcf_at_cw_rank25-30.pth
seediv,eegnet,45,madry,autoattack,subset_n512,raw,clean,0.38671875,purified_data/exp031/exp031_full_20260729_174215/eval/seediv_eegnet_seed45_madry_autoattack_rank25-30.pth
seediv,eegnet,45,madry,autoattack,subset_n512,raw,robust,0.24609375,purified_data/exp031/exp031_full_20260729_174215/eval/seediv_eegnet_seed45_madry_autoattack_rank25-30.pth
seediv,eegnet,45,madry,autoattack,subset_n512,25,clean,0.390625,purified_data/exp031/exp031_full_20260729_174215/eval/seediv_eegnet_seed45_madry_autoattack_rank25-30.pth
seediv,eegnet,45,madry,autoattack,subset_n512,25,robust,0.287109375,purified_data/exp031/exp031_full_20260729_174215/eval/seediv_eegnet_seed45_madry_autoattack_rank25-30.pth
seediv,eegnet,45,madry,autoattack,subset_n512,30,clean,0.390625,purified_data/exp031/exp031_full_20260729_174215/eval/seediv_eegnet_seed45_madry_autoattack_rank25-30.pth
seediv,eegnet,45,madry,autoattack,subset_n512,30,robust,0.2734375,purified_data/exp031/exp031_full_20260729_174215/eval/seediv_eegnet_seed45_madry_autoattack_rank25-30.pth
seediv,eegnet,45,madry,fgsm,subset_n512,raw,clean,0.38671875,purified_data/exp031/exp031_full_20260729_174215/eval/seediv_eegnet_seed45_madry_fgsm_rank25-30.pth
seediv,eegnet,45,madry,fgsm,subset_n512,raw,robust,0.28125,purified_data/exp031/exp031_full_20260729_174215/eval/seediv_eegnet_seed45_madry_fgsm_rank25-30.pth
seediv,eegnet,45,madry,fgsm,subset_n512,25,clean,0.390625,purified_data/exp031/exp031_full_20260729_174215/eval/seediv_eegnet_seed45_madry_fgsm_rank25-30.pth
seediv,eegnet,45,madry,fgsm,subset_n512,25,robust,0.287109375,purified_data/exp031/exp031_full_20260729_174215/eval/seediv_eegnet_seed45_madry_fgsm_rank25-30.pth
seediv,eegnet,45,madry,fgsm,subset_n512,30,clean,0.390625,purified_data/exp031/exp031_full_20260729_174215/eval/seediv_eegnet_seed45_madry_fgsm_rank25-30.pth
seediv,eegnet,45,madry,fgsm,subset_n512,30,robust,0.2890625,purified_data/exp031/exp031_full_20260729_174215/eval/seediv_eegnet_seed45_madry_fgsm_rank25-30.pth
seediv,eegnet,45,madry,pgd,subset_n512,raw,clean,0.38671875,purified_data/exp031/exp031_full_20260729_174215/eval/seediv_eegnet_seed45_madry_pgd_rank25-30.pth
seediv,eegnet,45,madry,pgd,subset_n512,raw,robust,0.28125,purified_data/exp031/exp031_full_20260729_174215/eval/seediv_eegnet_seed45_madry_pgd_rank25-30.pth
seediv,eegnet,45,madry,pgd,subset_n512,25,clean,0.390625,purified_data/exp031/exp031_full_20260729_174215/eval/seediv_eegnet_seed45_madry_pgd_rank25-30.pth
seediv,eegnet,45,madry,pgd,subset_n512,25,robust,0.287109375,purified_data/exp031/exp031_full_20260729_174215/eval/seediv_eegnet_seed45_madry_pgd_rank25-30.pth
seediv,eegnet,45,madry,pgd,subset_n512,30,clean,0.390625,purified_data/exp031/exp031_full_20260729_174215/eval/seediv_eegnet_seed45_madry_pgd_rank25-30.pth
seediv,eegnet,45,madry,pgd,subset_n512,30,robust,0.294921875,purified_data/exp031/exp031_full_20260729_174215/eval/seediv_eegnet_seed45_madry_pgd_rank25-30.pth
seediv,eegnet,45,madry,cw,subset_n512,raw,clean,0.38671875,purified_data/exp031/exp031_full_20260729_174215/eval/seediv_eegnet_seed45_madry_cw_rank25-30.pth
seediv,eegnet,45,madry,cw,subset_n512,raw,robust,0.0234375,purified_data/exp031/exp031_full_20260729_174215/eval/seediv_eegnet_seed45_madry_cw_rank25-30.pth
seediv,eegnet,45,madry,cw,subset_n512,25,clean,0.390625,purified_data/exp031/exp031_full_20260729_174215/eval/seediv_eegnet_seed45_madry_cw_rank25-30.pth
seediv,eegnet,45,madry,cw,subset_n512,25,robust,0.02734375,purified_data/exp031/exp031_full_20260729_174215/eval/seediv_eegnet_seed45_madry_cw_rank25-30.pth
seediv,eegnet,45,madry,cw,subset_n512,30,clean,0.390625,purified_data/exp031/exp031_full_20260729_174215/eval/seediv_eegnet_seed45_madry_cw_rank25-30.pth
seediv,eegnet,45,madry,cw,subset_n512,30,robust,0.025390625,purified_data/exp031/exp031_full_20260729_174215/eval/seediv_eegnet_seed45_madry_cw_rank25-30.pth
seediv,eegnet,45,rpcf_at,autoattack,subset_n512,raw,clean,0.4140625,purified_data/exp031/exp031_full_20260729_174215/eval/seediv_eegnet_seed45_rpcf_at_autoattack_rank25-30.pth
seediv,eegnet,45,rpcf_at,autoattack,subset_n512,raw,robust,0.29296875,purified_data/exp031/exp031_full_20260729_174215/eval/seediv_eegnet_seed45_rpcf_at_autoattack_rank25-30.pth
seediv,eegnet,45,rpcf_at,autoattack,subset_n512,25,clean,0.41015625,purified_data/exp031/exp031_full_20260729_174215/eval/seediv_eegnet_seed45_rpcf_at_autoattack_rank25-30.pth
seediv,eegnet,45,rpcf_at,autoattack,subset_n512,25,robust,0.37890625,purified_data/exp031/exp031_full_20260729_174215/eval/seediv_eegnet_seed45_rpcf_at_autoattack_rank25-30.pth
seediv,eegnet,45,rpcf_at,autoattack,subset_n512,30,clean,0.4140625,purified_data/exp031/exp031_full_20260729_174215/eval/seediv_eegnet_seed45_rpcf_at_autoattack_rank25-30.pth
seediv,eegnet,45,rpcf_at,autoattack,subset_n512,30,robust,0.369140625,purified_data/exp031/exp031_full_20260729_174215/eval/seediv_eegnet_seed45_rpcf_at_autoattack_rank25-30.pth
seediv,eegnet,45,rpcf_at,fgsm,subset_n512,raw,clean,0.4140625,purified_data/exp031/exp031_full_20260729_174215/eval/seediv_eegnet_seed45_rpcf_at_fgsm_rank25-30.pth
seediv,eegnet,45,rpcf_at,fgsm,subset_n512,raw,robust,0.3125,purified_data/exp031/exp031_full_20260729_174215/eval/seediv_eegnet_seed45_rpcf_at_fgsm_rank25-30.pth
seediv,eegnet,45,rpcf_at,fgsm,subset_n512,25,clean,0.41015625,purified_data/exp031/exp031_full_20260729_174215/eval/seediv_eegnet_seed45_rpcf_at_fgsm_rank25-30.pth
seediv,eegnet,45,rpcf_at,fgsm,subset_n512,25,robust,0.337890625,purified_data/exp031/exp031_full_20260729_174215/eval/seediv_eegnet_seed45_rpcf_at_fgsm_rank25-30.pth
seediv,eegnet,45,rpcf_at,fgsm,subset_n512,30,clean,0.4140625,purified_data/exp031/exp031_full_20260729_174215/eval/seediv_eegnet_seed45_rpcf_at_fgsm_rank25-30.pth
seediv,eegnet,45,rpcf_at,fgsm,subset_n512,30,robust,0.32421875,purified_data/exp031/exp031_full_20260729_174215/eval/seediv_eegnet_seed45_rpcf_at_fgsm_rank25-30.pth
seediv,eegnet,45,rpcf_at,pgd,subset_n512,raw,clean,0.4140625,purified_data/exp031/exp031_full_20260729_174215/eval/seediv_eegnet_seed45_rpcf_at_pgd_rank25-30.pth
seediv,eegnet,45,rpcf_at,pgd,subset_n512,raw,robust,0.31640625,purified_data/exp031/exp031_full_20260729_174215/eval/seediv_eegnet_seed45_rpcf_at_pgd_rank25-30.pth
seediv,eegnet,45,rpcf_at,pgd,subset_n512,25,clean,0.41015625,purified_data/exp031/exp031_full_20260729_174215/eval/seediv_eegnet_seed45_rpcf_at_pgd_rank25-30.pth
seediv,eegnet,45,rpcf_at,pgd,subset_n512,25,robust,0.337890625,purified_data/exp031/exp031_full_20260729_174215/eval/seediv_eegnet_seed45_rpcf_at_pgd_rank25-30.pth
seediv,eegnet,45,rpcf_at,pgd,subset_n512,30,clean,0.4140625,purified_data/exp031/exp031_full_20260729_174215/eval/seediv_eegnet_seed45_rpcf_at_pgd_rank25-30.pth
seediv,eegnet,45,rpcf_at,pgd,subset_n512,30,robust,0.32421875,purified_data/exp031/exp031_full_20260729_174215/eval/seediv_eegnet_seed45_rpcf_at_pgd_rank25-30.pth
seediv,eegnet,45,rpcf_at,cw,subset_n512,raw,clean,0.4140625,purified_data/exp031/exp031_full_20260729_174215/eval/seediv_eegnet_seed45_rpcf_at_cw_rank25-30.pth
seediv,eegnet,45,rpcf_at,cw,subset_n512,raw,robust,0.01171875,purified_data/exp031/exp031_full_20260729_174215/eval/seediv_eegnet_seed45_rpcf_at_cw_rank25-30.pth
seediv,eegnet,45,rpcf_at,cw,subset_n512,25,clean,0.41015625,purified_data/exp031/exp031_full_20260729_174215/eval/seediv_eegnet_seed45_rpcf_at_cw_rank25-30.pth
seediv,eegnet,45,rpcf_at,cw,subset_n512,25,robust,0.03515625,purified_data/exp031/exp031_full_20260729_174215/eval/seediv_eegnet_seed45_rpcf_at_cw_rank25-30.pth
seediv,eegnet,45,rpcf_at,cw,subset_n512,30,clean,0.4140625,purified_data/exp031/exp031_full_20260729_174215/eval/seediv_eegnet_seed45_rpcf_at_cw_rank25-30.pth
seediv,eegnet,45,rpcf_at,cw,subset_n512,30,robust,0.021484375,purified_data/exp031/exp031_full_20260729_174215/eval/seediv_eegnet_seed45_rpcf_at_cw_rank25-30.pth
seediv,eegnet,46,madry,autoattack,subset_n512,raw,clean,0.306640625,purified_data/exp031/exp031_full_20260729_174215/eval/seediv_eegnet_seed46_madry_autoattack_rank25-30.pth
seediv,eegnet,46,madry,autoattack,subset_n512,raw,robust,0.181640625,purified_data/exp031/exp031_full_20260729_174215/eval/seediv_eegnet_seed46_madry_autoattack_rank25-30.pth
seediv,eegnet,46,madry,autoattack,subset_n512,25,clean,0.30859375,purified_data/exp031/exp031_full_20260729_174215/eval/seediv_eegnet_seed46_madry_autoattack_rank25-30.pth
seediv,eegnet,46,madry,autoattack,subset_n512,25,robust,0.205078125,purified_data/exp031/exp031_full_20260729_174215/eval/seediv_eegnet_seed46_madry_autoattack_rank25-30.pth
seediv,eegnet,46,madry,autoattack,subset_n512,30,clean,0.30859375,purified_data/exp031/exp031_full_20260729_174215/eval/seediv_eegnet_seed46_madry_autoattack_rank25-30.pth
seediv,eegnet,46,madry,autoattack,subset_n512,30,robust,0.193359375,purified_data/exp031/exp031_full_20260729_174215/eval/seediv_eegnet_seed46_madry_autoattack_rank25-30.pth
seediv,eegnet,46,madry,fgsm,subset_n512,raw,clean,0.306640625,purified_data/exp031/exp031_full_20260729_174215/eval/seediv_eegnet_seed46_madry_fgsm_rank25-30.pth
seediv,eegnet,46,madry,fgsm,subset_n512,raw,robust,0.201171875,purified_data/exp031/exp031_full_20260729_174215/eval/seediv_eegnet_seed46_madry_fgsm_rank25-30.pth
seediv,eegnet,46,madry,fgsm,subset_n512,25,clean,0.30859375,purified_data/exp031/exp031_full_20260729_174215/eval/seediv_eegnet_seed46_madry_fgsm_rank25-30.pth
seediv,eegnet,46,madry,fgsm,subset_n512,25,robust,0.205078125,purified_data/exp031/exp031_full_20260729_174215/eval/seediv_eegnet_seed46_madry_fgsm_rank25-30.pth
seediv,eegnet,46,madry,fgsm,subset_n512,30,clean,0.30859375,purified_data/exp031/exp031_full_20260729_174215/eval/seediv_eegnet_seed46_madry_fgsm_rank25-30.pth
seediv,eegnet,46,madry,fgsm,subset_n512,30,robust,0.205078125,purified_data/exp031/exp031_full_20260729_174215/eval/seediv_eegnet_seed46_madry_fgsm_rank25-30.pth
seediv,eegnet,46,madry,pgd,subset_n512,raw,clean,0.306640625,purified_data/exp031/exp031_full_20260729_174215/eval/seediv_eegnet_seed46_madry_pgd_rank25-30.pth
seediv,eegnet,46,madry,pgd,subset_n512,raw,robust,0.201171875,purified_data/exp031/exp031_full_20260729_174215/eval/seediv_eegnet_seed46_madry_pgd_rank25-30.pth
seediv,eegnet,46,madry,pgd,subset_n512,25,clean,0.30859375,purified_data/exp031/exp031_full_20260729_174215/eval/seediv_eegnet_seed46_madry_pgd_rank25-30.pth
seediv,eegnet,46,madry,pgd,subset_n512,25,robust,0.208984375,purified_data/exp031/exp031_full_20260729_174215/eval/seediv_eegnet_seed46_madry_pgd_rank25-30.pth
seediv,eegnet,46,madry,pgd,subset_n512,30,clean,0.30859375,purified_data/exp031/exp031_full_20260729_174215/eval/seediv_eegnet_seed46_madry_pgd_rank25-30.pth
seediv,eegnet,46,madry,pgd,subset_n512,30,robust,0.205078125,purified_data/exp031/exp031_full_20260729_174215/eval/seediv_eegnet_seed46_madry_pgd_rank25-30.pth
seediv,eegnet,46,madry,cw,subset_n512,raw,clean,0.306640625,purified_data/exp031/exp031_full_20260729_174215/eval/seediv_eegnet_seed46_madry_cw_rank25-30.pth
seediv,eegnet,46,madry,cw,subset_n512,raw,robust,0.0546875,purified_data/exp031/exp031_full_20260729_174215/eval/seediv_eegnet_seed46_madry_cw_rank25-30.pth
seediv,eegnet,46,madry,cw,subset_n512,25,clean,0.30859375,purified_data/exp031/exp031_full_20260729_174215/eval/seediv_eegnet_seed46_madry_cw_rank25-30.pth
seediv,eegnet,46,madry,cw,subset_n512,25,robust,0.064453125,purified_data/exp031/exp031_full_20260729_174215/eval/seediv_eegnet_seed46_madry_cw_rank25-30.pth
seediv,eegnet,46,madry,cw,subset_n512,30,clean,0.30859375,purified_data/exp031/exp031_full_20260729_174215/eval/seediv_eegnet_seed46_madry_cw_rank25-30.pth
seediv,eegnet,46,madry,cw,subset_n512,30,robust,0.0625,purified_data/exp031/exp031_full_20260729_174215/eval/seediv_eegnet_seed46_madry_cw_rank25-30.pth
seediv,eegnet,46,rpcf_at,autoattack,subset_n512,raw,clean,0.3515625,purified_data/exp031/exp031_full_20260729_174215/eval/seediv_eegnet_seed46_rpcf_at_autoattack_rank25-30.pth
seediv,eegnet,46,rpcf_at,autoattack,subset_n512,raw,robust,0.25,purified_data/exp031/exp031_full_20260729_174215/eval/seediv_eegnet_seed46_rpcf_at_autoattack_rank25-30.pth
seediv,eegnet,46,rpcf_at,autoattack,subset_n512,25,clean,0.36328125,purified_data/exp031/exp031_full_20260729_174215/eval/seediv_eegnet_seed46_rpcf_at_autoattack_rank25-30.pth
seediv,eegnet,46,rpcf_at,autoattack,subset_n512,25,robust,0.359375,purified_data/exp031/exp031_full_20260729_174215/eval/seediv_eegnet_seed46_rpcf_at_autoattack_rank25-30.pth
seediv,eegnet,46,rpcf_at,autoattack,subset_n512,30,clean,0.3671875,purified_data/exp031/exp031_full_20260729_174215/eval/seediv_eegnet_seed46_rpcf_at_autoattack_rank25-30.pth
seediv,eegnet,46,rpcf_at,autoattack,subset_n512,30,robust,0.345703125,purified_data/exp031/exp031_full_20260729_174215/eval/seediv_eegnet_seed46_rpcf_at_autoattack_rank25-30.pth
seediv,eegnet,46,rpcf_at,fgsm,subset_n512,raw,clean,0.3515625,purified_data/exp031/exp031_full_20260729_174215/eval/seediv_eegnet_seed46_rpcf_at_fgsm_rank25-30.pth
seediv,eegnet,46,rpcf_at,fgsm,subset_n512,raw,robust,0.265625,purified_data/exp031/exp031_full_20260729_174215/eval/seediv_eegnet_seed46_rpcf_at_fgsm_rank25-30.pth
seediv,eegnet,46,rpcf_at,fgsm,subset_n512,25,clean,0.36328125,purified_data/exp031/exp031_full_20260729_174215/eval/seediv_eegnet_seed46_rpcf_at_fgsm_rank25-30.pth
seediv,eegnet,46,rpcf_at,fgsm,subset_n512,25,robust,0.30859375,purified_data/exp031/exp031_full_20260729_174215/eval/seediv_eegnet_seed46_rpcf_at_fgsm_rank25-30.pth
seediv,eegnet,46,rpcf_at,fgsm,subset_n512,30,clean,0.3671875,purified_data/exp031/exp031_full_20260729_174215/eval/seediv_eegnet_seed46_rpcf_at_fgsm_rank25-30.pth
seediv,eegnet,46,rpcf_at,fgsm,subset_n512,30,robust,0.30859375,purified_data/exp031/exp031_full_20260729_174215/eval/seediv_eegnet_seed46_rpcf_at_fgsm_rank25-30.pth
seediv,eegnet,46,rpcf_at,pgd,subset_n512,raw,clean,0.3515625,purified_data/exp031/exp031_full_20260729_174215/eval/seediv_eegnet_seed46_rpcf_at_pgd_rank25-30.pth
seediv,eegnet,46,rpcf_at,pgd,subset_n512,raw,robust,0.265625,purified_data/exp031/exp031_full_20260729_174215/eval/seediv_eegnet_seed46_rpcf_at_pgd_rank25-30.pth
seediv,eegnet,46,rpcf_at,pgd,subset_n512,25,clean,0.36328125,purified_data/exp031/exp031_full_20260729_174215/eval/seediv_eegnet_seed46_rpcf_at_pgd_rank25-30.pth
seediv,eegnet,46,rpcf_at,pgd,subset_n512,25,robust,0.302734375,purified_data/exp031/exp031_full_20260729_174215/eval/seediv_eegnet_seed46_rpcf_at_pgd_rank25-30.pth
seediv,eegnet,46,rpcf_at,pgd,subset_n512,30,clean,0.3671875,purified_data/exp031/exp031_full_20260729_174215/eval/seediv_eegnet_seed46_rpcf_at_pgd_rank25-30.pth
seediv,eegnet,46,rpcf_at,pgd,subset_n512,30,robust,0.3046875,purified_data/exp031/exp031_full_20260729_174215/eval/seediv_eegnet_seed46_rpcf_at_pgd_rank25-30.pth
seediv,eegnet,46,rpcf_at,cw,subset_n512,raw,clean,0.3515625,purified_data/exp031/exp031_full_20260729_174215/eval/seediv_eegnet_seed46_rpcf_at_cw_rank25-30.pth
seediv,eegnet,46,rpcf_at,cw,subset_n512,raw,robust,0.0,purified_data/exp031/exp031_full_20260729_174215/eval/seediv_eegnet_seed46_rpcf_at_cw_rank25-30.pth
seediv,eegnet,46,rpcf_at,cw,subset_n512,25,clean,0.36328125,purified_data/exp031/exp031_full_20260729_174215/eval/seediv_eegnet_seed46_rpcf_at_cw_rank25-30.pth
seediv,eegnet,46,rpcf_at,cw,subset_n512,25,robust,0.021484375,purified_data/exp031/exp031_full_20260729_174215/eval/seediv_eegnet_seed46_rpcf_at_cw_rank25-30.pth
seediv,eegnet,46,rpcf_at,cw,subset_n512,30,clean,0.3671875,purified_data/exp031/exp031_full_20260729_174215/eval/seediv_eegnet_seed46_rpcf_at_cw_rank25-30.pth
seediv,eegnet,46,rpcf_at,cw,subset_n512,30,robust,0.0078125,purified_data/exp031/exp031_full_20260729_174215/eval/seediv_eegnet_seed46_rpcf_at_cw_rank25-30.pth
seediv,deepconvnet,42,madry,autoattack,subset_n512,raw,clean,0.39453125,purified_data/exp031/exp031_full_20260729_174215/eval/seediv_deepconvnet_seed42_madry_autoattack_rank25-30.pth
seediv,deepconvnet,42,madry,autoattack,subset_n512,raw,robust,0.205078125,purified_data/exp031/exp031_full_20260729_174215/eval/seediv_deepconvnet_seed42_madry_autoattack_rank25-30.pth
seediv,deepconvnet,42,madry,autoattack,subset_n512,25,clean,0.37109375,purified_data/exp031/exp031_full_20260729_174215/eval/seediv_deepconvnet_seed42_madry_autoattack_rank25-30.pth
seediv,deepconvnet,42,madry,autoattack,subset_n512,25,robust,0.28125,purified_data/exp031/exp031_full_20260729_174215/eval/seediv_deepconvnet_seed42_madry_autoattack_rank25-30.pth
seediv,deepconvnet,42,madry,autoattack,subset_n512,30,clean,0.375,purified_data/exp031/exp031_full_20260729_174215/eval/seediv_deepconvnet_seed42_madry_autoattack_rank25-30.pth
seediv,deepconvnet,42,madry,autoattack,subset_n512,30,robust,0.283203125,purified_data/exp031/exp031_full_20260729_174215/eval/seediv_deepconvnet_seed42_madry_autoattack_rank25-30.pth
seediv,deepconvnet,42,madry,fgsm,subset_n512,raw,clean,0.39453125,purified_data/exp031/exp031_full_20260729_174215/eval/seediv_deepconvnet_seed42_madry_fgsm_rank25-30.pth
seediv,deepconvnet,42,madry,fgsm,subset_n512,raw,robust,0.23046875,purified_data/exp031/exp031_full_20260729_174215/eval/seediv_deepconvnet_seed42_madry_fgsm_rank25-30.pth
seediv,deepconvnet,42,madry,fgsm,subset_n512,25,clean,0.37109375,purified_data/exp031/exp031_full_20260729_174215/eval/seediv_deepconvnet_seed42_madry_fgsm_rank25-30.pth
seediv,deepconvnet,42,madry,fgsm,subset_n512,25,robust,0.21875,purified_data/exp031/exp031_full_20260729_174215/eval/seediv_deepconvnet_seed42_madry_fgsm_rank25-30.pth
seediv,deepconvnet,42,madry,fgsm,subset_n512,30,clean,0.375,purified_data/exp031/exp031_full_20260729_174215/eval/seediv_deepconvnet_seed42_madry_fgsm_rank25-30.pth
seediv,deepconvnet,42,madry,fgsm,subset_n512,30,robust,0.240234375,purified_data/exp031/exp031_full_20260729_174215/eval/seediv_deepconvnet_seed42_madry_fgsm_rank25-30.pth
seediv,deepconvnet,42,madry,pgd,subset_n512,raw,clean,0.39453125,purified_data/exp031/exp031_full_20260729_174215/eval/seediv_deepconvnet_seed42_madry_pgd_rank25-30.pth
seediv,deepconvnet,42,madry,pgd,subset_n512,raw,robust,0.224609375,purified_data/exp031/exp031_full_20260729_174215/eval/seediv_deepconvnet_seed42_madry_pgd_rank25-30.pth
seediv,deepconvnet,42,madry,pgd,subset_n512,25,clean,0.37109375,purified_data/exp031/exp031_full_20260729_174215/eval/seediv_deepconvnet_seed42_madry_pgd_rank25-30.pth
seediv,deepconvnet,42,madry,pgd,subset_n512,25,robust,0.21875,purified_data/exp031/exp031_full_20260729_174215/eval/seediv_deepconvnet_seed42_madry_pgd_rank25-30.pth
seediv,deepconvnet,42,madry,pgd,subset_n512,30,clean,0.375,purified_data/exp031/exp031_full_20260729_174215/eval/seediv_deepconvnet_seed42_madry_pgd_rank25-30.pth
seediv,deepconvnet,42,madry,pgd,subset_n512,30,robust,0.236328125,purified_data/exp031/exp031_full_20260729_174215/eval/seediv_deepconvnet_seed42_madry_pgd_rank25-30.pth
seediv,deepconvnet,42,madry,cw,subset_n512,raw,clean,0.39453125,purified_data/exp031/exp031_full_20260729_174215/eval/seediv_deepconvnet_seed42_madry_cw_rank25-30.pth
seediv,deepconvnet,42,madry,cw,subset_n512,raw,robust,0.001953125,purified_data/exp031/exp031_full_20260729_174215/eval/seediv_deepconvnet_seed42_madry_cw_rank25-30.pth
seediv,deepconvnet,42,madry,cw,subset_n512,25,clean,0.37109375,purified_data/exp031/exp031_full_20260729_174215/eval/seediv_deepconvnet_seed42_madry_cw_rank25-30.pth
seediv,deepconvnet,42,madry,cw,subset_n512,25,robust,0.1015625,purified_data/exp031/exp031_full_20260729_174215/eval/seediv_deepconvnet_seed42_madry_cw_rank25-30.pth
seediv,deepconvnet,42,madry,cw,subset_n512,30,clean,0.375,purified_data/exp031/exp031_full_20260729_174215/eval/seediv_deepconvnet_seed42_madry_cw_rank25-30.pth
seediv,deepconvnet,42,madry,cw,subset_n512,30,robust,0.0703125,purified_data/exp031/exp031_full_20260729_174215/eval/seediv_deepconvnet_seed42_madry_cw_rank25-30.pth
seediv,deepconvnet,42,rpcf_at,autoattack,subset_n512,raw,clean,0.427734375,purified_data/exp031/exp031_full_20260729_174215/eval/seediv_deepconvnet_seed42_rpcf_at_autoattack_rank25-30.pth
seediv,deepconvnet,42,rpcf_at,autoattack,subset_n512,raw,robust,0.1640625,purified_data/exp031/exp031_full_20260729_174215/eval/seediv_deepconvnet_seed42_rpcf_at_autoattack_rank25-30.pth
seediv,deepconvnet,42,rpcf_at,autoattack,subset_n512,25,clean,0.396484375,purified_data/exp031/exp031_full_20260729_174215/eval/seediv_deepconvnet_seed42_rpcf_at_autoattack_rank25-30.pth
seediv,deepconvnet,42,rpcf_at,autoattack,subset_n512,25,robust,0.27734375,purified_data/exp031/exp031_full_20260729_174215/eval/seediv_deepconvnet_seed42_rpcf_at_autoattack_rank25-30.pth
seediv,deepconvnet,42,rpcf_at,autoattack,subset_n512,30,clean,0.400390625,purified_data/exp031/exp031_full_20260729_174215/eval/seediv_deepconvnet_seed42_rpcf_at_autoattack_rank25-30.pth
seediv,deepconvnet,42,rpcf_at,autoattack,subset_n512,30,robust,0.263671875,purified_data/exp031/exp031_full_20260729_174215/eval/seediv_deepconvnet_seed42_rpcf_at_autoattack_rank25-30.pth
seediv,deepconvnet,42,rpcf_at,fgsm,subset_n512,raw,clean,0.427734375,purified_data/exp031/exp031_full_20260729_174215/eval/seediv_deepconvnet_seed42_rpcf_at_fgsm_rank25-30.pth
seediv,deepconvnet,42,rpcf_at,fgsm,subset_n512,raw,robust,0.189453125,purified_data/exp031/exp031_full_20260729_174215/eval/seediv_deepconvnet_seed42_rpcf_at_fgsm_rank25-30.pth
seediv,deepconvnet,42,rpcf_at,fgsm,subset_n512,25,clean,0.396484375,purified_data/exp031/exp031_full_20260729_174215/eval/seediv_deepconvnet_seed42_rpcf_at_fgsm_rank25-30.pth
seediv,deepconvnet,42,rpcf_at,fgsm,subset_n512,25,robust,0.228515625,purified_data/exp031/exp031_full_20260729_174215/eval/seediv_deepconvnet_seed42_rpcf_at_fgsm_rank25-30.pth
seediv,deepconvnet,42,rpcf_at,fgsm,subset_n512,30,clean,0.400390625,purified_data/exp031/exp031_full_20260729_174215/eval/seediv_deepconvnet_seed42_rpcf_at_fgsm_rank25-30.pth
seediv,deepconvnet,42,rpcf_at,fgsm,subset_n512,30,robust,0.22265625,purified_data/exp031/exp031_full_20260729_174215/eval/seediv_deepconvnet_seed42_rpcf_at_fgsm_rank25-30.pth
seediv,deepconvnet,42,rpcf_at,pgd,subset_n512,raw,clean,0.427734375,purified_data/exp031/exp031_full_20260729_174215/eval/seediv_deepconvnet_seed42_rpcf_at_pgd_rank25-30.pth
seediv,deepconvnet,42,rpcf_at,pgd,subset_n512,raw,robust,0.1875,purified_data/exp031/exp031_full_20260729_174215/eval/seediv_deepconvnet_seed42_rpcf_at_pgd_rank25-30.pth
seediv,deepconvnet,42,rpcf_at,pgd,subset_n512,25,clean,0.396484375,purified_data/exp031/exp031_full_20260729_174215/eval/seediv_deepconvnet_seed42_rpcf_at_pgd_rank25-30.pth
seediv,deepconvnet,42,rpcf_at,pgd,subset_n512,25,robust,0.220703125,purified_data/exp031/exp031_full_20260729_174215/eval/seediv_deepconvnet_seed42_rpcf_at_pgd_rank25-30.pth
seediv,deepconvnet,42,rpcf_at,pgd,subset_n512,30,clean,0.400390625,purified_data/exp031/exp031_full_20260729_174215/eval/seediv_deepconvnet_seed42_rpcf_at_pgd_rank25-30.pth
seediv,deepconvnet,42,rpcf_at,pgd,subset_n512,30,robust,0.228515625,purified_data/exp031/exp031_full_20260729_174215/eval/seediv_deepconvnet_seed42_rpcf_at_pgd_rank25-30.pth
seediv,deepconvnet,42,rpcf_at,cw,subset_n512,raw,clean,0.427734375,purified_data/exp031/exp031_full_20260729_174215/eval/seediv_deepconvnet_seed42_rpcf_at_cw_rank25-30.pth
seediv,deepconvnet,42,rpcf_at,cw,subset_n512,raw,robust,0.00390625,purified_data/exp031/exp031_full_20260729_174215/eval/seediv_deepconvnet_seed42_rpcf_at_cw_rank25-30.pth
seediv,deepconvnet,42,rpcf_at,cw,subset_n512,25,clean,0.396484375,purified_data/exp031/exp031_full_20260729_174215/eval/seediv_deepconvnet_seed42_rpcf_at_cw_rank25-30.pth
seediv,deepconvnet,42,rpcf_at,cw,subset_n512,25,robust,0.083984375,purified_data/exp031/exp031_full_20260729_174215/eval/seediv_deepconvnet_seed42_rpcf_at_cw_rank25-30.pth
seediv,deepconvnet,42,rpcf_at,cw,subset_n512,30,clean,0.400390625,purified_data/exp031/exp031_full_20260729_174215/eval/seediv_deepconvnet_seed42_rpcf_at_cw_rank25-30.pth
seediv,deepconvnet,42,rpcf_at,cw,subset_n512,30,robust,0.06640625,purified_data/exp031/exp031_full_20260729_174215/eval/seediv_deepconvnet_seed42_rpcf_at_cw_rank25-30.pth
seediv,deepconvnet,43,madry,autoattack,subset_n512,raw,clean,0.416015625,purified_data/exp031/exp031_full_20260729_174215/eval/seediv_deepconvnet_seed43_madry_autoattack_rank25-30.pth
seediv,deepconvnet,43,madry,autoattack,subset_n512,raw,robust,0.1953125,purified_data/exp031/exp031_full_20260729_174215/eval/seediv_deepconvnet_seed43_madry_autoattack_rank25-30.pth
seediv,deepconvnet,43,madry,autoattack,subset_n512,25,clean,0.373046875,purified_data/exp031/exp031_full_20260729_174215/eval/seediv_deepconvnet_seed43_madry_autoattack_rank25-30.pth
seediv,deepconvnet,43,madry,autoattack,subset_n512,25,robust,0.296875,purified_data/exp031/exp031_full_20260729_174215/eval/seediv_deepconvnet_seed43_madry_autoattack_rank25-30.pth
seediv,deepconvnet,43,madry,autoattack,subset_n512,30,clean,0.37890625,purified_data/exp031/exp031_full_20260729_174215/eval/seediv_deepconvnet_seed43_madry_autoattack_rank25-30.pth
seediv,deepconvnet,43,madry,autoattack,subset_n512,30,robust,0.298828125,purified_data/exp031/exp031_full_20260729_174215/eval/seediv_deepconvnet_seed43_madry_autoattack_rank25-30.pth
seediv,deepconvnet,43,madry,fgsm,subset_n512,raw,clean,0.416015625,purified_data/exp031/exp031_full_20260729_174215/eval/seediv_deepconvnet_seed43_madry_fgsm_rank25-30.pth
seediv,deepconvnet,43,madry,fgsm,subset_n512,raw,robust,0.22265625,purified_data/exp031/exp031_full_20260729_174215/eval/seediv_deepconvnet_seed43_madry_fgsm_rank25-30.pth
seediv,deepconvnet,43,madry,fgsm,subset_n512,25,clean,0.373046875,purified_data/exp031/exp031_full_20260729_174215/eval/seediv_deepconvnet_seed43_madry_fgsm_rank25-30.pth
seediv,deepconvnet,43,madry,fgsm,subset_n512,25,robust,0.263671875,purified_data/exp031/exp031_full_20260729_174215/eval/seediv_deepconvnet_seed43_madry_fgsm_rank25-30.pth
seediv,deepconvnet,43,madry,fgsm,subset_n512,30,clean,0.37890625,purified_data/exp031/exp031_full_20260729_174215/eval/seediv_deepconvnet_seed43_madry_fgsm_rank25-30.pth
seediv,deepconvnet,43,madry,fgsm,subset_n512,30,robust,0.2578125,purified_data/exp031/exp031_full_20260729_174215/eval/seediv_deepconvnet_seed43_madry_fgsm_rank25-30.pth
seediv,deepconvnet,43,madry,pgd,subset_n512,raw,clean,0.416015625,purified_data/exp031/exp031_full_20260729_174215/eval/seediv_deepconvnet_seed43_madry_pgd_rank25-30.pth
seediv,deepconvnet,43,madry,pgd,subset_n512,raw,robust,0.216796875,purified_data/exp031/exp031_full_20260729_174215/eval/seediv_deepconvnet_seed43_madry_pgd_rank25-30.pth
seediv,deepconvnet,43,madry,pgd,subset_n512,25,clean,0.373046875,purified_data/exp031/exp031_full_20260729_174215/eval/seediv_deepconvnet_seed43_madry_pgd_rank25-30.pth
seediv,deepconvnet,43,madry,pgd,subset_n512,25,robust,0.259765625,purified_data/exp031/exp031_full_20260729_174215/eval/seediv_deepconvnet_seed43_madry_pgd_rank25-30.pth
seediv,deepconvnet,43,madry,pgd,subset_n512,30,clean,0.37890625,purified_data/exp031/exp031_full_20260729_174215/eval/seediv_deepconvnet_seed43_madry_pgd_rank25-30.pth
seediv,deepconvnet,43,madry,pgd,subset_n512,30,robust,0.2578125,purified_data/exp031/exp031_full_20260729_174215/eval/seediv_deepconvnet_seed43_madry_pgd_rank25-30.pth
seediv,deepconvnet,43,madry,cw,subset_n512,raw,clean,0.416015625,purified_data/exp031/exp031_full_20260729_174215/eval/seediv_deepconvnet_seed43_madry_cw_rank25-30.pth
seediv,deepconvnet,43,madry,cw,subset_n512,raw,robust,0.001953125,purified_data/exp031/exp031_full_20260729_174215/eval/seediv_deepconvnet_seed43_madry_cw_rank25-30.pth
seediv,deepconvnet,43,madry,cw,subset_n512,25,clean,0.373046875,purified_data/exp031/exp031_full_20260729_174215/eval/seediv_deepconvnet_seed43_madry_cw_rank25-30.pth
seediv,deepconvnet,43,madry,cw,subset_n512,25,robust,0.1328125,purified_data/exp031/exp031_full_20260729_174215/eval/seediv_deepconvnet_seed43_madry_cw_rank25-30.pth
seediv,deepconvnet,43,madry,cw,subset_n512,30,clean,0.37890625,purified_data/exp031/exp031_full_20260729_174215/eval/seediv_deepconvnet_seed43_madry_cw_rank25-30.pth
seediv,deepconvnet,43,madry,cw,subset_n512,30,robust,0.1015625,purified_data/exp031/exp031_full_20260729_174215/eval/seediv_deepconvnet_seed43_madry_cw_rank25-30.pth
seediv,deepconvnet,43,rpcf_at,autoattack,subset_n512,raw,clean,0.423828125,purified_data/exp031/exp031_full_20260729_174215/eval/seediv_deepconvnet_seed43_rpcf_at_autoattack_rank25-30.pth
seediv,deepconvnet,43,rpcf_at,autoattack,subset_n512,raw,robust,0.185546875,purified_data/exp031/exp031_full_20260729_174215/eval/seediv_deepconvnet_seed43_rpcf_at_autoattack_rank25-30.pth
seediv,deepconvnet,43,rpcf_at,autoattack,subset_n512,25,clean,0.41015625,purified_data/exp031/exp031_full_20260729_174215/eval/seediv_deepconvnet_seed43_rpcf_at_autoattack_rank25-30.pth
seediv,deepconvnet,43,rpcf_at,autoattack,subset_n512,25,robust,0.30859375,purified_data/exp031/exp031_full_20260729_174215/eval/seediv_deepconvnet_seed43_rpcf_at_autoattack_rank25-30.pth
seediv,deepconvnet,43,rpcf_at,autoattack,subset_n512,30,clean,0.416015625,purified_data/exp031/exp031_full_20260729_174215/eval/seediv_deepconvnet_seed43_rpcf_at_autoattack_rank25-30.pth
seediv,deepconvnet,43,rpcf_at,autoattack,subset_n512,30,robust,0.296875,purified_data/exp031/exp031_full_20260729_174215/eval/seediv_deepconvnet_seed43_rpcf_at_autoattack_rank25-30.pth
seediv,deepconvnet,43,rpcf_at,fgsm,subset_n512,raw,clean,0.423828125,purified_data/exp031/exp031_full_20260729_174215/eval/seediv_deepconvnet_seed43_rpcf_at_fgsm_rank25-30.pth
seediv,deepconvnet,43,rpcf_at,fgsm,subset_n512,raw,robust,0.220703125,purified_data/exp031/exp031_full_20260729_174215/eval/seediv_deepconvnet_seed43_rpcf_at_fgsm_rank25-30.pth
seediv,deepconvnet,43,rpcf_at,fgsm,subset_n512,25,clean,0.41015625,purified_data/exp031/exp031_full_20260729_174215/eval/seediv_deepconvnet_seed43_rpcf_at_fgsm_rank25-30.pth
seediv,deepconvnet,43,rpcf_at,fgsm,subset_n512,25,robust,0.265625,purified_data/exp031/exp031_full_20260729_174215/eval/seediv_deepconvnet_seed43_rpcf_at_fgsm_rank25-30.pth
seediv,deepconvnet,43,rpcf_at,fgsm,subset_n512,30,clean,0.416015625,purified_data/exp031/exp031_full_20260729_174215/eval/seediv_deepconvnet_seed43_rpcf_at_fgsm_rank25-30.pth
seediv,deepconvnet,43,rpcf_at,fgsm,subset_n512,30,robust,0.25,purified_data/exp031/exp031_full_20260729_174215/eval/seediv_deepconvnet_seed43_rpcf_at_fgsm_rank25-30.pth
seediv,deepconvnet,43,rpcf_at,pgd,subset_n512,raw,clean,0.423828125,purified_data/exp031/exp031_full_20260729_174215/eval/seediv_deepconvnet_seed43_rpcf_at_pgd_rank25-30.pth
seediv,deepconvnet,43,rpcf_at,pgd,subset_n512,raw,robust,0.208984375,purified_data/exp031/exp031_full_20260729_174215/eval/seediv_deepconvnet_seed43_rpcf_at_pgd_rank25-30.pth
seediv,deepconvnet,43,rpcf_at,pgd,subset_n512,25,clean,0.41015625,purified_data/exp031/exp031_full_20260729_174215/eval/seediv_deepconvnet_seed43_rpcf_at_pgd_rank25-30.pth
seediv,deepconvnet,43,rpcf_at,pgd,subset_n512,25,robust,0.263671875,purified_data/exp031/exp031_full_20260729_174215/eval/seediv_deepconvnet_seed43_rpcf_at_pgd_rank25-30.pth
seediv,deepconvnet,43,rpcf_at,pgd,subset_n512,30,clean,0.416015625,purified_data/exp031/exp031_full_20260729_174215/eval/seediv_deepconvnet_seed43_rpcf_at_pgd_rank25-30.pth
seediv,deepconvnet,43,rpcf_at,pgd,subset_n512,30,robust,0.2578125,purified_data/exp031/exp031_full_20260729_174215/eval/seediv_deepconvnet_seed43_rpcf_at_pgd_rank25-30.pth
seediv,deepconvnet,43,rpcf_at,cw,subset_n512,raw,clean,0.423828125,purified_data/exp031/exp031_full_20260729_174215/eval/seediv_deepconvnet_seed43_rpcf_at_cw_rank25-30.pth
seediv,deepconvnet,43,rpcf_at,cw,subset_n512,raw,robust,0.001953125,purified_data/exp031/exp031_full_20260729_174215/eval/seediv_deepconvnet_seed43_rpcf_at_cw_rank25-30.pth
seediv,deepconvnet,43,rpcf_at,cw,subset_n512,25,clean,0.41015625,purified_data/exp031/exp031_full_20260729_174215/eval/seediv_deepconvnet_seed43_rpcf_at_cw_rank25-30.pth
seediv,deepconvnet,43,rpcf_at,cw,subset_n512,25,robust,0.08984375,purified_data/exp031/exp031_full_20260729_174215/eval/seediv_deepconvnet_seed43_rpcf_at_cw_rank25-30.pth
seediv,deepconvnet,43,rpcf_at,cw,subset_n512,30,clean,0.416015625,purified_data/exp031/exp031_full_20260729_174215/eval/seediv_deepconvnet_seed43_rpcf_at_cw_rank25-30.pth
seediv,deepconvnet,43,rpcf_at,cw,subset_n512,30,robust,0.060546875,purified_data/exp031/exp031_full_20260729_174215/eval/seediv_deepconvnet_seed43_rpcf_at_cw_rank25-30.pth
seediv,deepconvnet,44,madry,autoattack,subset_n512,raw,clean,0.43359375,purified_data/exp031/exp031_full_20260729_174215/eval/seediv_deepconvnet_seed44_madry_autoattack_rank25-30.pth
seediv,deepconvnet,44,madry,autoattack,subset_n512,raw,robust,0.1953125,purified_data/exp031/exp031_full_20260729_174215/eval/seediv_deepconvnet_seed44_madry_autoattack_rank25-30.pth
seediv,deepconvnet,44,madry,autoattack,subset_n512,25,clean,0.416015625,purified_data/exp031/exp031_full_20260729_174215/eval/seediv_deepconvnet_seed44_madry_autoattack_rank25-30.pth
seediv,deepconvnet,44,madry,autoattack,subset_n512,25,robust,0.30859375,purified_data/exp031/exp031_full_20260729_174215/eval/seediv_deepconvnet_seed44_madry_autoattack_rank25-30.pth
seediv,deepconvnet,44,madry,autoattack,subset_n512,30,clean,0.42578125,purified_data/exp031/exp031_full_20260729_174215/eval/seediv_deepconvnet_seed44_madry_autoattack_rank25-30.pth
seediv,deepconvnet,44,madry,autoattack,subset_n512,30,robust,0.2890625,purified_data/exp031/exp031_full_20260729_174215/eval/seediv_deepconvnet_seed44_madry_autoattack_rank25-30.pth
seediv,deepconvnet,44,madry,fgsm,subset_n512,raw,clean,0.43359375,purified_data/exp031/exp031_full_20260729_174215/eval/seediv_deepconvnet_seed44_madry_fgsm_rank25-30.pth
seediv,deepconvnet,44,madry,fgsm,subset_n512,raw,robust,0.208984375,purified_data/exp031/exp031_full_20260729_174215/eval/seediv_deepconvnet_seed44_madry_fgsm_rank25-30.pth
seediv,deepconvnet,44,madry,fgsm,subset_n512,25,clean,0.416015625,purified_data/exp031/exp031_full_20260729_174215/eval/seediv_deepconvnet_seed44_madry_fgsm_rank25-30.pth
seediv,deepconvnet,44,madry,fgsm,subset_n512,25,robust,0.236328125,purified_data/exp031/exp031_full_20260729_174215/eval/seediv_deepconvnet_seed44_madry_fgsm_rank25-30.pth
seediv,deepconvnet,44,madry,fgsm,subset_n512,30,clean,0.42578125,purified_data/exp031/exp031_full_20260729_174215/eval/seediv_deepconvnet_seed44_madry_fgsm_rank25-30.pth
seediv,deepconvnet,44,madry,fgsm,subset_n512,30,robust,0.232421875,purified_data/exp031/exp031_full_20260729_174215/eval/seediv_deepconvnet_seed44_madry_fgsm_rank25-30.pth
seediv,deepconvnet,44,madry,pgd,subset_n512,raw,clean,0.43359375,purified_data/exp031/exp031_full_20260729_174215/eval/seediv_deepconvnet_seed44_madry_pgd_rank25-30.pth
seediv,deepconvnet,44,madry,pgd,subset_n512,raw,robust,0.203125,purified_data/exp031/exp031_full_20260729_174215/eval/seediv_deepconvnet_seed44_madry_pgd_rank25-30.pth
seediv,deepconvnet,44,madry,pgd,subset_n512,25,clean,0.416015625,purified_data/exp031/exp031_full_20260729_174215/eval/seediv_deepconvnet_seed44_madry_pgd_rank25-30.pth
seediv,deepconvnet,44,madry,pgd,subset_n512,25,robust,0.23828125,purified_data/exp031/exp031_full_20260729_174215/eval/seediv_deepconvnet_seed44_madry_pgd_rank25-30.pth
seediv,deepconvnet,44,madry,pgd,subset_n512,30,clean,0.42578125,purified_data/exp031/exp031_full_20260729_174215/eval/seediv_deepconvnet_seed44_madry_pgd_rank25-30.pth
seediv,deepconvnet,44,madry,pgd,subset_n512,30,robust,0.23046875,purified_data/exp031/exp031_full_20260729_174215/eval/seediv_deepconvnet_seed44_madry_pgd_rank25-30.pth
seediv,deepconvnet,44,madry,cw,subset_n512,raw,clean,0.43359375,purified_data/exp031/exp031_full_20260729_174215/eval/seediv_deepconvnet_seed44_madry_cw_rank25-30.pth
seediv,deepconvnet,44,madry,cw,subset_n512,raw,robust,0.00390625,purified_data/exp031/exp031_full_20260729_174215/eval/seediv_deepconvnet_seed44_madry_cw_rank25-30.pth
seediv,deepconvnet,44,madry,cw,subset_n512,25,clean,0.416015625,purified_data/exp031/exp031_full_20260729_174215/eval/seediv_deepconvnet_seed44_madry_cw_rank25-30.pth
seediv,deepconvnet,44,madry,cw,subset_n512,25,robust,0.126953125,purified_data/exp031/exp031_full_20260729_174215/eval/seediv_deepconvnet_seed44_madry_cw_rank25-30.pth
seediv,deepconvnet,44,madry,cw,subset_n512,30,clean,0.42578125,purified_data/exp031/exp031_full_20260729_174215/eval/seediv_deepconvnet_seed44_madry_cw_rank25-30.pth
seediv,deepconvnet,44,madry,cw,subset_n512,30,robust,0.091796875,purified_data/exp031/exp031_full_20260729_174215/eval/seediv_deepconvnet_seed44_madry_cw_rank25-30.pth
seediv,deepconvnet,44,rpcf_at,autoattack,subset_n512,raw,clean,0.431640625,purified_data/exp031/exp031_full_20260729_174215/eval/seediv_deepconvnet_seed44_rpcf_at_autoattack_rank25-30.pth
seediv,deepconvnet,44,rpcf_at,autoattack,subset_n512,raw,robust,0.16796875,purified_data/exp031/exp031_full_20260729_174215/eval/seediv_deepconvnet_seed44_rpcf_at_autoattack_rank25-30.pth
seediv,deepconvnet,44,rpcf_at,autoattack,subset_n512,25,clean,0.40234375,purified_data/exp031/exp031_full_20260729_174215/eval/seediv_deepconvnet_seed44_rpcf_at_autoattack_rank25-30.pth
seediv,deepconvnet,44,rpcf_at,autoattack,subset_n512,25,robust,0.3046875,purified_data/exp031/exp031_full_20260729_174215/eval/seediv_deepconvnet_seed44_rpcf_at_autoattack_rank25-30.pth
seediv,deepconvnet,44,rpcf_at,autoattack,subset_n512,30,clean,0.412109375,purified_data/exp031/exp031_full_20260729_174215/eval/seediv_deepconvnet_seed44_rpcf_at_autoattack_rank25-30.pth
seediv,deepconvnet,44,rpcf_at,autoattack,subset_n512,30,robust,0.296875,purified_data/exp031/exp031_full_20260729_174215/eval/seediv_deepconvnet_seed44_rpcf_at_autoattack_rank25-30.pth
seediv,deepconvnet,44,rpcf_at,fgsm,subset_n512,raw,clean,0.431640625,purified_data/exp031/exp031_full_20260729_174215/eval/seediv_deepconvnet_seed44_rpcf_at_fgsm_rank25-30.pth
seediv,deepconvnet,44,rpcf_at,fgsm,subset_n512,raw,robust,0.201171875,purified_data/exp031/exp031_full_20260729_174215/eval/seediv_deepconvnet_seed44_rpcf_at_fgsm_rank25-30.pth
seediv,deepconvnet,44,rpcf_at,fgsm,subset_n512,25,clean,0.40234375,purified_data/exp031/exp031_full_20260729_174215/eval/seediv_deepconvnet_seed44_rpcf_at_fgsm_rank25-30.pth
seediv,deepconvnet,44,rpcf_at,fgsm,subset_n512,25,robust,0.23828125,purified_data/exp031/exp031_full_20260729_174215/eval/seediv_deepconvnet_seed44_rpcf_at_fgsm_rank25-30.pth
seediv,deepconvnet,44,rpcf_at,fgsm,subset_n512,30,clean,0.412109375,purified_data/exp031/exp031_full_20260729_174215/eval/seediv_deepconvnet_seed44_rpcf_at_fgsm_rank25-30.pth
seediv,deepconvnet,44,rpcf_at,fgsm,subset_n512,30,robust,0.228515625,purified_data/exp031/exp031_full_20260729_174215/eval/seediv_deepconvnet_seed44_rpcf_at_fgsm_rank25-30.pth
seediv,deepconvnet,44,rpcf_at,pgd,subset_n512,raw,clean,0.431640625,purified_data/exp031/exp031_full_20260729_174215/eval/seediv_deepconvnet_seed44_rpcf_at_pgd_rank25-30.pth
seediv,deepconvnet,44,rpcf_at,pgd,subset_n512,raw,robust,0.1875,purified_data/exp031/exp031_full_20260729_174215/eval/seediv_deepconvnet_seed44_rpcf_at_pgd_rank25-30.pth
seediv,deepconvnet,44,rpcf_at,pgd,subset_n512,25,clean,0.40234375,purified_data/exp031/exp031_full_20260729_174215/eval/seediv_deepconvnet_seed44_rpcf_at_pgd_rank25-30.pth
seediv,deepconvnet,44,rpcf_at,pgd,subset_n512,25,robust,0.23828125,purified_data/exp031/exp031_full_20260729_174215/eval/seediv_deepconvnet_seed44_rpcf_at_pgd_rank25-30.pth
seediv,deepconvnet,44,rpcf_at,pgd,subset_n512,30,clean,0.412109375,purified_data/exp031/exp031_full_20260729_174215/eval/seediv_deepconvnet_seed44_rpcf_at_pgd_rank25-30.pth
seediv,deepconvnet,44,rpcf_at,pgd,subset_n512,30,robust,0.240234375,purified_data/exp031/exp031_full_20260729_174215/eval/seediv_deepconvnet_seed44_rpcf_at_pgd_rank25-30.pth
seediv,deepconvnet,44,rpcf_at,cw,subset_n512,raw,clean,0.431640625,purified_data/exp031/exp031_full_20260729_174215/eval/seediv_deepconvnet_seed44_rpcf_at_cw_rank25-30.pth
seediv,deepconvnet,44,rpcf_at,cw,subset_n512,raw,robust,0.0078125,purified_data/exp031/exp031_full_20260729_174215/eval/seediv_deepconvnet_seed44_rpcf_at_cw_rank25-30.pth
seediv,deepconvnet,44,rpcf_at,cw,subset_n512,25,clean,0.40234375,purified_data/exp031/exp031_full_20260729_174215/eval/seediv_deepconvnet_seed44_rpcf_at_cw_rank25-30.pth
seediv,deepconvnet,44,rpcf_at,cw,subset_n512,25,robust,0.138671875,purified_data/exp031/exp031_full_20260729_174215/eval/seediv_deepconvnet_seed44_rpcf_at_cw_rank25-30.pth
seediv,deepconvnet,44,rpcf_at,cw,subset_n512,30,clean,0.412109375,purified_data/exp031/exp031_full_20260729_174215/eval/seediv_deepconvnet_seed44_rpcf_at_cw_rank25-30.pth
seediv,deepconvnet,44,rpcf_at,cw,subset_n512,30,robust,0.095703125,purified_data/exp031/exp031_full_20260729_174215/eval/seediv_deepconvnet_seed44_rpcf_at_cw_rank25-30.pth
seediv,deepconvnet,45,madry,autoattack,subset_n512,raw,clean,0.439453125,purified_data/exp031/exp031_full_20260729_174215/eval/seediv_deepconvnet_seed45_madry_autoattack_rank25-30.pth
seediv,deepconvnet,45,madry,autoattack,subset_n512,raw,robust,0.236328125,purified_data/exp031/exp031_full_20260729_174215/eval/seediv_deepconvnet_seed45_madry_autoattack_rank25-30.pth
seediv,deepconvnet,45,madry,autoattack,subset_n512,25,clean,0.4140625,purified_data/exp031/exp031_full_20260729_174215/eval/seediv_deepconvnet_seed45_madry_autoattack_rank25-30.pth
seediv,deepconvnet,45,madry,autoattack,subset_n512,25,robust,0.326171875,purified_data/exp031/exp031_full_20260729_174215/eval/seediv_deepconvnet_seed45_madry_autoattack_rank25-30.pth
seediv,deepconvnet,45,madry,autoattack,subset_n512,30,clean,0.416015625,purified_data/exp031/exp031_full_20260729_174215/eval/seediv_deepconvnet_seed45_madry_autoattack_rank25-30.pth
seediv,deepconvnet,45,madry,autoattack,subset_n512,30,robust,0.31640625,purified_data/exp031/exp031_full_20260729_174215/eval/seediv_deepconvnet_seed45_madry_autoattack_rank25-30.pth
seediv,deepconvnet,45,madry,fgsm,subset_n512,raw,clean,0.439453125,purified_data/exp031/exp031_full_20260729_174215/eval/seediv_deepconvnet_seed45_madry_fgsm_rank25-30.pth
seediv,deepconvnet,45,madry,fgsm,subset_n512,raw,robust,0.25390625,purified_data/exp031/exp031_full_20260729_174215/eval/seediv_deepconvnet_seed45_madry_fgsm_rank25-30.pth
seediv,deepconvnet,45,madry,fgsm,subset_n512,25,clean,0.4140625,purified_data/exp031/exp031_full_20260729_174215/eval/seediv_deepconvnet_seed45_madry_fgsm_rank25-30.pth
seediv,deepconvnet,45,madry,fgsm,subset_n512,25,robust,0.271484375,purified_data/exp031/exp031_full_20260729_174215/eval/seediv_deepconvnet_seed45_madry_fgsm_rank25-30.pth
seediv,deepconvnet,45,madry,fgsm,subset_n512,30,clean,0.416015625,purified_data/exp031/exp031_full_20260729_174215/eval/seediv_deepconvnet_seed45_madry_fgsm_rank25-30.pth
seediv,deepconvnet,45,madry,fgsm,subset_n512,30,robust,0.2734375,purified_data/exp031/exp031_full_20260729_174215/eval/seediv_deepconvnet_seed45_madry_fgsm_rank25-30.pth
seediv,deepconvnet,45,madry,pgd,subset_n512,raw,clean,0.439453125,purified_data/exp031/exp031_full_20260729_174215/eval/seediv_deepconvnet_seed45_madry_pgd_rank25-30.pth
seediv,deepconvnet,45,madry,pgd,subset_n512,raw,robust,0.251953125,purified_data/exp031/exp031_full_20260729_174215/eval/seediv_deepconvnet_seed45_madry_pgd_rank25-30.pth
seediv,deepconvnet,45,madry,pgd,subset_n512,25,clean,0.4140625,purified_data/exp031/exp031_full_20260729_174215/eval/seediv_deepconvnet_seed45_madry_pgd_rank25-30.pth
seediv,deepconvnet,45,madry,pgd,subset_n512,25,robust,0.275390625,purified_data/exp031/exp031_full_20260729_174215/eval/seediv_deepconvnet_seed45_madry_pgd_rank25-30.pth
seediv,deepconvnet,45,madry,pgd,subset_n512,30,clean,0.416015625,purified_data/exp031/exp031_full_20260729_174215/eval/seediv_deepconvnet_seed45_madry_pgd_rank25-30.pth
seediv,deepconvnet,45,madry,pgd,subset_n512,30,robust,0.265625,purified_data/exp031/exp031_full_20260729_174215/eval/seediv_deepconvnet_seed45_madry_pgd_rank25-30.pth
seediv,deepconvnet,45,madry,cw,subset_n512,raw,clean,0.439453125,purified_data/exp031/exp031_full_20260729_174215/eval/seediv_deepconvnet_seed45_madry_cw_rank25-30.pth
seediv,deepconvnet,45,madry,cw,subset_n512,raw,robust,0.001953125,purified_data/exp031/exp031_full_20260729_174215/eval/seediv_deepconvnet_seed45_madry_cw_rank25-30.pth
seediv,deepconvnet,45,madry,cw,subset_n512,25,clean,0.4140625,purified_data/exp031/exp031_full_20260729_174215/eval/seediv_deepconvnet_seed45_madry_cw_rank25-30.pth
seediv,deepconvnet,45,madry,cw,subset_n512,25,robust,0.11328125,purified_data/exp031/exp031_full_20260729_174215/eval/seediv_deepconvnet_seed45_madry_cw_rank25-30.pth
seediv,deepconvnet,45,madry,cw,subset_n512,30,clean,0.416015625,purified_data/exp031/exp031_full_20260729_174215/eval/seediv_deepconvnet_seed45_madry_cw_rank25-30.pth
seediv,deepconvnet,45,madry,cw,subset_n512,30,robust,0.076171875,purified_data/exp031/exp031_full_20260729_174215/eval/seediv_deepconvnet_seed45_madry_cw_rank25-30.pth
seediv,deepconvnet,45,rpcf_at,autoattack,subset_n512,raw,clean,0.435546875,purified_data/exp031/exp031_full_20260729_174215/eval/seediv_deepconvnet_seed45_rpcf_at_autoattack_rank25-30.pth
seediv,deepconvnet,45,rpcf_at,autoattack,subset_n512,raw,robust,0.177734375,purified_data/exp031/exp031_full_20260729_174215/eval/seediv_deepconvnet_seed45_rpcf_at_autoattack_rank25-30.pth
seediv,deepconvnet,45,rpcf_at,autoattack,subset_n512,25,clean,0.416015625,purified_data/exp031/exp031_full_20260729_174215/eval/seediv_deepconvnet_seed45_rpcf_at_autoattack_rank25-30.pth
seediv,deepconvnet,45,rpcf_at,autoattack,subset_n512,25,robust,0.298828125,purified_data/exp031/exp031_full_20260729_174215/eval/seediv_deepconvnet_seed45_rpcf_at_autoattack_rank25-30.pth
seediv,deepconvnet,45,rpcf_at,autoattack,subset_n512,30,clean,0.4140625,purified_data/exp031/exp031_full_20260729_174215/eval/seediv_deepconvnet_seed45_rpcf_at_autoattack_rank25-30.pth
seediv,deepconvnet,45,rpcf_at,autoattack,subset_n512,30,robust,0.2890625,purified_data/exp031/exp031_full_20260729_174215/eval/seediv_deepconvnet_seed45_rpcf_at_autoattack_rank25-30.pth
seediv,deepconvnet,45,rpcf_at,fgsm,subset_n512,raw,clean,0.435546875,purified_data/exp031/exp031_full_20260729_174215/eval/seediv_deepconvnet_seed45_rpcf_at_fgsm_rank25-30.pth
seediv,deepconvnet,45,rpcf_at,fgsm,subset_n512,raw,robust,0.20703125,purified_data/exp031/exp031_full_20260729_174215/eval/seediv_deepconvnet_seed45_rpcf_at_fgsm_rank25-30.pth
seediv,deepconvnet,45,rpcf_at,fgsm,subset_n512,25,clean,0.416015625,purified_data/exp031/exp031_full_20260729_174215/eval/seediv_deepconvnet_seed45_rpcf_at_fgsm_rank25-30.pth
seediv,deepconvnet,45,rpcf_at,fgsm,subset_n512,25,robust,0.2578125,purified_data/exp031/exp031_full_20260729_174215/eval/seediv_deepconvnet_seed45_rpcf_at_fgsm_rank25-30.pth
seediv,deepconvnet,45,rpcf_at,fgsm,subset_n512,30,clean,0.4140625,purified_data/exp031/exp031_full_20260729_174215/eval/seediv_deepconvnet_seed45_rpcf_at_fgsm_rank25-30.pth
seediv,deepconvnet,45,rpcf_at,fgsm,subset_n512,30,robust,0.2578125,purified_data/exp031/exp031_full_20260729_174215/eval/seediv_deepconvnet_seed45_rpcf_at_fgsm_rank25-30.pth
seediv,deepconvnet,45,rpcf_at,pgd,subset_n512,raw,clean,0.435546875,purified_data/exp031/exp031_full_20260729_174215/eval/seediv_deepconvnet_seed45_rpcf_at_pgd_rank25-30.pth
seediv,deepconvnet,45,rpcf_at,pgd,subset_n512,raw,robust,0.203125,purified_data/exp031/exp031_full_20260729_174215/eval/seediv_deepconvnet_seed45_rpcf_at_pgd_rank25-30.pth
seediv,deepconvnet,45,rpcf_at,pgd,subset_n512,25,clean,0.416015625,purified_data/exp031/exp031_full_20260729_174215/eval/seediv_deepconvnet_seed45_rpcf_at_pgd_rank25-30.pth
seediv,deepconvnet,45,rpcf_at,pgd,subset_n512,25,robust,0.2578125,purified_data/exp031/exp031_full_20260729_174215/eval/seediv_deepconvnet_seed45_rpcf_at_pgd_rank25-30.pth
seediv,deepconvnet,45,rpcf_at,pgd,subset_n512,30,clean,0.4140625,purified_data/exp031/exp031_full_20260729_174215/eval/seediv_deepconvnet_seed45_rpcf_at_pgd_rank25-30.pth
seediv,deepconvnet,45,rpcf_at,pgd,subset_n512,30,robust,0.255859375,purified_data/exp031/exp031_full_20260729_174215/eval/seediv_deepconvnet_seed45_rpcf_at_pgd_rank25-30.pth
seediv,deepconvnet,45,rpcf_at,cw,subset_n512,raw,clean,0.435546875,purified_data/exp031/exp031_full_20260729_174215/eval/seediv_deepconvnet_seed45_rpcf_at_cw_rank25-30.pth
seediv,deepconvnet,45,rpcf_at,cw,subset_n512,raw,robust,0.00390625,purified_data/exp031/exp031_full_20260729_174215/eval/seediv_deepconvnet_seed45_rpcf_at_cw_rank25-30.pth
seediv,deepconvnet,45,rpcf_at,cw,subset_n512,25,clean,0.416015625,purified_data/exp031/exp031_full_20260729_174215/eval/seediv_deepconvnet_seed45_rpcf_at_cw_rank25-30.pth
seediv,deepconvnet,45,rpcf_at,cw,subset_n512,25,robust,0.087890625,purified_data/exp031/exp031_full_20260729_174215/eval/seediv_deepconvnet_seed45_rpcf_at_cw_rank25-30.pth
seediv,deepconvnet,45,rpcf_at,cw,subset_n512,30,clean,0.4140625,purified_data/exp031/exp031_full_20260729_174215/eval/seediv_deepconvnet_seed45_rpcf_at_cw_rank25-30.pth
seediv,deepconvnet,45,rpcf_at,cw,subset_n512,30,robust,0.06640625,purified_data/exp031/exp031_full_20260729_174215/eval/seediv_deepconvnet_seed45_rpcf_at_cw_rank25-30.pth
seediv,deepconvnet,46,madry,autoattack,subset_n512,raw,clean,0.4296875,purified_data/exp031/exp031_full_20260729_174215/eval/seediv_deepconvnet_seed46_madry_autoattack_rank25-30.pth
seediv,deepconvnet,46,madry,autoattack,subset_n512,raw,robust,0.23046875,purified_data/exp031/exp031_full_20260729_174215/eval/seediv_deepconvnet_seed46_madry_autoattack_rank25-30.pth
seediv,deepconvnet,46,madry,autoattack,subset_n512,25,clean,0.416015625,purified_data/exp031/exp031_full_20260729_174215/eval/seediv_deepconvnet_seed46_madry_autoattack_rank25-30.pth
seediv,deepconvnet,46,madry,autoattack,subset_n512,25,robust,0.314453125,purified_data/exp031/exp031_full_20260729_174215/eval/seediv_deepconvnet_seed46_madry_autoattack_rank25-30.pth
seediv,deepconvnet,46,madry,autoattack,subset_n512,30,clean,0.419921875,purified_data/exp031/exp031_full_20260729_174215/eval/seediv_deepconvnet_seed46_madry_autoattack_rank25-30.pth
seediv,deepconvnet,46,madry,autoattack,subset_n512,30,robust,0.3125,purified_data/exp031/exp031_full_20260729_174215/eval/seediv_deepconvnet_seed46_madry_autoattack_rank25-30.pth
seediv,deepconvnet,46,madry,fgsm,subset_n512,raw,clean,0.4296875,purified_data/exp031/exp031_full_20260729_174215/eval/seediv_deepconvnet_seed46_madry_fgsm_rank25-30.pth
seediv,deepconvnet,46,madry,fgsm,subset_n512,raw,robust,0.2578125,purified_data/exp031/exp031_full_20260729_174215/eval/seediv_deepconvnet_seed46_madry_fgsm_rank25-30.pth
seediv,deepconvnet,46,madry,fgsm,subset_n512,25,clean,0.416015625,purified_data/exp031/exp031_full_20260729_174215/eval/seediv_deepconvnet_seed46_madry_fgsm_rank25-30.pth
seediv,deepconvnet,46,madry,fgsm,subset_n512,25,robust,0.28125,purified_data/exp031/exp031_full_20260729_174215/eval/seediv_deepconvnet_seed46_madry_fgsm_rank25-30.pth
seediv,deepconvnet,46,madry,fgsm,subset_n512,30,clean,0.419921875,purified_data/exp031/exp031_full_20260729_174215/eval/seediv_deepconvnet_seed46_madry_fgsm_rank25-30.pth
seediv,deepconvnet,46,madry,fgsm,subset_n512,30,robust,0.279296875,purified_data/exp031/exp031_full_20260729_174215/eval/seediv_deepconvnet_seed46_madry_fgsm_rank25-30.pth
seediv,deepconvnet,46,madry,pgd,subset_n512,raw,clean,0.4296875,purified_data/exp031/exp031_full_20260729_174215/eval/seediv_deepconvnet_seed46_madry_pgd_rank25-30.pth
seediv,deepconvnet,46,madry,pgd,subset_n512,raw,robust,0.25390625,purified_data/exp031/exp031_full_20260729_174215/eval/seediv_deepconvnet_seed46_madry_pgd_rank25-30.pth
seediv,deepconvnet,46,madry,pgd,subset_n512,25,clean,0.416015625,purified_data/exp031/exp031_full_20260729_174215/eval/seediv_deepconvnet_seed46_madry_pgd_rank25-30.pth
seediv,deepconvnet,46,madry,pgd,subset_n512,25,robust,0.28125,purified_data/exp031/exp031_full_20260729_174215/eval/seediv_deepconvnet_seed46_madry_pgd_rank25-30.pth
seediv,deepconvnet,46,madry,pgd,subset_n512,30,clean,0.419921875,purified_data/exp031/exp031_full_20260729_174215/eval/seediv_deepconvnet_seed46_madry_pgd_rank25-30.pth
seediv,deepconvnet,46,madry,pgd,subset_n512,30,robust,0.27734375,purified_data/exp031/exp031_full_20260729_174215/eval/seediv_deepconvnet_seed46_madry_pgd_rank25-30.pth
seediv,deepconvnet,46,madry,cw,subset_n512,raw,clean,0.4296875,purified_data/exp031/exp031_full_20260729_174215/eval/seediv_deepconvnet_seed46_madry_cw_rank25-30.pth
seediv,deepconvnet,46,madry,cw,subset_n512,raw,robust,0.001953125,purified_data/exp031/exp031_full_20260729_174215/eval/seediv_deepconvnet_seed46_madry_cw_rank25-30.pth
seediv,deepconvnet,46,madry,cw,subset_n512,25,clean,0.416015625,purified_data/exp031/exp031_full_20260729_174215/eval/seediv_deepconvnet_seed46_madry_cw_rank25-30.pth
seediv,deepconvnet,46,madry,cw,subset_n512,25,robust,0.048828125,purified_data/exp031/exp031_full_20260729_174215/eval/seediv_deepconvnet_seed46_madry_cw_rank25-30.pth
seediv,deepconvnet,46,madry,cw,subset_n512,30,clean,0.419921875,purified_data/exp031/exp031_full_20260729_174215/eval/seediv_deepconvnet_seed46_madry_cw_rank25-30.pth
seediv,deepconvnet,46,madry,cw,subset_n512,30,robust,0.017578125,purified_data/exp031/exp031_full_20260729_174215/eval/seediv_deepconvnet_seed46_madry_cw_rank25-30.pth
seediv,deepconvnet,46,rpcf_at,autoattack,subset_n512,raw,clean,0.447265625,purified_data/exp031/exp031_full_20260729_174215/eval/seediv_deepconvnet_seed46_rpcf_at_autoattack_rank25-30.pth
seediv,deepconvnet,46,rpcf_at,autoattack,subset_n512,raw,robust,0.201171875,purified_data/exp031/exp031_full_20260729_174215/eval/seediv_deepconvnet_seed46_rpcf_at_autoattack_rank25-30.pth
seediv,deepconvnet,46,rpcf_at,autoattack,subset_n512,25,clean,0.4296875,purified_data/exp031/exp031_full_20260729_174215/eval/seediv_deepconvnet_seed46_rpcf_at_autoattack_rank25-30.pth
seediv,deepconvnet,46,rpcf_at,autoattack,subset_n512,25,robust,0.3125,purified_data/exp031/exp031_full_20260729_174215/eval/seediv_deepconvnet_seed46_rpcf_at_autoattack_rank25-30.pth
seediv,deepconvnet,46,rpcf_at,autoattack,subset_n512,30,clean,0.427734375,purified_data/exp031/exp031_full_20260729_174215/eval/seediv_deepconvnet_seed46_rpcf_at_autoattack_rank25-30.pth
seediv,deepconvnet,46,rpcf_at,autoattack,subset_n512,30,robust,0.291015625,purified_data/exp031/exp031_full_20260729_174215/eval/seediv_deepconvnet_seed46_rpcf_at_autoattack_rank25-30.pth
seediv,deepconvnet,46,rpcf_at,fgsm,subset_n512,raw,clean,0.447265625,purified_data/exp031/exp031_full_20260729_174215/eval/seediv_deepconvnet_seed46_rpcf_at_fgsm_rank25-30.pth
seediv,deepconvnet,46,rpcf_at,fgsm,subset_n512,raw,robust,0.220703125,purified_data/exp031/exp031_full_20260729_174215/eval/seediv_deepconvnet_seed46_rpcf_at_fgsm_rank25-30.pth
seediv,deepconvnet,46,rpcf_at,fgsm,subset_n512,25,clean,0.4296875,purified_data/exp031/exp031_full_20260729_174215/eval/seediv_deepconvnet_seed46_rpcf_at_fgsm_rank25-30.pth
seediv,deepconvnet,46,rpcf_at,fgsm,subset_n512,25,robust,0.2578125,purified_data/exp031/exp031_full_20260729_174215/eval/seediv_deepconvnet_seed46_rpcf_at_fgsm_rank25-30.pth
seediv,deepconvnet,46,rpcf_at,fgsm,subset_n512,30,clean,0.427734375,purified_data/exp031/exp031_full_20260729_174215/eval/seediv_deepconvnet_seed46_rpcf_at_fgsm_rank25-30.pth
seediv,deepconvnet,46,rpcf_at,fgsm,subset_n512,30,robust,0.259765625,purified_data/exp031/exp031_full_20260729_174215/eval/seediv_deepconvnet_seed46_rpcf_at_fgsm_rank25-30.pth
seediv,deepconvnet,46,rpcf_at,pgd,subset_n512,raw,clean,0.447265625,purified_data/exp031/exp031_full_20260729_174215/eval/seediv_deepconvnet_seed46_rpcf_at_pgd_rank25-30.pth
seediv,deepconvnet,46,rpcf_at,pgd,subset_n512,raw,robust,0.216796875,purified_data/exp031/exp031_full_20260729_174215/eval/seediv_deepconvnet_seed46_rpcf_at_pgd_rank25-30.pth
seediv,deepconvnet,46,rpcf_at,pgd,subset_n512,25,clean,0.4296875,purified_data/exp031/exp031_full_20260729_174215/eval/seediv_deepconvnet_seed46_rpcf_at_pgd_rank25-30.pth
seediv,deepconvnet,46,rpcf_at,pgd,subset_n512,25,robust,0.2578125,purified_data/exp031/exp031_full_20260729_174215/eval/seediv_deepconvnet_seed46_rpcf_at_pgd_rank25-30.pth
seediv,deepconvnet,46,rpcf_at,pgd,subset_n512,30,clean,0.427734375,purified_data/exp031/exp031_full_20260729_174215/eval/seediv_deepconvnet_seed46_rpcf_at_pgd_rank25-30.pth
seediv,deepconvnet,46,rpcf_at,pgd,subset_n512,30,robust,0.255859375,purified_data/exp031/exp031_full_20260729_174215/eval/seediv_deepconvnet_seed46_rpcf_at_pgd_rank25-30.pth
seediv,deepconvnet,46,rpcf_at,cw,subset_n512,raw,clean,0.447265625,purified_data/exp031/exp031_full_20260729_174215/eval/seediv_deepconvnet_seed46_rpcf_at_cw_rank25-30.pth
seediv,deepconvnet,46,rpcf_at,cw,subset_n512,raw,robust,0.001953125,purified_data/exp031/exp031_full_20260729_174215/eval/seediv_deepconvnet_seed46_rpcf_at_cw_rank25-30.pth
seediv,deepconvnet,46,rpcf_at,cw,subset_n512,25,clean,0.4296875,purified_data/exp031/exp031_full_20260729_174215/eval/seediv_deepconvnet_seed46_rpcf_at_cw_rank25-30.pth
seediv,deepconvnet,46,rpcf_at,cw,subset_n512,25,robust,0.041015625,purified_data/exp031/exp031_full_20260729_174215/eval/seediv_deepconvnet_seed46_rpcf_at_cw_rank25-30.pth
seediv,deepconvnet,46,rpcf_at,cw,subset_n512,30,clean,0.427734375,purified_data/exp031/exp031_full_20260729_174215/eval/seediv_deepconvnet_seed46_rpcf_at_cw_rank25-30.pth
seediv,deepconvnet,46,rpcf_at,cw,subset_n512,30,robust,0.015625,purified_data/exp031/exp031_full_20260729_174215/eval/seediv_deepconvnet_seed46_rpcf_at_cw_rank25-30.pth
seediv,tsception,42,madry,autoattack,subset_n512,raw,clean,0.435546875,purified_data/exp031/exp031_full_20260729_174215/eval/seediv_tsception_seed42_madry_autoattack_rank25-30.pth
seediv,tsception,42,madry,autoattack,subset_n512,raw,robust,0.294921875,purified_data/exp031/exp031_full_20260729_174215/eval/seediv_tsception_seed42_madry_autoattack_rank25-30.pth
seediv,tsception,42,madry,autoattack,subset_n512,25,clean,0.44140625,purified_data/exp031/exp031_full_20260729_174215/eval/seediv_tsception_seed42_madry_autoattack_rank25-30.pth
seediv,tsception,42,madry,autoattack,subset_n512,25,robust,0.38671875,purified_data/exp031/exp031_full_20260729_174215/eval/seediv_tsception_seed42_madry_autoattack_rank25-30.pth
seediv,tsception,42,madry,autoattack,subset_n512,30,clean,0.439453125,purified_data/exp031/exp031_full_20260729_174215/eval/seediv_tsception_seed42_madry_autoattack_rank25-30.pth
seediv,tsception,42,madry,autoattack,subset_n512,30,robust,0.38671875,purified_data/exp031/exp031_full_20260729_174215/eval/seediv_tsception_seed42_madry_autoattack_rank25-30.pth
seediv,tsception,42,madry,fgsm,subset_n512,raw,clean,0.435546875,purified_data/exp031/exp031_full_20260729_174215/eval/seediv_tsception_seed42_madry_fgsm_rank25-30.pth
seediv,tsception,42,madry,fgsm,subset_n512,raw,robust,0.337890625,purified_data/exp031/exp031_full_20260729_174215/eval/seediv_tsception_seed42_madry_fgsm_rank25-30.pth
seediv,tsception,42,madry,fgsm,subset_n512,25,clean,0.44140625,purified_data/exp031/exp031_full_20260729_174215/eval/seediv_tsception_seed42_madry_fgsm_rank25-30.pth
seediv,tsception,42,madry,fgsm,subset_n512,25,robust,0.328125,purified_data/exp031/exp031_full_20260729_174215/eval/seediv_tsception_seed42_madry_fgsm_rank25-30.pth
seediv,tsception,42,madry,fgsm,subset_n512,30,clean,0.439453125,purified_data/exp031/exp031_full_20260729_174215/eval/seediv_tsception_seed42_madry_fgsm_rank25-30.pth
seediv,tsception,42,madry,fgsm,subset_n512,30,robust,0.3359375,purified_data/exp031/exp031_full_20260729_174215/eval/seediv_tsception_seed42_madry_fgsm_rank25-30.pth
seediv,tsception,42,madry,pgd,subset_n512,raw,clean,0.435546875,purified_data/exp031/exp031_full_20260729_174215/eval/seediv_tsception_seed42_madry_pgd_rank25-30.pth
seediv,tsception,42,madry,pgd,subset_n512,raw,robust,0.328125,purified_data/exp031/exp031_full_20260729_174215/eval/seediv_tsception_seed42_madry_pgd_rank25-30.pth
seediv,tsception,42,madry,pgd,subset_n512,25,clean,0.44140625,purified_data/exp031/exp031_full_20260729_174215/eval/seediv_tsception_seed42_madry_pgd_rank25-30.pth
seediv,tsception,42,madry,pgd,subset_n512,25,robust,0.337890625,purified_data/exp031/exp031_full_20260729_174215/eval/seediv_tsception_seed42_madry_pgd_rank25-30.pth
seediv,tsception,42,madry,pgd,subset_n512,30,clean,0.439453125,purified_data/exp031/exp031_full_20260729_174215/eval/seediv_tsception_seed42_madry_pgd_rank25-30.pth
seediv,tsception,42,madry,pgd,subset_n512,30,robust,0.3359375,purified_data/exp031/exp031_full_20260729_174215/eval/seediv_tsception_seed42_madry_pgd_rank25-30.pth
seediv,tsception,42,madry,cw,subset_n512,raw,clean,0.435546875,purified_data/exp031/exp031_full_20260729_174215/eval/seediv_tsception_seed42_madry_cw_rank25-30.pth
seediv,tsception,42,madry,cw,subset_n512,raw,robust,0.0078125,purified_data/exp031/exp031_full_20260729_174215/eval/seediv_tsception_seed42_madry_cw_rank25-30.pth
seediv,tsception,42,madry,cw,subset_n512,25,clean,0.44140625,purified_data/exp031/exp031_full_20260729_174215/eval/seediv_tsception_seed42_madry_cw_rank25-30.pth
seediv,tsception,42,madry,cw,subset_n512,25,robust,0.029296875,purified_data/exp031/exp031_full_20260729_174215/eval/seediv_tsception_seed42_madry_cw_rank25-30.pth
seediv,tsception,42,madry,cw,subset_n512,30,clean,0.439453125,purified_data/exp031/exp031_full_20260729_174215/eval/seediv_tsception_seed42_madry_cw_rank25-30.pth
seediv,tsception,42,madry,cw,subset_n512,30,robust,0.01171875,purified_data/exp031/exp031_full_20260729_174215/eval/seediv_tsception_seed42_madry_cw_rank25-30.pth
seediv,tsception,42,rpcf_at,autoattack,subset_n512,raw,clean,0.453125,purified_data/exp031/exp031_full_20260729_174215/eval/seediv_tsception_seed42_rpcf_at_autoattack_rank25-30.pth
seediv,tsception,42,rpcf_at,autoattack,subset_n512,raw,robust,0.2890625,purified_data/exp031/exp031_full_20260729_174215/eval/seediv_tsception_seed42_rpcf_at_autoattack_rank25-30.pth
seediv,tsception,42,rpcf_at,autoattack,subset_n512,25,clean,0.42578125,purified_data/exp031/exp031_full_20260729_174215/eval/seediv_tsception_seed42_rpcf_at_autoattack_rank25-30.pth
seediv,tsception,42,rpcf_at,autoattack,subset_n512,25,robust,0.376953125,purified_data/exp031/exp031_full_20260729_174215/eval/seediv_tsception_seed42_rpcf_at_autoattack_rank25-30.pth
seediv,tsception,42,rpcf_at,autoattack,subset_n512,30,clean,0.435546875,purified_data/exp031/exp031_full_20260729_174215/eval/seediv_tsception_seed42_rpcf_at_autoattack_rank25-30.pth
seediv,tsception,42,rpcf_at,autoattack,subset_n512,30,robust,0.37109375,purified_data/exp031/exp031_full_20260729_174215/eval/seediv_tsception_seed42_rpcf_at_autoattack_rank25-30.pth
seediv,tsception,42,rpcf_at,fgsm,subset_n512,raw,clean,0.453125,purified_data/exp031/exp031_full_20260729_174215/eval/seediv_tsception_seed42_rpcf_at_fgsm_rank25-30.pth
seediv,tsception,42,rpcf_at,fgsm,subset_n512,raw,robust,0.330078125,purified_data/exp031/exp031_full_20260729_174215/eval/seediv_tsception_seed42_rpcf_at_fgsm_rank25-30.pth
seediv,tsception,42,rpcf_at,fgsm,subset_n512,25,clean,0.42578125,purified_data/exp031/exp031_full_20260729_174215/eval/seediv_tsception_seed42_rpcf_at_fgsm_rank25-30.pth
seediv,tsception,42,rpcf_at,fgsm,subset_n512,25,robust,0.3515625,purified_data/exp031/exp031_full_20260729_174215/eval/seediv_tsception_seed42_rpcf_at_fgsm_rank25-30.pth
seediv,tsception,42,rpcf_at,fgsm,subset_n512,30,clean,0.435546875,purified_data/exp031/exp031_full_20260729_174215/eval/seediv_tsception_seed42_rpcf_at_fgsm_rank25-30.pth
seediv,tsception,42,rpcf_at,fgsm,subset_n512,30,robust,0.33984375,purified_data/exp031/exp031_full_20260729_174215/eval/seediv_tsception_seed42_rpcf_at_fgsm_rank25-30.pth
seediv,tsception,42,rpcf_at,pgd,subset_n512,raw,clean,0.453125,purified_data/exp031/exp031_full_20260729_174215/eval/seediv_tsception_seed42_rpcf_at_pgd_rank25-30.pth
seediv,tsception,42,rpcf_at,pgd,subset_n512,raw,robust,0.3203125,purified_data/exp031/exp031_full_20260729_174215/eval/seediv_tsception_seed42_rpcf_at_pgd_rank25-30.pth
seediv,tsception,42,rpcf_at,pgd,subset_n512,25,clean,0.42578125,purified_data/exp031/exp031_full_20260729_174215/eval/seediv_tsception_seed42_rpcf_at_pgd_rank25-30.pth
seediv,tsception,42,rpcf_at,pgd,subset_n512,25,robust,0.34765625,purified_data/exp031/exp031_full_20260729_174215/eval/seediv_tsception_seed42_rpcf_at_pgd_rank25-30.pth
seediv,tsception,42,rpcf_at,pgd,subset_n512,30,clean,0.435546875,purified_data/exp031/exp031_full_20260729_174215/eval/seediv_tsception_seed42_rpcf_at_pgd_rank25-30.pth
seediv,tsception,42,rpcf_at,pgd,subset_n512,30,robust,0.3359375,purified_data/exp031/exp031_full_20260729_174215/eval/seediv_tsception_seed42_rpcf_at_pgd_rank25-30.pth
seediv,tsception,42,rpcf_at,cw,subset_n512,raw,clean,0.453125,purified_data/exp031/exp031_full_20260729_174215/eval/seediv_tsception_seed42_rpcf_at_cw_rank25-30.pth
seediv,tsception,42,rpcf_at,cw,subset_n512,raw,robust,0.00390625,purified_data/exp031/exp031_full_20260729_174215/eval/seediv_tsception_seed42_rpcf_at_cw_rank25-30.pth
seediv,tsception,42,rpcf_at,cw,subset_n512,25,clean,0.42578125,purified_data/exp031/exp031_full_20260729_174215/eval/seediv_tsception_seed42_rpcf_at_cw_rank25-30.pth
seediv,tsception,42,rpcf_at,cw,subset_n512,25,robust,0.04296875,purified_data/exp031/exp031_full_20260729_174215/eval/seediv_tsception_seed42_rpcf_at_cw_rank25-30.pth
seediv,tsception,42,rpcf_at,cw,subset_n512,30,clean,0.435546875,purified_data/exp031/exp031_full_20260729_174215/eval/seediv_tsception_seed42_rpcf_at_cw_rank25-30.pth
seediv,tsception,42,rpcf_at,cw,subset_n512,30,robust,0.015625,purified_data/exp031/exp031_full_20260729_174215/eval/seediv_tsception_seed42_rpcf_at_cw_rank25-30.pth
seediv,tsception,43,madry,autoattack,subset_n512,raw,clean,0.4765625,purified_data/exp031/exp031_full_20260729_174215/eval/seediv_tsception_seed43_madry_autoattack_rank25-30.pth
seediv,tsception,43,madry,autoattack,subset_n512,raw,robust,0.28125,purified_data/exp031/exp031_full_20260729_174215/eval/seediv_tsception_seed43_madry_autoattack_rank25-30.pth
seediv,tsception,43,madry,autoattack,subset_n512,25,clean,0.46875,purified_data/exp031/exp031_full_20260729_174215/eval/seediv_tsception_seed43_madry_autoattack_rank25-30.pth
seediv,tsception,43,madry,autoattack,subset_n512,25,robust,0.400390625,purified_data/exp031/exp031_full_20260729_174215/eval/seediv_tsception_seed43_madry_autoattack_rank25-30.pth
seediv,tsception,43,madry,autoattack,subset_n512,30,clean,0.4765625,purified_data/exp031/exp031_full_20260729_174215/eval/seediv_tsception_seed43_madry_autoattack_rank25-30.pth
seediv,tsception,43,madry,autoattack,subset_n512,30,robust,0.400390625,purified_data/exp031/exp031_full_20260729_174215/eval/seediv_tsception_seed43_madry_autoattack_rank25-30.pth
seediv,tsception,43,madry,fgsm,subset_n512,raw,clean,0.4765625,purified_data/exp031/exp031_full_20260729_174215/eval/seediv_tsception_seed43_madry_fgsm_rank25-30.pth
seediv,tsception,43,madry,fgsm,subset_n512,raw,robust,0.31640625,purified_data/exp031/exp031_full_20260729_174215/eval/seediv_tsception_seed43_madry_fgsm_rank25-30.pth
seediv,tsception,43,madry,fgsm,subset_n512,25,clean,0.46875,purified_data/exp031/exp031_full_20260729_174215/eval/seediv_tsception_seed43_madry_fgsm_rank25-30.pth
seediv,tsception,43,madry,fgsm,subset_n512,25,robust,0.3671875,purified_data/exp031/exp031_full_20260729_174215/eval/seediv_tsception_seed43_madry_fgsm_rank25-30.pth
seediv,tsception,43,madry,fgsm,subset_n512,30,clean,0.4765625,purified_data/exp031/exp031_full_20260729_174215/eval/seediv_tsception_seed43_madry_fgsm_rank25-30.pth
seediv,tsception,43,madry,fgsm,subset_n512,30,robust,0.345703125,purified_data/exp031/exp031_full_20260729_174215/eval/seediv_tsception_seed43_madry_fgsm_rank25-30.pth
seediv,tsception,43,madry,pgd,subset_n512,raw,clean,0.4765625,purified_data/exp031/exp031_full_20260729_174215/eval/seediv_tsception_seed43_madry_pgd_rank25-30.pth
seediv,tsception,43,madry,pgd,subset_n512,raw,robust,0.3046875,purified_data/exp031/exp031_full_20260729_174215/eval/seediv_tsception_seed43_madry_pgd_rank25-30.pth
seediv,tsception,43,madry,pgd,subset_n512,25,clean,0.46875,purified_data/exp031/exp031_full_20260729_174215/eval/seediv_tsception_seed43_madry_pgd_rank25-30.pth
seediv,tsception,43,madry,pgd,subset_n512,25,robust,0.361328125,purified_data/exp031/exp031_full_20260729_174215/eval/seediv_tsception_seed43_madry_pgd_rank25-30.pth
seediv,tsception,43,madry,pgd,subset_n512,30,clean,0.4765625,purified_data/exp031/exp031_full_20260729_174215/eval/seediv_tsception_seed43_madry_pgd_rank25-30.pth
seediv,tsception,43,madry,pgd,subset_n512,30,robust,0.345703125,purified_data/exp031/exp031_full_20260729_174215/eval/seediv_tsception_seed43_madry_pgd_rank25-30.pth
seediv,tsception,43,madry,cw,subset_n512,raw,clean,0.4765625,purified_data/exp031/exp031_full_20260729_174215/eval/seediv_tsception_seed43_madry_cw_rank25-30.pth
seediv,tsception,43,madry,cw,subset_n512,raw,robust,0.0,purified_data/exp031/exp031_full_20260729_174215/eval/seediv_tsception_seed43_madry_cw_rank25-30.pth
seediv,tsception,43,madry,cw,subset_n512,25,clean,0.46875,purified_data/exp031/exp031_full_20260729_174215/eval/seediv_tsception_seed43_madry_cw_rank25-30.pth
seediv,tsception,43,madry,cw,subset_n512,25,robust,0.033203125,purified_data/exp031/exp031_full_20260729_174215/eval/seediv_tsception_seed43_madry_cw_rank25-30.pth
seediv,tsception,43,madry,cw,subset_n512,30,clean,0.4765625,purified_data/exp031/exp031_full_20260729_174215/eval/seediv_tsception_seed43_madry_cw_rank25-30.pth
seediv,tsception,43,madry,cw,subset_n512,30,robust,0.009765625,purified_data/exp031/exp031_full_20260729_174215/eval/seediv_tsception_seed43_madry_cw_rank25-30.pth
seediv,tsception,43,rpcf_at,autoattack,subset_n512,raw,clean,0.462890625,purified_data/exp031/exp031_full_20260729_174215/eval/seediv_tsception_seed43_rpcf_at_autoattack_rank25-30.pth
seediv,tsception,43,rpcf_at,autoattack,subset_n512,raw,robust,0.275390625,purified_data/exp031/exp031_full_20260729_174215/eval/seediv_tsception_seed43_rpcf_at_autoattack_rank25-30.pth
seediv,tsception,43,rpcf_at,autoattack,subset_n512,25,clean,0.486328125,purified_data/exp031/exp031_full_20260729_174215/eval/seediv_tsception_seed43_rpcf_at_autoattack_rank25-30.pth
seediv,tsception,43,rpcf_at,autoattack,subset_n512,25,robust,0.3984375,purified_data/exp031/exp031_full_20260729_174215/eval/seediv_tsception_seed43_rpcf_at_autoattack_rank25-30.pth
seediv,tsception,43,rpcf_at,autoattack,subset_n512,30,clean,0.478515625,purified_data/exp031/exp031_full_20260729_174215/eval/seediv_tsception_seed43_rpcf_at_autoattack_rank25-30.pth
seediv,tsception,43,rpcf_at,autoattack,subset_n512,30,robust,0.38671875,purified_data/exp031/exp031_full_20260729_174215/eval/seediv_tsception_seed43_rpcf_at_autoattack_rank25-30.pth
seediv,tsception,43,rpcf_at,fgsm,subset_n512,raw,clean,0.462890625,purified_data/exp031/exp031_full_20260729_174215/eval/seediv_tsception_seed43_rpcf_at_fgsm_rank25-30.pth
seediv,tsception,43,rpcf_at,fgsm,subset_n512,raw,robust,0.3203125,purified_data/exp031/exp031_full_20260729_174215/eval/seediv_tsception_seed43_rpcf_at_fgsm_rank25-30.pth
seediv,tsception,43,rpcf_at,fgsm,subset_n512,25,clean,0.486328125,purified_data/exp031/exp031_full_20260729_174215/eval/seediv_tsception_seed43_rpcf_at_fgsm_rank25-30.pth
seediv,tsception,43,rpcf_at,fgsm,subset_n512,25,robust,0.337890625,purified_data/exp031/exp031_full_20260729_174215/eval/seediv_tsception_seed43_rpcf_at_fgsm_rank25-30.pth
seediv,tsception,43,rpcf_at,fgsm,subset_n512,30,clean,0.478515625,purified_data/exp031/exp031_full_20260729_174215/eval/seediv_tsception_seed43_rpcf_at_fgsm_rank25-30.pth
seediv,tsception,43,rpcf_at,fgsm,subset_n512,30,robust,0.34375,purified_data/exp031/exp031_full_20260729_174215/eval/seediv_tsception_seed43_rpcf_at_fgsm_rank25-30.pth
seediv,tsception,43,rpcf_at,pgd,subset_n512,raw,clean,0.462890625,purified_data/exp031/exp031_full_20260729_174215/eval/seediv_tsception_seed43_rpcf_at_pgd_rank25-30.pth
seediv,tsception,43,rpcf_at,pgd,subset_n512,raw,robust,0.3125,purified_data/exp031/exp031_full_20260729_174215/eval/seediv_tsception_seed43_rpcf_at_pgd_rank25-30.pth
seediv,tsception,43,rpcf_at,pgd,subset_n512,25,clean,0.486328125,purified_data/exp031/exp031_full_20260729_174215/eval/seediv_tsception_seed43_rpcf_at_pgd_rank25-30.pth
seediv,tsception,43,rpcf_at,pgd,subset_n512,25,robust,0.341796875,purified_data/exp031/exp031_full_20260729_174215/eval/seediv_tsception_seed43_rpcf_at_pgd_rank25-30.pth
seediv,tsception,43,rpcf_at,pgd,subset_n512,30,clean,0.478515625,purified_data/exp031/exp031_full_20260729_174215/eval/seediv_tsception_seed43_rpcf_at_pgd_rank25-30.pth
seediv,tsception,43,rpcf_at,pgd,subset_n512,30,robust,0.349609375,purified_data/exp031/exp031_full_20260729_174215/eval/seediv_tsception_seed43_rpcf_at_pgd_rank25-30.pth
seediv,tsception,43,rpcf_at,cw,subset_n512,raw,clean,0.462890625,purified_data/exp031/exp031_full_20260729_174215/eval/seediv_tsception_seed43_rpcf_at_cw_rank25-30.pth
seediv,tsception,43,rpcf_at,cw,subset_n512,raw,robust,0.0,purified_data/exp031/exp031_full_20260729_174215/eval/seediv_tsception_seed43_rpcf_at_cw_rank25-30.pth
seediv,tsception,43,rpcf_at,cw,subset_n512,25,clean,0.486328125,purified_data/exp031/exp031_full_20260729_174215/eval/seediv_tsception_seed43_rpcf_at_cw_rank25-30.pth
seediv,tsception,43,rpcf_at,cw,subset_n512,25,robust,0.03125,purified_data/exp031/exp031_full_20260729_174215/eval/seediv_tsception_seed43_rpcf_at_cw_rank25-30.pth
seediv,tsception,43,rpcf_at,cw,subset_n512,30,clean,0.478515625,purified_data/exp031/exp031_full_20260729_174215/eval/seediv_tsception_seed43_rpcf_at_cw_rank25-30.pth
seediv,tsception,43,rpcf_at,cw,subset_n512,30,robust,0.021484375,purified_data/exp031/exp031_full_20260729_174215/eval/seediv_tsception_seed43_rpcf_at_cw_rank25-30.pth
seediv,tsception,44,madry,autoattack,subset_n512,raw,clean,0.46484375,purified_data/exp031/exp031_full_20260729_174215/eval/seediv_tsception_seed44_madry_autoattack_rank25-30.pth
seediv,tsception,44,madry,autoattack,subset_n512,raw,robust,0.267578125,purified_data/exp031/exp031_full_20260729_174215/eval/seediv_tsception_seed44_madry_autoattack_rank25-30.pth
seediv,tsception,44,madry,autoattack,subset_n512,25,clean,0.431640625,purified_data/exp031/exp031_full_20260729_174215/eval/seediv_tsception_seed44_madry_autoattack_rank25-30.pth
seediv,tsception,44,madry,autoattack,subset_n512,25,robust,0.36328125,purified_data/exp031/exp031_full_20260729_174215/eval/seediv_tsception_seed44_madry_autoattack_rank25-30.pth
seediv,tsception,44,madry,autoattack,subset_n512,30,clean,0.451171875,purified_data/exp031/exp031_full_20260729_174215/eval/seediv_tsception_seed44_madry_autoattack_rank25-30.pth
seediv,tsception,44,madry,autoattack,subset_n512,30,robust,0.361328125,purified_data/exp031/exp031_full_20260729_174215/eval/seediv_tsception_seed44_madry_autoattack_rank25-30.pth
seediv,tsception,44,madry,fgsm,subset_n512,raw,clean,0.46484375,purified_data/exp031/exp031_full_20260729_174215/eval/seediv_tsception_seed44_madry_fgsm_rank25-30.pth
seediv,tsception,44,madry,fgsm,subset_n512,raw,robust,0.296875,purified_data/exp031/exp031_full_20260729_174215/eval/seediv_tsception_seed44_madry_fgsm_rank25-30.pth
seediv,tsception,44,madry,fgsm,subset_n512,25,clean,0.431640625,purified_data/exp031/exp031_full_20260729_174215/eval/seediv_tsception_seed44_madry_fgsm_rank25-30.pth
seediv,tsception,44,madry,fgsm,subset_n512,25,robust,0.318359375,purified_data/exp031/exp031_full_20260729_174215/eval/seediv_tsception_seed44_madry_fgsm_rank25-30.pth
seediv,tsception,44,madry,fgsm,subset_n512,30,clean,0.451171875,purified_data/exp031/exp031_full_20260729_174215/eval/seediv_tsception_seed44_madry_fgsm_rank25-30.pth
seediv,tsception,44,madry,fgsm,subset_n512,30,robust,0.318359375,purified_data/exp031/exp031_full_20260729_174215/eval/seediv_tsception_seed44_madry_fgsm_rank25-30.pth
seediv,tsception,44,madry,pgd,subset_n512,raw,clean,0.46484375,purified_data/exp031/exp031_full_20260729_174215/eval/seediv_tsception_seed44_madry_pgd_rank25-30.pth
seediv,tsception,44,madry,pgd,subset_n512,raw,robust,0.294921875,purified_data/exp031/exp031_full_20260729_174215/eval/seediv_tsception_seed44_madry_pgd_rank25-30.pth
seediv,tsception,44,madry,pgd,subset_n512,25,clean,0.431640625,purified_data/exp031/exp031_full_20260729_174215/eval/seediv_tsception_seed44_madry_pgd_rank25-30.pth
seediv,tsception,44,madry,pgd,subset_n512,25,robust,0.3203125,purified_data/exp031/exp031_full_20260729_174215/eval/seediv_tsception_seed44_madry_pgd_rank25-30.pth
seediv,tsception,44,madry,pgd,subset_n512,30,clean,0.451171875,purified_data/exp031/exp031_full_20260729_174215/eval/seediv_tsception_seed44_madry_pgd_rank25-30.pth
seediv,tsception,44,madry,pgd,subset_n512,30,robust,0.32421875,purified_data/exp031/exp031_full_20260729_174215/eval/seediv_tsception_seed44_madry_pgd_rank25-30.pth
seediv,tsception,44,madry,cw,subset_n512,raw,clean,0.46484375,purified_data/exp031/exp031_full_20260729_174215/eval/seediv_tsception_seed44_madry_cw_rank25-30.pth
seediv,tsception,44,madry,cw,subset_n512,raw,robust,0.00390625,purified_data/exp031/exp031_full_20260729_174215/eval/seediv_tsception_seed44_madry_cw_rank25-30.pth
seediv,tsception,44,madry,cw,subset_n512,25,clean,0.431640625,purified_data/exp031/exp031_full_20260729_174215/eval/seediv_tsception_seed44_madry_cw_rank25-30.pth
seediv,tsception,44,madry,cw,subset_n512,25,robust,0.03125,purified_data/exp031/exp031_full_20260729_174215/eval/seediv_tsception_seed44_madry_cw_rank25-30.pth
seediv,tsception,44,madry,cw,subset_n512,30,clean,0.451171875,purified_data/exp031/exp031_full_20260729_174215/eval/seediv_tsception_seed44_madry_cw_rank25-30.pth
seediv,tsception,44,madry,cw,subset_n512,30,robust,0.01171875,purified_data/exp031/exp031_full_20260729_174215/eval/seediv_tsception_seed44_madry_cw_rank25-30.pth
seediv,tsception,44,rpcf_at,autoattack,subset_n512,raw,clean,0.4609375,purified_data/exp031/exp031_full_20260729_174215/eval/seediv_tsception_seed44_rpcf_at_autoattack_rank25-30.pth
seediv,tsception,44,rpcf_at,autoattack,subset_n512,raw,robust,0.263671875,purified_data/exp031/exp031_full_20260729_174215/eval/seediv_tsception_seed44_rpcf_at_autoattack_rank25-30.pth
seediv,tsception,44,rpcf_at,autoattack,subset_n512,25,clean,0.4296875,purified_data/exp031/exp031_full_20260729_174215/eval/seediv_tsception_seed44_rpcf_at_autoattack_rank25-30.pth
seediv,tsception,44,rpcf_at,autoattack,subset_n512,25,robust,0.37109375,purified_data/exp031/exp031_full_20260729_174215/eval/seediv_tsception_seed44_rpcf_at_autoattack_rank25-30.pth
seediv,tsception,44,rpcf_at,autoattack,subset_n512,30,clean,0.447265625,purified_data/exp031/exp031_full_20260729_174215/eval/seediv_tsception_seed44_rpcf_at_autoattack_rank25-30.pth
seediv,tsception,44,rpcf_at,autoattack,subset_n512,30,robust,0.36328125,purified_data/exp031/exp031_full_20260729_174215/eval/seediv_tsception_seed44_rpcf_at_autoattack_rank25-30.pth
seediv,tsception,44,rpcf_at,fgsm,subset_n512,raw,clean,0.4609375,purified_data/exp031/exp031_full_20260729_174215/eval/seediv_tsception_seed44_rpcf_at_fgsm_rank25-30.pth
seediv,tsception,44,rpcf_at,fgsm,subset_n512,raw,robust,0.2890625,purified_data/exp031/exp031_full_20260729_174215/eval/seediv_tsception_seed44_rpcf_at_fgsm_rank25-30.pth
seediv,tsception,44,rpcf_at,fgsm,subset_n512,25,clean,0.4296875,purified_data/exp031/exp031_full_20260729_174215/eval/seediv_tsception_seed44_rpcf_at_fgsm_rank25-30.pth
seediv,tsception,44,rpcf_at,fgsm,subset_n512,25,robust,0.33203125,purified_data/exp031/exp031_full_20260729_174215/eval/seediv_tsception_seed44_rpcf_at_fgsm_rank25-30.pth
seediv,tsception,44,rpcf_at,fgsm,subset_n512,30,clean,0.447265625,purified_data/exp031/exp031_full_20260729_174215/eval/seediv_tsception_seed44_rpcf_at_fgsm_rank25-30.pth
seediv,tsception,44,rpcf_at,fgsm,subset_n512,30,robust,0.328125,purified_data/exp031/exp031_full_20260729_174215/eval/seediv_tsception_seed44_rpcf_at_fgsm_rank25-30.pth
seediv,tsception,44,rpcf_at,pgd,subset_n512,raw,clean,0.4609375,purified_data/exp031/exp031_full_20260729_174215/eval/seediv_tsception_seed44_rpcf_at_pgd_rank25-30.pth
seediv,tsception,44,rpcf_at,pgd,subset_n512,raw,robust,0.287109375,purified_data/exp031/exp031_full_20260729_174215/eval/seediv_tsception_seed44_rpcf_at_pgd_rank25-30.pth
seediv,tsception,44,rpcf_at,pgd,subset_n512,25,clean,0.4296875,purified_data/exp031/exp031_full_20260729_174215/eval/seediv_tsception_seed44_rpcf_at_pgd_rank25-30.pth
seediv,tsception,44,rpcf_at,pgd,subset_n512,25,robust,0.33203125,purified_data/exp031/exp031_full_20260729_174215/eval/seediv_tsception_seed44_rpcf_at_pgd_rank25-30.pth
seediv,tsception,44,rpcf_at,pgd,subset_n512,30,clean,0.447265625,purified_data/exp031/exp031_full_20260729_174215/eval/seediv_tsception_seed44_rpcf_at_pgd_rank25-30.pth
seediv,tsception,44,rpcf_at,pgd,subset_n512,30,robust,0.318359375,purified_data/exp031/exp031_full_20260729_174215/eval/seediv_tsception_seed44_rpcf_at_pgd_rank25-30.pth
seediv,tsception,44,rpcf_at,cw,subset_n512,raw,clean,0.4609375,purified_data/exp031/exp031_full_20260729_174215/eval/seediv_tsception_seed44_rpcf_at_cw_rank25-30.pth
seediv,tsception,44,rpcf_at,cw,subset_n512,raw,robust,0.001953125,purified_data/exp031/exp031_full_20260729_174215/eval/seediv_tsception_seed44_rpcf_at_cw_rank25-30.pth
seediv,tsception,44,rpcf_at,cw,subset_n512,25,clean,0.4296875,purified_data/exp031/exp031_full_20260729_174215/eval/seediv_tsception_seed44_rpcf_at_cw_rank25-30.pth
seediv,tsception,44,rpcf_at,cw,subset_n512,25,robust,0.0546875,purified_data/exp031/exp031_full_20260729_174215/eval/seediv_tsception_seed44_rpcf_at_cw_rank25-30.pth
seediv,tsception,44,rpcf_at,cw,subset_n512,30,clean,0.447265625,purified_data/exp031/exp031_full_20260729_174215/eval/seediv_tsception_seed44_rpcf_at_cw_rank25-30.pth
seediv,tsception,44,rpcf_at,cw,subset_n512,30,robust,0.013671875,purified_data/exp031/exp031_full_20260729_174215/eval/seediv_tsception_seed44_rpcf_at_cw_rank25-30.pth
seediv,tsception,45,madry,autoattack,subset_n512,raw,clean,0.49609375,purified_data/exp031/exp031_full_20260729_174215/eval/seediv_tsception_seed45_madry_autoattack_rank25-30.pth
seediv,tsception,45,madry,autoattack,subset_n512,raw,robust,0.326171875,purified_data/exp031/exp031_full_20260729_174215/eval/seediv_tsception_seed45_madry_autoattack_rank25-30.pth
seediv,tsception,45,madry,autoattack,subset_n512,25,clean,0.46875,purified_data/exp031/exp031_full_20260729_174215/eval/seediv_tsception_seed45_madry_autoattack_rank25-30.pth
seediv,tsception,45,madry,autoattack,subset_n512,25,robust,0.427734375,purified_data/exp031/exp031_full_20260729_174215/eval/seediv_tsception_seed45_madry_autoattack_rank25-30.pth
seediv,tsception,45,madry,autoattack,subset_n512,30,clean,0.462890625,purified_data/exp031/exp031_full_20260729_174215/eval/seediv_tsception_seed45_madry_autoattack_rank25-30.pth
seediv,tsception,45,madry,autoattack,subset_n512,30,robust,0.423828125,purified_data/exp031/exp031_full_20260729_174215/eval/seediv_tsception_seed45_madry_autoattack_rank25-30.pth
seediv,tsception,45,madry,fgsm,subset_n512,raw,clean,0.49609375,purified_data/exp031/exp031_full_20260729_174215/eval/seediv_tsception_seed45_madry_fgsm_rank25-30.pth
seediv,tsception,45,madry,fgsm,subset_n512,raw,robust,0.376953125,purified_data/exp031/exp031_full_20260729_174215/eval/seediv_tsception_seed45_madry_fgsm_rank25-30.pth
seediv,tsception,45,madry,fgsm,subset_n512,25,clean,0.46875,purified_data/exp031/exp031_full_20260729_174215/eval/seediv_tsception_seed45_madry_fgsm_rank25-30.pth
seediv,tsception,45,madry,fgsm,subset_n512,25,robust,0.3828125,purified_data/exp031/exp031_full_20260729_174215/eval/seediv_tsception_seed45_madry_fgsm_rank25-30.pth
seediv,tsception,45,madry,fgsm,subset_n512,30,clean,0.462890625,purified_data/exp031/exp031_full_20260729_174215/eval/seediv_tsception_seed45_madry_fgsm_rank25-30.pth
seediv,tsception,45,madry,fgsm,subset_n512,30,robust,0.384765625,purified_data/exp031/exp031_full_20260729_174215/eval/seediv_tsception_seed45_madry_fgsm_rank25-30.pth
seediv,tsception,45,madry,pgd,subset_n512,raw,clean,0.49609375,purified_data/exp031/exp031_full_20260729_174215/eval/seediv_tsception_seed45_madry_pgd_rank25-30.pth
seediv,tsception,45,madry,pgd,subset_n512,raw,robust,0.369140625,purified_data/exp031/exp031_full_20260729_174215/eval/seediv_tsception_seed45_madry_pgd_rank25-30.pth
seediv,tsception,45,madry,pgd,subset_n512,25,clean,0.46875,purified_data/exp031/exp031_full_20260729_174215/eval/seediv_tsception_seed45_madry_pgd_rank25-30.pth
seediv,tsception,45,madry,pgd,subset_n512,25,robust,0.37890625,purified_data/exp031/exp031_full_20260729_174215/eval/seediv_tsception_seed45_madry_pgd_rank25-30.pth
seediv,tsception,45,madry,pgd,subset_n512,30,clean,0.462890625,purified_data/exp031/exp031_full_20260729_174215/eval/seediv_tsception_seed45_madry_pgd_rank25-30.pth
seediv,tsception,45,madry,pgd,subset_n512,30,robust,0.392578125,purified_data/exp031/exp031_full_20260729_174215/eval/seediv_tsception_seed45_madry_pgd_rank25-30.pth
seediv,tsception,45,madry,cw,subset_n512,raw,clean,0.49609375,purified_data/exp031/exp031_full_20260729_174215/eval/seediv_tsception_seed45_madry_cw_rank25-30.pth
seediv,tsception,45,madry,cw,subset_n512,raw,robust,0.0078125,purified_data/exp031/exp031_full_20260729_174215/eval/seediv_tsception_seed45_madry_cw_rank25-30.pth
seediv,tsception,45,madry,cw,subset_n512,25,clean,0.46875,purified_data/exp031/exp031_full_20260729_174215/eval/seediv_tsception_seed45_madry_cw_rank25-30.pth
seediv,tsception,45,madry,cw,subset_n512,25,robust,0.0546875,purified_data/exp031/exp031_full_20260729_174215/eval/seediv_tsception_seed45_madry_cw_rank25-30.pth
seediv,tsception,45,madry,cw,subset_n512,30,clean,0.462890625,purified_data/exp031/exp031_full_20260729_174215/eval/seediv_tsception_seed45_madry_cw_rank25-30.pth
seediv,tsception,45,madry,cw,subset_n512,30,robust,0.0234375,purified_data/exp031/exp031_full_20260729_174215/eval/seediv_tsception_seed45_madry_cw_rank25-30.pth
seediv,tsception,45,rpcf_at,autoattack,subset_n512,raw,clean,0.505859375,purified_data/exp031/exp031_full_20260729_174215/eval/seediv_tsception_seed45_rpcf_at_autoattack_rank25-30.pth
seediv,tsception,45,rpcf_at,autoattack,subset_n512,raw,robust,0.318359375,purified_data/exp031/exp031_full_20260729_174215/eval/seediv_tsception_seed45_rpcf_at_autoattack_rank25-30.pth
seediv,tsception,45,rpcf_at,autoattack,subset_n512,25,clean,0.517578125,purified_data/exp031/exp031_full_20260729_174215/eval/seediv_tsception_seed45_rpcf_at_autoattack_rank25-30.pth
seediv,tsception,45,rpcf_at,autoattack,subset_n512,25,robust,0.462890625,purified_data/exp031/exp031_full_20260729_174215/eval/seediv_tsception_seed45_rpcf_at_autoattack_rank25-30.pth
seediv,tsception,45,rpcf_at,autoattack,subset_n512,30,clean,0.517578125,purified_data/exp031/exp031_full_20260729_174215/eval/seediv_tsception_seed45_rpcf_at_autoattack_rank25-30.pth
seediv,tsception,45,rpcf_at,autoattack,subset_n512,30,robust,0.43359375,purified_data/exp031/exp031_full_20260729_174215/eval/seediv_tsception_seed45_rpcf_at_autoattack_rank25-30.pth
seediv,tsception,45,rpcf_at,fgsm,subset_n512,raw,clean,0.505859375,purified_data/exp031/exp031_full_20260729_174215/eval/seediv_tsception_seed45_rpcf_at_fgsm_rank25-30.pth
seediv,tsception,45,rpcf_at,fgsm,subset_n512,raw,robust,0.37109375,purified_data/exp031/exp031_full_20260729_174215/eval/seediv_tsception_seed45_rpcf_at_fgsm_rank25-30.pth
seediv,tsception,45,rpcf_at,fgsm,subset_n512,25,clean,0.517578125,purified_data/exp031/exp031_full_20260729_174215/eval/seediv_tsception_seed45_rpcf_at_fgsm_rank25-30.pth
seediv,tsception,45,rpcf_at,fgsm,subset_n512,25,robust,0.416015625,purified_data/exp031/exp031_full_20260729_174215/eval/seediv_tsception_seed45_rpcf_at_fgsm_rank25-30.pth
seediv,tsception,45,rpcf_at,fgsm,subset_n512,30,clean,0.517578125,purified_data/exp031/exp031_full_20260729_174215/eval/seediv_tsception_seed45_rpcf_at_fgsm_rank25-30.pth
seediv,tsception,45,rpcf_at,fgsm,subset_n512,30,robust,0.412109375,purified_data/exp031/exp031_full_20260729_174215/eval/seediv_tsception_seed45_rpcf_at_fgsm_rank25-30.pth
seediv,tsception,45,rpcf_at,pgd,subset_n512,raw,clean,0.505859375,purified_data/exp031/exp031_full_20260729_174215/eval/seediv_tsception_seed45_rpcf_at_pgd_rank25-30.pth
seediv,tsception,45,rpcf_at,pgd,subset_n512,raw,robust,0.359375,purified_data/exp031/exp031_full_20260729_174215/eval/seediv_tsception_seed45_rpcf_at_pgd_rank25-30.pth
seediv,tsception,45,rpcf_at,pgd,subset_n512,25,clean,0.517578125,purified_data/exp031/exp031_full_20260729_174215/eval/seediv_tsception_seed45_rpcf_at_pgd_rank25-30.pth
seediv,tsception,45,rpcf_at,pgd,subset_n512,25,robust,0.41015625,purified_data/exp031/exp031_full_20260729_174215/eval/seediv_tsception_seed45_rpcf_at_pgd_rank25-30.pth
seediv,tsception,45,rpcf_at,pgd,subset_n512,30,clean,0.517578125,purified_data/exp031/exp031_full_20260729_174215/eval/seediv_tsception_seed45_rpcf_at_pgd_rank25-30.pth
seediv,tsception,45,rpcf_at,pgd,subset_n512,30,robust,0.412109375,purified_data/exp031/exp031_full_20260729_174215/eval/seediv_tsception_seed45_rpcf_at_pgd_rank25-30.pth
seediv,tsception,45,rpcf_at,cw,subset_n512,raw,clean,0.505859375,purified_data/exp031/exp031_full_20260729_174215/eval/seediv_tsception_seed45_rpcf_at_cw_rank25-30.pth
seediv,tsception,45,rpcf_at,cw,subset_n512,raw,robust,0.001953125,purified_data/exp031/exp031_full_20260729_174215/eval/seediv_tsception_seed45_rpcf_at_cw_rank25-30.pth
seediv,tsception,45,rpcf_at,cw,subset_n512,25,clean,0.517578125,purified_data/exp031/exp031_full_20260729_174215/eval/seediv_tsception_seed45_rpcf_at_cw_rank25-30.pth
seediv,tsception,45,rpcf_at,cw,subset_n512,25,robust,0.06640625,purified_data/exp031/exp031_full_20260729_174215/eval/seediv_tsception_seed45_rpcf_at_cw_rank25-30.pth
seediv,tsception,45,rpcf_at,cw,subset_n512,30,clean,0.517578125,purified_data/exp031/exp031_full_20260729_174215/eval/seediv_tsception_seed45_rpcf_at_cw_rank25-30.pth
seediv,tsception,45,rpcf_at,cw,subset_n512,30,robust,0.015625,purified_data/exp031/exp031_full_20260729_174215/eval/seediv_tsception_seed45_rpcf_at_cw_rank25-30.pth
seediv,tsception,46,madry,autoattack,subset_n512,raw,clean,0.46875,purified_data/exp031/exp031_full_20260729_174215/eval/seediv_tsception_seed46_madry_autoattack_rank25-30.pth
seediv,tsception,46,madry,autoattack,subset_n512,raw,robust,0.3046875,purified_data/exp031/exp031_full_20260729_174215/eval/seediv_tsception_seed46_madry_autoattack_rank25-30.pth
seediv,tsception,46,madry,autoattack,subset_n512,25,clean,0.462890625,purified_data/exp031/exp031_full_20260729_174215/eval/seediv_tsception_seed46_madry_autoattack_rank25-30.pth
seediv,tsception,46,madry,autoattack,subset_n512,25,robust,0.412109375,purified_data/exp031/exp031_full_20260729_174215/eval/seediv_tsception_seed46_madry_autoattack_rank25-30.pth
seediv,tsception,46,madry,autoattack,subset_n512,30,clean,0.462890625,purified_data/exp031/exp031_full_20260729_174215/eval/seediv_tsception_seed46_madry_autoattack_rank25-30.pth
seediv,tsception,46,madry,autoattack,subset_n512,30,robust,0.3984375,purified_data/exp031/exp031_full_20260729_174215/eval/seediv_tsception_seed46_madry_autoattack_rank25-30.pth
seediv,tsception,46,madry,fgsm,subset_n512,raw,clean,0.46875,purified_data/exp031/exp031_full_20260729_174215/eval/seediv_tsception_seed46_madry_fgsm_rank25-30.pth
seediv,tsception,46,madry,fgsm,subset_n512,raw,robust,0.349609375,purified_data/exp031/exp031_full_20260729_174215/eval/seediv_tsception_seed46_madry_fgsm_rank25-30.pth
seediv,tsception,46,madry,fgsm,subset_n512,25,clean,0.462890625,purified_data/exp031/exp031_full_20260729_174215/eval/seediv_tsception_seed46_madry_fgsm_rank25-30.pth
seediv,tsception,46,madry,fgsm,subset_n512,25,robust,0.3515625,purified_data/exp031/exp031_full_20260729_174215/eval/seediv_tsception_seed46_madry_fgsm_rank25-30.pth
seediv,tsception,46,madry,fgsm,subset_n512,30,clean,0.462890625,purified_data/exp031/exp031_full_20260729_174215/eval/seediv_tsception_seed46_madry_fgsm_rank25-30.pth
seediv,tsception,46,madry,fgsm,subset_n512,30,robust,0.359375,purified_data/exp031/exp031_full_20260729_174215/eval/seediv_tsception_seed46_madry_fgsm_rank25-30.pth
seediv,tsception,46,madry,pgd,subset_n512,raw,clean,0.46875,purified_data/exp031/exp031_full_20260729_174215/eval/seediv_tsception_seed46_madry_pgd_rank25-30.pth
seediv,tsception,46,madry,pgd,subset_n512,raw,robust,0.345703125,purified_data/exp031/exp031_full_20260729_174215/eval/seediv_tsception_seed46_madry_pgd_rank25-30.pth
seediv,tsception,46,madry,pgd,subset_n512,25,clean,0.462890625,purified_data/exp031/exp031_full_20260729_174215/eval/seediv_tsception_seed46_madry_pgd_rank25-30.pth
seediv,tsception,46,madry,pgd,subset_n512,25,robust,0.357421875,purified_data/exp031/exp031_full_20260729_174215/eval/seediv_tsception_seed46_madry_pgd_rank25-30.pth
seediv,tsception,46,madry,pgd,subset_n512,30,clean,0.462890625,purified_data/exp031/exp031_full_20260729_174215/eval/seediv_tsception_seed46_madry_pgd_rank25-30.pth
seediv,tsception,46,madry,pgd,subset_n512,30,robust,0.359375,purified_data/exp031/exp031_full_20260729_174215/eval/seediv_tsception_seed46_madry_pgd_rank25-30.pth
seediv,tsception,46,madry,cw,subset_n512,raw,clean,0.46875,purified_data/exp031/exp031_full_20260729_174215/eval/seediv_tsception_seed46_madry_cw_rank25-30.pth
seediv,tsception,46,madry,cw,subset_n512,raw,robust,0.0,purified_data/exp031/exp031_full_20260729_174215/eval/seediv_tsception_seed46_madry_cw_rank25-30.pth
seediv,tsception,46,madry,cw,subset_n512,25,clean,0.462890625,purified_data/exp031/exp031_full_20260729_174215/eval/seediv_tsception_seed46_madry_cw_rank25-30.pth
seediv,tsception,46,madry,cw,subset_n512,25,robust,0.03125,purified_data/exp031/exp031_full_20260729_174215/eval/seediv_tsception_seed46_madry_cw_rank25-30.pth
seediv,tsception,46,madry,cw,subset_n512,30,clean,0.462890625,purified_data/exp031/exp031_full_20260729_174215/eval/seediv_tsception_seed46_madry_cw_rank25-30.pth
seediv,tsception,46,madry,cw,subset_n512,30,robust,0.0078125,purified_data/exp031/exp031_full_20260729_174215/eval/seediv_tsception_seed46_madry_cw_rank25-30.pth
seediv,tsception,46,rpcf_at,autoattack,subset_n512,raw,clean,0.494140625,purified_data/exp031/exp031_full_20260729_174215/eval/seediv_tsception_seed46_rpcf_at_autoattack_rank25-30.pth
seediv,tsception,46,rpcf_at,autoattack,subset_n512,raw,robust,0.296875,purified_data/exp031/exp031_full_20260729_174215/eval/seediv_tsception_seed46_rpcf_at_autoattack_rank25-30.pth
seediv,tsception,46,rpcf_at,autoattack,subset_n512,25,clean,0.46875,purified_data/exp031/exp031_full_20260729_174215/eval/seediv_tsception_seed46_rpcf_at_autoattack_rank25-30.pth
seediv,tsception,46,rpcf_at,autoattack,subset_n512,25,robust,0.40625,purified_data/exp031/exp031_full_20260729_174215/eval/seediv_tsception_seed46_rpcf_at_autoattack_rank25-30.pth
seediv,tsception,46,rpcf_at,autoattack,subset_n512,30,clean,0.462890625,purified_data/exp031/exp031_full_20260729_174215/eval/seediv_tsception_seed46_rpcf_at_autoattack_rank25-30.pth
seediv,tsception,46,rpcf_at,autoattack,subset_n512,30,robust,0.396484375,purified_data/exp031/exp031_full_20260729_174215/eval/seediv_tsception_seed46_rpcf_at_autoattack_rank25-30.pth
seediv,tsception,46,rpcf_at,fgsm,subset_n512,raw,clean,0.494140625,purified_data/exp031/exp031_full_20260729_174215/eval/seediv_tsception_seed46_rpcf_at_fgsm_rank25-30.pth
seediv,tsception,46,rpcf_at,fgsm,subset_n512,raw,robust,0.333984375,purified_data/exp031/exp031_full_20260729_174215/eval/seediv_tsception_seed46_rpcf_at_fgsm_rank25-30.pth
seediv,tsception,46,rpcf_at,fgsm,subset_n512,25,clean,0.46875,purified_data/exp031/exp031_full_20260729_174215/eval/seediv_tsception_seed46_rpcf_at_fgsm_rank25-30.pth
seediv,tsception,46,rpcf_at,fgsm,subset_n512,25,robust,0.345703125,purified_data/exp031/exp031_full_20260729_174215/eval/seediv_tsception_seed46_rpcf_at_fgsm_rank25-30.pth
seediv,tsception,46,rpcf_at,fgsm,subset_n512,30,clean,0.462890625,purified_data/exp031/exp031_full_20260729_174215/eval/seediv_tsception_seed46_rpcf_at_fgsm_rank25-30.pth
seediv,tsception,46,rpcf_at,fgsm,subset_n512,30,robust,0.357421875,purified_data/exp031/exp031_full_20260729_174215/eval/seediv_tsception_seed46_rpcf_at_fgsm_rank25-30.pth
seediv,tsception,46,rpcf_at,pgd,subset_n512,raw,clean,0.494140625,purified_data/exp031/exp031_full_20260729_174215/eval/seediv_tsception_seed46_rpcf_at_pgd_rank25-30.pth
seediv,tsception,46,rpcf_at,pgd,subset_n512,raw,robust,0.318359375,purified_data/exp031/exp031_full_20260729_174215/eval/seediv_tsception_seed46_rpcf_at_pgd_rank25-30.pth
seediv,tsception,46,rpcf_at,pgd,subset_n512,25,clean,0.46875,purified_data/exp031/exp031_full_20260729_174215/eval/seediv_tsception_seed46_rpcf_at_pgd_rank25-30.pth
seediv,tsception,46,rpcf_at,pgd,subset_n512,25,robust,0.349609375,purified_data/exp031/exp031_full_20260729_174215/eval/seediv_tsception_seed46_rpcf_at_pgd_rank25-30.pth
seediv,tsception,46,rpcf_at,pgd,subset_n512,30,clean,0.462890625,purified_data/exp031/exp031_full_20260729_174215/eval/seediv_tsception_seed46_rpcf_at_pgd_rank25-30.pth
seediv,tsception,46,rpcf_at,pgd,subset_n512,30,robust,0.357421875,purified_data/exp031/exp031_full_20260729_174215/eval/seediv_tsception_seed46_rpcf_at_pgd_rank25-30.pth
seediv,tsception,46,rpcf_at,cw,subset_n512,raw,clean,0.494140625,purified_data/exp031/exp031_full_20260729_174215/eval/seediv_tsception_seed46_rpcf_at_cw_rank25-30.pth
seediv,tsception,46,rpcf_at,cw,subset_n512,raw,robust,0.00390625,purified_data/exp031/exp031_full_20260729_174215/eval/seediv_tsception_seed46_rpcf_at_cw_rank25-30.pth
seediv,tsception,46,rpcf_at,cw,subset_n512,25,clean,0.46875,purified_data/exp031/exp031_full_20260729_174215/eval/seediv_tsception_seed46_rpcf_at_cw_rank25-30.pth
seediv,tsception,46,rpcf_at,cw,subset_n512,25,robust,0.017578125,purified_data/exp031/exp031_full_20260729_174215/eval/seediv_tsception_seed46_rpcf_at_cw_rank25-30.pth
seediv,tsception,46,rpcf_at,cw,subset_n512,30,clean,0.462890625,purified_data/exp031/exp031_full_20260729_174215/eval/seediv_tsception_seed46_rpcf_at_cw_rank25-30.pth
seediv,tsception,46,rpcf_at,cw,subset_n512,30,robust,0.001953125,purified_data/exp031/exp031_full_20260729_174215/eval/seediv_tsception_seed46_rpcf_at_cw_rank25-30.pth
seediv,atcnet,42,madry,autoattack,subset_n512,raw,clean,0.44140625,purified_data/exp031/exp031_full_20260729_174215/eval/seediv_atcnet_seed42_madry_autoattack_rank25-30.pth
seediv,atcnet,42,madry,autoattack,subset_n512,raw,robust,0.23828125,purified_data/exp031/exp031_full_20260729_174215/eval/seediv_atcnet_seed42_madry_autoattack_rank25-30.pth
seediv,atcnet,42,madry,autoattack,subset_n512,25,clean,0.3984375,purified_data/exp031/exp031_full_20260729_174215/eval/seediv_atcnet_seed42_madry_autoattack_rank25-30.pth
seediv,atcnet,42,madry,autoattack,subset_n512,25,robust,0.32421875,purified_data/exp031/exp031_full_20260729_174215/eval/seediv_atcnet_seed42_madry_autoattack_rank25-30.pth
seediv,atcnet,42,madry,autoattack,subset_n512,30,clean,0.41015625,purified_data/exp031/exp031_full_20260729_174215/eval/seediv_atcnet_seed42_madry_autoattack_rank25-30.pth
seediv,atcnet,42,madry,autoattack,subset_n512,30,robust,0.328125,purified_data/exp031/exp031_full_20260729_174215/eval/seediv_atcnet_seed42_madry_autoattack_rank25-30.pth
seediv,atcnet,42,madry,fgsm,subset_n512,raw,clean,0.44140625,purified_data/exp031/exp031_full_20260729_174215/eval/seediv_atcnet_seed42_madry_fgsm_rank25-30.pth
seediv,atcnet,42,madry,fgsm,subset_n512,raw,robust,0.287109375,purified_data/exp031/exp031_full_20260729_174215/eval/seediv_atcnet_seed42_madry_fgsm_rank25-30.pth
seediv,atcnet,42,madry,fgsm,subset_n512,25,clean,0.3984375,purified_data/exp031/exp031_full_20260729_174215/eval/seediv_atcnet_seed42_madry_fgsm_rank25-30.pth
seediv,atcnet,42,madry,fgsm,subset_n512,25,robust,0.28125,purified_data/exp031/exp031_full_20260729_174215/eval/seediv_atcnet_seed42_madry_fgsm_rank25-30.pth
seediv,atcnet,42,madry,fgsm,subset_n512,30,clean,0.41015625,purified_data/exp031/exp031_full_20260729_174215/eval/seediv_atcnet_seed42_madry_fgsm_rank25-30.pth
seediv,atcnet,42,madry,fgsm,subset_n512,30,robust,0.27734375,purified_data/exp031/exp031_full_20260729_174215/eval/seediv_atcnet_seed42_madry_fgsm_rank25-30.pth
seediv,atcnet,42,madry,pgd,subset_n512,raw,clean,0.44140625,purified_data/exp031/exp031_full_20260729_174215/eval/seediv_atcnet_seed42_madry_pgd_rank25-30.pth
seediv,atcnet,42,madry,pgd,subset_n512,raw,robust,0.287109375,purified_data/exp031/exp031_full_20260729_174215/eval/seediv_atcnet_seed42_madry_pgd_rank25-30.pth
seediv,atcnet,42,madry,pgd,subset_n512,25,clean,0.3984375,purified_data/exp031/exp031_full_20260729_174215/eval/seediv_atcnet_seed42_madry_pgd_rank25-30.pth
seediv,atcnet,42,madry,pgd,subset_n512,25,robust,0.287109375,purified_data/exp031/exp031_full_20260729_174215/eval/seediv_atcnet_seed42_madry_pgd_rank25-30.pth
seediv,atcnet,42,madry,pgd,subset_n512,30,clean,0.41015625,purified_data/exp031/exp031_full_20260729_174215/eval/seediv_atcnet_seed42_madry_pgd_rank25-30.pth
seediv,atcnet,42,madry,pgd,subset_n512,30,robust,0.283203125,purified_data/exp031/exp031_full_20260729_174215/eval/seediv_atcnet_seed42_madry_pgd_rank25-30.pth
seediv,atcnet,42,madry,cw,subset_n512,raw,clean,0.44140625,purified_data/exp031/exp031_full_20260729_174215/eval/seediv_atcnet_seed42_madry_cw_rank25-30.pth
seediv,atcnet,42,madry,cw,subset_n512,raw,robust,0.0,purified_data/exp031/exp031_full_20260729_174215/eval/seediv_atcnet_seed42_madry_cw_rank25-30.pth
seediv,atcnet,42,madry,cw,subset_n512,25,clean,0.3984375,purified_data/exp031/exp031_full_20260729_174215/eval/seediv_atcnet_seed42_madry_cw_rank25-30.pth
seediv,atcnet,42,madry,cw,subset_n512,25,robust,0.03515625,purified_data/exp031/exp031_full_20260729_174215/eval/seediv_atcnet_seed42_madry_cw_rank25-30.pth
seediv,atcnet,42,madry,cw,subset_n512,30,clean,0.41015625,purified_data/exp031/exp031_full_20260729_174215/eval/seediv_atcnet_seed42_madry_cw_rank25-30.pth
seediv,atcnet,42,madry,cw,subset_n512,30,robust,0.009765625,purified_data/exp031/exp031_full_20260729_174215/eval/seediv_atcnet_seed42_madry_cw_rank25-30.pth
seediv,atcnet,42,rpcf_at,autoattack,subset_n512,raw,clean,0.4453125,purified_data/exp031/exp031_full_20260729_174215/eval/seediv_atcnet_seed42_rpcf_at_autoattack_rank25-30.pth
seediv,atcnet,42,rpcf_at,autoattack,subset_n512,raw,robust,0.244140625,purified_data/exp031/exp031_full_20260729_174215/eval/seediv_atcnet_seed42_rpcf_at_autoattack_rank25-30.pth
seediv,atcnet,42,rpcf_at,autoattack,subset_n512,25,clean,0.412109375,purified_data/exp031/exp031_full_20260729_174215/eval/seediv_atcnet_seed42_rpcf_at_autoattack_rank25-30.pth
seediv,atcnet,42,rpcf_at,autoattack,subset_n512,25,robust,0.359375,purified_data/exp031/exp031_full_20260729_174215/eval/seediv_atcnet_seed42_rpcf_at_autoattack_rank25-30.pth
seediv,atcnet,42,rpcf_at,autoattack,subset_n512,30,clean,0.423828125,purified_data/exp031/exp031_full_20260729_174215/eval/seediv_atcnet_seed42_rpcf_at_autoattack_rank25-30.pth
seediv,atcnet,42,rpcf_at,autoattack,subset_n512,30,robust,0.3515625,purified_data/exp031/exp031_full_20260729_174215/eval/seediv_atcnet_seed42_rpcf_at_autoattack_rank25-30.pth
seediv,atcnet,42,rpcf_at,fgsm,subset_n512,raw,clean,0.4453125,purified_data/exp031/exp031_full_20260729_174215/eval/seediv_atcnet_seed42_rpcf_at_fgsm_rank25-30.pth
seediv,atcnet,42,rpcf_at,fgsm,subset_n512,raw,robust,0.27734375,purified_data/exp031/exp031_full_20260729_174215/eval/seediv_atcnet_seed42_rpcf_at_fgsm_rank25-30.pth
seediv,atcnet,42,rpcf_at,fgsm,subset_n512,25,clean,0.412109375,purified_data/exp031/exp031_full_20260729_174215/eval/seediv_atcnet_seed42_rpcf_at_fgsm_rank25-30.pth
seediv,atcnet,42,rpcf_at,fgsm,subset_n512,25,robust,0.2890625,purified_data/exp031/exp031_full_20260729_174215/eval/seediv_atcnet_seed42_rpcf_at_fgsm_rank25-30.pth
seediv,atcnet,42,rpcf_at,fgsm,subset_n512,30,clean,0.423828125,purified_data/exp031/exp031_full_20260729_174215/eval/seediv_atcnet_seed42_rpcf_at_fgsm_rank25-30.pth
seediv,atcnet,42,rpcf_at,fgsm,subset_n512,30,robust,0.296875,purified_data/exp031/exp031_full_20260729_174215/eval/seediv_atcnet_seed42_rpcf_at_fgsm_rank25-30.pth
seediv,atcnet,42,rpcf_at,pgd,subset_n512,raw,clean,0.4453125,purified_data/exp031/exp031_full_20260729_174215/eval/seediv_atcnet_seed42_rpcf_at_pgd_rank25-30.pth
seediv,atcnet,42,rpcf_at,pgd,subset_n512,raw,robust,0.27734375,purified_data/exp031/exp031_full_20260729_174215/eval/seediv_atcnet_seed42_rpcf_at_pgd_rank25-30.pth
seediv,atcnet,42,rpcf_at,pgd,subset_n512,25,clean,0.412109375,purified_data/exp031/exp031_full_20260729_174215/eval/seediv_atcnet_seed42_rpcf_at_pgd_rank25-30.pth
seediv,atcnet,42,rpcf_at,pgd,subset_n512,25,robust,0.29296875,purified_data/exp031/exp031_full_20260729_174215/eval/seediv_atcnet_seed42_rpcf_at_pgd_rank25-30.pth
seediv,atcnet,42,rpcf_at,pgd,subset_n512,30,clean,0.423828125,purified_data/exp031/exp031_full_20260729_174215/eval/seediv_atcnet_seed42_rpcf_at_pgd_rank25-30.pth
seediv,atcnet,42,rpcf_at,pgd,subset_n512,30,robust,0.294921875,purified_data/exp031/exp031_full_20260729_174215/eval/seediv_atcnet_seed42_rpcf_at_pgd_rank25-30.pth
seediv,atcnet,42,rpcf_at,cw,subset_n512,raw,clean,0.4453125,purified_data/exp031/exp031_full_20260729_174215/eval/seediv_atcnet_seed42_rpcf_at_cw_rank25-30.pth
seediv,atcnet,42,rpcf_at,cw,subset_n512,raw,robust,0.0,purified_data/exp031/exp031_full_20260729_174215/eval/seediv_atcnet_seed42_rpcf_at_cw_rank25-30.pth
seediv,atcnet,42,rpcf_at,cw,subset_n512,25,clean,0.412109375,purified_data/exp031/exp031_full_20260729_174215/eval/seediv_atcnet_seed42_rpcf_at_cw_rank25-30.pth
seediv,atcnet,42,rpcf_at,cw,subset_n512,25,robust,0.044921875,purified_data/exp031/exp031_full_20260729_174215/eval/seediv_atcnet_seed42_rpcf_at_cw_rank25-30.pth
seediv,atcnet,42,rpcf_at,cw,subset_n512,30,clean,0.423828125,purified_data/exp031/exp031_full_20260729_174215/eval/seediv_atcnet_seed42_rpcf_at_cw_rank25-30.pth
seediv,atcnet,42,rpcf_at,cw,subset_n512,30,robust,0.009765625,purified_data/exp031/exp031_full_20260729_174215/eval/seediv_atcnet_seed42_rpcf_at_cw_rank25-30.pth
seediv,atcnet,43,madry,autoattack,subset_n512,raw,clean,0.453125,purified_data/exp031/exp031_full_20260729_174215/eval/seediv_atcnet_seed43_madry_autoattack_rank25-30.pth
seediv,atcnet,43,madry,autoattack,subset_n512,raw,robust,0.259765625,purified_data/exp031/exp031_full_20260729_174215/eval/seediv_atcnet_seed43_madry_autoattack_rank25-30.pth
seediv,atcnet,43,madry,autoattack,subset_n512,25,clean,0.439453125,purified_data/exp031/exp031_full_20260729_174215/eval/seediv_atcnet_seed43_madry_autoattack_rank25-30.pth
seediv,atcnet,43,madry,autoattack,subset_n512,25,robust,0.349609375,purified_data/exp031/exp031_full_20260729_174215/eval/seediv_atcnet_seed43_madry_autoattack_rank25-30.pth
seediv,atcnet,43,madry,autoattack,subset_n512,30,clean,0.4453125,purified_data/exp031/exp031_full_20260729_174215/eval/seediv_atcnet_seed43_madry_autoattack_rank25-30.pth
seediv,atcnet,43,madry,autoattack,subset_n512,30,robust,0.341796875,purified_data/exp031/exp031_full_20260729_174215/eval/seediv_atcnet_seed43_madry_autoattack_rank25-30.pth
seediv,atcnet,43,madry,fgsm,subset_n512,raw,clean,0.453125,purified_data/exp031/exp031_full_20260729_174215/eval/seediv_atcnet_seed43_madry_fgsm_rank25-30.pth
seediv,atcnet,43,madry,fgsm,subset_n512,raw,robust,0.2890625,purified_data/exp031/exp031_full_20260729_174215/eval/seediv_atcnet_seed43_madry_fgsm_rank25-30.pth
seediv,atcnet,43,madry,fgsm,subset_n512,25,clean,0.439453125,purified_data/exp031/exp031_full_20260729_174215/eval/seediv_atcnet_seed43_madry_fgsm_rank25-30.pth
seediv,atcnet,43,madry,fgsm,subset_n512,25,robust,0.2890625,purified_data/exp031/exp031_full_20260729_174215/eval/seediv_atcnet_seed43_madry_fgsm_rank25-30.pth
seediv,atcnet,43,madry,fgsm,subset_n512,30,clean,0.4453125,purified_data/exp031/exp031_full_20260729_174215/eval/seediv_atcnet_seed43_madry_fgsm_rank25-30.pth
seediv,atcnet,43,madry,fgsm,subset_n512,30,robust,0.29296875,purified_data/exp031/exp031_full_20260729_174215/eval/seediv_atcnet_seed43_madry_fgsm_rank25-30.pth
seediv,atcnet,43,madry,pgd,subset_n512,raw,clean,0.453125,purified_data/exp031/exp031_full_20260729_174215/eval/seediv_atcnet_seed43_madry_pgd_rank25-30.pth
seediv,atcnet,43,madry,pgd,subset_n512,raw,robust,0.287109375,purified_data/exp031/exp031_full_20260729_174215/eval/seediv_atcnet_seed43_madry_pgd_rank25-30.pth
seediv,atcnet,43,madry,pgd,subset_n512,25,clean,0.439453125,purified_data/exp031/exp031_full_20260729_174215/eval/seediv_atcnet_seed43_madry_pgd_rank25-30.pth
seediv,atcnet,43,madry,pgd,subset_n512,25,robust,0.298828125,purified_data/exp031/exp031_full_20260729_174215/eval/seediv_atcnet_seed43_madry_pgd_rank25-30.pth
seediv,atcnet,43,madry,pgd,subset_n512,30,clean,0.4453125,purified_data/exp031/exp031_full_20260729_174215/eval/seediv_atcnet_seed43_madry_pgd_rank25-30.pth
seediv,atcnet,43,madry,pgd,subset_n512,30,robust,0.29296875,purified_data/exp031/exp031_full_20260729_174215/eval/seediv_atcnet_seed43_madry_pgd_rank25-30.pth
seediv,atcnet,43,madry,cw,subset_n512,raw,clean,0.453125,purified_data/exp031/exp031_full_20260729_174215/eval/seediv_atcnet_seed43_madry_cw_rank25-30.pth
seediv,atcnet,43,madry,cw,subset_n512,raw,robust,0.0,purified_data/exp031/exp031_full_20260729_174215/eval/seediv_atcnet_seed43_madry_cw_rank25-30.pth
seediv,atcnet,43,madry,cw,subset_n512,25,clean,0.439453125,purified_data/exp031/exp031_full_20260729_174215/eval/seediv_atcnet_seed43_madry_cw_rank25-30.pth
seediv,atcnet,43,madry,cw,subset_n512,25,robust,0.03515625,purified_data/exp031/exp031_full_20260729_174215/eval/seediv_atcnet_seed43_madry_cw_rank25-30.pth
seediv,atcnet,43,madry,cw,subset_n512,30,clean,0.4453125,purified_data/exp031/exp031_full_20260729_174215/eval/seediv_atcnet_seed43_madry_cw_rank25-30.pth
seediv,atcnet,43,madry,cw,subset_n512,30,robust,0.009765625,purified_data/exp031/exp031_full_20260729_174215/eval/seediv_atcnet_seed43_madry_cw_rank25-30.pth
seediv,atcnet,43,rpcf_at,autoattack,subset_n512,raw,clean,0.443359375,purified_data/exp031/exp031_full_20260729_174215/eval/seediv_atcnet_seed43_rpcf_at_autoattack_rank25-30.pth
seediv,atcnet,43,rpcf_at,autoattack,subset_n512,raw,robust,0.251953125,purified_data/exp031/exp031_full_20260729_174215/eval/seediv_atcnet_seed43_rpcf_at_autoattack_rank25-30.pth
seediv,atcnet,43,rpcf_at,autoattack,subset_n512,25,clean,0.427734375,purified_data/exp031/exp031_full_20260729_174215/eval/seediv_atcnet_seed43_rpcf_at_autoattack_rank25-30.pth
seediv,atcnet,43,rpcf_at,autoattack,subset_n512,25,robust,0.380859375,purified_data/exp031/exp031_full_20260729_174215/eval/seediv_atcnet_seed43_rpcf_at_autoattack_rank25-30.pth
seediv,atcnet,43,rpcf_at,autoattack,subset_n512,30,clean,0.4453125,purified_data/exp031/exp031_full_20260729_174215/eval/seediv_atcnet_seed43_rpcf_at_autoattack_rank25-30.pth
seediv,atcnet,43,rpcf_at,autoattack,subset_n512,30,robust,0.373046875,purified_data/exp031/exp031_full_20260729_174215/eval/seediv_atcnet_seed43_rpcf_at_autoattack_rank25-30.pth
seediv,atcnet,43,rpcf_at,fgsm,subset_n512,raw,clean,0.443359375,purified_data/exp031/exp031_full_20260729_174215/eval/seediv_atcnet_seed43_rpcf_at_fgsm_rank25-30.pth
seediv,atcnet,43,rpcf_at,fgsm,subset_n512,raw,robust,0.271484375,purified_data/exp031/exp031_full_20260729_174215/eval/seediv_atcnet_seed43_rpcf_at_fgsm_rank25-30.pth
seediv,atcnet,43,rpcf_at,fgsm,subset_n512,25,clean,0.427734375,purified_data/exp031/exp031_full_20260729_174215/eval/seediv_atcnet_seed43_rpcf_at_fgsm_rank25-30.pth
seediv,atcnet,43,rpcf_at,fgsm,subset_n512,25,robust,0.3125,purified_data/exp031/exp031_full_20260729_174215/eval/seediv_atcnet_seed43_rpcf_at_fgsm_rank25-30.pth
seediv,atcnet,43,rpcf_at,fgsm,subset_n512,30,clean,0.4453125,purified_data/exp031/exp031_full_20260729_174215/eval/seediv_atcnet_seed43_rpcf_at_fgsm_rank25-30.pth
seediv,atcnet,43,rpcf_at,fgsm,subset_n512,30,robust,0.306640625,purified_data/exp031/exp031_full_20260729_174215/eval/seediv_atcnet_seed43_rpcf_at_fgsm_rank25-30.pth
seediv,atcnet,43,rpcf_at,pgd,subset_n512,raw,clean,0.443359375,purified_data/exp031/exp031_full_20260729_174215/eval/seediv_atcnet_seed43_rpcf_at_pgd_rank25-30.pth
seediv,atcnet,43,rpcf_at,pgd,subset_n512,raw,robust,0.271484375,purified_data/exp031/exp031_full_20260729_174215/eval/seediv_atcnet_seed43_rpcf_at_pgd_rank25-30.pth
seediv,atcnet,43,rpcf_at,pgd,subset_n512,25,clean,0.427734375,purified_data/exp031/exp031_full_20260729_174215/eval/seediv_atcnet_seed43_rpcf_at_pgd_rank25-30.pth
seediv,atcnet,43,rpcf_at,pgd,subset_n512,25,robust,0.3125,purified_data/exp031/exp031_full_20260729_174215/eval/seediv_atcnet_seed43_rpcf_at_pgd_rank25-30.pth
seediv,atcnet,43,rpcf_at,pgd,subset_n512,30,clean,0.4453125,purified_data/exp031/exp031_full_20260729_174215/eval/seediv_atcnet_seed43_rpcf_at_pgd_rank25-30.pth
seediv,atcnet,43,rpcf_at,pgd,subset_n512,30,robust,0.30078125,purified_data/exp031/exp031_full_20260729_174215/eval/seediv_atcnet_seed43_rpcf_at_pgd_rank25-30.pth
bciciv2a,eegnet,42,madry,autoattack,subset_n512,raw,clean,0.490234375,purified_data/exp031/exp031_full_20260729_174215/eval/bciciv2a_eegnet_seed42_madry_autoattack_rank25-30.pth
bciciv2a,eegnet,42,madry,autoattack,subset_n512,raw,robust,0.28515625,purified_data/exp031/exp031_full_20260729_174215/eval/bciciv2a_eegnet_seed42_madry_autoattack_rank25-30.pth
bciciv2a,eegnet,42,madry,autoattack,subset_n512,25,clean,0.470703125,purified_data/exp031/exp031_full_20260729_174215/eval/bciciv2a_eegnet_seed42_madry_autoattack_rank25-30.pth
bciciv2a,eegnet,42,madry,autoattack,subset_n512,25,robust,0.326171875,purified_data/exp031/exp031_full_20260729_174215/eval/bciciv2a_eegnet_seed42_madry_autoattack_rank25-30.pth
bciciv2a,eegnet,42,madry,autoattack,subset_n512,30,clean,0.478515625,purified_data/exp031/exp031_full_20260729_174215/eval/bciciv2a_eegnet_seed42_madry_autoattack_rank25-30.pth
bciciv2a,eegnet,42,madry,autoattack,subset_n512,30,robust,0.318359375,purified_data/exp031/exp031_full_20260729_174215/eval/bciciv2a_eegnet_seed42_madry_autoattack_rank25-30.pth
bciciv2a,eegnet,43,madry,autoattack,subset_n512,raw,clean,0.45703125,purified_data/exp031/exp031_full_20260729_174215/eval/bciciv2a_eegnet_seed43_madry_autoattack_rank25-30.pth
bciciv2a,eegnet,43,madry,autoattack,subset_n512,raw,robust,0.2421875,purified_data/exp031/exp031_full_20260729_174215/eval/bciciv2a_eegnet_seed43_madry_autoattack_rank25-30.pth
bciciv2a,eegnet,43,madry,autoattack,subset_n512,25,clean,0.4453125,purified_data/exp031/exp031_full_20260729_174215/eval/bciciv2a_eegnet_seed43_madry_autoattack_rank25-30.pth
bciciv2a,eegnet,43,madry,autoattack,subset_n512,25,robust,0.26953125,purified_data/exp031/exp031_full_20260729_174215/eval/bciciv2a_eegnet_seed43_madry_autoattack_rank25-30.pth
bciciv2a,eegnet,43,madry,autoattack,subset_n512,30,clean,0.451171875,purified_data/exp031/exp031_full_20260729_174215/eval/bciciv2a_eegnet_seed43_madry_autoattack_rank25-30.pth
bciciv2a,eegnet,43,madry,autoattack,subset_n512,30,robust,0.267578125,purified_data/exp031/exp031_full_20260729_174215/eval/bciciv2a_eegnet_seed43_madry_autoattack_rank25-30.pth
bciciv2a,tcnet,43,madry,autoattack,subset_n512,raw,clean,0.390625,purified_data/exp031/exp031_full_20260729_174215/eval/bciciv2a_tcnet_seed43_madry_autoattack_rank25-30.pth
bciciv2a,tcnet,43,madry,autoattack,subset_n512,raw,robust,0.28125,purified_data/exp031/exp031_full_20260729_174215/eval/bciciv2a_tcnet_seed43_madry_autoattack_rank25-30.pth
bciciv2a,tcnet,43,madry,autoattack,subset_n512,25,clean,0.39453125,purified_data/exp031/exp031_full_20260729_174215/eval/bciciv2a_tcnet_seed43_madry_autoattack_rank25-30.pth
bciciv2a,tcnet,43,madry,autoattack,subset_n512,25,robust,0.30078125,purified_data/exp031/exp031_full_20260729_174215/eval/bciciv2a_tcnet_seed43_madry_autoattack_rank25-30.pth
bciciv2a,tcnet,43,madry,autoattack,subset_n512,30,clean,0.3984375,purified_data/exp031/exp031_full_20260729_174215/eval/bciciv2a_tcnet_seed43_madry_autoattack_rank25-30.pth
bciciv2a,tcnet,43,madry,autoattack,subset_n512,30,robust,0.294921875,purified_data/exp031/exp031_full_20260729_174215/eval/bciciv2a_tcnet_seed43_madry_autoattack_rank25-30.pth
