dataset,model,method,attack,scope,rank,metric,seed_count,seeds,status,mean,sample_std
thubenchmark,eegnet,madry,autoattack,full_test,raw,clean,5,"42,43,44,45,46",complete,0.9294087747458534,0.00818307850576391
thubenchmark,eegnet,madry,autoattack,full_test,raw,robust,5,"42,43,44,45,46",complete,0.7781166399143927,0.006305022042306585
thubenchmark,eegnet,madry,fgsm,full_test,raw,clean,5,"42,43,44,45,46",complete,0.9294087747458534,0.00818307850576391
thubenchmark,eegnet,madry,fgsm,full_test,raw,robust,5,"42,43,44,45,46",complete,0.794864455145354,0.009643857925155045
thubenchmark,eegnet,madry,pgd,full_test,raw,clean,5,"42,43,44,45,46",complete,0.9294087747458534,0.00818307850576391
thubenchmark,eegnet,madry,pgd,full_test,raw,robust,5,"42,43,44,45,46",complete,0.7864847512038523,0.009080341101111503
thubenchmark,eegnet,madry,cw,full_test,raw,clean,5,"42,43,44,45,46",complete,0.9294087747458534,0.00818307850576391
thubenchmark,eegnet,madry,cw,full_test,raw,robust,5,"42,43,44,45,46",complete,0.0,0.0
thubenchmark,eegnet,trades,autoattack,full_test,raw,clean,5,"42,43,44,45,46",complete,0.9353959336543606,0.004910603784463084
thubenchmark,eegnet,trades,autoattack,full_test,raw,robust,5,"42,43,44,45,46",complete,0.6671892277510255,0.004858856464297869
thubenchmark,eegnet,trades,fgsm,full_test,raw,clean,5,"42,43,44,45,46",complete,0.9353959336543606,0.004910603784463084
thubenchmark,eegnet,trades,fgsm,full_test,raw,robust,5,"42,43,44,45,46",complete,0.6931469591581951,0.008553401324115275
thubenchmark,eegnet,trades,pgd,full_test,raw,clean,5,"42,43,44,45,46",complete,0.9353959336543606,0.004910603784463084
thubenchmark,eegnet,trades,pgd,full_test,raw,robust,5,"42,43,44,45,46",complete,0.670342429106474,0.005691050352516967
thubenchmark,eegnet,trades,cw,full_test,raw,clean,5,"42,43,44,45,46",complete,0.9353959336543606,0.004910603784463084
thubenchmark,eegnet,trades,cw,full_test,raw,robust,5,"42,43,44,45,46",complete,0.0,0.0
thubenchmark,eegnet,fbf,autoattack,full_test,raw,clean,5,"42,43,44,45,46",complete,0.9400704476547174,0.012948304791051033
thubenchmark,eegnet,fbf,autoattack,full_test,raw,robust,5,"42,43,44,45,46",complete,0.5635152487961477,0.020510430815174736
thubenchmark,eegnet,fbf,fgsm,full_test,raw,clean,5,"42,43,44,45,46",complete,0.9400704476547174,0.012948304791051033
thubenchmark,eegnet,fbf,fgsm,full_test,raw,robust,5,"42,43,44,45,46",complete,0.5976609595148921,0.010530308834333025
thubenchmark,eegnet,fbf,pgd,full_test,raw,clean,5,"42,43,44,45,46",complete,0.9400704476547174,0.012948304791051033
thubenchmark,eegnet,fbf,pgd,full_test,raw,robust,5,"42,43,44,45,46",complete,0.5642411271624755,0.02071844325887947
thubenchmark,eegnet,fbf,cw,full_test,raw,clean,5,"42,43,44,45,46",complete,0.9400704476547174,0.012948304791051033
thubenchmark,eegnet,fbf,cw,full_test,raw,robust,5,"42,43,44,45,46",complete,0.0,0.0
thubenchmark,eegnet,ea_forward,autoattack,full_test,raw,clean,5,"42,43,44,45,46",complete,0.9630782949884074,0.007213575379949067
thubenchmark,eegnet,ea_forward,autoattack,full_test,raw,robust,5,"42,43,44,45,46",complete,0.28336900303192436,0.006906229473055241
thubenchmark,eegnet,ea_forward,fgsm,full_test,raw,clean,5,"42,43,44,45,46",complete,0.9618762261458891,0.00714518534124043
thubenchmark,eegnet,ea_forward,fgsm,full_test,raw,robust,5,"42,43,44,45,46",complete,0.5291430354913501,0.011151788334826065
thubenchmark,eegnet,ea_forward,pgd,full_test,raw,clean,5,"42,43,44,45,46",complete,0.9618762261458891,0.00714518534124043
thubenchmark,eegnet,ea_forward,pgd,full_test,raw,robust,5,"42,43,44,45,46",complete,0.3087462100945247,0.013686079975516609
thubenchmark,eegnet,ea_forward,cw,full_test,raw,clean,5,"42,43,44,45,46",complete,0.9618762261458891,0.00714518534124043
thubenchmark,eegnet,ea_forward,cw,full_test,raw,robust,5,"42,43,44,45,46",complete,0.0,0.0
thubenchmark,eegnet,rpcf_at,autoattack,full_test,raw,clean,5,"42,43,44,45,46",complete,0.9301462457642233,0.00913366397889851
thubenchmark,eegnet,rpcf_at,autoattack,full_test,raw,robust,5,"42,43,44,45,46",complete,0.7795799892990904,0.0060425105381766795
thubenchmark,eegnet,rpcf_at,fgsm,full_test,raw,clean,5,"42,43,44,45,46",complete,0.9301462457642233,0.00913366397889851
thubenchmark,eegnet,rpcf_at,fgsm,full_test,raw,robust,5,"42,43,44,45,46",complete,0.7963741751382201,0.0064325200017028876
thubenchmark,eegnet,rpcf_at,pgd,full_test,raw,clean,5,"42,43,44,45,46",complete,0.9301462457642233,0.00913366397889851
thubenchmark,eegnet,rpcf_at,pgd,full_test,raw,robust,5,"42,43,44,45,46",complete,0.785816836097735,0.009446135896692158
thubenchmark,eegnet,rpcf_at,cw,full_test,raw,clean,5,"42,43,44,45,46",complete,0.9301462457642233,0.00913366397889851
thubenchmark,eegnet,rpcf_at,cw,full_test,raw,robust,5,"42,43,44,45,46",complete,0.0,0.0
thubenchmark,deepconvnet,madry,autoattack,full_test,raw,clean,5,"42,43,44,45,46",complete,0.9346816479400749,0.006289696569446985
thubenchmark,deepconvnet,madry,autoattack,full_test,raw,robust,5,"42,43,44,45,46",complete,0.7584073479579098,0.017110863941294647
thubenchmark,deepconvnet,madry,fgsm,full_test,raw,clean,5,"42,43,44,45,46",complete,0.9346816479400749,0.006289696569446985
thubenchmark,deepconvnet,madry,fgsm,full_test,raw,robust,5,"42,43,44,45,46",complete,0.7843998573212057,0.01686005170486075
thubenchmark,deepconvnet,madry,pgd,full_test,raw,clean,5,"42,43,44,45,46",complete,0.9346816479400749,0.006289696569446985
thubenchmark,deepconvnet,madry,pgd,full_test,raw,robust,5,"42,43,44,45,46",complete,0.7620831103977171,0.016131379333502158
thubenchmark,deepconvnet,madry,cw,full_test,raw,clean,5,"42,43,44,45,46",complete,0.9346816479400749,0.006289696569446985
thubenchmark,deepconvnet,madry,cw,full_test,raw,robust,5,"42,43,44,45,46",complete,0.0,0.0
thubenchmark,deepconvnet,trades,autoattack,full_test,raw,clean,5,"42,43,44,45,46",complete,0.9429391831639022,0.009493341243257675
thubenchmark,deepconvnet,trades,autoattack,full_test,raw,robust,5,"42,43,44,45,46",complete,0.6634893882646692,0.03433184640985035
thubenchmark,deepconvnet,trades,fgsm,full_test,raw,clean,5,"42,43,44,45,46",complete,0.9429391831639022,0.009493341243257675
thubenchmark,deepconvnet,trades,fgsm,full_test,raw,robust,5,"42,43,44,45,46",complete,0.7004110932762618,0.026207564888902336
thubenchmark,deepconvnet,trades,pgd,full_test,raw,clean,5,"42,43,44,45,46",complete,0.9429391831639022,0.009493341243257675
thubenchmark,deepconvnet,trades,pgd,full_test,raw,robust,5,"42,43,44,45,46",complete,0.6651560549313358,0.03263109694107358
thubenchmark,deepconvnet,trades,cw,full_test,raw,clean,5,"42,43,44,45,46",complete,0.9429391831639022,0.009493341243257675
thubenchmark,deepconvnet,trades,cw,full_test,raw,robust,5,"42,43,44,45,46",complete,0.0,0.0
thubenchmark,deepconvnet,fbf,autoattack,full_test,raw,clean,5,"42,43,44,45,46",complete,0.9392634207240949,0.006651860103961375
thubenchmark,deepconvnet,fbf,autoattack,full_test,raw,robust,5,"42,43,44,45,46",complete,0.5503219190297842,0.03238368476183027
thubenchmark,deepconvnet,fbf,fgsm,full_test,raw,clean,5,"42,43,44,45,46",complete,0.9392634207240949,0.006651860103961375
thubenchmark,deepconvnet,fbf,fgsm,full_test,raw,robust,5,"42,43,44,45,46",complete,0.6181371499910826,0.023143307078709117
thubenchmark,deepconvnet,fbf,pgd,full_test,raw,clean,5,"42,43,44,45,46",complete,0.9392634207240949,0.006651860103961375
thubenchmark,deepconvnet,fbf,pgd,full_test,raw,robust,5,"42,43,44,45,46",complete,0.5541778134474763,0.033449246778348984
thubenchmark,deepconvnet,fbf,cw,full_test,raw,clean,5,"42,43,44,45,46",complete,0.9392634207240949,0.006651860103961375
thubenchmark,deepconvnet,fbf,cw,full_test,raw,robust,5,"42,43,44,45,46",complete,0.0,0.0
thubenchmark,deepconvnet,ea_forward,autoattack,full_test,raw,clean,5,"42,43,44,45,46",complete,0.9604592473693597,0.0077461580183800765
thubenchmark,deepconvnet,ea_forward,autoattack,full_test,raw,robust,5,"42,43,44,45,46",complete,0.1707865168539326,0.011317749396869572
thubenchmark,deepconvnet,ea_forward,fgsm,full_test,raw,clean,5,"42,43,44,45,46",complete,0.9631246655965757,0.009615969878574606
thubenchmark,deepconvnet,ea_forward,fgsm,full_test,raw,robust,5,"42,43,44,45,46",complete,0.38801854824326737,0.01925438979729574
thubenchmark,deepconvnet,ea_forward,pgd,full_test,raw,clean,5,"42,43,44,45,46",complete,0.9631246655965757,0.009615969878574606
thubenchmark,deepconvnet,ea_forward,pgd,full_test,raw,robust,5,"42,43,44,45,46",complete,0.07889513108614232,0.0043364313805330235
thubenchmark,deepconvnet,ea_forward,cw,full_test,raw,clean,5,"42,43,44,45,46",complete,0.9631246655965757,0.009615969878574606
thubenchmark,deepconvnet,ea_forward,cw,full_test,raw,robust,5,"42,43,44,45,46",complete,0.0,0.0
thubenchmark,deepconvnet,rpcf_at,autoattack,full_test,raw,clean,5,"42,43,44,45,46",complete,0.9402273943285179,0.00565458372484926
thubenchmark,deepconvnet,rpcf_at,autoattack,full_test,raw,robust,5,"42,43,44,45,46",complete,0.7694230426252898,0.01527662219693452
thubenchmark,deepconvnet,rpcf_at,fgsm,full_test,raw,clean,5,"42,43,44,45,46",complete,0.9402273943285179,0.00565458372484926
thubenchmark,deepconvnet,rpcf_at,fgsm,full_test,raw,robust,5,"42,43,44,45,46",complete,0.7944515783841627,0.01662205400866894
thubenchmark,deepconvnet,rpcf_at,pgd,full_test,raw,clean,5,"42,43,44,45,46",complete,0.9402273943285179,0.00565458372484926
thubenchmark,deepconvnet,rpcf_at,pgd,full_test,raw,robust,5,"42,43,44,45,46",complete,0.7711128945960406,0.014848568233754257
thubenchmark,deepconvnet,rpcf_at,cw,full_test,raw,clean,5,"42,43,44,45,46",complete,0.9402273943285179,0.00565458372484926
thubenchmark,deepconvnet,rpcf_at,cw,full_test,raw,robust,5,"42,43,44,45,46",complete,0.0,0.0
thubenchmark,tsception,madry,autoattack,full_test,raw,clean,5,"42,43,44,45,46",complete,0.7962635990725878,0.023100065951361406
thubenchmark,tsception,madry,autoattack,full_test,raw,robust,5,"42,43,44,45,46",complete,0.36597467451400034,0.03307994086908251
thubenchmark,tsception,madry,fgsm,full_test,raw,clean,5,"42,43,44,45,46",complete,0.7962635990725878,0.023100065951361406
thubenchmark,tsception,madry,fgsm,full_test,raw,robust,5,"42,43,44,45,46",complete,0.48823167469234885,0.029178019144375174
thubenchmark,tsception,madry,pgd,full_test,raw,clean,5,"42,43,44,45,46",complete,0.7962635990725878,0.023100065951361406
thubenchmark,tsception,madry,pgd,full_test,raw,robust,5,"42,43,44,45,46",complete,0.40388353843410024,0.02868413804130692
thubenchmark,tsception,madry,cw,full_test,raw,clean,5,"42,43,44,45,46",complete,0.7962635990725878,0.023100065951361406
thubenchmark,tsception,madry,cw,full_test,raw,robust,5,"42,43,44,45,46",complete,0.0019279472088460853,0.0013684637270408233
thubenchmark,tsception,trades,autoattack,full_test,raw,clean,5,"42,43,44,45,46",complete,0.7899393615123952,0.025020264455386475
thubenchmark,tsception,trades,autoattack,full_test,raw,robust,5,"42,43,44,45,46",complete,0.09086409844836811,0.01670591152235213
thubenchmark,tsception,trades,fgsm,full_test,raw,clean,5,"42,43,44,45,46",complete,0.7899393615123952,0.025020264455386475
thubenchmark,tsception,trades,fgsm,full_test,raw,robust,5,"42,43,44,45,46",complete,0.17067683253076513,0.016885195257141376
thubenchmark,tsception,trades,pgd,full_test,raw,clean,5,"42,43,44,45,46",complete,0.7899393615123952,0.025020264455386475
thubenchmark,tsception,trades,pgd,full_test,raw,robust,5,"42,43,44,45,46",complete,0.09686285000891742,0.017540918429253465
thubenchmark,tsception,trades,cw,full_test,raw,clean,5,"42,43,44,45,46",complete,0.7899393615123952,0.025020264455386475
thubenchmark,tsception,trades,cw,full_test,raw,robust,5,"42,43,44,45,46",complete,0.00793829142143749,0.0034485604866193544
thubenchmark,tsception,fbf,autoattack,full_test,raw,clean,5,"42,43,44,45,46",complete,0.7933253076511504,0.00774176789075872
thubenchmark,tsception,fbf,autoattack,full_test,raw,robust,5,"42,43,44,45,46",complete,0.05042357767076868,0.019014708656723486
thubenchmark,tsception,fbf,fgsm,full_test,raw,clean,5,"42,43,44,45,46",complete,0.7933253076511504,0.00774176789075872
thubenchmark,tsception,fbf,fgsm,full_test,raw,robust,5,"42,43,44,45,46",complete,0.12082307829498841,0.021530242654925202
thubenchmark,tsception,fbf,pgd,full_test,raw,clean,5,"42,43,44,45,46",complete,0.7933253076511504,0.00774176789075872
thubenchmark,tsception,fbf,pgd,full_test,raw,robust,5,"42,43,44,45,46",complete,0.056683609773497415,0.0195407059537896
thubenchmark,tsception,fbf,cw,full_test,raw,clean,5,"42,43,44,45,46",complete,0.7933253076511504,0.00774176789075872
thubenchmark,tsception,fbf,cw,full_test,raw,robust,5,"42,43,44,45,46",complete,0.019598715890850722,0.01217808350867622
thubenchmark,tsception,ea_forward,autoattack,full_test,raw,clean,5,"42,43,44,45,46",complete,0.017769752095594792,0.0022931626062195408
thubenchmark,tsception,ea_forward,autoattack,full_test,raw,robust,5,"42,43,44,45,46",complete,0.017531656857499554,0.002343079840751582
thubenchmark,tsception,ea_forward,fgsm,full_test,raw,clean,5,"42,43,44,45,46",complete,0.017769752095594792,0.0022931626062195408
thubenchmark,tsception,ea_forward,fgsm,full_test,raw,robust,5,"42,43,44,45,46",complete,0.017769752095594792,0.0022931626062195408
thubenchmark,tsception,ea_forward,pgd,full_test,raw,clean,5,"42,43,44,45,46",complete,0.017769752095594792,0.0022931626062195408
thubenchmark,tsception,ea_forward,pgd,full_test,raw,robust,5,"42,43,44,45,46",complete,0.017531656857499554,0.002343079840751582
thubenchmark,tsception,ea_forward,cw,full_test,raw,clean,5,"42,43,44,45,46",complete,0.017769752095594792,0.0022931626062195408
thubenchmark,tsception,ea_forward,cw,full_test,raw,robust,5,"42,43,44,45,46",complete,0.017531656857499554,0.002343079840751582
thubenchmark,tsception,rpcf_at,autoattack,full_test,raw,clean,5,"42,43,44,45,46",complete,0.792454075263064,0.0079064785590119
thubenchmark,tsception,rpcf_at,autoattack,full_test,raw,robust,5,"42,43,44,45,46",complete,0.3460567148207598,0.023883451966588257
thubenchmark,tsception,rpcf_at,fgsm,full_test,raw,clean,5,"42,43,44,45,46",complete,0.792454075263064,0.0079064785590119
thubenchmark,tsception,rpcf_at,fgsm,full_test,raw,robust,5,"42,43,44,45,46",complete,0.46050294275013376,0.01847664687912832
thubenchmark,tsception,rpcf_at,pgd,full_test,raw,clean,5,"42,43,44,45,46",complete,0.792454075263064,0.0079064785590119
thubenchmark,tsception,rpcf_at,pgd,full_test,raw,robust,5,"42,43,44,45,46",complete,0.3690529695024077,0.024205347104589423
thubenchmark,tsception,rpcf_at,cw,full_test,raw,clean,5,"42,43,44,45,46",complete,0.792454075263064,0.0079064785590119
thubenchmark,tsception,rpcf_at,cw,full_test,raw,robust,5,"42,43,44,45,46",complete,0.004047619047619047,0.00286704632828388
thubenchmark,atcnet,madry,autoattack,full_test,raw,clean,5,"42,43,44,45,46",complete,0.9541412520064205,0.004616653099057824
thubenchmark,atcnet,madry,autoattack,full_test,raw,robust,5,"42,43,44,45,46",complete,0.8564597824148386,0.013433188406816768
thubenchmark,atcnet,madry,fgsm,full_test,raw,clean,5,"42,43,44,45,46",complete,0.9541412520064205,0.004616653099057824
thubenchmark,atcnet,madry,fgsm,full_test,raw,robust,5,"42,43,44,45,46",complete,0.8670982700196184,0.01688985517282138
thubenchmark,atcnet,madry,pgd,full_test,raw,clean,5,"42,43,44,45,46",complete,0.9541412520064205,0.004616653099057824
thubenchmark,atcnet,madry,pgd,full_test,raw,robust,5,"42,43,44,45,46",complete,0.8612912430889959,0.014631730565913414
thubenchmark,atcnet,madry,cw,full_test,raw,clean,5,"42,43,44,45,46",complete,0.9541412520064205,0.004616653099057824
thubenchmark,atcnet,madry,cw,full_test,raw,robust,5,"42,43,44,45,46",complete,0.0,0.0
thubenchmark,atcnet,trades,autoattack,full_test,raw,clean,5,"42,43,44,45,46",complete,0.9565801676475834,0.005644690532826761
thubenchmark,atcnet,trades,autoattack,full_test,raw,robust,5,"42,43,44,45,46",complete,0.787581594435527,0.022942111654533248
thubenchmark,atcnet,trades,fgsm,full_test,raw,clean,5,"42,43,44,45,46",complete,0.9565801676475834,0.005644690532826761
thubenchmark,atcnet,trades,fgsm,full_test,raw,robust,5,"42,43,44,45,46",complete,0.811541822721598,0.021592739258775938
thubenchmark,atcnet,trades,pgd,full_test,raw,clean,5,"42,43,44,45,46",complete,0.9565801676475834,0.005644690532826761
thubenchmark,atcnet,trades,pgd,full_test,raw,robust,5,"42,43,44,45,46",complete,0.7880577849117175,0.022449783607929857
thubenchmark,atcnet,trades,cw,full_test,raw,clean,5,"42,43,44,45,46",complete,0.9565801676475834,0.005644690532826761
thubenchmark,atcnet,trades,cw,full_test,raw,robust,5,"42,43,44,45,46",complete,0.0007258783663278046,0.0010715687435811064
thubenchmark,atcnet,fbf,autoattack,full_test,raw,clean,5,"42,43,44,45,46",complete,0.9608658819332977,0.004538843222569767
thubenchmark,atcnet,fbf,autoattack,full_test,raw,robust,5,"42,43,44,45,46",complete,0.7005216693418941,0.014801392153568592
thubenchmark,atcnet,fbf,fgsm,full_test,raw,clean,5,"42,43,44,45,46",complete,0.9608658819332977,0.004538843222569767
thubenchmark,atcnet,fbf,fgsm,full_test,raw,robust,5,"42,43,44,45,46",complete,0.7353237025147138,0.012106306999652846
thubenchmark,atcnet,fbf,pgd,full_test,raw,clean,5,"42,43,44,45,46",complete,0.9608658819332977,0.004538843222569767
thubenchmark,atcnet,fbf,pgd,full_test,raw,robust,5,"42,43,44,45,46",complete,0.7034135901551631,0.015056520473138128
thubenchmark,atcnet,fbf,cw,full_test,raw,clean,5,"42,43,44,45,46",complete,0.9608658819332977,0.004538843222569767
thubenchmark,atcnet,fbf,cw,full_test,raw,robust,5,"42,43,44,45,46",complete,0.0,0.0
thubenchmark,atcnet,ea_forward,autoattack,full_test,raw,clean,5,"42,43,44,45,46",complete,0.7819110041020153,0.4211734605076891
thubenchmark,atcnet,ea_forward,autoattack,full_test,raw,robust,5,"42,43,44,45,46",complete,0.26592919564829676,0.14525830982245588
thubenchmark,atcnet,ea_forward,fgsm,full_test,raw,clean,5,"42,43,44,45,46",complete,0.7882174068129124,0.4246954311264021
thubenchmark,atcnet,ea_forward,fgsm,full_test,raw,robust,5,"42,43,44,45,46",complete,0.48405475298733724,0.26880029589319604
thubenchmark,atcnet,ea_forward,pgd,full_test,raw,clean,5,"42,43,44,45,46",complete,0.7882174068129124,0.4246954311264021
thubenchmark,atcnet,ea_forward,pgd,full_test,raw,robust,5,"42,43,44,45,46",complete,0.22623773854110932,0.1267092306660635
thubenchmark,atcnet,ea_forward,cw,full_test,raw,clean,5,"42,43,44,45,46",complete,0.7882174068129124,0.4246954311264021
thubenchmark,atcnet,ea_forward,cw,full_test,raw,robust,5,"42,43,44,45,46",complete,0.0035714285714285713,0.007985957062499249
thubenchmark,atcnet,rpcf_at,autoattack,full_test,raw,clean,5,"42,43,44,45,46",complete,0.9587230247904406,0.005622926465246603
thubenchmark,atcnet,rpcf_at,autoattack,full_test,raw,robust,5,"42,43,44,45,46",complete,0.8583993222757268,0.015099404565379948
thubenchmark,atcnet,rpcf_at,fgsm,full_test,raw,clean,5,"42,43,44,45,46",complete,0.9587230247904406,0.005622926465246603
thubenchmark,atcnet,rpcf_at,fgsm,full_test,raw,robust,5,"42,43,44,45,46",complete,0.8689218833600856,0.012089236859308041
thubenchmark,atcnet,rpcf_at,pgd,full_test,raw,clean,5,"42,43,44,45,46",complete,0.9587230247904406,0.005622926465246603
thubenchmark,atcnet,rpcf_at,pgd,full_test,raw,robust,5,"42,43,44,45,46",complete,0.859589798466203,0.013869563207428852
thubenchmark,atcnet,rpcf_at,cw,full_test,raw,clean,5,"42,43,44,45,46",complete,0.9587230247904406,0.005622926465246603
thubenchmark,atcnet,rpcf_at,cw,full_test,raw,robust,5,"42,43,44,45,46",complete,0.00023809523809523812,0.00053239713749995
thubenchmark,conformer,madry,autoattack,full_test,raw,clean,5,"42,43,44,45,46",complete,0.9402505796326021,0.00623331459261148
thubenchmark,conformer,madry,autoattack,full_test,raw,robust,5,"42,43,44,45,46",complete,0.7464678080970215,0.015226363993237
thubenchmark,conformer,madry,fgsm,full_test,raw,clean,5,"42,43,44,45,46",complete,0.9402505796326021,0.00623331459261148
thubenchmark,conformer,madry,fgsm,full_test,raw,robust,5,"42,43,44,45,46",complete,0.8014553237025147,0.014212249079029838
thubenchmark,conformer,madry,pgd,full_test,raw,clean,5,"42,43,44,45,46",complete,0.9402505796326021,0.00623331459261148
thubenchmark,conformer,madry,pgd,full_test,raw,robust,5,"42,43,44,45,46",complete,0.7560263955769574,0.01472044889988503
thubenchmark,conformer,madry,cw,full_test,raw,clean,5,"42,43,44,45,46",complete,0.9402505796326021,0.00623331459261148
thubenchmark,conformer,madry,cw,full_test,raw,robust,5,"42,43,44,45,46",complete,0.0,0.0
thubenchmark,conformer,trades,autoattack,full_test,raw,clean,5,"42,43,44,45,46",complete,0.9502853575887283,0.005322078795420717
thubenchmark,conformer,trades,autoattack,full_test,raw,robust,5,"42,43,44,45,46",complete,0.5422427322989121,0.1616235384063693
thubenchmark,conformer,trades,fgsm,full_test,raw,clean,5,"42,43,44,45,46",complete,0.9502853575887283,0.005322078795420717
thubenchmark,conformer,trades,fgsm,full_test,raw,robust,5,"42,43,44,45,46",complete,0.7391599785981808,0.08848323736481147
thubenchmark,conformer,trades,pgd,full_test,raw,clean,5,"42,43,44,45,46",complete,0.9502853575887283,0.005322078795420717
thubenchmark,conformer,trades,pgd,full_test,raw,robust,5,"42,43,44,45,46",complete,0.5762065275548421,0.10385735862447076
thubenchmark,conformer,trades,cw,full_test,raw,clean,5,"42,43,44,45,46",complete,0.9502853575887283,0.005322078795420717
thubenchmark,conformer,trades,cw,full_test,raw,robust,5,"42,43,44,45,46",complete,0.00024968789013732833,0.0005583190955055655
thubenchmark,conformer,fbf,autoattack,full_test,raw,clean,5,"42,43,44,45,46",complete,0.9395131086142322,0.01094640073539475
thubenchmark,conformer,fbf,autoattack,full_test,raw,robust,5,"42,43,44,45,46",complete,0.49485197075084714,0.007201486832386768
thubenchmark,conformer,fbf,fgsm,full_test,raw,clean,5,"42,43,44,45,46",complete,0.9395131086142322,0.01094640073539475
thubenchmark,conformer,fbf,fgsm,full_test,raw,robust,5,"42,43,44,45,46",complete,0.679099340110576,0.058114309658221175
thubenchmark,conformer,fbf,pgd,full_test,raw,clean,5,"42,43,44,45,46",complete,0.9395131086142322,0.01094640073539475
thubenchmark,conformer,fbf,pgd,full_test,raw,robust,5,"42,43,44,45,46",complete,0.5715230961298376,0.06387022395113501
thubenchmark,conformer,fbf,cw,full_test,raw,clean,5,"42,43,44,45,46",complete,0.9395131086142322,0.01094640073539475
thubenchmark,conformer,fbf,cw,full_test,raw,robust,5,"42,43,44,45,46",complete,0.0,0.0
thubenchmark,conformer,ea_forward,autoattack,full_test,raw,clean,5,"42,43,44,45,46",complete,0.5833690030319244,0.5103044274242035
thubenchmark,conformer,ea_forward,autoattack,full_test,raw,robust,5,"42,43,44,45,46",complete,0.12701177100053504,0.10340942720896036
thubenchmark,conformer,ea_forward,fgsm,full_test,raw,clean,5,"42,43,44,45,46",complete,0.5838567861601569,0.511828808348362
thubenchmark,conformer,ea_forward,fgsm,full_test,raw,robust,5,"42,43,44,45,46",complete,0.35479222400570715,0.311199077479625
thubenchmark,conformer,ea_forward,pgd,full_test,raw,clean,5,"42,43,44,45,46",complete,0.5838567861601569,0.511828808348362
thubenchmark,conformer,ea_forward,pgd,full_test,raw,robust,5,"42,43,44,45,46",complete,0.10401016586409845,0.08438342629305962
thubenchmark,conformer,ea_forward,cw,full_test,raw,clean,5,"42,43,44,45,46",complete,0.5838567861601569,0.511828808348362
thubenchmark,conformer,ea_forward,cw,full_test,raw,robust,5,"42,43,44,45,46",complete,0.004047619047619048,0.00905075133749915
thubenchmark,conformer,rpcf_at,autoattack,full_test,raw,clean,5,"42,43,44,45,46",complete,0.934693240592117,0.004891148484276138
thubenchmark,conformer,rpcf_at,autoattack,full_test,raw,robust,5,"42,43,44,45,46",complete,0.7338781879793116,0.022231950579386275
thubenchmark,conformer,rpcf_at,fgsm,full_test,raw,clean,5,"42,43,44,45,46",complete,0.934693240592117,0.004891148484276138
thubenchmark,conformer,rpcf_at,fgsm,full_test,raw,robust,5,"42,43,44,45,46",complete,0.7816416978776529,0.01988354964696653
thubenchmark,conformer,rpcf_at,pgd,full_test,raw,clean,5,"42,43,44,45,46",complete,0.934693240592117,0.004891148484276138
thubenchmark,conformer,rpcf_at,pgd,full_test,raw,robust,5,"42,43,44,45,46",complete,0.7418048867487069,0.019786462950875355
thubenchmark,conformer,rpcf_at,cw,full_test,raw,clean,5,"42,43,44,45,46",complete,0.934693240592117,0.004891148484276138
thubenchmark,conformer,rpcf_at,cw,full_test,raw,robust,5,"42,43,44,45,46",complete,0.0,0.0
thubenchmark,tcnet,madry,autoattack,full_test,raw,clean,5,"42,43,44,45,46",complete,0.833661494560371,0.014513236553370595
thubenchmark,tcnet,madry,autoattack,full_test,raw,robust,5,"42,43,44,45,46",complete,0.43220527911539147,0.031312231166016814
thubenchmark,tcnet,madry,fgsm,full_test,raw,clean,5,"42,43,44,45,46",complete,0.833661494560371,0.014513236553370595
thubenchmark,tcnet,madry,fgsm,full_test,raw,robust,5,"42,43,44,45,46",complete,0.5499500624219725,0.022586974842125795
thubenchmark,tcnet,madry,pgd,full_test,raw,clean,5,"42,43,44,45,46",complete,0.833661494560371,0.014513236553370595
thubenchmark,tcnet,madry,pgd,full_test,raw,robust,5,"42,43,44,45,46",complete,0.5012520064205458,0.03206329172090293
thubenchmark,tcnet,madry,cw,full_test,raw,clean,5,"42,43,44,45,46",complete,0.833661494560371,0.014513236553370595
thubenchmark,tcnet,madry,cw,full_test,raw,robust,5,"42,43,44,45,46",complete,0.03343142500445871,0.007236091059254675
thubenchmark,tcnet,trades,autoattack,full_test,raw,clean,5,"42,43,44,45,46",complete,0.8591430354913501,0.02026647681404274
thubenchmark,tcnet,trades,autoattack,full_test,raw,robust,5,"42,43,44,45,46",complete,0.2203451043338684,0.023447316996533706
thubenchmark,tcnet,trades,fgsm,full_test,raw,clean,5,"42,43,44,45,46",complete,0.8591430354913501,0.02026647681404274
thubenchmark,tcnet,trades,fgsm,full_test,raw,robust,5,"42,43,44,45,46",complete,0.36664348136258246,0.0318096167187274
thubenchmark,tcnet,trades,pgd,full_test,raw,clean,5,"42,43,44,45,46",complete,0.8591430354913501,0.02026647681404274
thubenchmark,tcnet,trades,pgd,full_test,raw,robust,5,"42,43,44,45,46",complete,0.2474817192794721,0.024888204176445904
thubenchmark,tcnet,trades,cw,full_test,raw,clean,5,"42,43,44,45,46",complete,0.8591430354913501,0.02026647681404274
thubenchmark,tcnet,trades,cw,full_test,raw,robust,5,"42,43,44,45,46",complete,0.062391653290529696,0.014191736518439281
thubenchmark,tcnet,fbf,autoattack,full_test,raw,clean,5,"42,43,44,45,46",complete,0.8664945603709648,0.01707114821634273
thubenchmark,tcnet,fbf,autoattack,full_test,raw,robust,5,"42,43,44,45,46",complete,0.21021134296415195,0.009972560955464314
thubenchmark,tcnet,fbf,fgsm,full_test,raw,clean,5,"42,43,44,45,46",complete,0.8664945603709648,0.01707114821634273
thubenchmark,tcnet,fbf,fgsm,full_test,raw,robust,5,"42,43,44,45,46",complete,0.3762769752095595,0.014928726227589544
thubenchmark,tcnet,fbf,pgd,full_test,raw,clean,5,"42,43,44,45,46",complete,0.8664945603709648,0.01707114821634273
thubenchmark,tcnet,fbf,pgd,full_test,raw,robust,5,"42,43,44,45,46",complete,0.2411342964151953,0.02047880760336467
thubenchmark,tcnet,fbf,cw,full_test,raw,clean,5,"42,43,44,45,46",complete,0.8664945603709648,0.01707114821634273
thubenchmark,tcnet,fbf,cw,full_test,raw,robust,5,"42,43,44,45,46",complete,0.07459247369359728,0.019319326419880888
thubenchmark,tcnet,ea_forward,autoattack,full_test,raw,clean,5,"42,43,44,45,46",complete,0.02058052434456929,0.006404471473810415
thubenchmark,tcnet,ea_forward,autoattack,full_test,raw,robust,5,"42,43,44,45,46",complete,0.002380952380952381,0.0014580296087995108
thubenchmark,tcnet,ea_forward,fgsm,full_test,raw,clean,5,"42,43,44,45,46",complete,0.02036561441055823,0.004754552020813237
thubenchmark,tcnet,ea_forward,fgsm,full_test,raw,robust,5,"42,43,44,45,46",complete,0.010725878366327804,0.013057614652532249
thubenchmark,tcnet,ea_forward,pgd,full_test,raw,clean,5,"42,43,44,45,46",complete,0.02036561441055823,0.004754552020813237
thubenchmark,tcnet,ea_forward,pgd,full_test,raw,robust,5,"42,43,44,45,46",complete,0.0,0.0
thubenchmark,tcnet,ea_forward,cw,full_test,raw,clean,5,"42,43,44,45,46",complete,0.02036561441055823,0.004754552020813237
thubenchmark,tcnet,ea_forward,cw,full_test,raw,robust,5,"42,43,44,45,46",complete,0.016149456037096485,0.0072342281123205735
thubenchmark,tcnet,rpcf_at,autoattack,full_test,raw,clean,5,"42,43,44,45,46",complete,0.8379989299090422,0.015702908007725277
thubenchmark,tcnet,rpcf_at,autoattack,full_test,raw,robust,5,"42,43,44,45,46",complete,0.4358346709470305,0.02746545529305826
thubenchmark,tcnet,rpcf_at,fgsm,full_test,raw,clean,5,"42,43,44,45,46",complete,0.8379989299090422,0.015702908007725277
thubenchmark,tcnet,rpcf_at,fgsm,full_test,raw,robust,5,"42,43,44,45,46",complete,0.5545666131621187,0.030382239041876636
thubenchmark,tcnet,rpcf_at,pgd,full_test,raw,clean,5,"42,43,44,45,46",complete,0.8379989299090422,0.015702908007725277
thubenchmark,tcnet,rpcf_at,pgd,full_test,raw,robust,5,"42,43,44,45,46",complete,0.4974308899589798,0.027817513020249103
thubenchmark,tcnet,rpcf_at,cw,full_test,raw,clean,5,"42,43,44,45,46",complete,0.8379989299090422,0.015702908007725277
thubenchmark,tcnet,rpcf_at,cw,full_test,raw,robust,5,"42,43,44,45,46",complete,0.03463349384697699,0.012542621118401171
seediv,eegnet,madry,autoattack,full_test,raw,clean,5,"42,43,44,45,46",complete,0.350066401062417,0.02726424711931683
seediv,eegnet,madry,autoattack,full_test,raw,robust,5,"42,43,44,45,46",complete,0.23819389110225764,0.04329324827410452
seediv,eegnet,madry,fgsm,full_test,raw,clean,5,"42,43,44,45,46",complete,0.350066401062417,0.02726424711931683
seediv,eegnet,madry,fgsm,full_test,raw,robust,5,"42,43,44,45,46",complete,0.2602390438247012,0.037392418670222846
seediv,eegnet,madry,pgd,full_test,raw,clean,5,"42,43,44,45,46",complete,0.350066401062417,0.02726424711931683
seediv,eegnet,madry,pgd,full_test,raw,robust,5,"42,43,44,45,46",complete,0.259867197875166,0.03703374828948985
seediv,eegnet,madry,cw,full_test,raw,clean,5,"42,43,44,45,46",complete,0.350066401062417,0.02726424711931683
seediv,eegnet,madry,cw,full_test,raw,robust,5,"42,43,44,45,46",complete,0.03197875166002656,0.03623264493047394
seediv,eegnet,trades,autoattack,full_test,raw,clean,5,"42,43,44,45,46",complete,0.5786985391766268,0.013597018041815649
seediv,eegnet,trades,autoattack,full_test,raw,robust,5,"42,43,44,45,46",complete,0.01609561752988048,0.0012258146888939523
seediv,eegnet,trades,fgsm,full_test,raw,clean,5,"42,43,44,45,46",complete,0.5786985391766268,0.013597018041815649
seediv,eegnet,trades,fgsm,full_test,raw,robust,5,"42,43,44,45,46",complete,0.02358565737051793,0.0018053275397573898
seediv,eegnet,trades,pgd,full_test,raw,clean,5,"42,43,44,45,46",complete,0.5786985391766268,0.013597018041815649
seediv,eegnet,trades,pgd,full_test,raw,robust,5,"42,43,44,45,46",complete,0.019070385126162017,0.0013852222906141087
seediv,eegnet,trades,cw,full_test,raw,clean,5,"42,43,44,45,46",complete,0.5786985391766268,0.013597018041815649
seediv,eegnet,trades,cw,full_test,raw,robust,5,"42,43,44,45,46",complete,0.00015936254980079682,0.0001454774389123947
seediv,eegnet,fbf,autoattack,full_test,raw,clean,5,"42,43,44,45,46",complete,0.5319521912350598,0.007023211211065489
seediv,eegnet,fbf,autoattack,full_test,raw,robust,5,"42,43,44,45,46",complete,0.08,0.008769768077602718
seediv,eegnet,fbf,fgsm,full_test,raw,clean,5,"42,43,44,45,46",complete,0.5319521912350598,0.007023211211065489
seediv,eegnet,fbf,fgsm,full_test,raw,robust,5,"42,43,44,45,46",complete,0.10608233731739708,0.01138788867802431
seediv,eegnet,fbf,pgd,full_test,raw,clean,5,"42,43,44,45,46",complete,0.5319521912350598,0.007023211211065489
seediv,eegnet,fbf,pgd,full_test,raw,robust,5,"42,43,44,45,46",complete,0.09960159362549802,0.010112164579443016
seediv,eegnet,fbf,cw,full_test,raw,clean,5,"42,43,44,45,46",complete,0.5319521912350598,0.007023211211065489
seediv,eegnet,fbf,cw,full_test,raw,robust,5,"42,43,44,45,46",complete,5.312084993359894e-05,0.0001187818314740924
seediv,eegnet,ea_forward,autoattack,full_test,raw,clean,5,"42,43,44,45,46",complete,0.2758565737051793,0.006081699369804666
seediv,eegnet,ea_forward,autoattack,full_test,raw,robust,5,"42,43,44,45,46",complete,0.2196547144754316,0.05031605952316769
seediv,eegnet,ea_forward,fgsm,full_test,raw,clean,5,"42,43,44,45,46",complete,0.2754316069057105,0.005684179165745728
seediv,eegnet,ea_forward,fgsm,full_test,raw,robust,5,"42,43,44,45,46",complete,0.24324037184594954,0.028223123067047457
seediv,eegnet,ea_forward,pgd,full_test,raw,clean,5,"42,43,44,45,46",complete,0.2754316069057105,0.005684179165745728
seediv,eegnet,ea_forward,pgd,full_test,raw,robust,5,"42,43,44,45,46",complete,0.21800796812749004,0.048204573737632754
seediv,eegnet,ea_forward,cw,full_test,raw,clean,5,"42,43,44,45,46",complete,0.2754316069057105,0.005684179165745728
seediv,eegnet,ea_forward,cw,full_test,raw,robust,5,"42,43,44,45,46",complete,0.044090305444887117,0.041505285267271146
seediv,eegnet,rpcf_at,autoattack,full_test,raw,clean,5,"42,43,44,45,46",complete,0.369402390438247,0.018241231147794256
seediv,eegnet,rpcf_at,autoattack,full_test,raw,robust,5,"42,43,44,45,46",complete,0.2710756972111554,0.010064263386994137
seediv,eegnet,rpcf_at,fgsm,full_test,raw,clean,5,"42,43,44,45,46",complete,0.369402390438247,0.018241231147794256
seediv,eegnet,rpcf_at,fgsm,full_test,raw,robust,5,"42,43,44,45,46",complete,0.28632138114209826,0.011290523934572264
seediv,eegnet,rpcf_at,pgd,full_test,raw,clean,5,"42,43,44,45,46",complete,0.369402390438247,0.018241231147794256
seediv,eegnet,rpcf_at,pgd,full_test,raw,robust,5,"42,43,44,45,46",complete,0.2864276228419655,0.011486577745403929
seediv,eegnet,rpcf_at,cw,full_test,raw,clean,5,"42,43,44,45,46",complete,0.369402390438247,0.018241231147794256
seediv,eegnet,rpcf_at,cw,full_test,raw,robust,5,"42,43,44,45,46",complete,0.003346613545816733,0.004121575509433375
seediv,deepconvnet,madry,autoattack,full_test,raw,clean,5,"42,43,44,45,46",complete,0.43612217795484726,0.007032245574966123
seediv,deepconvnet,madry,autoattack,full_test,raw,robust,5,"42,43,44,45,46",complete,0.21625498007968127,0.013817038391809016
seediv,deepconvnet,madry,fgsm,full_test,raw,clean,5,"42,43,44,45,46",complete,0.43612217795484726,0.007032245574966123
seediv,deepconvnet,madry,fgsm,full_test,raw,robust,5,"42,43,44,45,46",complete,0.23760956175298803,0.012861390429393493
seediv,deepconvnet,madry,pgd,full_test,raw,clean,5,"42,43,44,45,46",complete,0.43612217795484726,0.007032245574966123
seediv,deepconvnet,madry,pgd,full_test,raw,robust,5,"42,43,44,45,46",complete,0.23330677290836652,0.013144861383824176
seediv,deepconvnet,madry,cw,full_test,raw,clean,5,"42,43,44,45,46",complete,0.43612217795484726,0.007032245574966123
seediv,deepconvnet,madry,cw,full_test,raw,robust,5,"42,43,44,45,46",complete,0.0013811420982735724,0.00047512732589636967
seediv,deepconvnet,trades,autoattack,full_test,raw,clean,5,"42,43,44,45,46",complete,0.5848605577689243,0.02130056662570938
seediv,deepconvnet,trades,autoattack,full_test,raw,robust,5,"42,43,44,45,46",complete,0.008233731739707834,0.0019787070950532987
seediv,deepconvnet,trades,fgsm,full_test,raw,clean,5,"42,43,44,45,46",complete,0.5848605577689243,0.02130056662570938
seediv,deepconvnet,trades,fgsm,full_test,raw,robust,5,"42,43,44,45,46",complete,0.01450199203187251,0.002234866822625512
seediv,deepconvnet,trades,pgd,full_test,raw,clean,5,"42,43,44,45,46",complete,0.5848605577689243,0.02130056662570938
seediv,deepconvnet,trades,pgd,full_test,raw,robust,5,"42,43,44,45,46",complete,0.008339973439575033,0.0019023643643527207
seediv,deepconvnet,trades,cw,full_test,raw,clean,5,"42,43,44,45,46",complete,0.5848605577689243,0.02130056662570938
seediv,deepconvnet,trades,cw,full_test,raw,robust,5,"42,43,44,45,46",complete,0.00100929614873838,0.0011331064545923794
seediv,deepconvnet,fbf,autoattack,full_test,raw,clean,5,"42,43,44,45,46",complete,0.5584594953519256,0.009014124592513028
seediv,deepconvnet,fbf,autoattack,full_test,raw,robust,5,"42,43,44,45,46",complete,0.03564409030544489,0.007075749055638802
seediv,deepconvnet,fbf,fgsm,full_test,raw,clean,5,"42,43,44,45,46",complete,0.5584594953519256,0.009014124592513028
seediv,deepconvnet,fbf,fgsm,full_test,raw,robust,5,"42,43,44,45,46",complete,0.055298804780876495,0.007228633262177995
seediv,deepconvnet,fbf,pgd,full_test,raw,clean,5,"42,43,44,45,46",complete,0.5584594953519256,0.009014124592513028
seediv,deepconvnet,fbf,pgd,full_test,raw,robust,5,"42,43,44,45,46",complete,0.04154050464807437,0.009295389838118263
seediv,deepconvnet,fbf,cw,full_test,raw,clean,5,"42,43,44,45,46",complete,0.5584594953519256,0.009014124592513028
seediv,deepconvnet,fbf,cw,full_test,raw,robust,5,"42,43,44,45,46",complete,0.00015936254980079682,0.0001454774389123947
seediv,deepconvnet,ea_forward,autoattack,full_test,raw,clean,5,"42,43,44,45,46",complete,0.3397609561752988,0.04874919818706749
seediv,deepconvnet,ea_forward,autoattack,full_test,raw,robust,5,"42,43,44,45,46",complete,0.2156706507304117,0.026675051458726215
seediv,deepconvnet,ea_forward,fgsm,full_test,raw,clean,5,"42,43,44,45,46",complete,0.35431606905710494,0.05586756684590609
seediv,deepconvnet,ea_forward,fgsm,full_test,raw,robust,5,"42,43,44,45,46",complete,0.16743691899070384,0.02188666046052629
seediv,deepconvnet,ea_forward,pgd,full_test,raw,clean,5,"42,43,44,45,46",complete,0.35431606905710494,0.05586756684590609
seediv,deepconvnet,ea_forward,pgd,full_test,raw,robust,5,"42,43,44,45,46",complete,0.12398406374501993,0.018207360200809708
seediv,deepconvnet,ea_forward,cw,full_test,raw,clean,5,"42,43,44,45,46",complete,0.35431606905710494,0.05586756684590609
seediv,deepconvnet,ea_forward,cw,full_test,raw,robust,5,"42,43,44,45,46",complete,0.0029747675962815408,0.005768567217884278
seediv,deepconvnet,rpcf_at,autoattack,full_test,raw,clean,5,"42,43,44,45,46",complete,0.4399468791500664,0.008568773461430755
seediv,deepconvnet,rpcf_at,autoattack,full_test,raw,robust,5,"42,43,44,45,46",complete,0.18326693227091634,0.007334237063205358
seediv,deepconvnet,rpcf_at,fgsm,full_test,raw,clean,5,"42,43,44,45,46",complete,0.4399468791500664,0.008568773461430755
seediv,deepconvnet,rpcf_at,fgsm,full_test,raw,robust,5,"42,43,44,45,46",complete,0.2098804780876494,0.006574442927467588
seediv,deepconvnet,rpcf_at,pgd,full_test,raw,clean,5,"42,43,44,45,46",complete,0.4399468791500664,0.008568773461430755
seediv,deepconvnet,rpcf_at,pgd,full_test,raw,robust,5,"42,43,44,45,46",complete,0.20228419654714475,0.00723399882625453
seediv,deepconvnet,rpcf_at,cw,full_test,raw,clean,5,"42,43,44,45,46",complete,0.4399468791500664,0.008568773461430755
seediv,deepconvnet,rpcf_at,cw,full_test,raw,robust,5,"42,43,44,45,46",complete,0.001965471447543161,0.0008099840999722128
seediv,tsception,madry,autoattack,full_test,raw,clean,5,"42,43,44,45,46",complete,0.490730411686587,0.009200034337248395
seediv,tsception,madry,autoattack,full_test,raw,robust,5,"42,43,44,45,46",complete,0.3048605577689243,0.00735920311650603
seediv,tsception,madry,fgsm,full_test,raw,clean,5,"42,43,44,45,46",complete,0.490730411686587,0.009200034337248395
seediv,tsception,madry,fgsm,full_test,raw,robust,5,"42,43,44,45,46",complete,0.3470916334661355,0.00996175286057817
seediv,tsception,madry,pgd,full_test,raw,clean,5,"42,43,44,45,46",complete,0.490730411686587,0.009200034337248395
seediv,tsception,madry,pgd,full_test,raw,robust,5,"42,43,44,45,46",complete,0.3393891102257636,0.00860942972826845
seediv,tsception,madry,cw,full_test,raw,clean,5,"42,43,44,45,46",complete,0.490730411686587,0.009200034337248395
seediv,tsception,madry,cw,full_test,raw,robust,5,"42,43,44,45,46",complete,0.0029747675962815403,0.002550354078971114
seediv,tsception,trades,autoattack,full_test,raw,clean,5,"42,43,44,45,46",complete,0.6565737051792828,0.00962609310726169
seediv,tsception,trades,autoattack,full_test,raw,robust,5,"42,43,44,45,46",complete,0.0044090305444887115,0.0010389167179605816
seediv,tsception,trades,fgsm,full_test,raw,clean,5,"42,43,44,45,46",complete,0.6565737051792828,0.00962609310726169
seediv,tsception,trades,fgsm,full_test,raw,robust,5,"42,43,44,45,46",complete,0.011420982735723771,0.002702123499253095
seediv,tsception,trades,pgd,full_test,raw,clean,5,"42,43,44,45,46",complete,0.6565737051792828,0.00962609310726169
seediv,tsception,trades,pgd,full_test,raw,robust,5,"42,43,44,45,46",complete,0.004887118193891102,0.0011047348920629706
seediv,tsception,trades,cw,full_test,raw,clean,5,"42,43,44,45,46",complete,0.6565737051792828,0.00962609310726169
seediv,tsception,trades,cw,full_test,raw,robust,5,"42,43,44,45,46",complete,0.00021248339973439575,0.0003463055726535272
seediv,tsception,fbf,autoattack,full_test,raw,clean,5,"42,43,44,45,46",complete,0.6465869853917663,0.005654938406943248
seediv,tsception,fbf,autoattack,full_test,raw,robust,5,"42,43,44,45,46",complete,0.027304116865869855,0.003351247871572378
seediv,tsception,fbf,fgsm,full_test,raw,clean,5,"42,43,44,45,46",complete,0.6465869853917663,0.005654938406943248
seediv,tsception,fbf,fgsm,full_test,raw,robust,5,"42,43,44,45,46",complete,0.06772908366533864,0.005394447811843266
seediv,tsception,fbf,pgd,full_test,raw,clean,5,"42,43,44,45,46",complete,0.6465869853917663,0.005654938406943248
seediv,tsception,fbf,pgd,full_test,raw,robust,5,"42,43,44,45,46",complete,0.03559096945551129,0.004534759914731438
seediv,tsception,fbf,cw,full_test,raw,clean,5,"42,43,44,45,46",complete,0.6465869853917663,0.005654938406943248
seediv,tsception,fbf,cw,full_test,raw,robust,5,"42,43,44,45,46",complete,0.0012749003984063743,0.001148565647300911
seediv,tsception,ea_forward,autoattack,full_test,raw,clean,5,"42,43,44,45,46",complete,0.27049136786188577,0.00214630585400659
seediv,tsception,ea_forward,autoattack,full_test,raw,robust,5,"42,43,44,45,46",complete,0.27049136786188577,0.00214630585400659
seediv,tsception,ea_forward,fgsm,full_test,raw,clean,5,"42,43,44,45,46",complete,0.2705444887118194,0.002187005455536679
seediv,tsception,ea_forward,fgsm,full_test,raw,robust,5,"42,43,44,45,46",complete,0.270597609561753,0.0022332879691450702
seediv,tsception,ea_forward,pgd,full_test,raw,clean,5,"42,43,44,45,46",complete,0.2705444887118194,0.002187005455536679
seediv,tsception,ea_forward,pgd,full_test,raw,robust,5,"42,43,44,45,46",complete,0.27049136786188577,0.00214630585400659
seediv,tsception,ea_forward,cw,full_test,raw,clean,5,"42,43,44,45,46",complete,0.2705444887118194,0.002187005455536679
seediv,tsception,ea_forward,cw,full_test,raw,robust,5,"42,43,44,45,46",complete,0.270597609561753,0.0022332879691450702
seediv,tsception,rpcf_at,autoattack,full_test,raw,clean,5,"42,43,44,45,46",complete,0.4949269588313413,0.0046787076305491795
seediv,tsception,rpcf_at,autoattack,full_test,raw,robust,5,"42,43,44,45,46",complete,0.2950332005312085,0.007005611040743663
seediv,tsception,rpcf_at,fgsm,full_test,raw,clean,5,"42,43,44,45,46",complete,0.4949269588313413,0.0046787076305491795
seediv,tsception,rpcf_at,fgsm,full_test,raw,robust,5,"42,43,44,45,46",complete,0.33763612217795486,0.005540889162456438
seediv,tsception,rpcf_at,pgd,full_test,raw,clean,5,"42,43,44,45,46",complete,0.4949269588313413,0.0046787076305491795
seediv,tsception,rpcf_at,pgd,full_test,raw,robust,5,"42,43,44,45,46",complete,0.3293492695883134,0.004534759914731436
seediv,tsception,rpcf_at,cw,full_test,raw,clean,5,"42,43,44,45,46",complete,0.4949269588313413,0.0046787076305491795
seediv,tsception,rpcf_at,cw,full_test,raw,robust,5,"42,43,44,45,46",complete,0.002549800796812749,0.0031460372100581223
seediv,atcnet,madry,autoattack,full_test,raw,clean,5,"42,43,44,45,46",complete,0.4497211155378486,0.012124186696981653
seediv,atcnet,madry,autoattack,full_test,raw,robust,5,"42,43,44,45,46",complete,0.26693227091633465,0.008565479679467247
seediv,atcnet,madry,fgsm,full_test,raw,clean,5,"42,43,44,45,46",complete,0.4497211155378486,0.012124186696981653
seediv,atcnet,madry,fgsm,full_test,raw,robust,5,"42,43,44,45,46",complete,0.29211155378486053,0.009475410667514608
seediv,atcnet,madry,pgd,full_test,raw,clean,5,"42,43,44,45,46",complete,0.4497211155378486,0.012124186696981653
seediv,atcnet,madry,pgd,full_test,raw,robust,5,"42,43,44,45,46",complete,0.28929614873837983,0.009687093491907
seediv,atcnet,madry,cw,full_test,raw,clean,5,"42,43,44,45,46",complete,0.4497211155378486,0.012124186696981653
seediv,atcnet,madry,cw,full_test,raw,robust,5,"42,43,44,45,46",complete,0.002390438247011952,0.003170607273921201
seediv,atcnet,trades,autoattack,full_test,raw,clean,5,"42,43,44,45,46",complete,0.6197609561752988,0.004525416306078919
seediv,atcnet,trades,autoattack,full_test,raw,robust,5,"42,43,44,45,46",complete,0.018273572377158036,0.0022490266273589954
seediv,atcnet,trades,fgsm,full_test,raw,clean,5,"42,43,44,45,46",complete,0.6197609561752988,0.004525416306078919
seediv,atcnet,trades,fgsm,full_test,raw,robust,5,"42,43,44,45,46",complete,0.032988047808764936,0.004749045577388259
seediv,atcnet,trades,pgd,full_test,raw,clean,5,"42,43,44,45,46",complete,0.6197609561752988,0.004525416306078919
seediv,atcnet,trades,pgd,full_test,raw,robust,5,"42,43,44,45,46",complete,0.018751660026560424,0.0022894408435070327
seediv,atcnet,trades,cw,full_test,raw,clean,5,"42,43,44,45,46",complete,0.6197609561752988,0.004525416306078919
seediv,atcnet,trades,cw,full_test,raw,robust,5,"42,43,44,45,46",complete,0.00100929614873838,0.0013852222906141087
seediv,atcnet,fbf,autoattack,full_test,raw,clean,5,"42,43,44,45,46",complete,0.5662151394422311,0.016941928865540606
seediv,atcnet,fbf,autoattack,full_test,raw,robust,5,"42,43,44,45,46",complete,0.053705179282868526,0.004516834352081023
seediv,atcnet,fbf,fgsm,full_test,raw,clean,5,"42,43,44,45,46",complete,0.5662151394422311,0.016941928865540606
seediv,atcnet,fbf,fgsm,full_test,raw,robust,5,"42,43,44,45,46",complete,0.08228419654714475,0.005725604634024017
seediv,atcnet,fbf,pgd,full_test,raw,clean,5,"42,43,44,45,46",complete,0.5662151394422311,0.016941928865540606
seediv,atcnet,fbf,pgd,full_test,raw,robust,5,"42,43,44,45,46",complete,0.05954847277556441,0.004826402685152663
seediv,atcnet,fbf,cw,full_test,raw,clean,5,"42,43,44,45,46",complete,0.5662151394422311,0.016941928865540606
seediv,atcnet,fbf,cw,full_test,raw,robust,5,"42,43,44,45,46",complete,0.00010624169986719787,0.0001454774389123947
seediv,atcnet,ea_forward,autoattack,full_test,raw,clean,5,"42,43,44,45,46",complete,0.3201593625498008,0.03092984010633395
seediv,atcnet,ea_forward,autoattack,full_test,raw,robust,5,"42,43,44,45,46",complete,0.2438778220451527,0.06716569050100282
seediv,atcnet,ea_forward,fgsm,full_test,raw,clean,5,"42,43,44,45,46",complete,0.32074369189907037,0.031361890281955136
seediv,atcnet,ea_forward,fgsm,full_test,raw,robust,5,"42,43,44,45,46",complete,0.20297476759628155,0.0577844615884343
seediv,atcnet,ea_forward,pgd,full_test,raw,clean,5,"42,43,44,45,46",complete,0.32074369189907037,0.031361890281955136
seediv,atcnet,ea_forward,pgd,full_test,raw,robust,5,"42,43,44,45,46",complete,0.16754316069057104,0.06346813482254848
seediv,atcnet,ea_forward,cw,full_test,raw,clean,5,"42,43,44,45,46",complete,0.32074369189907037,0.031361890281955136
seediv,atcnet,ea_forward,cw,full_test,raw,robust,5,"42,43,44,45,46",complete,0.05434262948207171,0.027034676997908236
seediv,atcnet,rpcf_at,autoattack,full_test,raw,clean,5,"42,43,44,45,46",complete,0.4501460823373174,0.01065301529044525
seediv,atcnet,rpcf_at,autoattack,full_test,raw,robust,5,"42,43,44,45,46",complete,0.2591235059760956,0.006289831656038531
seediv,atcnet,rpcf_at,fgsm,full_test,raw,clean,5,"42,43,44,45,46",complete,0.4501460823373174,0.01065301529044525
seediv,atcnet,rpcf_at,fgsm,full_test,raw,robust,5,"42,43,44,45,46",complete,0.2852589641434263,0.008633159608576359
seediv,atcnet,rpcf_at,pgd,full_test,raw,clean,5,"42,43,44,45,46",complete,0.4501460823373174,0.01065301529044525
seediv,atcnet,rpcf_at,pgd,full_test,raw,robust,5,"42,43,44,45,46",complete,0.28292164674634795,0.008070174348932981
seediv,atcnet,rpcf_at,cw,full_test,raw,clean,5,"42,43,44,45,46",complete,0.4501460823373174,0.01065301529044525
seediv,atcnet,rpcf_at,cw,full_test,raw,robust,5,"42,43,44,45,46",complete,0.0015936254980079682,0.002412470401671308
seediv,conformer,madry,autoattack,full_test,raw,clean,5,"42,43,44,45,46",complete,0.6088180610889774,0.021171341231469482
seediv,conformer,madry,autoattack,full_test,raw,robust,5,"42,43,44,45,46",complete,0.3141567065073041,0.012042450987025013
seediv,conformer,madry,fgsm,full_test,raw,clean,5,"42,43,44,45,46",complete,0.6088180610889774,0.021171341231469482
seediv,conformer,madry,fgsm,full_test,raw,robust,5,"42,43,44,45,46",complete,0.38756972111553784,0.009808315783315917
seediv,conformer,madry,pgd,full_test,raw,clean,5,"42,43,44,45,46",complete,0.6088180610889774,0.021171341231469482
seediv,conformer,madry,pgd,full_test,raw,robust,5,"42,43,44,45,46",complete,0.3517131474103586,0.008041714214569248
seediv,conformer,madry,cw,full_test,raw,clean,5,"42,43,44,45,46",complete,0.6088180610889774,0.021171341231469482
seediv,conformer,madry,cw,full_test,raw,robust,5,"42,43,44,45,46",complete,0.27835325365205843,0.15930687385114572
seediv,conformer,trades,autoattack,full_test,raw,clean,5,"42,43,44,45,46",complete,0.6943426294820717,0.010626493769768373
seediv,conformer,trades,autoattack,full_test,raw,robust,5,"42,43,44,45,46",complete,0.00047808764940239046,0.00043643231673718417
seediv,conformer,trades,fgsm,full_test,raw,clean,5,"42,43,44,45,46",complete,0.6943426294820717,0.010626493769768373
seediv,conformer,trades,fgsm,full_test,raw,robust,5,"42,43,44,45,46",complete,0.381726427622842,0.05135010150964234
seediv,conformer,trades,pgd,full_test,raw,clean,5,"42,43,44,45,46",complete,0.6943426294820717,0.010626493769768373
seediv,conformer,trades,pgd,full_test,raw,robust,5,"42,43,44,45,46",complete,0.2449933598937583,0.07638041216221662
seediv,conformer,trades,cw,full_test,raw,clean,5,"42,43,44,45,46",complete,0.6943426294820717,0.010626493769768373
seediv,conformer,trades,cw,full_test,raw,robust,5,"42,43,44,45,46",complete,0.14087649402390437,0.032384445534446346
seediv,conformer,fbf,autoattack,full_test,raw,clean,5,"42,43,44,45,46",complete,0.6605046480743691,0.015761995462010188
seediv,conformer,fbf,autoattack,full_test,raw,robust,5,"42,43,44,45,46",complete,0.04191235059760956,0.010544856670984442
seediv,conformer,fbf,fgsm,full_test,raw,clean,5,"42,43,44,45,46",complete,0.6605046480743691,0.015761995462010188
seediv,conformer,fbf,fgsm,full_test,raw,robust,5,"42,43,44,45,46",complete,0.1253652058432935,0.007894748444994344
seediv,conformer,fbf,pgd,full_test,raw,clean,5,"42,43,44,45,46",complete,0.6605046480743691,0.015761995462010188
seediv,conformer,fbf,pgd,full_test,raw,robust,5,"42,43,44,45,46",complete,0.053811420982735725,0.011449669029797683
seediv,conformer,fbf,cw,full_test,raw,clean,5,"42,43,44,45,46",complete,0.6605046480743691,0.015761995462010188
seediv,conformer,fbf,cw,full_test,raw,robust,5,"42,43,44,45,46",complete,0.09322709163346614,0.05584830690316237
seediv,conformer,ea_forward,autoattack,full_test,raw,clean,5,"42,43,44,45,46",complete,0.34438247011952194,0.028968889449941915
seediv,conformer,ea_forward,autoattack,full_test,raw,robust,5,"42,43,44,45,46",complete,0.2751128818061089,0.03760687935452685
seediv,conformer,ea_forward,fgsm,full_test,raw,clean,5,"42,43,44,45,46",complete,0.3601593625498008,0.030967109175603198
seediv,conformer,ea_forward,fgsm,full_test,raw,robust,5,"42,43,44,45,46",complete,0.2152456839309429,0.04085715159429769
seediv,conformer,ea_forward,pgd,full_test,raw,clean,5,"42,43,44,45,46",complete,0.3601593625498008,0.030967109175603198
seediv,conformer,ea_forward,pgd,full_test,raw,robust,5,"42,43,44,45,46",complete,0.17147410358565737,0.030500921639991633
seediv,conformer,ea_forward,cw,full_test,raw,clean,5,"42,43,44,45,46",complete,0.3601593625498008,0.030967109175603198
seediv,conformer,ea_forward,cw,full_test,raw,robust,5,"42,43,44,45,46",complete,0.17019920318725099,0.05501131459371561
seediv,conformer,rpcf_at,autoattack,full_test,raw,clean,5,"42,43,44,45,46",complete,0.5950066401062417,0.024018761328448573
seediv,conformer,rpcf_at,autoattack,full_test,raw,robust,5,"42,43,44,45,46",complete,0.26645418326693227,0.020563670393901695
seediv,conformer,rpcf_at,fgsm,full_test,raw,clean,5,"42,43,44,45,46",complete,0.5950066401062417,0.024018761328448573
seediv,conformer,rpcf_at,fgsm,full_test,raw,robust,5,"42,43,44,45,46",complete,0.33646746347941564,0.023288055805638773
seediv,conformer,rpcf_at,pgd,full_test,raw,clean,5,"42,43,44,45,46",complete,0.5950066401062417,0.024018761328448573
seediv,conformer,rpcf_at,pgd,full_test,raw,robust,5,"42,43,44,45,46",complete,0.29391766268260294,0.021000043293128948
seediv,conformer,rpcf_at,cw,full_test,raw,clean,5,"42,43,44,45,46",complete,0.5950066401062417,0.024018761328448573
seediv,conformer,rpcf_at,cw,full_test,raw,robust,5,"42,43,44,45,46",complete,0.2530677290836653,0.15173087657409515
seediv,tcnet,madry,autoattack,full_test,raw,clean,5,"42,43,44,45,46",complete,0.41747675962815406,0.011969001016745593
seediv,tcnet,madry,autoattack,full_test,raw,robust,5,"42,43,44,45,46",complete,0.3031075697211155,0.0028445706742077723
seediv,tcnet,madry,fgsm,full_test,raw,clean,5,"42,43,44,45,46",complete,0.41747675962815406,0.011969001016745593
seediv,tcnet,madry,fgsm,full_test,raw,robust,5,"42,43,44,45,46",complete,0.32786188579017267,0.002633369361582032
seediv,tcnet,madry,pgd,full_test,raw,clean,5,"42,43,44,45,46",complete,0.41747675962815406,0.011969001016745593
seediv,tcnet,madry,pgd,full_test,raw,robust,5,"42,43,44,45,46",complete,0.32180610889774236,0.003157229124487479
seediv,tcnet,madry,cw,full_test,raw,clean,5,"42,43,44,45,46",complete,0.41747675962815406,0.011969001016745593
seediv,tcnet,madry,cw,full_test,raw,robust,5,"42,43,44,45,46",complete,0.005790172642762284,0.008385273812114954
seediv,tcnet,trades,autoattack,full_test,raw,clean,5,"42,43,44,45,46",complete,0.6237981407702523,0.012857275969315261
seediv,tcnet,trades,autoattack,full_test,raw,robust,5,"42,43,44,45,46",complete,0.003452855245683931,0.002629347924730854
seediv,tcnet,trades,fgsm,full_test,raw,clean,5,"42,43,44,45,46",complete,0.6237981407702523,0.012857275969315261
seediv,tcnet,trades,fgsm,full_test,raw,robust,5,"42,43,44,45,46",complete,0.013386454183266934,0.00452931181881375
seediv,tcnet,trades,pgd,full_test,raw,clean,5,"42,43,44,45,46",complete,0.6237981407702523,0.012857275969315261
seediv,tcnet,trades,pgd,full_test,raw,robust,5,"42,43,44,45,46",complete,0.004143426294820717,0.0025448158442504085
seediv,tcnet,trades,cw,full_test,raw,clean,5,"42,43,44,45,46",complete,0.6237981407702523,0.012857275969315261
seediv,tcnet,trades,cw,full_test,raw,robust,5,"42,43,44,45,46",complete,0.008233731739707834,0.0023978047922002376
seediv,tcnet,fbf,autoattack,full_test,raw,clean,5,"42,43,44,45,46",complete,0.5681806108897742,0.010350730853843476
seediv,tcnet,fbf,autoattack,full_test,raw,robust,5,"42,43,44,45,46",complete,0.053811420982735725,0.005121411969840298
seediv,tcnet,fbf,fgsm,full_test,raw,clean,5,"42,43,44,45,46",complete,0.5681806108897742,0.010350730853843476
seediv,tcnet,fbf,fgsm,full_test,raw,robust,5,"42,43,44,45,46",complete,0.12302788844621514,0.010733829810733066
seediv,tcnet,fbf,pgd,full_test,raw,clean,5,"42,43,44,45,46",complete,0.5681806108897742,0.010350730853843476
seediv,tcnet,fbf,pgd,full_test,raw,robust,5,"42,43,44,45,46",complete,0.06586985391766269,0.006864726684366579
seediv,tcnet,fbf,cw,full_test,raw,clean,5,"42,43,44,45,46",complete,0.5681806108897742,0.010350730853843476
seediv,tcnet,fbf,cw,full_test,raw,robust,5,"42,43,44,45,46",complete,0.007436918990703851,0.0017110356874800964
seediv,tcnet,ea_forward,autoattack,full_test,raw,clean,5,"42,43,44,45,46",complete,0.3341301460823373,0.040604018919575116
seediv,tcnet,ea_forward,autoattack,full_test,raw,robust,5,"42,43,44,45,46",complete,0.22895086321381142,0.026561088969123712
seediv,tcnet,ea_forward,fgsm,full_test,raw,clean,5,"42,43,44,45,46",complete,0.32058432934926956,0.03312235151139746
seediv,tcnet,ea_forward,fgsm,full_test,raw,robust,5,"42,43,44,45,46",complete,0.2532802124833997,0.019920849926516347
seediv,tcnet,ea_forward,pgd,full_test,raw,clean,5,"42,43,44,45,46",complete,0.32058432934926956,0.03312235151139746
seediv,tcnet,ea_forward,pgd,full_test,raw,robust,5,"42,43,44,45,46",complete,0.19373173970783533,0.03887206893990814
seediv,tcnet,ea_forward,cw,full_test,raw,clean,5,"42,43,44,45,46",complete,0.32058432934926956,0.03312235151139746
seediv,tcnet,ea_forward,cw,full_test,raw,robust,5,"42,43,44,45,46",complete,0.09354581673306774,0.09471825161417058
seediv,tcnet,rpcf_at,autoattack,full_test,raw,clean,5,"42,43,44,45,46",complete,0.41933598937583,0.012406021665810264
seediv,tcnet,rpcf_at,autoattack,full_test,raw,robust,5,"42,43,44,45,46",complete,0.30172642762284196,0.0021248339973439535
seediv,tcnet,rpcf_at,fgsm,full_test,raw,clean,5,"42,43,44,45,46",complete,0.41933598937583,0.012406021665810264
seediv,tcnet,rpcf_at,fgsm,full_test,raw,robust,5,"42,43,44,45,46",complete,0.32669322709163345,0.0025887899986212406
seediv,tcnet,rpcf_at,pgd,full_test,raw,clean,5,"42,43,44,45,46",complete,0.41933598937583,0.012406021665810264
seediv,tcnet,rpcf_at,pgd,full_test,raw,robust,5,"42,43,44,45,46",complete,0.3201593625498008,0.0010389167179605818
seediv,tcnet,rpcf_at,cw,full_test,raw,clean,5,"42,43,44,45,46",complete,0.41933598937583,0.012406021665810264
seediv,tcnet,rpcf_at,cw,full_test,raw,robust,5,"42,43,44,45,46",complete,0.006268260292164675,0.007694734350113558
bciciv2a,eegnet,madry,autoattack,full_test,raw,clean,5,"42,43,44,45,46",complete,0.5057471264367815,0.0333465425010138
bciciv2a,eegnet,madry,autoattack,full_test,raw,robust,5,"42,43,44,45,46",complete,0.2743295019157088,0.024585344409433826
bciciv2a,eegnet,madry,fgsm,full_test,raw,clean,5,"42,43,44,45,46",complete,0.5057471264367815,0.0333465425010138
bciciv2a,eegnet,madry,fgsm,full_test,raw,robust,5,"42,43,44,45,46",complete,0.30191570881226054,0.02932348890165045
bciciv2a,eegnet,madry,pgd,full_test,raw,clean,5,"42,43,44,45,46",complete,0.5057471264367815,0.0333465425010138
bciciv2a,eegnet,madry,pgd,full_test,raw,robust,5,"42,43,44,45,46",complete,0.3015325670498084,0.028850345742554327
bciciv2a,eegnet,madry,cw,full_test,raw,clean,5,"42,43,44,45,46",complete,0.5057471264367815,0.0333465425010138
bciciv2a,eegnet,madry,cw,full_test,raw,robust,5,"42,43,44,45,46",complete,0.0007662835249042145,0.0017134620517239767
bciciv2a,eegnet,trades,autoattack,full_test,raw,clean,5,"42,43,44,45,46",complete,0.6804597701149425,0.02056154462068771
bciciv2a,eegnet,trades,autoattack,full_test,raw,robust,5,"42,43,44,45,46",complete,0.03639846743295019,0.0054184427677130085
bciciv2a,eegnet,trades,fgsm,full_test,raw,clean,5,"42,43,44,45,46",complete,0.6804597701149425,0.02056154462068771
bciciv2a,eegnet,trades,fgsm,full_test,raw,robust,5,"42,43,44,45,46",complete,0.04865900383141762,0.008306315474589578
bciciv2a,eegnet,trades,pgd,full_test,raw,clean,5,"42,43,44,45,46",complete,0.6804597701149425,0.02056154462068771
bciciv2a,eegnet,trades,pgd,full_test,raw,robust,5,"42,43,44,45,46",complete,0.03946360153256705,0.005997117181033918
bciciv2a,eegnet,trades,cw,full_test,raw,clean,5,"42,43,44,45,46",complete,0.6804597701149425,0.02056154462068771
bciciv2a,eegnet,trades,cw,full_test,raw,robust,5,"42,43,44,45,46",complete,0.0,0.0
bciciv2a,eegnet,fbf,autoattack,full_test,raw,clean,5,"42,43,44,45,46",complete,0.6590038314176245,0.024382992454708537
bciciv2a,eegnet,fbf,autoattack,full_test,raw,robust,5,"42,43,44,45,46",complete,0.06666666666666667,0.0088205857725834
bciciv2a,eegnet,fbf,fgsm,full_test,raw,clean,5,"42,43,44,45,46",complete,0.6590038314176245,0.024382992454708537
bciciv2a,eegnet,fbf,fgsm,full_test,raw,robust,5,"42,43,44,45,46",complete,0.08122605363984674,0.010191138757295314
bciciv2a,eegnet,fbf,pgd,full_test,raw,clean,5,"42,43,44,45,46",complete,0.6590038314176245,0.024382992454708537
bciciv2a,eegnet,fbf,pgd,full_test,raw,robust,5,"42,43,44,45,46",complete,0.07011494252873562,0.006986430087666849
bciciv2a,eegnet,fbf,cw,full_test,raw,clean,5,"42,43,44,45,46",complete,0.6590038314176245,0.024382992454708537
bciciv2a,eegnet,fbf,cw,full_test,raw,robust,5,"42,43,44,45,46",complete,0.0,0.0
bciciv2a,eegnet,ea_forward,autoattack,full_test,raw,clean,5,"42,43,44,45,46",complete,0.28620689655172415,0.02981990146516584
bciciv2a,eegnet,ea_forward,autoattack,full_test,raw,robust,5,"42,43,44,45,46",complete,0.0034482758620689655,0.003147830790259575
bciciv2a,eegnet,ea_forward,fgsm,full_test,raw,clean,5,"42,43,44,45,46",complete,0.28812260536398465,0.025616114406814994
bciciv2a,eegnet,ea_forward,fgsm,full_test,raw,robust,5,"42,43,44,45,46",complete,0.0,0.0
bciciv2a,eegnet,ea_forward,pgd,full_test,raw,clean,5,"42,43,44,45,46",complete,0.28812260536398465,0.025616114406814994
bciciv2a,eegnet,ea_forward,pgd,full_test,raw,robust,5,"42,43,44,45,46",complete,0.0,0.0
bciciv2a,eegnet,ea_forward,cw,full_test,raw,clean,5,"42,43,44,45,46",complete,0.28812260536398465,0.025616114406814994
bciciv2a,eegnet,ea_forward,cw,full_test,raw,robust,5,"42,43,44,45,46",complete,0.2103448275862069,0.05481405007328148
bciciv2a,eegnet,rpcf_at,autoattack,full_test,raw,clean,5,"42,43,44,45,46",complete,0.5038314176245211,0.03124426519214578
bciciv2a,eegnet,rpcf_at,autoattack,full_test,raw,robust,5,"42,43,44,45,46",complete,0.2639846743295019,0.024019046771888854
bciciv2a,eegnet,rpcf_at,fgsm,full_test,raw,clean,5,"42,43,44,45,46",complete,0.5038314176245211,0.03124426519214578
bciciv2a,eegnet,rpcf_at,fgsm,full_test,raw,robust,5,"42,43,44,45,46",complete,0.2850574712643678,0.02969039657633621
bciciv2a,eegnet,rpcf_at,pgd,full_test,raw,clean,5,"42,43,44,45,46",complete,0.5038314176245211,0.03124426519214578
bciciv2a,eegnet,rpcf_at,pgd,full_test,raw,robust,5,"42,43,44,45,46",complete,0.2839080459770115,0.029002591368238403
bciciv2a,eegnet,rpcf_at,cw,full_test,raw,clean,5,"42,43,44,45,46",complete,0.5038314176245211,0.03124426519214578
bciciv2a,eegnet,rpcf_at,cw,full_test,raw,robust,5,"42,43,44,45,46",complete,0.0,0.0
bciciv2a,deepconvnet,madry,autoattack,full_test,raw,clean,5,"42,43,44,45,46",complete,0.4206896551724138,0.02065947848972093
bciciv2a,deepconvnet,madry,autoattack,full_test,raw,robust,5,"42,43,44,45,46",complete,0.15478927203065135,0.018543823816597794
bciciv2a,deepconvnet,madry,fgsm,full_test,raw,clean,5,"42,43,44,45,46",complete,0.4206896551724138,0.02065947848972093
bciciv2a,deepconvnet,madry,fgsm,full_test,raw,robust,5,"42,43,44,45,46",complete,0.17777777777777778,0.022561487387643353
bciciv2a,deepconvnet,madry,pgd,full_test,raw,clean,5,"42,43,44,45,46",complete,0.4206896551724138,0.02065947848972093
bciciv2a,deepconvnet,madry,pgd,full_test,raw,robust,5,"42,43,44,45,46",complete,0.17203065134099618,0.021392558276082184
bciciv2a,deepconvnet,madry,cw,full_test,raw,clean,5,"42,43,44,45,46",complete,0.4206896551724138,0.02065947848972093
bciciv2a,deepconvnet,madry,cw,full_test,raw,robust,5,"42,43,44,45,46",complete,0.0,0.0
bciciv2a,deepconvnet,trades,autoattack,full_test,raw,clean,5,"42,43,44,45,46",complete,0.5651340996168582,0.01556329196290416
bciciv2a,deepconvnet,trades,autoattack,full_test,raw,robust,5,"42,43,44,45,46",complete,0.04942528735632184,0.011917495030648118
bciciv2a,deepconvnet,trades,fgsm,full_test,raw,clean,5,"42,43,44,45,46",complete,0.5651340996168582,0.01556329196290416
bciciv2a,deepconvnet,trades,fgsm,full_test,raw,robust,5,"42,43,44,45,46",complete,0.061685823754789273,0.01804227536853809
bciciv2a,deepconvnet,trades,pgd,full_test,raw,clean,5,"42,43,44,45,46",complete,0.5651340996168582,0.01556329196290416
bciciv2a,deepconvnet,trades,pgd,full_test,raw,robust,5,"42,43,44,45,46",complete,0.050957854406130265,0.010971510393315212
bciciv2a,deepconvnet,trades,cw,full_test,raw,clean,5,"42,43,44,45,46",complete,0.5651340996168582,0.01556329196290416
bciciv2a,deepconvnet,trades,cw,full_test,raw,robust,5,"42,43,44,45,46",complete,0.0,0.0
bciciv2a,deepconvnet,fbf,autoattack,full_test,raw,clean,5,"42,43,44,45,46",complete,0.536015325670498,0.033849008066750605
bciciv2a,deepconvnet,fbf,autoattack,full_test,raw,robust,5,"42,43,44,45,46",complete,0.09616858237547893,0.02181722372031868
bciciv2a,deepconvnet,fbf,fgsm,full_test,raw,clean,5,"42,43,44,45,46",complete,0.536015325670498,0.033849008066750605
bciciv2a,deepconvnet,fbf,fgsm,full_test,raw,robust,5,"42,43,44,45,46",complete,0.11724137931034483,0.020739262226397482
bciciv2a,deepconvnet,fbf,pgd,full_test,raw,clean,5,"42,43,44,45,46",complete,0.536015325670498,0.033849008066750605
bciciv2a,deepconvnet,fbf,pgd,full_test,raw,robust,5,"42,43,44,45,46",complete,0.10459770114942528,0.02224203107080458
bciciv2a,deepconvnet,fbf,cw,full_test,raw,clean,5,"42,43,44,45,46",complete,0.536015325670498,0.033849008066750605
bciciv2a,deepconvnet,fbf,cw,full_test,raw,robust,5,"42,43,44,45,46",complete,0.0,0.0
bciciv2a,deepconvnet,ea_forward,autoattack,full_test,raw,clean,5,"42,43,44,45,46",complete,0.4777777777777778,0.028786672423389805
bciciv2a,deepconvnet,ea_forward,autoattack,full_test,raw,robust,5,"42,43,44,45,46",complete,0.050191570881226055,0.023004464447935746
bciciv2a,deepconvnet,ea_forward,fgsm,full_test,raw,clean,5,"42,43,44,45,46",complete,0.48084291187739464,0.03270760743096526
bciciv2a,deepconvnet,ea_forward,fgsm,full_test,raw,robust,5,"42,43,44,45,46",complete,0.009195402298850575,0.012221561615123817
bciciv2a,deepconvnet,ea_forward,pgd,full_test,raw,clean,5,"42,43,44,45,46",complete,0.48084291187739464,0.03270760743096526
bciciv2a,deepconvnet,ea_forward,pgd,full_test,raw,robust,5,"42,43,44,45,46",complete,0.0,0.0
bciciv2a,deepconvnet,ea_forward,cw,full_test,raw,clean,5,"42,43,44,45,46",complete,0.48084291187739464,0.03270760743096526
bciciv2a,deepconvnet,ea_forward,cw,full_test,raw,robust,5,"42,43,44,45,46",complete,0.011494252873563218,0.025701930775859652
bciciv2a,deepconvnet,rpcf_at,autoattack,full_test,raw,clean,5,"42,43,44,45,46",complete,0.4218390804597701,0.013774465909768227
bciciv2a,deepconvnet,rpcf_at,autoattack,full_test,raw,robust,5,"42,43,44,45,46",complete,0.13026819923371646,0.020454172896611708
bciciv2a,deepconvnet,rpcf_at,fgsm,full_test,raw,clean,5,"42,43,44,45,46",complete,0.4218390804597701,0.013774465909768227
bciciv2a,deepconvnet,rpcf_at,fgsm,full_test,raw,robust,5,"42,43,44,45,46",complete,0.1471264367816092,0.02194302078663042
bciciv2a,deepconvnet,rpcf_at,pgd,full_test,raw,clean,5,"42,43,44,45,46",complete,0.4218390804597701,0.013774465909768227
bciciv2a,deepconvnet,rpcf_at,pgd,full_test,raw,robust,5,"42,43,44,45,46",complete,0.14061302681992338,0.022972535960032587
bciciv2a,deepconvnet,rpcf_at,cw,full_test,raw,clean,5,"42,43,44,45,46",complete,0.4218390804597701,0.013774465909768227
bciciv2a,deepconvnet,rpcf_at,cw,full_test,raw,robust,5,"42,43,44,45,46",complete,0.0,0.0
bciciv2a,tsception,madry,autoattack,full_test,raw,clean,5,"42,43,44,45,46",complete,0.27816091954022987,0.021775129867253357
bciciv2a,tsception,madry,autoattack,full_test,raw,robust,5,"42,43,44,45,46",complete,0.24291187739463602,0.016501804955829917
bciciv2a,tsception,madry,fgsm,full_test,raw,clean,5,"42,43,44,45,46",complete,0.27816091954022987,0.021775129867253357
bciciv2a,tsception,madry,fgsm,full_test,raw,robust,5,"42,43,44,45,46",complete,0.2513409961685824,0.013161351752733853
bciciv2a,tsception,madry,pgd,full_test,raw,clean,5,"42,43,44,45,46",complete,0.27816091954022987,0.021775129867253357
bciciv2a,tsception,madry,pgd,full_test,raw,robust,5,"42,43,44,45,46",complete,0.2513409961685824,0.015047767729237924
bciciv2a,tsception,madry,cw,full_test,raw,clean,5,"42,43,44,45,46",complete,0.27816091954022987,0.021775129867253357
bciciv2a,tsception,madry,cw,full_test,raw,robust,5,"42,43,44,45,46",complete,0.1781609195402299,0.09570878158464978
bciciv2a,tsception,trades,autoattack,full_test,raw,clean,5,"42,43,44,45,46",complete,0.4226053639846743,0.00884136456644775
bciciv2a,tsception,trades,autoattack,full_test,raw,robust,5,"42,43,44,45,46",complete,0.0019157088122605363,0.0019157088122605363
bciciv2a,tsception,trades,fgsm,full_test,raw,clean,5,"42,43,44,45,46",complete,0.4226053639846743,0.00884136456644775
bciciv2a,tsception,trades,fgsm,full_test,raw,robust,5,"42,43,44,45,46",complete,0.006513409961685823,0.003480057878272979
bciciv2a,tsception,trades,pgd,full_test,raw,clean,5,"42,43,44,45,46",complete,0.4226053639846743,0.00884136456644775
bciciv2a,tsception,trades,pgd,full_test,raw,robust,5,"42,43,44,45,46",complete,0.0019157088122605363,0.0019157088122605363
bciciv2a,tsception,trades,cw,full_test,raw,clean,5,"42,43,44,45,46",complete,0.4226053639846743,0.00884136456644775
bciciv2a,tsception,trades,cw,full_test,raw,robust,5,"42,43,44,45,46",complete,0.011111111111111112,0.012808057203407493
bciciv2a,tsception,fbf,autoattack,full_test,raw,clean,5,"42,43,44,45,46",complete,0.38850574712643676,0.022316157652756248
bciciv2a,tsception,fbf,autoattack,full_test,raw,robust,5,"42,43,44,45,46",complete,0.021455938697318006,0.006552732328155965
bciciv2a,tsception,fbf,fgsm,full_test,raw,clean,5,"42,43,44,45,46",complete,0.38850574712643676,0.022316157652756248
bciciv2a,tsception,fbf,fgsm,full_test,raw,robust,5,"42,43,44,45,46",complete,0.0632183908045977,0.0269223550240521
bciciv2a,tsception,fbf,pgd,full_test,raw,clean,5,"42,43,44,45,46",complete,0.38850574712643676,0.022316157652756248
bciciv2a,tsception,fbf,pgd,full_test,raw,robust,5,"42,43,44,45,46",complete,0.045210727969348656,0.02550843795537028
bciciv2a,tsception,fbf,cw,full_test,raw,clean,5,"42,43,44,45,46",complete,0.38850574712643676,0.022316157652756248
bciciv2a,tsception,fbf,cw,full_test,raw,robust,5,"42,43,44,45,46",complete,0.02375478927203065,0.00796805913528177
bciciv2a,tsception,ea_forward,autoattack,full_test,raw,clean,5,"42,43,44,45,46",complete,0.23908045977011494,0.017262651840718492
bciciv2a,tsception,ea_forward,autoattack,full_test,raw,robust,5,"42,43,44,45,46",complete,0.23908045977011494,0.017262651840718492
bciciv2a,tsception,ea_forward,fgsm,full_test,raw,clean,5,"42,43,44,45,46",complete,0.23908045977011494,0.017262651840718492
bciciv2a,tsception,ea_forward,fgsm,full_test,raw,robust,5,"42,43,44,45,46",complete,0.23908045977011494,0.017262651840718492
bciciv2a,tsception,ea_forward,pgd,full_test,raw,clean,5,"42,43,44,45,46",complete,0.23908045977011494,0.017262651840718492
bciciv2a,tsception,ea_forward,pgd,full_test,raw,robust,5,"42,43,44,45,46",complete,0.23908045977011494,0.017262651840718492
bciciv2a,tsception,ea_forward,cw,full_test,raw,clean,5,"42,43,44,45,46",complete,0.23908045977011494,0.017262651840718492
bciciv2a,tsception,ea_forward,cw,full_test,raw,robust,5,"42,43,44,45,46",complete,0.23678160919540228,0.012964692962213501
bciciv2a,tsception,rpcf_at,autoattack,full_test,raw,clean,5,"42,43,44,45,46",complete,0.29540229885057473,0.009616781914184792
bciciv2a,tsception,rpcf_at,autoattack,full_test,raw,robust,5,"42,43,44,45,46",complete,0.22030651340996169,0.015084306272053273
bciciv2a,tsception,rpcf_at,fgsm,full_test,raw,clean,5,"42,43,44,45,46",complete,0.29540229885057473,0.009616781914184792
bciciv2a,tsception,rpcf_at,fgsm,full_test,raw,robust,5,"42,43,44,45,46",complete,0.23601532567049807,0.012146258608542035
bciciv2a,tsception,rpcf_at,pgd,full_test,raw,clean,5,"42,43,44,45,46",complete,0.29540229885057473,0.009616781914184792
bciciv2a,tsception,rpcf_at,pgd,full_test,raw,robust,5,"42,43,44,45,46",complete,0.23448275862068965,0.015120756521587056
bciciv2a,tsception,rpcf_at,cw,full_test,raw,clean,5,"42,43,44,45,46",complete,0.29540229885057473,0.009616781914184792
bciciv2a,tsception,rpcf_at,cw,full_test,raw,robust,5,"42,43,44,45,46",complete,0.12222222222222222,0.09596152397582439
bciciv2a,atcnet,madry,autoattack,full_test,raw,clean,5,"42,43,44,45,46",complete,0.4846743295019157,0.013880629067231268
bciciv2a,atcnet,madry,autoattack,full_test,raw,robust,5,"42,43,44,45,46",complete,0.22950191570881226,0.008059649029870738
bciciv2a,atcnet,madry,fgsm,full_test,raw,clean,5,"42,43,44,45,46",complete,0.4846743295019157,0.013880629067231268
bciciv2a,atcnet,madry,fgsm,full_test,raw,robust,5,"42,43,44,45,46",complete,0.26015325670498085,0.013907043228261714
bciciv2a,atcnet,madry,pgd,full_test,raw,clean,5,"42,43,44,45,46",complete,0.4846743295019157,0.013880629067231268
bciciv2a,atcnet,madry,pgd,full_test,raw,robust,5,"42,43,44,45,46",complete,0.25440613026819925,0.012879491428330728
bciciv2a,atcnet,madry,cw,full_test,raw,clean,5,"42,43,44,45,46",complete,0.4846743295019157,0.013880629067231268
bciciv2a,atcnet,madry,cw,full_test,raw,robust,5,"42,43,44,45,46",complete,0.004597701149425287,0.0034800578782729786
bciciv2a,atcnet,trades,autoattack,full_test,raw,clean,5,"42,43,44,45,46",complete,0.5954022988505747,0.015820553886637983
bciciv2a,atcnet,trades,autoattack,full_test,raw,robust,5,"42,43,44,45,46",complete,0.01264367816091954,0.0041971077203461
bciciv2a,atcnet,trades,fgsm,full_test,raw,clean,5,"42,43,44,45,46",complete,0.5954022988505747,0.015820553886637983
bciciv2a,atcnet,trades,fgsm,full_test,raw,robust,5,"42,43,44,45,46",complete,0.020689655172413793,0.006118283303705484
bciciv2a,atcnet,trades,pgd,full_test,raw,clean,5,"42,43,44,45,46",complete,0.5954022988505747,0.015820553886637983
bciciv2a,atcnet,trades,pgd,full_test,raw,robust,5,"42,43,44,45,46",complete,0.013409961685823753,0.004283655129309941
bciciv2a,atcnet,trades,cw,full_test,raw,clean,5,"42,43,44,45,46",complete,0.5954022988505747,0.015820553886637983
bciciv2a,atcnet,trades,cw,full_test,raw,robust,5,"42,43,44,45,46",complete,0.0053639846743295016,0.003926034776229731
bciciv2a,atcnet,fbf,autoattack,full_test,raw,clean,5,"42,43,44,45,46",complete,0.5812260536398467,0.02244733384587283
bciciv2a,atcnet,fbf,autoattack,full_test,raw,robust,5,"42,43,44,45,46",complete,0.08084291187739463,0.014488636322750218
bciciv2a,atcnet,fbf,fgsm,full_test,raw,clean,5,"42,43,44,45,46",complete,0.5812260536398467,0.02244733384587283
bciciv2a,atcnet,fbf,fgsm,full_test,raw,robust,5,"42,43,44,45,46",complete,0.10153256704980843,0.02512428553372414
bciciv2a,atcnet,fbf,pgd,full_test,raw,clean,5,"42,43,44,45,46",complete,0.5812260536398467,0.02244733384587283
bciciv2a,atcnet,fbf,pgd,full_test,raw,robust,5,"42,43,44,45,46",complete,0.08544061302681992,0.01769310327818976
bciciv2a,atcnet,fbf,cw,full_test,raw,clean,5,"42,43,44,45,46",complete,0.5812260536398467,0.02244733384587283
bciciv2a,atcnet,fbf,cw,full_test,raw,robust,5,"42,43,44,45,46",complete,0.006513409961685823,0.0064397457141653685
bciciv2a,atcnet,ea_forward,autoattack,full_test,raw,clean,5,"42,43,44,45,46",complete,0.2524904214559387,0.013021184266640933
bciciv2a,atcnet,ea_forward,autoattack,full_test,raw,robust,5,"42,43,44,45,46",complete,0.04636015325670498,0.01644611190140594
bciciv2a,atcnet,ea_forward,fgsm,full_test,raw,clean,5,"42,43,44,45,46",complete,0.2574712643678161,0.007369878950831941
bciciv2a,atcnet,ea_forward,fgsm,full_test,raw,robust,5,"42,43,44,45,46",complete,0.1375478927203065,0.08700566510654245
bciciv2a,atcnet,ea_forward,pgd,full_test,raw,clean,5,"42,43,44,45,46",complete,0.2574712643678161,0.007369878950831941
bciciv2a,atcnet,ea_forward,pgd,full_test,raw,robust,5,"42,43,44,45,46",complete,0.023371647509578545,0.042176060043699386
bciciv2a,atcnet,ea_forward,cw,full_test,raw,clean,5,"42,43,44,45,46",complete,0.2574712643678161,0.007369878950831941
bciciv2a,atcnet,ea_forward,cw,full_test,raw,robust,5,"42,43,44,45,46",complete,0.18582375478927204,0.08169324544145747
bciciv2a,atcnet,rpcf_at,autoattack,full_test,raw,clean,5,"42,43,44,45,46",complete,0.489272030651341,0.008306315474589578
bciciv2a,atcnet,rpcf_at,autoattack,full_test,raw,robust,5,"42,43,44,45,46",complete,0.20344827586206896,0.014551822999871981
bciciv2a,atcnet,rpcf_at,fgsm,full_test,raw,clean,5,"42,43,44,45,46",complete,0.489272030651341,0.008306315474589578
bciciv2a,atcnet,rpcf_at,fgsm,full_test,raw,robust,5,"42,43,44,45,46",complete,0.22030651340996169,0.012488893496556793
bciciv2a,atcnet,rpcf_at,pgd,full_test,raw,clean,5,"42,43,44,45,46",complete,0.489272030651341,0.008306315474589578
bciciv2a,atcnet,rpcf_at,pgd,full_test,raw,robust,5,"42,43,44,45,46",complete,0.2153256704980843,0.013382566434155538
bciciv2a,atcnet,rpcf_at,cw,full_test,raw,clean,5,"42,43,44,45,46",complete,0.489272030651341,0.008306315474589578
bciciv2a,atcnet,rpcf_at,cw,full_test,raw,robust,5,"42,43,44,45,46",complete,0.00421455938697318,0.0028414553590404837
bciciv2a,conformer,madry,autoattack,full_test,raw,clean,5,"42,43,44,45,46",complete,0.39348659003831415,0.008631325920359246
bciciv2a,conformer,madry,autoattack,full_test,raw,robust,5,"42,43,44,45,46",complete,0.18084291187739465,0.013920231513091918
bciciv2a,conformer,madry,fgsm,full_test,raw,clean,5,"42,43,44,45,46",complete,0.39348659003831415,0.008631325920359246
bciciv2a,conformer,madry,fgsm,full_test,raw,robust,5,"42,43,44,45,46",complete,0.21992337164750958,0.012808057203407492
bciciv2a,conformer,madry,pgd,full_test,raw,clean,5,"42,43,44,45,46",complete,0.39348659003831415,0.008631325920359246
bciciv2a,conformer,madry,pgd,full_test,raw,robust,5,"42,43,44,45,46",complete,0.20804597701149424,0.01855371649471763
bciciv2a,conformer,madry,cw,full_test,raw,clean,5,"42,43,44,45,46",complete,0.39348659003831415,0.008631325920359246
bciciv2a,conformer,madry,cw,full_test,raw,robust,5,"42,43,44,45,46",complete,0.12222222222222222,0.0637588646280728
bciciv2a,conformer,trades,autoattack,full_test,raw,clean,5,"42,43,44,45,46",complete,0.4789272030651341,0.035788394046493095
bciciv2a,conformer,trades,autoattack,full_test,raw,robust,5,"42,43,44,45,46",complete,0.0421455938697318,0.013478206206389166
bciciv2a,conformer,trades,fgsm,full_test,raw,clean,5,"42,43,44,45,46",complete,0.4789272030651341,0.035788394046493095
bciciv2a,conformer,trades,fgsm,full_test,raw,robust,5,"42,43,44,45,46",complete,0.07547892720306514,0.0158321482845934
bciciv2a,conformer,trades,pgd,full_test,raw,clean,5,"42,43,44,45,46",complete,0.4789272030651341,0.035788394046493095
bciciv2a,conformer,trades,pgd,full_test,raw,robust,5,"42,43,44,45,46",complete,0.04559386973180077,0.016612630949179155
bciciv2a,conformer,trades,cw,full_test,raw,clean,5,"42,43,44,45,46",complete,0.4789272030651341,0.035788394046493095
bciciv2a,conformer,trades,cw,full_test,raw,robust,5,"42,43,44,45,46",complete,0.04482758620689655,0.045789047454078025
bciciv2a,conformer,fbf,autoattack,full_test,raw,clean,5,"42,43,44,45,46",complete,0.4540229885057471,0.043684882187706456
bciciv2a,conformer,fbf,autoattack,full_test,raw,robust,5,"42,43,44,45,46",complete,0.1049808429118774,0.007468807927056677
bciciv2a,conformer,fbf,fgsm,full_test,raw,clean,5,"42,43,44,45,46",complete,0.4540229885057471,0.043684882187706456
bciciv2a,conformer,fbf,fgsm,full_test,raw,robust,5,"42,43,44,45,46",complete,0.1467432950191571,0.009730593945747355
bciciv2a,conformer,fbf,pgd,full_test,raw,clean,5,"42,43,44,45,46",complete,0.4540229885057471,0.043684882187706456
bciciv2a,conformer,fbf,pgd,full_test,raw,robust,5,"42,43,44,45,46",complete,0.12145593869731801,0.01462728671940312
bciciv2a,conformer,fbf,cw,full_test,raw,clean,5,"42,43,44,45,46",complete,0.4540229885057471,0.043684882187706456
bciciv2a,conformer,fbf,cw,full_test,raw,robust,5,"42,43,44,45,46",complete,0.050191570881226055,0.058990146196190855
bciciv2a,conformer,ea_forward,autoattack,full_test,raw,clean,5,"42,43,44,45,46",complete,0.3314176245210728,0.06608501268452237
bciciv2a,conformer,ea_forward,autoattack,full_test,raw,robust,5,"42,43,44,45,46",complete,0.1157088122605364,0.09367992382517226
bciciv2a,conformer,ea_forward,fgsm,full_test,raw,clean,5,"42,43,44,45,46",complete,0.3302681992337165,0.055631471449793385
bciciv2a,conformer,ea_forward,fgsm,full_test,raw,robust,5,"42,43,44,45,46",complete,0.11609195402298851,0.10324941863273104
bciciv2a,conformer,ea_forward,pgd,full_test,raw,clean,5,"42,43,44,45,46",complete,0.3302681992337165,0.055631471449793385
bciciv2a,conformer,ea_forward,pgd,full_test,raw,robust,5,"42,43,44,45,46",complete,0.06590038314176246,0.11191412822655711
bciciv2a,conformer,ea_forward,cw,full_test,raw,clean,5,"42,43,44,45,46",complete,0.3302681992337165,0.055631471449793385
bciciv2a,conformer,ea_forward,cw,full_test,raw,robust,5,"42,43,44,45,46",complete,0.1900383141762452,0.16325953288604536
bciciv2a,conformer,rpcf_at,autoattack,full_test,raw,clean,5,"42,43,44,45,46",complete,0.39157088122605366,0.02677198781345315
bciciv2a,conformer,rpcf_at,autoattack,full_test,raw,robust,5,"42,43,44,45,46",complete,0.11494252873563218,0.016255328303139017
bciciv2a,conformer,rpcf_at,fgsm,full_test,raw,clean,5,"42,43,44,45,46",complete,0.39157088122605366,0.02677198781345315
bciciv2a,conformer,rpcf_at,fgsm,full_test,raw,robust,5,"42,43,44,45,46",complete,0.13409961685823754,0.012922162416888932
bciciv2a,conformer,rpcf_at,pgd,full_test,raw,clean,5,"42,43,44,45,46",complete,0.39157088122605366,0.02677198781345315
bciciv2a,conformer,rpcf_at,pgd,full_test,raw,robust,5,"42,43,44,45,46",complete,0.11647509578544062,0.01650180495582991
bciciv2a,conformer,rpcf_at,cw,full_test,raw,clean,5,"42,43,44,45,46",complete,0.39157088122605366,0.02677198781345315
bciciv2a,conformer,rpcf_at,cw,full_test,raw,robust,5,"42,43,44,45,46",complete,0.010727969348659003,0.012459473211884366
bciciv2a,tcnet,madry,autoattack,full_test,raw,clean,5,"42,43,44,45,46",complete,0.3145593869731801,0.09785503619691722
bciciv2a,tcnet,madry,autoattack,full_test,raw,robust,5,"42,43,44,45,46",complete,0.13831417624521072,0.11175661354156133
bciciv2a,tcnet,madry,fgsm,full_test,raw,clean,5,"42,43,44,45,46",complete,0.3145593869731801,0.09785503619691722
bciciv2a,tcnet,madry,fgsm,full_test,raw,robust,5,"42,43,44,45,46",complete,0.17662835249042147,0.11243595150481388
bciciv2a,tcnet,madry,pgd,full_test,raw,clean,5,"42,43,44,45,46",complete,0.3145593869731801,0.09785503619691722
bciciv2a,tcnet,madry,pgd,full_test,raw,robust,5,"42,43,44,45,46",complete,0.16053639846743295,0.11263976848324934
bciciv2a,tcnet,madry,cw,full_test,raw,clean,5,"42,43,44,45,46",complete,0.3145593869731801,0.09785503619691722
bciciv2a,tcnet,madry,cw,full_test,raw,robust,5,"42,43,44,45,46",complete,0.013026819923371647,0.005485755196657606
bciciv2a,tcnet,trades,autoattack,full_test,raw,clean,5,"42,43,44,45,46",complete,0.5839080459770115,0.01473975790166387
bciciv2a,tcnet,trades,autoattack,full_test,raw,robust,5,"42,43,44,45,46",complete,0.041379310344827586,0.005519103559727176
bciciv2a,tcnet,trades,fgsm,full_test,raw,clean,5,"42,43,44,45,46",complete,0.5839080459770115,0.01473975790166387
bciciv2a,tcnet,trades,fgsm,full_test,raw,robust,5,"42,43,44,45,46",complete,0.07586206896551724,0.0041971077203461
bciciv2a,tcnet,trades,pgd,full_test,raw,clean,5,"42,43,44,45,46",complete,0.5839080459770115,0.01473975790166387
bciciv2a,tcnet,trades,pgd,full_test,raw,robust,5,"42,43,44,45,46",complete,0.044061302681992334,0.005246384650432628
bciciv2a,tcnet,trades,cw,full_test,raw,clean,5,"42,43,44,45,46",complete,0.5839080459770115,0.01473975790166387
bciciv2a,tcnet,trades,cw,full_test,raw,robust,5,"42,43,44,45,46",complete,0.01800766283524904,0.00884136456644776
bciciv2a,tcnet,fbf,autoattack,full_test,raw,clean,5,"42,43,44,45,46",complete,0.5421455938697318,0.010751889042453857
bciciv2a,tcnet,fbf,autoattack,full_test,raw,robust,5,"42,43,44,45,46",complete,0.11264367816091954,0.01008252671796228
bciciv2a,tcnet,fbf,fgsm,full_test,raw,clean,5,"42,43,44,45,46",complete,0.5421455938697318,0.010751889042453857
bciciv2a,tcnet,fbf,fgsm,full_test,raw,robust,5,"42,43,44,45,46",complete,0.1727969348659004,0.015229583842415172
bciciv2a,tcnet,fbf,pgd,full_test,raw,clean,5,"42,43,44,45,46",complete,0.5421455938697318,0.010751889042453857
bciciv2a,tcnet,fbf,pgd,full_test,raw,robust,5,"42,43,44,45,46",complete,0.12911877394636015,0.00991737862493853
bciciv2a,tcnet,fbf,cw,full_test,raw,clean,5,"42,43,44,45,46",complete,0.5421455938697318,0.010751889042453857
bciciv2a,tcnet,fbf,cw,full_test,raw,robust,5,"42,43,44,45,46",complete,0.0371647509578544,0.009443492370778725
bciciv2a,tcnet,ea_forward,autoattack,full_test,raw,clean,5,"42,43,44,45,46",complete,0.25363984674329504,0.015947628650013344
bciciv2a,tcnet,ea_forward,autoattack,full_test,raw,robust,5,"42,43,44,45,46",complete,0.02413793103448276,0.008082384333229496
bciciv2a,tcnet,ea_forward,fgsm,full_test,raw,clean,5,"42,43,44,45,46",complete,0.24597701149425288,0.018304795686729897
bciciv2a,tcnet,ea_forward,fgsm,full_test,raw,robust,5,"42,43,44,45,46",complete,0.07816091954022988,0.06413191126073475
bciciv2a,tcnet,ea_forward,pgd,full_test,raw,clean,5,"42,43,44,45,46",complete,0.24597701149425288,0.018304795686729897
bciciv2a,tcnet,ea_forward,pgd,full_test,raw,robust,5,"42,43,44,45,46",complete,0.0,0.0
bciciv2a,tcnet,ea_forward,cw,full_test,raw,clean,5,"42,43,44,45,46",complete,0.24597701149425288,0.018304795686729897
bciciv2a,tcnet,ea_forward,cw,full_test,raw,robust,5,"42,43,44,45,46",complete,0.15517241379310345,0.06449711061123535
bciciv2a,tcnet,rpcf_at,autoattack,full_test,raw,clean,5,"42,43,44,45,46",complete,0.3521072796934866,0.07908420942133591
bciciv2a,tcnet,rpcf_at,autoattack,full_test,raw,robust,5,"42,43,44,45,46",complete,0.20076628352490422,0.062479720289967
bciciv2a,tcnet,rpcf_at,fgsm,full_test,raw,clean,5,"42,43,44,45,46",complete,0.3521072796934866,0.07908420942133591
bciciv2a,tcnet,rpcf_at,fgsm,full_test,raw,robust,5,"42,43,44,45,46",complete,0.23103448275862068,0.06276102989869503
bciciv2a,tcnet,rpcf_at,pgd,full_test,raw,clean,5,"42,43,44,45,46",complete,0.3521072796934866,0.07908420942133591
bciciv2a,tcnet,rpcf_at,pgd,full_test,raw,robust,5,"42,43,44,45,46",complete,0.2264367816091954,0.060373708347671834
bciciv2a,tcnet,rpcf_at,cw,full_test,raw,clean,5,"42,43,44,45,46",complete,0.3521072796934866,0.07908420942133591
bciciv2a,tcnet,rpcf_at,cw,full_test,raw,robust,5,"42,43,44,45,46",complete,0.03333333333333333,0.029572736809073123
thubenchmark,eegnet,madry,autoattack,subset_n512,raw,clean,5,"42,43,44,45,46",complete,0.93046875,0.009726484060928697
thubenchmark,eegnet,madry,autoattack,subset_n512,raw,robust,5,"42,43,44,45,46",complete,0.769140625,0.014043498447068398
thubenchmark,eegnet,madry,autoattack,subset_n512,25,clean,5,"42,43,44,45,46",complete,0.902734375,0.008778205099314153
thubenchmark,eegnet,madry,autoattack,subset_n512,25,robust,5,"42,43,44,45,46",complete,0.81875,0.022243341371106153
thubenchmark,eegnet,madry,autoattack,subset_n512,30,clean,5,"42,43,44,45,46",complete,0.909375,0.010572162970878405
thubenchmark,eegnet,madry,autoattack,subset_n512,30,robust,5,"42,43,44,45,46",complete,0.8078125,0.016375995168948894
thubenchmark,eegnet,madry,fgsm,subset_n512,raw,clean,5,"42,43,44,45,46",complete,0.93046875,0.009726484060928697
thubenchmark,eegnet,madry,fgsm,subset_n512,raw,robust,5,"42,43,44,45,46",complete,0.7890625,0.01179984958358845
thubenchmark,eegnet,madry,fgsm,subset_n512,25,clean,5,"42,43,44,45,46",complete,0.902734375,0.008778205099314153
thubenchmark,eegnet,madry,fgsm,subset_n512,25,robust,5,"42,43,44,45,46",complete,0.795703125,0.01110021268623658
thubenchmark,eegnet,madry,fgsm,subset_n512,30,clean,5,"42,43,44,45,46",complete,0.909375,0.010572162970878405
thubenchmark,eegnet,madry,fgsm,subset_n512,30,robust,5,"42,43,44,45,46",complete,0.798828125,0.024820830131130536
thubenchmark,eegnet,madry,pgd,subset_n512,raw,clean,5,"42,43,44,45,46",complete,0.93046875,0.009726484060928697
thubenchmark,eegnet,madry,pgd,subset_n512,raw,robust,5,"42,43,44,45,46",complete,0.778125,0.014654946470550054
thubenchmark,eegnet,madry,pgd,subset_n512,25,clean,5,"42,43,44,45,46",complete,0.902734375,0.008778205099314153
thubenchmark,eegnet,madry,pgd,subset_n512,25,robust,5,"42,43,44,45,46",complete,0.79140625,0.009407495764681481
thubenchmark,eegnet,madry,pgd,subset_n512,30,clean,5,"42,43,44,45,46",complete,0.909375,0.010572162970878405
thubenchmark,eegnet,madry,pgd,subset_n512,30,robust,5,"42,43,44,45,46",complete,0.794921875,0.01967718914024403
thubenchmark,eegnet,madry,cw,subset_n512,raw,clean,5,"42,43,44,45,46",complete,0.93046875,0.009726484060928697
thubenchmark,eegnet,madry,cw,subset_n512,raw,robust,5,"42,43,44,45,46",complete,0.0,0.0
thubenchmark,eegnet,madry,cw,subset_n512,25,clean,5,"42,43,44,45,46",complete,0.902734375,0.008778205099314153
thubenchmark,eegnet,madry,cw,subset_n512,25,robust,5,"42,43,44,45,46",complete,0.25859375,0.018508371469503335
thubenchmark,eegnet,madry,cw,subset_n512,30,clean,5,"42,43,44,45,46",complete,0.909375,0.010572162970878405
thubenchmark,eegnet,madry,cw,subset_n512,30,robust,5,"42,43,44,45,46",complete,0.187109375,0.015831159475905816
thubenchmark,eegnet,rpcf_at,autoattack,subset_n512,raw,clean,5,"42,43,44,45,46",complete,0.93203125,0.010463355653108495
thubenchmark,eegnet,rpcf_at,autoattack,subset_n512,raw,robust,5,"42,43,44,45,46",complete,0.773046875,0.01653825244532543
thubenchmark,eegnet,rpcf_at,autoattack,subset_n512,25,clean,5,"42,43,44,45,46",complete,0.903125,0.010481568644530264
thubenchmark,eegnet,rpcf_at,autoattack,subset_n512,25,robust,5,"42,43,44,45,46",complete,0.827734375,0.014379033061957782
thubenchmark,eegnet,rpcf_at,autoattack,subset_n512,30,clean,5,"42,43,44,45,46",complete,0.91171875,0.010463355653108495
thubenchmark,eegnet,rpcf_at,autoattack,subset_n512,30,robust,5,"42,43,44,45,46",complete,0.823046875,0.016721761557034368
thubenchmark,eegnet,rpcf_at,fgsm,subset_n512,raw,clean,5,"42,43,44,45,46",complete,0.93203125,0.010463355653108495
thubenchmark,eegnet,rpcf_at,fgsm,subset_n512,raw,robust,5,"42,43,44,45,46",complete,0.7890625,0.012807497117777344
thubenchmark,eegnet,rpcf_at,fgsm,subset_n512,25,clean,5,"42,43,44,45,46",complete,0.903125,0.010481568644530264
thubenchmark,eegnet,rpcf_at,fgsm,subset_n512,25,robust,5,"42,43,44,45,46",complete,0.817578125,0.012398883006331156
thubenchmark,eegnet,rpcf_at,fgsm,subset_n512,30,clean,5,"42,43,44,45,46",complete,0.91171875,0.010463355653108495
thubenchmark,eegnet,rpcf_at,fgsm,subset_n512,30,robust,5,"42,43,44,45,46",complete,0.817578125,0.015229366163764007
thubenchmark,eegnet,rpcf_at,pgd,subset_n512,raw,clean,5,"42,43,44,45,46",complete,0.93203125,0.010463355653108495
thubenchmark,eegnet,rpcf_at,pgd,subset_n512,raw,robust,5,"42,43,44,45,46",complete,0.77890625,0.01860088820438926
thubenchmark,eegnet,rpcf_at,pgd,subset_n512,25,clean,5,"42,43,44,45,46",complete,0.903125,0.010481568644530264
thubenchmark,eegnet,rpcf_at,pgd,subset_n512,25,robust,5,"42,43,44,45,46",complete,0.81953125,0.011438711300270564
thubenchmark,eegnet,rpcf_at,pgd,subset_n512,30,clean,5,"42,43,44,45,46",complete,0.91171875,0.010463355653108495
thubenchmark,eegnet,rpcf_at,pgd,subset_n512,30,robust,5,"42,43,44,45,46",complete,0.8140625,0.010996631453327537
thubenchmark,eegnet,rpcf_at,cw,subset_n512,raw,clean,5,"42,43,44,45,46",complete,0.93203125,0.010463355653108495
thubenchmark,eegnet,rpcf_at,cw,subset_n512,raw,robust,5,"42,43,44,45,46",complete,0.0,0.0
thubenchmark,eegnet,rpcf_at,cw,subset_n512,25,clean,5,"42,43,44,45,46",complete,0.903125,0.010481568644530264
thubenchmark,eegnet,rpcf_at,cw,subset_n512,25,robust,5,"42,43,44,45,46",complete,0.267578125,0.01779381558426621
thubenchmark,eegnet,rpcf_at,cw,subset_n512,30,clean,5,"42,43,44,45,46",complete,0.91171875,0.010463355653108495
thubenchmark,eegnet,rpcf_at,cw,subset_n512,30,robust,5,"42,43,44,45,46",complete,0.189453125,0.017304731588544287
thubenchmark,deepconvnet,madry,autoattack,subset_n512,raw,clean,5,"42,43,44,45,46",complete,0.935546875,0.01130452822538108
thubenchmark,deepconvnet,madry,autoattack,subset_n512,raw,robust,5,"42,43,44,45,46",complete,0.753515625,0.020222154852413726
thubenchmark,deepconvnet,madry,autoattack,subset_n512,25,clean,5,"42,43,44,45,46",complete,0.904296875,0.009959022487485907
thubenchmark,deepconvnet,madry,autoattack,subset_n512,25,robust,5,"42,43,44,45,46",complete,0.80859375,0.01691455866766482
thubenchmark,deepconvnet,madry,autoattack,subset_n512,30,clean,5,"42,43,44,45,46",complete,0.912890625,0.011604258419931991
thubenchmark,deepconvnet,madry,autoattack,subset_n512,30,robust,5,"42,43,44,45,46",complete,0.801171875,0.012984976670777078
thubenchmark,deepconvnet,madry,fgsm,subset_n512,raw,clean,5,"42,43,44,45,46",complete,0.935546875,0.01130452822538108
thubenchmark,deepconvnet,madry,fgsm,subset_n512,raw,robust,5,"42,43,44,45,46",complete,0.77890625,0.01710518284829009
thubenchmark,deepconvnet,madry,fgsm,subset_n512,25,clean,5,"42,43,44,45,46",complete,0.904296875,0.009959022487485907
thubenchmark,deepconvnet,madry,fgsm,subset_n512,25,robust,5,"42,43,44,45,46",complete,0.7875,0.015465494449085276
thubenchmark,deepconvnet,madry,fgsm,subset_n512,30,clean,5,"42,43,44,45,46",complete,0.912890625,0.011604258419931991
thubenchmark,deepconvnet,madry,fgsm,subset_n512,30,robust,5,"42,43,44,45,46",complete,0.78671875,0.015588335890027278
thubenchmark,deepconvnet,madry,pgd,subset_n512,raw,clean,5,"42,43,44,45,46",complete,0.935546875,0.01130452822538108
thubenchmark,deepconvnet,madry,pgd,subset_n512,raw,robust,5,"42,43,44,45,46",complete,0.758203125,0.017868692205441686
thubenchmark,deepconvnet,madry,pgd,subset_n512,25,clean,5,"42,43,44,45,46",complete,0.904296875,0.009959022487485907
thubenchmark,deepconvnet,madry,pgd,subset_n512,25,robust,5,"42,43,44,45,46",complete,0.7859375,0.010572162970878405
thubenchmark,deepconvnet,madry,pgd,subset_n512,30,clean,5,"42,43,44,45,46",complete,0.912890625,0.011604258419931991
thubenchmark,deepconvnet,madry,pgd,subset_n512,30,robust,5,"42,43,44,45,46",complete,0.778125,0.013852049395700894
thubenchmark,deepconvnet,madry,cw,subset_n512,raw,clean,5,"42,43,44,45,46",complete,0.935546875,0.01130452822538108
thubenchmark,deepconvnet,madry,cw,subset_n512,raw,robust,5,"42,43,44,45,46",complete,0.0,0.0
thubenchmark,deepconvnet,madry,cw,subset_n512,25,clean,5,"42,43,44,45,46",complete,0.904296875,0.009959022487485907
thubenchmark,deepconvnet,madry,cw,subset_n512,25,robust,5,"42,43,44,45,46",complete,0.166796875,0.07996609923190694
thubenchmark,deepconvnet,madry,cw,subset_n512,30,clean,5,"42,43,44,45,46",complete,0.912890625,0.011604258419931991
thubenchmark,deepconvnet,madry,cw,subset_n512,30,robust,5,"42,43,44,45,46",complete,0.075390625,0.05406664882021483
thubenchmark,deepconvnet,rpcf_at,autoattack,subset_n512,raw,clean,5,"42,43,44,45,46",complete,0.941015625,0.007488394340890943
thubenchmark,deepconvnet,rpcf_at,autoattack,subset_n512,raw,robust,5,"42,43,44,45,46",complete,0.766015625,0.014379033061957782
thubenchmark,deepconvnet,rpcf_at,autoattack,subset_n512,25,clean,5,"42,43,44,45,46",complete,0.915234375,0.007385808750464467
thubenchmark,deepconvnet,rpcf_at,autoattack,subset_n512,25,robust,5,"42,43,44,45,46",complete,0.81015625,0.015588335890027278
thubenchmark,deepconvnet,rpcf_at,autoattack,subset_n512,30,clean,5,"42,43,44,45,46",complete,0.921484375,0.008332316018633415
thubenchmark,deepconvnet,rpcf_at,autoattack,subset_n512,30,robust,5,"42,43,44,45,46",complete,0.807421875,0.010481568644530264
thubenchmark,deepconvnet,rpcf_at,fgsm,subset_n512,raw,clean,5,"42,43,44,45,46",complete,0.941015625,0.007488394340890943
thubenchmark,deepconvnet,rpcf_at,fgsm,subset_n512,raw,robust,5,"42,43,44,45,46",complete,0.794140625,0.015843202961463475
thubenchmark,deepconvnet,rpcf_at,fgsm,subset_n512,25,clean,5,"42,43,44,45,46",complete,0.915234375,0.007385808750464467
thubenchmark,deepconvnet,rpcf_at,fgsm,subset_n512,25,robust,5,"42,43,44,45,46",complete,0.7921875,0.012777677526403224
thubenchmark,deepconvnet,rpcf_at,fgsm,subset_n512,30,clean,5,"42,43,44,45,46",complete,0.921484375,0.008332316018633415
thubenchmark,deepconvnet,rpcf_at,fgsm,subset_n512,30,robust,5,"42,43,44,45,46",complete,0.794140625,0.01092703182085888
thubenchmark,deepconvnet,rpcf_at,pgd,subset_n512,raw,clean,5,"42,43,44,45,46",complete,0.941015625,0.007488394340890943
thubenchmark,deepconvnet,rpcf_at,pgd,subset_n512,raw,robust,5,"42,43,44,45,46",complete,0.76796875,0.0133471480963046
thubenchmark,deepconvnet,rpcf_at,pgd,subset_n512,25,clean,5,"42,43,44,45,46",complete,0.915234375,0.007385808750464467
thubenchmark,deepconvnet,rpcf_at,pgd,subset_n512,25,robust,5,"42,43,44,45,46",complete,0.787109375,0.015254393898255184
thubenchmark,deepconvnet,rpcf_at,pgd,subset_n512,30,clean,5,"42,43,44,45,46",complete,0.921484375,0.008332316018633415
thubenchmark,deepconvnet,rpcf_at,pgd,subset_n512,30,robust,5,"42,43,44,45,46",complete,0.78203125,0.011686152579415306
thubenchmark,deepconvnet,rpcf_at,cw,subset_n512,raw,clean,5,"42,43,44,45,46",complete,0.941015625,0.007488394340890943
thubenchmark,deepconvnet,rpcf_at,cw,subset_n512,raw,robust,5,"42,43,44,45,46",complete,0.0,0.0
thubenchmark,deepconvnet,rpcf_at,cw,subset_n512,25,clean,5,"42,43,44,45,46",complete,0.915234375,0.007385808750464467
thubenchmark,deepconvnet,rpcf_at,cw,subset_n512,25,robust,5,"42,43,44,45,46",complete,0.051171875,0.023126187680649505
thubenchmark,deepconvnet,rpcf_at,cw,subset_n512,30,clean,5,"42,43,44,45,46",complete,0.921484375,0.008332316018633415
thubenchmark,deepconvnet,rpcf_at,cw,subset_n512,30,robust,5,"42,43,44,45,46",complete,0.022265625,0.01285209677840789
thubenchmark,tsception,madry,autoattack,subset_n512,raw,clean,5,"42,43,44,45,46",complete,0.798828125,0.021439939843847802
thubenchmark,tsception,madry,autoattack,subset_n512,raw,robust,5,"42,43,44,45,46",complete,0.3609375,0.02851830038819372
thubenchmark,tsception,madry,autoattack,subset_n512,25,clean,5,"42,43,44,45,46",complete,0.740625,0.009901399887216075
thubenchmark,tsception,madry,autoattack,subset_n512,25,robust,5,"42,43,44,45,46",complete,0.494921875,0.029864296755542814
thubenchmark,tsception,madry,autoattack,subset_n512,30,clean,5,"42,43,44,45,46",complete,0.753125,0.014524212845764224
thubenchmark,tsception,madry,autoattack,subset_n512,30,robust,5,"42,43,44,45,46",complete,0.476171875,0.027006853152255633
thubenchmark,tsception,madry,fgsm,subset_n512,raw,clean,5,"42,43,44,45,46",complete,0.798828125,0.021439939843847802
thubenchmark,tsception,madry,fgsm,subset_n512,raw,robust,5,"42,43,44,45,46",complete,0.481640625,0.019946752237010604
thubenchmark,tsception,madry,fgsm,subset_n512,25,clean,5,"42,43,44,45,46",complete,0.740625,0.009901399887216075
thubenchmark,tsception,madry,fgsm,subset_n512,25,robust,5,"42,43,44,45,46",complete,0.52890625,0.024174606948071567
thubenchmark,tsception,madry,fgsm,subset_n512,30,clean,5,"42,43,44,45,46",complete,0.753125,0.014524212845764224
thubenchmark,tsception,madry,fgsm,subset_n512,30,robust,5,"42,43,44,45,46",complete,0.523828125,0.017868692205441686
thubenchmark,tsception,madry,pgd,subset_n512,raw,clean,5,"42,43,44,45,46",complete,0.798828125,0.021439939843847802
thubenchmark,tsception,madry,pgd,subset_n512,raw,robust,5,"42,43,44,45,46",complete,0.399609375,0.021510992034778697
thubenchmark,tsception,madry,pgd,subset_n512,25,clean,5,"42,43,44,45,46",complete,0.740625,0.009901399887216075
thubenchmark,tsception,madry,pgd,subset_n512,25,robust,5,"42,43,44,45,46",complete,0.487109375,0.022380119547861278
thubenchmark,tsception,madry,pgd,subset_n512,30,clean,5,"42,43,44,45,46",complete,0.753125,0.014524212845764224
thubenchmark,tsception,madry,pgd,subset_n512,30,robust,5,"42,43,44,45,46",complete,0.470703125,0.017632295005144325
thubenchmark,tsception,madry,cw,subset_n512,raw,clean,5,"42,43,44,45,46",complete,0.798828125,0.021439939843847802
thubenchmark,tsception,madry,cw,subset_n512,raw,robust,5,"42,43,44,45,46",complete,0.001171875,0.0017469281074217107
thubenchmark,tsception,madry,cw,subset_n512,25,clean,5,"42,43,44,45,46",complete,0.740625,0.009901399887216075
thubenchmark,tsception,madry,cw,subset_n512,25,robust,5,"42,43,44,45,46",complete,0.15703125,0.026729998089254747
thubenchmark,tsception,madry,cw,subset_n512,30,clean,5,"42,43,44,45,46",complete,0.753125,0.014524212845764224
thubenchmark,tsception,madry,cw,subset_n512,30,robust,5,"42,43,44,45,46",complete,0.10625,0.017879363267727825
thubenchmark,tsception,rpcf_at,autoattack,subset_n512,raw,clean,5,"42,43,44,45,46",complete,0.796875,0.009160968280905136
thubenchmark,tsception,rpcf_at,autoattack,subset_n512,raw,robust,5,"42,43,44,45,46",complete,0.34140625,0.02287742260054113
thubenchmark,tsception,rpcf_at,autoattack,subset_n512,25,clean,5,"42,43,44,45,46",complete,0.74921875,0.007763518325918668
thubenchmark,tsception,rpcf_at,autoattack,subset_n512,25,robust,5,"42,43,44,45,46",complete,0.488671875,0.015649395018757915
thubenchmark,tsception,rpcf_at,autoattack,subset_n512,30,clean,5,"42,43,44,45,46",complete,0.7578125,0.008400708268596315
thubenchmark,tsception,rpcf_at,autoattack,subset_n512,30,robust,5,"42,43,44,45,46",complete,0.4625,0.0069603631567208835
thubenchmark,tsception,rpcf_at,fgsm,subset_n512,raw,clean,5,"42,43,44,45,46",complete,0.796875,0.009160968280905136
thubenchmark,tsception,rpcf_at,fgsm,subset_n512,raw,robust,5,"42,43,44,45,46",complete,0.455078125,0.01628255078177057
thubenchmark,tsception,rpcf_at,fgsm,subset_n512,25,clean,5,"42,43,44,45,46",complete,0.74921875,0.007763518325918668
thubenchmark,tsception,rpcf_at,fgsm,subset_n512,25,robust,5,"42,43,44,45,46",complete,0.51328125,0.019501931119322836
thubenchmark,tsception,rpcf_at,fgsm,subset_n512,30,clean,5,"42,43,44,45,46",complete,0.7578125,0.008400708268596315
thubenchmark,tsception,rpcf_at,fgsm,subset_n512,30,robust,5,"42,43,44,45,46",complete,0.5,0.014352478961620185
thubenchmark,tsception,rpcf_at,pgd,subset_n512,raw,clean,5,"42,43,44,45,46",complete,0.796875,0.009160968280905136
thubenchmark,tsception,rpcf_at,pgd,subset_n512,raw,robust,5,"42,43,44,45,46",complete,0.36171875,0.023696485762661094
thubenchmark,tsception,rpcf_at,pgd,subset_n512,25,clean,5,"42,43,44,45,46",complete,0.74921875,0.007763518325918668
thubenchmark,tsception,rpcf_at,pgd,subset_n512,25,robust,5,"42,43,44,45,46",complete,0.463671875,0.011767476821400053
thubenchmark,tsception,rpcf_at,pgd,subset_n512,30,clean,5,"42,43,44,45,46",complete,0.7578125,0.008400708268596315
thubenchmark,tsception,rpcf_at,pgd,subset_n512,30,robust,5,"42,43,44,45,46",complete,0.451171875,0.008400708268596315
thubenchmark,tsception,rpcf_at,cw,subset_n512,raw,clean,5,"42,43,44,45,46",complete,0.796875,0.009160968280905136
thubenchmark,tsception,rpcf_at,cw,subset_n512,raw,robust,5,"42,43,44,45,46",complete,0.004296875,0.0025465634395322847
thubenchmark,tsception,rpcf_at,cw,subset_n512,25,clean,5,"42,43,44,45,46",complete,0.74921875,0.007763518325918668
thubenchmark,tsception,rpcf_at,cw,subset_n512,25,robust,5,"42,43,44,45,46",complete,0.1625,0.018804851409235795
thubenchmark,tsception,rpcf_at,cw,subset_n512,30,clean,5,"42,43,44,45,46",complete,0.7578125,0.008400708268596315
thubenchmark,tsception,rpcf_at,cw,subset_n512,30,robust,5,"42,43,44,45,46",complete,0.107421875,0.010426834230499327
thubenchmark,atcnet,madry,autoattack,subset_n512,raw,clean,5,"42,43,44,45,46",complete,0.953125,0.006019935549774391
thubenchmark,atcnet,madry,autoattack,subset_n512,raw,robust,5,"42,43,44,45,46",complete,0.853125,0.01860088820438926
thubenchmark,atcnet,madry,autoattack,subset_n512,25,clean,5,"42,43,44,45,46",complete,0.924609375,0.003548027758707998
thubenchmark,atcnet,madry,autoattack,subset_n512,25,robust,5,"42,43,44,45,46",complete,0.867578125,0.014836038292838237
thubenchmark,atcnet,madry,autoattack,subset_n512,30,clean,5,"42,43,44,45,46",complete,0.935546875,0.007307924583542854
thubenchmark,atcnet,madry,autoattack,subset_n512,30,robust,5,"42,43,44,45,46",complete,0.865625,0.014312555437938485
thubenchmark,atcnet,madry,fgsm,subset_n512,raw,clean,5,"42,43,44,45,46",complete,0.953125,0.006019935549774391
thubenchmark,atcnet,madry,fgsm,subset_n512,raw,robust,5,"42,43,44,45,46",complete,0.86328125,0.01933495104806966
thubenchmark,atcnet,madry,fgsm,subset_n512,25,clean,5,"42,43,44,45,46",complete,0.924609375,0.003548027758707998
thubenchmark,atcnet,madry,fgsm,subset_n512,25,robust,5,"42,43,44,45,46",complete,0.83515625,0.010390184436148739
thubenchmark,atcnet,madry,fgsm,subset_n512,30,clean,5,"42,43,44,45,46",complete,0.935546875,0.007307924583542854
thubenchmark,atcnet,madry,fgsm,subset_n512,30,robust,5,"42,43,44,45,46",complete,0.84296875,0.01307281291459493
thubenchmark,atcnet,madry,pgd,subset_n512,raw,clean,5,"42,43,44,45,46",complete,0.953125,0.006019935549774391
thubenchmark,atcnet,madry,pgd,subset_n512,raw,robust,5,"42,43,44,45,46",complete,0.857421875,0.01680141653719263
thubenchmark,atcnet,madry,pgd,subset_n512,25,clean,5,"42,43,44,45,46",complete,0.924609375,0.003548027758707998
thubenchmark,atcnet,madry,pgd,subset_n512,25,robust,5,"42,43,44,45,46",complete,0.8296875,0.01607031439900329
thubenchmark,atcnet,madry,pgd,subset_n512,30,clean,5,"42,43,44,45,46",complete,0.935546875,0.007307924583542854
thubenchmark,atcnet,madry,pgd,subset_n512,30,robust,5,"42,43,44,45,46",complete,0.83515625,0.014392291739797296
thubenchmark,atcnet,madry,cw,subset_n512,raw,clean,5,"42,43,44,45,46",complete,0.953125,0.006019935549774391
thubenchmark,atcnet,madry,cw,subset_n512,raw,robust,5,"42,43,44,45,46",complete,0.0,0.0
thubenchmark,atcnet,madry,cw,subset_n512,25,clean,5,"42,43,44,45,46",complete,0.924609375,0.003548027758707998
thubenchmark,atcnet,madry,cw,subset_n512,25,robust,5,"42,43,44,45,46",complete,0.392578125,0.024820830131130536
thubenchmark,atcnet,madry,cw,subset_n512,30,clean,5,"42,43,44,45,46",complete,0.935546875,0.007307924583542854
thubenchmark,atcnet,madry,cw,subset_n512,30,robust,5,"42,43,44,45,46",complete,0.28203125,0.014912975913141465
thubenchmark,atcnet,rpcf_at,autoattack,subset_n512,raw,clean,5,"42,43,44,45,46",complete,0.957421875,0.006388838763201612
thubenchmark,atcnet,rpcf_at,autoattack,subset_n512,raw,robust,5,"42,43,44,45,46",complete,0.858203125,0.01906674197166528
thubenchmark,atcnet,rpcf_at,autoattack,subset_n512,25,clean,5,"42,43,44,45,46",complete,0.9328125,0.00712288380031659
thubenchmark,atcnet,rpcf_at,autoattack,subset_n512,25,robust,5,"42,43,44,45,46",complete,0.869140625,0.01331853681346275
thubenchmark,atcnet,rpcf_at,autoattack,subset_n512,30,clean,5,"42,43,44,45,46",complete,0.937890625,0.004453810254293508
thubenchmark,atcnet,rpcf_at,autoattack,subset_n512,30,robust,5,"42,43,44,45,46",complete,0.87109375,0.01691455866766482
thubenchmark,atcnet,rpcf_at,fgsm,subset_n512,raw,clean,5,"42,43,44,45,46",complete,0.957421875,0.006388838763201612
thubenchmark,atcnet,rpcf_at,fgsm,subset_n512,raw,robust,5,"42,43,44,45,46",complete,0.86953125,0.015951185147730796
thubenchmark,atcnet,rpcf_at,fgsm,subset_n512,25,clean,5,"42,43,44,45,46",complete,0.9328125,0.00712288380031659
thubenchmark,atcnet,rpcf_at,fgsm,subset_n512,25,robust,5,"42,43,44,45,46",complete,0.84921875,0.01009219584590923
thubenchmark,atcnet,rpcf_at,fgsm,subset_n512,30,clean,5,"42,43,44,45,46",complete,0.937890625,0.004453810254293508
thubenchmark,atcnet,rpcf_at,fgsm,subset_n512,30,robust,5,"42,43,44,45,46",complete,0.850390625,0.014654946470550054
thubenchmark,atcnet,rpcf_at,pgd,subset_n512,raw,clean,5,"42,43,44,45,46",complete,0.957421875,0.006388838763201612
thubenchmark,atcnet,rpcf_at,pgd,subset_n512,raw,robust,5,"42,43,44,45,46",complete,0.859765625,0.018290679325692432
thubenchmark,atcnet,rpcf_at,pgd,subset_n512,25,clean,5,"42,43,44,45,46",complete,0.9328125,0.00712288380031659
thubenchmark,atcnet,rpcf_at,pgd,subset_n512,25,robust,5,"42,43,44,45,46",complete,0.843359375,0.012911323344561257
thubenchmark,atcnet,rpcf_at,pgd,subset_n512,30,clean,5,"42,43,44,45,46",complete,0.937890625,0.004453810254293508
thubenchmark,atcnet,rpcf_at,pgd,subset_n512,30,robust,5,"42,43,44,45,46",complete,0.84765625,0.01295556558732578
thubenchmark,atcnet,rpcf_at,cw,subset_n512,raw,clean,5,"42,43,44,45,46",complete,0.957421875,0.006388838763201612
thubenchmark,atcnet,rpcf_at,cw,subset_n512,raw,robust,5,"42,43,44,45,46",complete,0.000390625,0.0008734640537108553
thubenchmark,atcnet,rpcf_at,cw,subset_n512,25,clean,5,"42,43,44,45,46",complete,0.9328125,0.00712288380031659
thubenchmark,atcnet,rpcf_at,cw,subset_n512,25,robust,5,"42,43,44,45,46",complete,0.338671875,0.07022564079451322
thubenchmark,atcnet,rpcf_at,cw,subset_n512,30,clean,5,"42,43,44,45,46",complete,0.937890625,0.004453810254293508
thubenchmark,atcnet,rpcf_at,cw,subset_n512,30,robust,5,"42,43,44,45,46",complete,0.23828125,0.050875063584496505
thubenchmark,conformer,madry,autoattack,subset_n512,raw,clean,5,"42,43,44,45,46",complete,0.93828125,0.005626898551128099
thubenchmark,conformer,madry,autoattack,subset_n512,raw,robust,5,"42,43,44,45,46",complete,0.743359375,0.016434128099970805
thubenchmark,conformer,madry,autoattack,subset_n512,25,clean,5,"42,43,44,45,46",complete,0.91328125,0.00712288380031659
thubenchmark,conformer,madry,autoattack,subset_n512,25,robust,5,"42,43,44,45,46",complete,0.803125,0.019006625977660726
thubenchmark,conformer,madry,autoattack,subset_n512,30,clean,5,"42,43,44,45,46",complete,0.9203125,0.0037569109495451847
thubenchmark,conformer,madry,autoattack,subset_n512,30,robust,5,"42,43,44,45,46",complete,0.7953125,0.022243341371106153
thubenchmark,conformer,madry,fgsm,subset_n512,raw,clean,5,"42,43,44,45,46",complete,0.93828125,0.005626898551128099
thubenchmark,conformer,madry,fgsm,subset_n512,raw,robust,5,"42,43,44,45,46",complete,0.79921875,0.010463355653108495
thubenchmark,conformer,madry,fgsm,subset_n512,25,clean,5,"42,43,44,45,46",complete,0.91328125,0.00712288380031659
thubenchmark,conformer,madry,fgsm,subset_n512,25,robust,5,"42,43,44,45,46",complete,0.80859375,0.014745770381388183
thubenchmark,conformer,madry,fgsm,subset_n512,30,clean,5,"42,43,44,45,46",complete,0.9203125,0.0037569109495451847
thubenchmark,conformer,madry,fgsm,subset_n512,30,robust,5,"42,43,44,45,46",complete,0.80859375,0.016223874732261865
thubenchmark,conformer,madry,pgd,subset_n512,raw,clean,5,"42,43,44,45,46",complete,0.93828125,0.005626898551128099
thubenchmark,conformer,madry,pgd,subset_n512,raw,robust,5,"42,43,44,45,46",complete,0.753125,0.01412475369669105
thubenchmark,conformer,madry,pgd,subset_n512,25,clean,5,"42,43,44,45,46",complete,0.91328125,0.00712288380031659
thubenchmark,conformer,madry,pgd,subset_n512,25,robust,5,"42,43,44,45,46",complete,0.790625,0.019255871162290997
thubenchmark,conformer,madry,pgd,subset_n512,30,clean,5,"42,43,44,45,46",complete,0.9203125,0.0037569109495451847
thubenchmark,conformer,madry,pgd,subset_n512,30,robust,5,"42,43,44,45,46",complete,0.7828125,0.016653182615072037
thubenchmark,conformer,madry,cw,subset_n512,raw,clean,5,"42,43,44,45,46",complete,0.93828125,0.005626898551128099
thubenchmark,conformer,madry,cw,subset_n512,raw,robust,5,"42,43,44,45,46",complete,0.0,0.0
thubenchmark,conformer,madry,cw,subset_n512,25,clean,5,"42,43,44,45,46",complete,0.91328125,0.00712288380031659
thubenchmark,conformer,madry,cw,subset_n512,25,robust,5,"42,43,44,45,46",complete,0.17890625,0.03544262701282613
thubenchmark,conformer,madry,cw,subset_n512,30,clean,5,"42,43,44,45,46",complete,0.9203125,0.0037569109495451847
thubenchmark,conformer,madry,cw,subset_n512,30,robust,5,"42,43,44,45,46",complete,0.123828125,0.03364821166774692
thubenchmark,conformer,rpcf_at,autoattack,subset_n512,raw,clean,5,"42,43,44,45,46",complete,0.93125,0.010186253758129139
thubenchmark,conformer,rpcf_at,autoattack,subset_n512,raw,robust,5,"42,43,44,45,46",complete,0.733203125,0.027848302535371208
thubenchmark,conformer,rpcf_at,autoattack,subset_n512,25,clean,5,"42,43,44,45,46",complete,0.9078125,0.0059241214406652734
thubenchmark,conformer,rpcf_at,autoattack,subset_n512,25,robust,5,"42,43,44,45,46",complete,0.798828125,0.015746597164645604
thubenchmark,conformer,rpcf_at,autoattack,subset_n512,30,clean,5,"42,43,44,45,46",complete,0.911328125,0.007763518325918668
thubenchmark,conformer,rpcf_at,autoattack,subset_n512,30,robust,5,"42,43,44,45,46",complete,0.7921875,0.015600566834153014
thubenchmark,conformer,rpcf_at,fgsm,subset_n512,raw,clean,5,"42,43,44,45,46",complete,0.93125,0.010186253758129139
thubenchmark,conformer,rpcf_at,fgsm,subset_n512,raw,robust,5,"42,43,44,45,46",complete,0.778125,0.02181912506838897
thubenchmark,conformer,rpcf_at,fgsm,subset_n512,25,clean,5,"42,43,44,45,46",complete,0.9078125,0.0059241214406652734
thubenchmark,conformer,rpcf_at,fgsm,subset_n512,25,robust,5,"42,43,44,45,46",complete,0.796875,0.009468124721516268
thubenchmark,conformer,rpcf_at,fgsm,subset_n512,30,clean,5,"42,43,44,45,46",complete,0.911328125,0.007763518325918668
thubenchmark,conformer,rpcf_at,fgsm,subset_n512,30,robust,5,"42,43,44,45,46",complete,0.79765625,0.011438711300270564
thubenchmark,conformer,rpcf_at,pgd,subset_n512,raw,clean,5,"42,43,44,45,46",complete,0.93125,0.010186253758129139
thubenchmark,conformer,rpcf_at,pgd,subset_n512,raw,robust,5,"42,43,44,45,46",complete,0.7421875,0.025277693565517158
thubenchmark,conformer,rpcf_at,pgd,subset_n512,25,clean,5,"42,43,44,45,46",complete,0.9078125,0.0059241214406652734
thubenchmark,conformer,rpcf_at,pgd,subset_n512,25,robust,5,"42,43,44,45,46",complete,0.784375,0.018662311227486336
thubenchmark,conformer,rpcf_at,pgd,subset_n512,30,clean,5,"42,43,44,45,46",complete,0.911328125,0.007763518325918668
thubenchmark,conformer,rpcf_at,pgd,subset_n512,30,robust,5,"42,43,44,45,46",complete,0.7828125,0.012228496751951975
thubenchmark,conformer,rpcf_at,cw,subset_n512,raw,clean,5,"42,43,44,45,46",complete,0.93125,0.010186253758129139
thubenchmark,conformer,rpcf_at,cw,subset_n512,raw,robust,5,"42,43,44,45,46",complete,0.0,0.0
thubenchmark,conformer,rpcf_at,cw,subset_n512,25,clean,5,"42,43,44,45,46",complete,0.9078125,0.0059241214406652734
thubenchmark,conformer,rpcf_at,cw,subset_n512,25,robust,5,"42,43,44,45,46",complete,0.25,0.02847144479904932
thubenchmark,conformer,rpcf_at,cw,subset_n512,30,clean,5,"42,43,44,45,46",complete,0.911328125,0.007763518325918668
thubenchmark,conformer,rpcf_at,cw,subset_n512,30,robust,5,"42,43,44,45,46",complete,0.18046875,0.02457369685554938
thubenchmark,tcnet,madry,autoattack,subset_n512,raw,clean,5,"42,43,44,45,46",complete,0.8375,0.010186253758129139
thubenchmark,tcnet,madry,autoattack,subset_n512,raw,robust,5,"42,43,44,45,46",complete,0.42421875,0.039242748198015036
thubenchmark,tcnet,madry,autoattack,subset_n512,25,clean,5,"42,43,44,45,46",complete,0.780859375,0.015649395018757915
thubenchmark,tcnet,madry,autoattack,subset_n512,25,robust,5,"42,43,44,45,46",complete,0.5921875,0.03171648891263521
thubenchmark,tcnet,madry,autoattack,subset_n512,30,clean,5,"42,43,44,45,46",complete,0.7890625,0.015316784317732542
thubenchmark,tcnet,madry,autoattack,subset_n512,30,robust,5,"42,43,44,45,46",complete,0.560546875,0.03271119965711763
thubenchmark,tcnet,madry,fgsm,subset_n512,raw,clean,5,"42,43,44,45,46",complete,0.8375,0.010186253758129139
thubenchmark,tcnet,madry,fgsm,subset_n512,raw,robust,5,"42,43,44,45,46",complete,0.544921875,0.035907766232129365
thubenchmark,tcnet,madry,fgsm,subset_n512,25,clean,5,"42,43,44,45,46",complete,0.780859375,0.015649395018757915
thubenchmark,tcnet,madry,fgsm,subset_n512,25,robust,5,"42,43,44,45,46",complete,0.573828125,0.034316133900811695
thubenchmark,tcnet,madry,fgsm,subset_n512,30,clean,5,"42,43,44,45,46",complete,0.7890625,0.015316784317732542
thubenchmark,tcnet,madry,fgsm,subset_n512,30,robust,5,"42,43,44,45,46",complete,0.5765625,0.03412104344050384
thubenchmark,tcnet,madry,pgd,subset_n512,raw,clean,5,"42,43,44,45,46",complete,0.8375,0.010186253758129139
thubenchmark,tcnet,madry,pgd,subset_n512,raw,robust,5,"42,43,44,45,46",complete,0.4984375,0.0411178042716899
thubenchmark,tcnet,madry,pgd,subset_n512,25,clean,5,"42,43,44,45,46",complete,0.780859375,0.015649395018757915
thubenchmark,tcnet,madry,pgd,subset_n512,25,robust,5,"42,43,44,45,46",complete,0.5625,0.04113171814189978
thubenchmark,tcnet,madry,pgd,subset_n512,30,clean,5,"42,43,44,45,46",complete,0.7890625,0.015316784317732542
thubenchmark,tcnet,madry,pgd,subset_n512,30,robust,5,"42,43,44,45,46",complete,0.553515625,0.03196210142863537
thubenchmark,tcnet,madry,cw,subset_n512,raw,clean,5,"42,43,44,45,46",complete,0.8375,0.010186253758129139
thubenchmark,tcnet,madry,cw,subset_n512,raw,robust,5,"42,43,44,45,46",complete,0.0359375,0.007513821899090369
thubenchmark,tcnet,madry,cw,subset_n512,25,clean,5,"42,43,44,45,46",complete,0.780859375,0.015649395018757915
thubenchmark,tcnet,madry,cw,subset_n512,25,robust,5,"42,43,44,45,46",complete,0.089453125,0.011083016374305553
thubenchmark,tcnet,madry,cw,subset_n512,30,clean,5,"42,43,44,45,46",complete,0.7890625,0.015316784317732542
thubenchmark,tcnet,madry,cw,subset_n512,30,robust,5,"42,43,44,45,46",complete,0.063671875,0.012627523340034854
thubenchmark,tcnet,rpcf_at,autoattack,subset_n512,raw,clean,5,"42,43,44,45,46",complete,0.8390625,0.01357386746397973
thubenchmark,tcnet,rpcf_at,autoattack,subset_n512,raw,robust,5,"42,43,44,45,46",complete,0.433984375,0.030583717392286536
thubenchmark,tcnet,rpcf_at,autoattack,subset_n512,25,clean,5,"42,43,44,45,46",complete,0.78515625,0.015128841196122723
thubenchmark,tcnet,rpcf_at,autoattack,subset_n512,25,robust,5,"42,43,44,45,46",complete,0.607421875,0.036408890395131344
thubenchmark,tcnet,rpcf_at,autoattack,subset_n512,30,clean,5,"42,43,44,45,46",complete,0.79921875,0.017815241017174032
thubenchmark,tcnet,rpcf_at,autoattack,subset_n512,30,robust,5,"42,43,44,45,46",complete,0.58984375,0.04073565159104338
thubenchmark,tcnet,rpcf_at,fgsm,subset_n512,raw,clean,5,"42,43,44,45,46",complete,0.8390625,0.01357386746397973
thubenchmark,tcnet,rpcf_at,fgsm,subset_n512,raw,robust,5,"42,43,44,45,46",complete,0.550390625,0.03737568913975868
thubenchmark,tcnet,rpcf_at,fgsm,subset_n512,25,clean,5,"42,43,44,45,46",complete,0.78515625,0.015128841196122723
thubenchmark,tcnet,rpcf_at,fgsm,subset_n512,25,robust,5,"42,43,44,45,46",complete,0.603125,0.04022678933345445
thubenchmark,tcnet,rpcf_at,fgsm,subset_n512,30,clean,5,"42,43,44,45,46",complete,0.79921875,0.017815241017174032
thubenchmark,tcnet,rpcf_at,fgsm,subset_n512,30,robust,5,"42,43,44,45,46",complete,0.598828125,0.03975461076590284
thubenchmark,tcnet,rpcf_at,pgd,subset_n512,raw,clean,5,"42,43,44,45,46",complete,0.8390625,0.01357386746397973
thubenchmark,tcnet,rpcf_at,pgd,subset_n512,raw,robust,5,"42,43,44,45,46",complete,0.4953125,0.029478603038634227
thubenchmark,tcnet,rpcf_at,pgd,subset_n512,25,clean,5,"42,43,44,45,46",complete,0.78515625,0.015128841196122723
thubenchmark,tcnet,rpcf_at,pgd,subset_n512,25,robust,5,"42,43,44,45,46",complete,0.587890625,0.02847144479904932
thubenchmark,tcnet,rpcf_at,pgd,subset_n512,30,clean,5,"42,43,44,45,46",complete,0.79921875,0.017815241017174032
thubenchmark,tcnet,rpcf_at,pgd,subset_n512,30,robust,5,"42,43,44,45,46",complete,0.5796875,0.03631447156061289
thubenchmark,tcnet,rpcf_at,cw,subset_n512,raw,clean,5,"42,43,44,45,46",complete,0.8390625,0.01357386746397973
thubenchmark,tcnet,rpcf_at,cw,subset_n512,raw,robust,5,"42,43,44,45,46",complete,0.0359375,0.013289863934534374
thubenchmark,tcnet,rpcf_at,cw,subset_n512,25,clean,5,"42,43,44,45,46",complete,0.78515625,0.015128841196122723
thubenchmark,tcnet,rpcf_at,cw,subset_n512,25,robust,5,"42,43,44,45,46",complete,0.08359375,0.013418409404154428
thubenchmark,tcnet,rpcf_at,cw,subset_n512,30,clean,5,"42,43,44,45,46",complete,0.79921875,0.017815241017174032
thubenchmark,tcnet,rpcf_at,cw,subset_n512,30,robust,5,"42,43,44,45,46",complete,0.0578125,0.009726484060928697
seediv,eegnet,madry,autoattack,subset_n512,raw,clean,5,"42,43,44,45,46",complete,0.337890625,0.04490064036161191
seediv,eegnet,madry,autoattack,subset_n512,raw,robust,5,"42,43,44,45,46",complete,0.234765625,0.04570896730820783
seediv,eegnet,madry,autoattack,subset_n512,25,clean,5,"42,43,44,45,46",complete,0.33671875,0.0452307654539992
seediv,eegnet,madry,autoattack,subset_n512,25,robust,5,"42,43,44,45,46",complete,0.27734375,0.06312251019996996
seediv,eegnet,madry,autoattack,subset_n512,30,clean,5,"42,43,44,45,46",complete,0.33671875,0.04388233334369881
seediv,eegnet,madry,autoattack,subset_n512,30,robust,5,"42,43,44,45,46",complete,0.26796875,0.0674662639942642
seediv,eegnet,madry,fgsm,subset_n512,raw,clean,5,"42,43,44,45,46",complete,0.337890625,0.04490064036161191
seediv,eegnet,madry,fgsm,subset_n512,raw,robust,5,"42,43,44,45,46",complete,0.25546875,0.043703763234971396
seediv,eegnet,madry,fgsm,subset_n512,25,clean,5,"42,43,44,45,46",complete,0.33671875,0.0452307654539992
seediv,eegnet,madry,fgsm,subset_n512,25,robust,5,"42,43,44,45,46",complete,0.2625,0.04546210486235349
seediv,eegnet,madry,fgsm,subset_n512,30,clean,5,"42,43,44,45,46",complete,0.33671875,0.04388233334369881
seediv,eegnet,madry,fgsm,subset_n512,30,robust,5,"42,43,44,45,46",complete,0.2609375,0.04315920150795989
seediv,eegnet,madry,pgd,subset_n512,raw,clean,5,"42,43,44,45,46",complete,0.337890625,0.04490064036161191
seediv,eegnet,madry,pgd,subset_n512,raw,robust,5,"42,43,44,45,46",complete,0.2546875,0.042959871241769046
seediv,eegnet,madry,pgd,subset_n512,25,clean,5,"42,43,44,45,46",complete,0.33671875,0.0452307654539992
seediv,eegnet,madry,pgd,subset_n512,25,robust,5,"42,43,44,45,46",complete,0.2640625,0.044738927739424394
seediv,eegnet,madry,pgd,subset_n512,30,clean,5,"42,43,44,45,46",complete,0.33671875,0.04388233334369881
seediv,eegnet,madry,pgd,subset_n512,30,robust,5,"42,43,44,45,46",complete,0.262890625,0.04396917754767253
seediv,eegnet,madry,cw,subset_n512,raw,clean,5,"42,43,44,45,46",complete,0.337890625,0.04490064036161191
seediv,eegnet,madry,cw,subset_n512,raw,robust,5,"42,43,44,45,46",complete,0.028515625,0.03011868207218943
seediv,eegnet,madry,cw,subset_n512,25,clean,5,"42,43,44,45,46",complete,0.33671875,0.0452307654539992
seediv,eegnet,madry,cw,subset_n512,25,robust,5,"42,43,44,45,46",complete,0.03984375,0.024024231440132743
seediv,eegnet,madry,cw,subset_n512,30,clean,5,"42,43,44,45,46",complete,0.33671875,0.04388233334369881
seediv,eegnet,madry,cw,subset_n512,30,robust,5,"42,43,44,45,46",complete,0.031640625,0.030490026625649452
seediv,eegnet,rpcf_at,autoattack,subset_n512,raw,clean,5,"42,43,44,45,46",complete,0.365625,0.03813348394333056
seediv,eegnet,rpcf_at,autoattack,subset_n512,raw,robust,5,"42,43,44,45,46",complete,0.26328125,0.019889296278282762
seediv,eegnet,rpcf_at,autoattack,subset_n512,25,clean,5,"42,43,44,45,46",complete,0.369140625,0.033687867794258475
seediv,eegnet,rpcf_at,autoattack,subset_n512,25,robust,5,"42,43,44,45,46",complete,0.3453125,0.027182841285479386
seediv,eegnet,rpcf_at,autoattack,subset_n512,30,clean,5,"42,43,44,45,46",complete,0.367578125,0.03350050649687068
seediv,eegnet,rpcf_at,autoattack,subset_n512,30,robust,5,"42,43,44,45,46",complete,0.33828125,0.025480609777031926
seediv,eegnet,rpcf_at,fgsm,subset_n512,raw,clean,5,"42,43,44,45,46",complete,0.365625,0.03813348394333056
seediv,eegnet,rpcf_at,fgsm,subset_n512,raw,robust,5,"42,43,44,45,46",complete,0.278515625,0.02181912506838897
seediv,eegnet,rpcf_at,fgsm,subset_n512,25,clean,5,"42,43,44,45,46",complete,0.369140625,0.033687867794258475
seediv,eegnet,rpcf_at,fgsm,subset_n512,25,robust,5,"42,43,44,45,46",complete,0.3046875,0.024040104736506192
seediv,eegnet,rpcf_at,fgsm,subset_n512,30,clean,5,"42,43,44,45,46",complete,0.367578125,0.03350050649687068
seediv,eegnet,rpcf_at,fgsm,subset_n512,30,robust,5,"42,43,44,45,46",complete,0.296484375,0.02636357035374524
seediv,eegnet,rpcf_at,pgd,subset_n512,raw,clean,5,"42,43,44,45,46",complete,0.365625,0.03813348394333056
seediv,eegnet,rpcf_at,pgd,subset_n512,raw,robust,5,"42,43,44,45,46",complete,0.28046875,0.023543056570787754
seediv,eegnet,rpcf_at,pgd,subset_n512,25,clean,5,"42,43,44,45,46",complete,0.369140625,0.033687867794258475
seediv,eegnet,rpcf_at,pgd,subset_n512,25,robust,5,"42,43,44,45,46",complete,0.302734375,0.023920798269366973
seediv,eegnet,rpcf_at,pgd,subset_n512,30,clean,5,"42,43,44,45,46",complete,0.367578125,0.03350050649687068
seediv,eegnet,rpcf_at,pgd,subset_n512,30,robust,5,"42,43,44,45,46",complete,0.2953125,0.024989316564940557
seediv,eegnet,rpcf_at,cw,subset_n512,raw,clean,5,"42,43,44,45,46",complete,0.365625,0.03813348394333056
seediv,eegnet,rpcf_at,cw,subset_n512,raw,robust,5,"42,43,44,45,46",complete,0.004296875,0.0059241214406652734
seediv,eegnet,rpcf_at,cw,subset_n512,25,clean,5,"42,43,44,45,46",complete,0.369140625,0.033687867794258475
seediv,eegnet,rpcf_at,cw,subset_n512,25,robust,5,"42,43,44,45,46",complete,0.029296875,0.009468124721516268
seediv,eegnet,rpcf_at,cw,subset_n512,30,clean,5,"42,43,44,45,46",complete,0.367578125,0.03350050649687068
seediv,eegnet,rpcf_at,cw,subset_n512,30,robust,5,"42,43,44,45,46",complete,0.010546875,0.009427748739177476
seediv,deepconvnet,madry,autoattack,subset_n512,raw,clean,5,"42,43,44,45,46",complete,0.42265625,0.017932623329903172
seediv,deepconvnet,madry,autoattack,subset_n512,raw,robust,5,"42,43,44,45,46",complete,0.2125,0.019599490162972032
seediv,deepconvnet,madry,autoattack,subset_n512,25,clean,5,"42,43,44,45,46",complete,0.398046875,0.023736697035030223
seediv,deepconvnet,madry,autoattack,subset_n512,25,robust,5,"42,43,44,45,46",complete,0.30546875,0.017171956750260363
seediv,deepconvnet,madry,autoattack,subset_n512,30,clean,5,"42,43,44,45,46",complete,0.403125,0.024182495545751942
seediv,deepconvnet,madry,autoattack,subset_n512,30,robust,5,"42,43,44,45,46",complete,0.3,0.014392291739797296
seediv,deepconvnet,madry,fgsm,subset_n512,raw,clean,5,"42,43,44,45,46",complete,0.42265625,0.017932623329903172
seediv,deepconvnet,madry,fgsm,subset_n512,raw,robust,5,"42,43,44,45,46",complete,0.234765625,0.020780368872297478
seediv,deepconvnet,madry,fgsm,subset_n512,25,clean,5,"42,43,44,45,46",complete,0.398046875,0.023736697035030223
seediv,deepconvnet,madry,fgsm,subset_n512,25,robust,5,"42,43,44,45,46",complete,0.254296875,0.025962607858917745
seediv,deepconvnet,madry,fgsm,subset_n512,30,clean,5,"42,43,44,45,46",complete,0.403125,0.024182495545751942
seediv,deepconvnet,madry,fgsm,subset_n512,30,robust,5,"42,43,44,45,46",complete,0.256640625,0.020325641782418274
seediv,deepconvnet,madry,pgd,subset_n512,raw,clean,5,"42,43,44,45,46",complete,0.42265625,0.017932623329903172
seediv,deepconvnet,madry,pgd,subset_n512,raw,robust,5,"42,43,44,45,46",complete,0.230078125,0.022243341371106153
seediv,deepconvnet,madry,pgd,subset_n512,25,clean,5,"42,43,44,45,46",complete,0.398046875,0.023736697035030223
seediv,deepconvnet,madry,pgd,subset_n512,25,robust,5,"42,43,44,45,46",complete,0.2546875,0.026079887316875768
seediv,deepconvnet,madry,pgd,subset_n512,30,clean,5,"42,43,44,45,46",complete,0.403125,0.024182495545751942
seediv,deepconvnet,madry,pgd,subset_n512,30,robust,5,"42,43,44,45,46",complete,0.253515625,0.019744924931406425
seediv,deepconvnet,madry,cw,subset_n512,raw,clean,5,"42,43,44,45,46",complete,0.42265625,0.017932623329903172
seediv,deepconvnet,madry,cw,subset_n512,raw,robust,5,"42,43,44,45,46",complete,0.00234375,0.0008734640537108553
seediv,deepconvnet,madry,cw,subset_n512,25,clean,5,"42,43,44,45,46",complete,0.398046875,0.023736697035030223
seediv,deepconvnet,madry,cw,subset_n512,25,robust,5,"42,43,44,45,46",complete,0.1046875,0.03350619950506827
seediv,deepconvnet,madry,cw,subset_n512,30,clean,5,"42,43,44,45,46",complete,0.403125,0.024182495545751942
seediv,deepconvnet,madry,cw,subset_n512,30,robust,5,"42,43,44,45,46",complete,0.071484375,0.032582667923659006
seediv,deepconvnet,rpcf_at,autoattack,subset_n512,raw,clean,5,"42,43,44,45,46",complete,0.433203125,0.00899286283845417
seediv,deepconvnet,rpcf_at,autoattack,subset_n512,raw,robust,5,"42,43,44,45,46",complete,0.179296875,0.014836038292838237
seediv,deepconvnet,rpcf_at,autoattack,subset_n512,25,clean,5,"42,43,44,45,46",complete,0.4109375,0.01285209677840789
seediv,deepconvnet,rpcf_at,autoattack,subset_n512,25,robust,5,"42,43,44,45,46",complete,0.300390625,0.013838273112436211
seediv,deepconvnet,rpcf_at,autoattack,subset_n512,30,clean,5,"42,43,44,45,46",complete,0.4140625,0.009765625
seediv,deepconvnet,rpcf_at,autoattack,subset_n512,30,robust,5,"42,43,44,45,46",complete,0.2875,0.01376918494688638
seediv,deepconvnet,rpcf_at,fgsm,subset_n512,raw,clean,5,"42,43,44,45,46",complete,0.433203125,0.00899286283845417
seediv,deepconvnet,rpcf_at,fgsm,subset_n512,raw,robust,5,"42,43,44,45,46",complete,0.2078125,0.013361430762880523
seediv,deepconvnet,rpcf_at,fgsm,subset_n512,25,clean,5,"42,43,44,45,46",complete,0.4109375,0.01285209677840789
seediv,deepconvnet,rpcf_at,fgsm,subset_n512,25,robust,5,"42,43,44,45,46",complete,0.249609375,0.015527036651837337
seediv,deepconvnet,rpcf_at,fgsm,subset_n512,30,clean,5,"42,43,44,45,46",complete,0.4140625,0.009765625
seediv,deepconvnet,rpcf_at,fgsm,subset_n512,30,robust,5,"42,43,44,45,46",complete,0.24375,0.01710518284829009
seediv,deepconvnet,rpcf_at,pgd,subset_n512,raw,clean,5,"42,43,44,45,46",complete,0.433203125,0.00899286283845417
seediv,deepconvnet,rpcf_at,pgd,subset_n512,raw,robust,5,"42,43,44,45,46",complete,0.20078125,0.013058214570661546
seediv,deepconvnet,rpcf_at,pgd,subset_n512,25,clean,5,"42,43,44,45,46",complete,0.4109375,0.01285209677840789
seediv,deepconvnet,rpcf_at,pgd,subset_n512,25,robust,5,"42,43,44,45,46",complete,0.24765625,0.017868692205441686
seediv,deepconvnet,rpcf_at,pgd,subset_n512,30,clean,5,"42,43,44,45,46",complete,0.4140625,0.009765625
seediv,deepconvnet,rpcf_at,pgd,subset_n512,30,robust,5,"42,43,44,45,46",complete,0.24765625,0.012837247441527332
seediv,deepconvnet,rpcf_at,cw,subset_n512,raw,clean,5,"42,43,44,45,46",complete,0.433203125,0.00899286283845417
seediv,deepconvnet,rpcf_at,cw,subset_n512,raw,robust,5,"42,43,44,45,46",complete,0.00390625,0.002392079826936697
seediv,deepconvnet,rpcf_at,cw,subset_n512,25,clean,5,"42,43,44,45,46",complete,0.4109375,0.01285209677840789
seediv,deepconvnet,rpcf_at,cw,subset_n512,25,robust,5,"42,43,44,45,46",complete,0.08828125,0.034620483544563256
seediv,deepconvnet,rpcf_at,cw,subset_n512,30,clean,5,"42,43,44,45,46",complete,0.4140625,0.009765625
seediv,deepconvnet,rpcf_at,cw,subset_n512,30,robust,5,"42,43,44,45,46",complete,0.0609375,0.02881769586081723
seediv,tsception,madry,autoattack,subset_n512,raw,clean,5,"42,43,44,45,46",complete,0.468359375,0.021941166671849404
seediv,tsception,madry,autoattack,subset_n512,raw,robust,5,"42,43,44,45,46",complete,0.294921875,0.02239715808824163
seediv,tsception,madry,autoattack,subset_n512,25,clean,5,"42,43,44,45,46",complete,0.4546875,0.01710518284829009
seediv,tsception,madry,autoattack,subset_n512,25,robust,5,"42,43,44,45,46",complete,0.398046875,0.024604724262927383
seediv,tsception,madry,autoattack,subset_n512,30,clean,5,"42,43,44,45,46",complete,0.45859375,0.013975424859373685
seediv,tsception,madry,autoattack,subset_n512,30,robust,5,"42,43,44,45,46",complete,0.394140625,0.02275202010691166
seediv,tsception,madry,fgsm,subset_n512,raw,clean,5,"42,43,44,45,46",complete,0.468359375,0.021941166671849404
seediv,tsception,madry,fgsm,subset_n512,raw,robust,5,"42,43,44,45,46",complete,0.335546875,0.030739234094155837
seediv,tsception,madry,fgsm,subset_n512,25,clean,5,"42,43,44,45,46",complete,0.4546875,0.01710518284829009
seediv,tsception,madry,fgsm,subset_n512,25,robust,5,"42,43,44,45,46",complete,0.349609375,0.02670858267808075
seediv,tsception,madry,fgsm,subset_n512,30,clean,5,"42,43,44,45,46",complete,0.45859375,0.013975424859373685
seediv,tsception,madry,fgsm,subset_n512,30,robust,5,"42,43,44,45,46",complete,0.348828125,0.025035070615881783
seediv,tsception,madry,pgd,subset_n512,raw,clean,5,"42,43,44,45,46",complete,0.468359375,0.021941166671849404
seediv,tsception,madry,pgd,subset_n512,raw,robust,5,"42,43,44,45,46",complete,0.328515625,0.030175623229764244
seediv,tsception,madry,pgd,subset_n512,25,clean,5,"42,43,44,45,46",complete,0.4546875,0.01710518284829009
seediv,tsception,madry,pgd,subset_n512,25,robust,5,"42,43,44,45,46",complete,0.351171875,0.02258373362431603
seediv,tsception,madry,pgd,subset_n512,30,clean,5,"42,43,44,45,46",complete,0.45859375,0.013975424859373685
seediv,tsception,madry,pgd,subset_n512,30,robust,5,"42,43,44,45,46",complete,0.3515625,0.02631287809630367
seediv,tsception,madry,cw,subset_n512,raw,clean,5,"42,43,44,45,46",complete,0.468359375,0.021941166671849404
seediv,tsception,madry,cw,subset_n512,raw,robust,5,"42,43,44,45,46",complete,0.00390625,0.00390625
seediv,tsception,madry,cw,subset_n512,25,clean,5,"42,43,44,45,46",complete,0.4546875,0.01710518284829009
seediv,tsception,madry,cw,subset_n512,25,robust,5,"42,43,44,45,46",complete,0.0359375,0.010572162970878405
seediv,tsception,madry,cw,subset_n512,30,clean,5,"42,43,44,45,46",complete,0.45859375,0.013975424859373685
seediv,tsception,madry,cw,subset_n512,30,robust,5,"42,43,44,45,46",complete,0.012890625,0.006114248375975987
seediv,tsception,rpcf_at,autoattack,subset_n512,raw,clean,5,"42,43,44,45,46",complete,0.475390625,0.023134433780993807
seediv,tsception,rpcf_at,autoattack,subset_n512,raw,robust,5,"42,43,44,45,46",complete,0.288671875,0.020917594899203577
seediv,tsception,rpcf_at,autoattack,subset_n512,25,clean,5,"42,43,44,45,46",complete,0.465625,0.038783181043281344
seediv,tsception,rpcf_at,autoattack,subset_n512,25,robust,5,"42,43,44,45,46",complete,0.403125,0.036450775816396386
seediv,tsception,rpcf_at,autoattack,subset_n512,30,clean,5,"42,43,44,45,46",complete,0.468359375,0.031926276158910236
seediv,tsception,rpcf_at,autoattack,subset_n512,30,robust,5,"42,43,44,45,46",complete,0.390234375,0.027496781594340727
seediv,tsception,rpcf_at,fgsm,subset_n512,raw,clean,5,"42,43,44,45,46",complete,0.475390625,0.023134433780993807
seediv,tsception,rpcf_at,fgsm,subset_n512,raw,robust,5,"42,43,44,45,46",complete,0.32890625,0.029446233858960003
seediv,tsception,rpcf_at,fgsm,subset_n512,25,clean,5,"42,43,44,45,46",complete,0.465625,0.038783181043281344
seediv,tsception,rpcf_at,fgsm,subset_n512,25,robust,5,"42,43,44,45,46",complete,0.356640625,0.034014668610234354
seediv,tsception,rpcf_at,fgsm,subset_n512,30,clean,5,"42,43,44,45,46",complete,0.468359375,0.031926276158910236
seediv,tsception,rpcf_at,fgsm,subset_n512,30,robust,5,"42,43,44,45,46",complete,0.35625,0.032932027459863254
seediv,tsception,rpcf_at,pgd,subset_n512,raw,clean,5,"42,43,44,45,46",complete,0.475390625,0.023134433780993807
seediv,tsception,rpcf_at,pgd,subset_n512,raw,robust,5,"42,43,44,45,46",complete,0.31953125,0.025933205122577647
seediv,tsception,rpcf_at,pgd,subset_n512,25,clean,5,"42,43,44,45,46",complete,0.465625,0.038783181043281344
seediv,tsception,rpcf_at,pgd,subset_n512,25,robust,5,"42,43,44,45,46",complete,0.35625,0.030900141190388395
seediv,tsception,rpcf_at,pgd,subset_n512,30,clean,5,"42,43,44,45,46",complete,0.468359375,0.031926276158910236
seediv,tsception,rpcf_at,pgd,subset_n512,30,robust,5,"42,43,44,45,46",complete,0.3546875,0.03536181222267709
seediv,tsception,rpcf_at,cw,subset_n512,raw,clean,5,"42,43,44,45,46",complete,0.475390625,0.023134433780993807
seediv,tsception,rpcf_at,cw,subset_n512,raw,robust,5,"42,43,44,45,46",complete,0.00234375,0.0016341016143243663
seediv,tsception,rpcf_at,cw,subset_n512,25,clean,5,"42,43,44,45,46",complete,0.465625,0.038783181043281344
seediv,tsception,rpcf_at,cw,subset_n512,25,robust,5,"42,43,44,45,46",complete,0.042578125,0.019156562242561292
seediv,tsception,rpcf_at,cw,subset_n512,30,clean,5,"42,43,44,45,46",complete,0.468359375,0.031926276158910236
seediv,tsception,rpcf_at,cw,subset_n512,30,robust,5,"42,43,44,45,46",complete,0.013671875,0.007176239480810092
seediv,atcnet,madry,autoattack,subset_n512,raw,clean,2,"42,43",pending,,
seediv,atcnet,madry,autoattack,subset_n512,raw,robust,2,"42,43",pending,,
seediv,atcnet,madry,autoattack,subset_n512,25,clean,2,"42,43",pending,,
seediv,atcnet,madry,autoattack,subset_n512,25,robust,2,"42,43",pending,,
seediv,atcnet,madry,autoattack,subset_n512,30,clean,2,"42,43",pending,,
seediv,atcnet,madry,autoattack,subset_n512,30,robust,2,"42,43",pending,,
seediv,atcnet,madry,fgsm,subset_n512,raw,clean,2,"42,43",pending,,
seediv,atcnet,madry,fgsm,subset_n512,raw,robust,2,"42,43",pending,,
seediv,atcnet,madry,fgsm,subset_n512,25,clean,2,"42,43",pending,,
seediv,atcnet,madry,fgsm,subset_n512,25,robust,2,"42,43",pending,,
seediv,atcnet,madry,fgsm,subset_n512,30,clean,2,"42,43",pending,,
seediv,atcnet,madry,fgsm,subset_n512,30,robust,2,"42,43",pending,,
seediv,atcnet,madry,pgd,subset_n512,raw,clean,2,"42,43",pending,,
seediv,atcnet,madry,pgd,subset_n512,raw,robust,2,"42,43",pending,,
seediv,atcnet,madry,pgd,subset_n512,25,clean,2,"42,43",pending,,
seediv,atcnet,madry,pgd,subset_n512,25,robust,2,"42,43",pending,,
seediv,atcnet,madry,pgd,subset_n512,30,clean,2,"42,43",pending,,
seediv,atcnet,madry,pgd,subset_n512,30,robust,2,"42,43",pending,,
seediv,atcnet,madry,cw,subset_n512,raw,clean,2,"42,43",pending,,
seediv,atcnet,madry,cw,subset_n512,raw,robust,2,"42,43",pending,,
seediv,atcnet,madry,cw,subset_n512,25,clean,2,"42,43",pending,,
seediv,atcnet,madry,cw,subset_n512,25,robust,2,"42,43",pending,,
seediv,atcnet,madry,cw,subset_n512,30,clean,2,"42,43",pending,,
seediv,atcnet,madry,cw,subset_n512,30,robust,2,"42,43",pending,,
seediv,atcnet,rpcf_at,autoattack,subset_n512,raw,clean,2,"42,43",pending,,
seediv,atcnet,rpcf_at,autoattack,subset_n512,raw,robust,2,"42,43",pending,,
seediv,atcnet,rpcf_at,autoattack,subset_n512,25,clean,2,"42,43",pending,,
seediv,atcnet,rpcf_at,autoattack,subset_n512,25,robust,2,"42,43",pending,,
seediv,atcnet,rpcf_at,autoattack,subset_n512,30,clean,2,"42,43",pending,,
seediv,atcnet,rpcf_at,autoattack,subset_n512,30,robust,2,"42,43",pending,,
seediv,atcnet,rpcf_at,fgsm,subset_n512,raw,clean,2,"42,43",pending,,
seediv,atcnet,rpcf_at,fgsm,subset_n512,raw,robust,2,"42,43",pending,,
seediv,atcnet,rpcf_at,fgsm,subset_n512,25,clean,2,"42,43",pending,,
seediv,atcnet,rpcf_at,fgsm,subset_n512,25,robust,2,"42,43",pending,,
seediv,atcnet,rpcf_at,fgsm,subset_n512,30,clean,2,"42,43",pending,,
seediv,atcnet,rpcf_at,fgsm,subset_n512,30,robust,2,"42,43",pending,,
seediv,atcnet,rpcf_at,pgd,subset_n512,raw,clean,2,"42,43",pending,,
seediv,atcnet,rpcf_at,pgd,subset_n512,raw,robust,2,"42,43",pending,,
seediv,atcnet,rpcf_at,pgd,subset_n512,25,clean,2,"42,43",pending,,
seediv,atcnet,rpcf_at,pgd,subset_n512,25,robust,2,"42,43",pending,,
seediv,atcnet,rpcf_at,pgd,subset_n512,30,clean,2,"42,43",pending,,
seediv,atcnet,rpcf_at,pgd,subset_n512,30,robust,2,"42,43",pending,,
seediv,atcnet,rpcf_at,cw,subset_n512,raw,clean,1,42,pending,,
seediv,atcnet,rpcf_at,cw,subset_n512,raw,robust,1,42,pending,,
seediv,atcnet,rpcf_at,cw,subset_n512,25,clean,1,42,pending,,
seediv,atcnet,rpcf_at,cw,subset_n512,25,robust,1,42,pending,,
seediv,atcnet,rpcf_at,cw,subset_n512,30,clean,1,42,pending,,
seediv,atcnet,rpcf_at,cw,subset_n512,30,robust,1,42,pending,,
bciciv2a,eegnet,madry,autoattack,subset_n512,raw,clean,2,"42,43",pending,,
bciciv2a,eegnet,madry,autoattack,subset_n512,raw,robust,2,"42,43",pending,,
bciciv2a,eegnet,madry,autoattack,subset_n512,25,clean,2,"42,43",pending,,
bciciv2a,eegnet,madry,autoattack,subset_n512,25,robust,2,"42,43",pending,,
bciciv2a,eegnet,madry,autoattack,subset_n512,30,clean,2,"42,43",pending,,
bciciv2a,eegnet,madry,autoattack,subset_n512,30,robust,2,"42,43",pending,,
bciciv2a,tcnet,madry,autoattack,subset_n512,raw,clean,1,43,pending,,
bciciv2a,tcnet,madry,autoattack,subset_n512,raw,robust,1,43,pending,,
bciciv2a,tcnet,madry,autoattack,subset_n512,25,clean,1,43,pending,,
bciciv2a,tcnet,madry,autoattack,subset_n512,25,robust,1,43,pending,,
bciciv2a,tcnet,madry,autoattack,subset_n512,30,clean,1,43,pending,,
bciciv2a,tcnet,madry,autoattack,subset_n512,30,robust,1,43,pending,,
