dataset,model,method,attack,scope,rank,metric,seed,comparison,delta_pp
thubenchmark,eegnet,rpcf_at,autoattack,full_test,raw,clean,42,rpcf_minus_madry,0.24968789013732895
thubenchmark,eegnet,rpcf_at,autoattack,full_test,raw,robust,42,rpcf_minus_madry,0.3745318352059934
thubenchmark,eegnet,rpcf_at,fgsm,full_test,raw,clean,42,rpcf_minus_madry,0.24968789013732895
thubenchmark,eegnet,rpcf_at,fgsm,full_test,raw,robust,42,rpcf_minus_madry,0.8739076154806513
thubenchmark,eegnet,rpcf_at,pgd,full_test,raw,clean,42,rpcf_minus_madry,0.24968789013732895
thubenchmark,eegnet,rpcf_at,pgd,full_test,raw,robust,42,rpcf_minus_madry,0.4993757802746579
thubenchmark,eegnet,rpcf_at,cw,full_test,raw,clean,42,rpcf_minus_madry,0.24968789013732895
thubenchmark,eegnet,rpcf_at,cw,full_test,raw,robust,42,rpcf_minus_madry,0.0
thubenchmark,eegnet,rpcf_at,autoattack,full_test,raw,clean,43,rpcf_minus_madry,-0.11904761904761862
thubenchmark,eegnet,rpcf_at,autoattack,full_test,raw,robust,43,rpcf_minus_madry,0.0
thubenchmark,eegnet,rpcf_at,fgsm,full_test,raw,clean,43,rpcf_minus_madry,-0.11904761904761862
thubenchmark,eegnet,rpcf_at,fgsm,full_test,raw,robust,43,rpcf_minus_madry,-0.11904761904761862
thubenchmark,eegnet,rpcf_at,pgd,full_test,raw,clean,43,rpcf_minus_madry,-0.11904761904761862
thubenchmark,eegnet,rpcf_at,pgd,full_test,raw,robust,43,rpcf_minus_madry,-0.11904761904761862
thubenchmark,eegnet,rpcf_at,cw,full_test,raw,clean,43,rpcf_minus_madry,-0.11904761904761862
thubenchmark,eegnet,rpcf_at,cw,full_test,raw,robust,43,rpcf_minus_madry,0.0
thubenchmark,eegnet,rpcf_at,autoattack,full_test,raw,clean,44,rpcf_minus_madry,0.11904761904761862
thubenchmark,eegnet,rpcf_at,autoattack,full_test,raw,robust,44,rpcf_minus_madry,0.0
thubenchmark,eegnet,rpcf_at,fgsm,full_test,raw,clean,44,rpcf_minus_madry,0.11904761904761862
thubenchmark,eegnet,rpcf_at,fgsm,full_test,raw,robust,44,rpcf_minus_madry,-0.11904761904761862
thubenchmark,eegnet,rpcf_at,pgd,full_test,raw,clean,44,rpcf_minus_madry,0.11904761904761862
thubenchmark,eegnet,rpcf_at,pgd,full_test,raw,robust,44,rpcf_minus_madry,-0.5952380952380931
thubenchmark,eegnet,rpcf_at,cw,full_test,raw,clean,44,rpcf_minus_madry,0.11904761904761862
thubenchmark,eegnet,rpcf_at,cw,full_test,raw,robust,44,rpcf_minus_madry,0.0
thubenchmark,eegnet,rpcf_at,autoattack,full_test,raw,clean,45,rpcf_minus_madry,0.11904761904761862
thubenchmark,eegnet,rpcf_at,autoattack,full_test,raw,robust,45,rpcf_minus_madry,0.0
thubenchmark,eegnet,rpcf_at,fgsm,full_test,raw,clean,45,rpcf_minus_madry,0.11904761904761862
thubenchmark,eegnet,rpcf_at,fgsm,full_test,raw,robust,45,rpcf_minus_madry,0.0
thubenchmark,eegnet,rpcf_at,pgd,full_test,raw,clean,45,rpcf_minus_madry,0.11904761904761862
thubenchmark,eegnet,rpcf_at,pgd,full_test,raw,robust,45,rpcf_minus_madry,-0.4761904761904745
thubenchmark,eegnet,rpcf_at,cw,full_test,raw,clean,45,rpcf_minus_madry,0.11904761904761862
thubenchmark,eegnet,rpcf_at,cw,full_test,raw,robust,45,rpcf_minus_madry,0.0
thubenchmark,eegnet,rpcf_at,autoattack,full_test,raw,clean,46,rpcf_minus_madry,0.0
thubenchmark,eegnet,rpcf_at,autoattack,full_test,raw,robust,46,rpcf_minus_madry,0.3571428571428559
thubenchmark,eegnet,rpcf_at,fgsm,full_test,raw,clean,46,rpcf_minus_madry,0.0
thubenchmark,eegnet,rpcf_at,fgsm,full_test,raw,robust,46,rpcf_minus_madry,0.11904761904761862
thubenchmark,eegnet,rpcf_at,pgd,full_test,raw,clean,46,rpcf_minus_madry,0.0
thubenchmark,eegnet,rpcf_at,pgd,full_test,raw,robust,46,rpcf_minus_madry,0.3571428571428559
thubenchmark,eegnet,rpcf_at,cw,full_test,raw,clean,46,rpcf_minus_madry,0.0
thubenchmark,eegnet,rpcf_at,cw,full_test,raw,robust,46,rpcf_minus_madry,0.0
thubenchmark,deepconvnet,rpcf_at,autoattack,full_test,raw,clean,42,rpcf_minus_madry,0.7490636704119868
thubenchmark,deepconvnet,rpcf_at,autoattack,full_test,raw,robust,42,rpcf_minus_madry,3.2459425717852763
thubenchmark,deepconvnet,rpcf_at,fgsm,full_test,raw,clean,42,rpcf_minus_madry,0.7490636704119868
thubenchmark,deepconvnet,rpcf_at,fgsm,full_test,raw,robust,42,rpcf_minus_madry,3.1210986267166008
thubenchmark,deepconvnet,rpcf_at,pgd,full_test,raw,clean,42,rpcf_minus_madry,0.7490636704119868
thubenchmark,deepconvnet,rpcf_at,pgd,full_test,raw,robust,42,rpcf_minus_madry,2.372034956304625
thubenchmark,deepconvnet,rpcf_at,cw,full_test,raw,clean,42,rpcf_minus_madry,0.7490636704119868
thubenchmark,deepconvnet,rpcf_at,cw,full_test,raw,robust,42,rpcf_minus_madry,0.0
thubenchmark,deepconvnet,rpcf_at,autoattack,full_test,raw,clean,43,rpcf_minus_madry,0.7142857142857117
thubenchmark,deepconvnet,rpcf_at,autoattack,full_test,raw,robust,43,rpcf_minus_madry,-0.7142857142857117
thubenchmark,deepconvnet,rpcf_at,fgsm,full_test,raw,clean,43,rpcf_minus_madry,0.7142857142857117
thubenchmark,deepconvnet,rpcf_at,fgsm,full_test,raw,robust,43,rpcf_minus_madry,-1.4285714285714235
thubenchmark,deepconvnet,rpcf_at,pgd,full_test,raw,clean,43,rpcf_minus_madry,0.7142857142857117
thubenchmark,deepconvnet,rpcf_at,pgd,full_test,raw,robust,43,rpcf_minus_madry,-0.7142857142857117
thubenchmark,deepconvnet,rpcf_at,cw,full_test,raw,clean,43,rpcf_minus_madry,0.7142857142857117
thubenchmark,deepconvnet,rpcf_at,cw,full_test,raw,robust,43,rpcf_minus_madry,0.0
thubenchmark,deepconvnet,rpcf_at,autoattack,full_test,raw,clean,44,rpcf_minus_madry,0.952380952380949
thubenchmark,deepconvnet,rpcf_at,autoattack,full_test,raw,robust,44,rpcf_minus_madry,1.904761904761898
thubenchmark,deepconvnet,rpcf_at,fgsm,full_test,raw,clean,44,rpcf_minus_madry,0.952380952380949
thubenchmark,deepconvnet,rpcf_at,fgsm,full_test,raw,robust,44,rpcf_minus_madry,2.1428571428571463
thubenchmark,deepconvnet,rpcf_at,pgd,full_test,raw,clean,44,rpcf_minus_madry,0.952380952380949
thubenchmark,deepconvnet,rpcf_at,pgd,full_test,raw,robust,44,rpcf_minus_madry,2.0238095238095166
thubenchmark,deepconvnet,rpcf_at,cw,full_test,raw,clean,44,rpcf_minus_madry,0.952380952380949
thubenchmark,deepconvnet,rpcf_at,cw,full_test,raw,robust,44,rpcf_minus_madry,0.0
thubenchmark,deepconvnet,rpcf_at,autoattack,full_test,raw,clean,45,rpcf_minus_madry,0.11904761904761862
thubenchmark,deepconvnet,rpcf_at,autoattack,full_test,raw,robust,45,rpcf_minus_madry,0.7142857142857117
thubenchmark,deepconvnet,rpcf_at,fgsm,full_test,raw,clean,45,rpcf_minus_madry,0.11904761904761862
thubenchmark,deepconvnet,rpcf_at,fgsm,full_test,raw,robust,45,rpcf_minus_madry,0.8333333333333304
thubenchmark,deepconvnet,rpcf_at,pgd,full_test,raw,clean,45,rpcf_minus_madry,0.11904761904761862
thubenchmark,deepconvnet,rpcf_at,pgd,full_test,raw,robust,45,rpcf_minus_madry,0.5952380952380931
thubenchmark,deepconvnet,rpcf_at,cw,full_test,raw,clean,45,rpcf_minus_madry,0.11904761904761862
thubenchmark,deepconvnet,rpcf_at,cw,full_test,raw,robust,45,rpcf_minus_madry,0.0
thubenchmark,deepconvnet,rpcf_at,autoattack,full_test,raw,clean,46,rpcf_minus_madry,0.23809523809523725
thubenchmark,deepconvnet,rpcf_at,autoattack,full_test,raw,robust,46,rpcf_minus_madry,0.3571428571428559
thubenchmark,deepconvnet,rpcf_at,fgsm,full_test,raw,clean,46,rpcf_minus_madry,0.23809523809523725
thubenchmark,deepconvnet,rpcf_at,fgsm,full_test,raw,robust,46,rpcf_minus_madry,0.3571428571428559
thubenchmark,deepconvnet,rpcf_at,pgd,full_test,raw,clean,46,rpcf_minus_madry,0.23809523809523725
thubenchmark,deepconvnet,rpcf_at,pgd,full_test,raw,robust,46,rpcf_minus_madry,0.23809523809523725
thubenchmark,deepconvnet,rpcf_at,cw,full_test,raw,clean,46,rpcf_minus_madry,0.23809523809523725
thubenchmark,deepconvnet,rpcf_at,cw,full_test,raw,robust,46,rpcf_minus_madry,0.0
thubenchmark,tsception,rpcf_at,autoattack,full_test,raw,clean,42,rpcf_minus_madry,0.0
thubenchmark,tsception,rpcf_at,autoattack,full_test,raw,robust,42,rpcf_minus_madry,-4.2446941323345815
thubenchmark,tsception,rpcf_at,fgsm,full_test,raw,clean,42,rpcf_minus_madry,0.0
thubenchmark,tsception,rpcf_at,fgsm,full_test,raw,robust,42,rpcf_minus_madry,-3.745318352059923
thubenchmark,tsception,rpcf_at,pgd,full_test,raw,clean,42,rpcf_minus_madry,0.0
thubenchmark,tsception,rpcf_at,pgd,full_test,raw,robust,42,rpcf_minus_madry,-5.867665418227219
thubenchmark,tsception,rpcf_at,cw,full_test,raw,clean,42,rpcf_minus_madry,0.0
thubenchmark,tsception,rpcf_at,cw,full_test,raw,robust,42,rpcf_minus_madry,-0.24968789013732834
thubenchmark,tsception,rpcf_at,autoattack,full_test,raw,clean,43,rpcf_minus_madry,-0.5952380952380931
thubenchmark,tsception,rpcf_at,autoattack,full_test,raw,robust,43,rpcf_minus_madry,-0.8333333333333304
thubenchmark,tsception,rpcf_at,fgsm,full_test,raw,clean,43,rpcf_minus_madry,-0.5952380952380931
thubenchmark,tsception,rpcf_at,fgsm,full_test,raw,robust,43,rpcf_minus_madry,-2.7380952380952395
thubenchmark,tsception,rpcf_at,pgd,full_test,raw,clean,43,rpcf_minus_madry,-0.5952380952380931
thubenchmark,tsception,rpcf_at,pgd,full_test,raw,robust,43,rpcf_minus_madry,-3.5714285714285756
thubenchmark,tsception,rpcf_at,cw,full_test,raw,clean,43,rpcf_minus_madry,-0.5952380952380931
thubenchmark,tsception,rpcf_at,cw,full_test,raw,robust,43,rpcf_minus_madry,0.5952380952380952
thubenchmark,tsception,rpcf_at,autoattack,full_test,raw,clean,44,rpcf_minus_madry,2.3809523809523836
thubenchmark,tsception,rpcf_at,autoattack,full_test,raw,robust,44,rpcf_minus_madry,-1.4285714285714235
thubenchmark,tsception,rpcf_at,fgsm,full_test,raw,clean,44,rpcf_minus_madry,2.3809523809523836
thubenchmark,tsception,rpcf_at,fgsm,full_test,raw,robust,44,rpcf_minus_madry,-2.261904761904759
thubenchmark,tsception,rpcf_at,pgd,full_test,raw,clean,44,rpcf_minus_madry,2.3809523809523836
thubenchmark,tsception,rpcf_at,pgd,full_test,raw,robust,44,rpcf_minus_madry,-1.0714285714285676
thubenchmark,tsception,rpcf_at,cw,full_test,raw,clean,44,rpcf_minus_madry,2.3809523809523836
thubenchmark,tsception,rpcf_at,cw,full_test,raw,robust,44,rpcf_minus_madry,0.47619047619047616
thubenchmark,tsception,rpcf_at,autoattack,full_test,raw,clean,45,rpcf_minus_madry,-3.809523809523807
thubenchmark,tsception,rpcf_at,autoattack,full_test,raw,robust,45,rpcf_minus_madry,-2.619047619047615
thubenchmark,tsception,rpcf_at,fgsm,full_test,raw,clean,45,rpcf_minus_madry,-3.809523809523807
thubenchmark,tsception,rpcf_at,fgsm,full_test,raw,robust,45,rpcf_minus_madry,-4.285714285714287
thubenchmark,tsception,rpcf_at,pgd,full_test,raw,clean,45,rpcf_minus_madry,-3.809523809523807
thubenchmark,tsception,rpcf_at,pgd,full_test,raw,robust,45,rpcf_minus_madry,-3.6904761904761885
thubenchmark,tsception,rpcf_at,cw,full_test,raw,clean,45,rpcf_minus_madry,-3.809523809523807
thubenchmark,tsception,rpcf_at,cw,full_test,raw,robust,45,rpcf_minus_madry,0.1190476190476191
thubenchmark,tsception,rpcf_at,autoattack,full_test,raw,clean,46,rpcf_minus_madry,0.11904761904761862
thubenchmark,tsception,rpcf_at,autoattack,full_test,raw,robust,46,rpcf_minus_madry,-0.8333333333333304
thubenchmark,tsception,rpcf_at,fgsm,full_test,raw,clean,46,rpcf_minus_madry,0.11904761904761862
thubenchmark,tsception,rpcf_at,fgsm,full_test,raw,robust,46,rpcf_minus_madry,-0.8333333333333359
thubenchmark,tsception,rpcf_at,pgd,full_test,raw,clean,46,rpcf_minus_madry,0.11904761904761862
thubenchmark,tsception,rpcf_at,pgd,full_test,raw,robust,46,rpcf_minus_madry,-3.214285714285714
thubenchmark,tsception,rpcf_at,cw,full_test,raw,clean,46,rpcf_minus_madry,0.11904761904761862
thubenchmark,tsception,rpcf_at,cw,full_test,raw,robust,46,rpcf_minus_madry,0.11904761904761905
thubenchmark,atcnet,rpcf_at,autoattack,full_test,raw,clean,42,rpcf_minus_madry,0.6242197253433224
thubenchmark,atcnet,rpcf_at,autoattack,full_test,raw,robust,42,rpcf_minus_madry,0.3745318352059934
thubenchmark,atcnet,rpcf_at,fgsm,full_test,raw,clean,42,rpcf_minus_madry,0.6242197253433224
thubenchmark,atcnet,rpcf_at,fgsm,full_test,raw,robust,42,rpcf_minus_madry,-0.8739076154806402
thubenchmark,atcnet,rpcf_at,pgd,full_test,raw,clean,42,rpcf_minus_madry,0.6242197253433224
thubenchmark,atcnet,rpcf_at,pgd,full_test,raw,robust,42,rpcf_minus_madry,-0.3745318352059934
thubenchmark,atcnet,rpcf_at,cw,full_test,raw,clean,42,rpcf_minus_madry,0.6242197253433224
thubenchmark,atcnet,rpcf_at,cw,full_test,raw,robust,42,rpcf_minus_madry,0.0
thubenchmark,atcnet,rpcf_at,autoattack,full_test,raw,clean,43,rpcf_minus_madry,0.0
thubenchmark,atcnet,rpcf_at,autoattack,full_test,raw,robust,43,rpcf_minus_madry,1.0714285714285787
thubenchmark,atcnet,rpcf_at,fgsm,full_test,raw,clean,43,rpcf_minus_madry,0.0
thubenchmark,atcnet,rpcf_at,fgsm,full_test,raw,robust,43,rpcf_minus_madry,1.5476190476190532
thubenchmark,atcnet,rpcf_at,pgd,full_test,raw,clean,43,rpcf_minus_madry,0.0
thubenchmark,atcnet,rpcf_at,pgd,full_test,raw,robust,43,rpcf_minus_madry,1.1904761904761973
thubenchmark,atcnet,rpcf_at,cw,full_test,raw,clean,43,rpcf_minus_madry,0.0
thubenchmark,atcnet,rpcf_at,cw,full_test,raw,robust,43,rpcf_minus_madry,0.0
thubenchmark,atcnet,rpcf_at,autoattack,full_test,raw,clean,44,rpcf_minus_madry,0.9523809523809601
thubenchmark,atcnet,rpcf_at,autoattack,full_test,raw,robust,44,rpcf_minus_madry,-0.3571428571428559
thubenchmark,atcnet,rpcf_at,fgsm,full_test,raw,clean,44,rpcf_minus_madry,0.9523809523809601
thubenchmark,atcnet,rpcf_at,fgsm,full_test,raw,robust,44,rpcf_minus_madry,0.23809523809523725
thubenchmark,atcnet,rpcf_at,pgd,full_test,raw,clean,44,rpcf_minus_madry,0.9523809523809601
thubenchmark,atcnet,rpcf_at,pgd,full_test,raw,robust,44,rpcf_minus_madry,-0.3571428571428559
thubenchmark,atcnet,rpcf_at,cw,full_test,raw,clean,44,rpcf_minus_madry,0.9523809523809601
thubenchmark,atcnet,rpcf_at,cw,full_test,raw,robust,44,rpcf_minus_madry,0.0
thubenchmark,atcnet,rpcf_at,autoattack,full_test,raw,clean,45,rpcf_minus_madry,0.4761904761904856
thubenchmark,atcnet,rpcf_at,autoattack,full_test,raw,robust,45,rpcf_minus_madry,0.11904761904761862
thubenchmark,atcnet,rpcf_at,fgsm,full_test,raw,clean,45,rpcf_minus_madry,0.4761904761904856
thubenchmark,atcnet,rpcf_at,fgsm,full_test,raw,robust,45,rpcf_minus_madry,0.23809523809523725
thubenchmark,atcnet,rpcf_at,pgd,full_test,raw,clean,45,rpcf_minus_madry,0.4761904761904856
thubenchmark,atcnet,rpcf_at,pgd,full_test,raw,robust,45,rpcf_minus_madry,-0.7142857142857117
thubenchmark,atcnet,rpcf_at,cw,full_test,raw,clean,45,rpcf_minus_madry,0.4761904761904856
thubenchmark,atcnet,rpcf_at,cw,full_test,raw,robust,45,rpcf_minus_madry,0.0
thubenchmark,atcnet,rpcf_at,autoattack,full_test,raw,clean,46,rpcf_minus_madry,0.23809523809523725
thubenchmark,atcnet,rpcf_at,autoattack,full_test,raw,robust,46,rpcf_minus_madry,-0.23809523809523725
thubenchmark,atcnet,rpcf_at,fgsm,full_test,raw,clean,46,rpcf_minus_madry,0.23809523809523725
thubenchmark,atcnet,rpcf_at,fgsm,full_test,raw,robust,46,rpcf_minus_madry,-0.23809523809523725
thubenchmark,atcnet,rpcf_at,pgd,full_test,raw,clean,46,rpcf_minus_madry,0.23809523809523725
thubenchmark,atcnet,rpcf_at,pgd,full_test,raw,robust,46,rpcf_minus_madry,-0.5952380952380931
thubenchmark,atcnet,rpcf_at,cw,full_test,raw,clean,46,rpcf_minus_madry,0.23809523809523725
thubenchmark,atcnet,rpcf_at,cw,full_test,raw,robust,46,rpcf_minus_madry,0.11904761904761905
thubenchmark,conformer,rpcf_at,autoattack,full_test,raw,clean,42,rpcf_minus_madry,-0.8739076154806513
thubenchmark,conformer,rpcf_at,autoattack,full_test,raw,robust,42,rpcf_minus_madry,-2.2471910112359605
thubenchmark,conformer,rpcf_at,fgsm,full_test,raw,clean,42,rpcf_minus_madry,-0.8739076154806513
thubenchmark,conformer,rpcf_at,fgsm,full_test,raw,robust,42,rpcf_minus_madry,-3.1210986267166008
thubenchmark,conformer,rpcf_at,pgd,full_test,raw,clean,42,rpcf_minus_madry,-0.8739076154806513
thubenchmark,conformer,rpcf_at,pgd,full_test,raw,robust,42,rpcf_minus_madry,-1.872659176029956
thubenchmark,conformer,rpcf_at,cw,full_test,raw,clean,42,rpcf_minus_madry,-0.8739076154806513
thubenchmark,conformer,rpcf_at,cw,full_test,raw,robust,42,rpcf_minus_madry,0.0
thubenchmark,conformer,rpcf_at,autoattack,full_test,raw,clean,43,rpcf_minus_madry,0.11904761904761862
thubenchmark,conformer,rpcf_at,autoattack,full_test,raw,robust,43,rpcf_minus_madry,-0.11904761904761862
thubenchmark,conformer,rpcf_at,fgsm,full_test,raw,clean,43,rpcf_minus_madry,0.11904761904761862
thubenchmark,conformer,rpcf_at,fgsm,full_test,raw,robust,43,rpcf_minus_madry,-0.8333333333333304
thubenchmark,conformer,rpcf_at,pgd,full_test,raw,clean,43,rpcf_minus_madry,0.11904761904761862
thubenchmark,conformer,rpcf_at,pgd,full_test,raw,robust,43,rpcf_minus_madry,-0.357142857142867
thubenchmark,conformer,rpcf_at,cw,full_test,raw,clean,43,rpcf_minus_madry,0.11904761904761862
thubenchmark,conformer,rpcf_at,cw,full_test,raw,robust,43,rpcf_minus_madry,0.0
thubenchmark,conformer,rpcf_at,autoattack,full_test,raw,clean,44,rpcf_minus_madry,-0.4761904761904745
thubenchmark,conformer,rpcf_at,autoattack,full_test,raw,robust,44,rpcf_minus_madry,-0.7142857142857117
thubenchmark,conformer,rpcf_at,fgsm,full_test,raw,clean,44,rpcf_minus_madry,-0.4761904761904745
thubenchmark,conformer,rpcf_at,fgsm,full_test,raw,robust,44,rpcf_minus_madry,-2.3809523809523725
thubenchmark,conformer,rpcf_at,pgd,full_test,raw,clean,44,rpcf_minus_madry,-0.4761904761904745
thubenchmark,conformer,rpcf_at,pgd,full_test,raw,robust,44,rpcf_minus_madry,-0.4761904761904856
thubenchmark,conformer,rpcf_at,cw,full_test,raw,clean,44,rpcf_minus_madry,-0.4761904761904745
thubenchmark,conformer,rpcf_at,cw,full_test,raw,robust,44,rpcf_minus_madry,0.0
thubenchmark,conformer,rpcf_at,autoattack,full_test,raw,clean,45,rpcf_minus_madry,-1.3095238095238049
thubenchmark,conformer,rpcf_at,autoattack,full_test,raw,robust,45,rpcf_minus_madry,-5.595238095238086
thubenchmark,conformer,rpcf_at,fgsm,full_test,raw,clean,45,rpcf_minus_madry,-1.3095238095238049
thubenchmark,conformer,rpcf_at,fgsm,full_test,raw,robust,45,rpcf_minus_madry,-5.35714285714286
thubenchmark,conformer,rpcf_at,pgd,full_test,raw,clean,45,rpcf_minus_madry,-1.3095238095238049
thubenchmark,conformer,rpcf_at,pgd,full_test,raw,robust,45,rpcf_minus_madry,-5.35714285714286
thubenchmark,conformer,rpcf_at,cw,full_test,raw,clean,45,rpcf_minus_madry,-1.3095238095238049
thubenchmark,conformer,rpcf_at,cw,full_test,raw,robust,45,rpcf_minus_madry,0.0
thubenchmark,conformer,rpcf_at,autoattack,full_test,raw,clean,46,rpcf_minus_madry,-0.23809523809523725
thubenchmark,conformer,rpcf_at,autoattack,full_test,raw,robust,46,rpcf_minus_madry,2.3809523809523836
thubenchmark,conformer,rpcf_at,fgsm,full_test,raw,clean,46,rpcf_minus_madry,-0.23809523809523725
thubenchmark,conformer,rpcf_at,fgsm,full_test,raw,robust,46,rpcf_minus_madry,1.7857142857142905
thubenchmark,conformer,rpcf_at,pgd,full_test,raw,clean,46,rpcf_minus_madry,-0.23809523809523725
thubenchmark,conformer,rpcf_at,pgd,full_test,raw,robust,46,rpcf_minus_madry,0.952380952380949
thubenchmark,conformer,rpcf_at,cw,full_test,raw,clean,46,rpcf_minus_madry,-0.23809523809523725
thubenchmark,conformer,rpcf_at,cw,full_test,raw,robust,46,rpcf_minus_madry,0.0
thubenchmark,tcnet,rpcf_at,autoattack,full_test,raw,clean,42,rpcf_minus_madry,3.1210986267166008
thubenchmark,tcnet,rpcf_at,autoattack,full_test,raw,robust,42,rpcf_minus_madry,0.6242197253433168
thubenchmark,tcnet,rpcf_at,fgsm,full_test,raw,clean,42,rpcf_minus_madry,3.1210986267166008
thubenchmark,tcnet,rpcf_at,fgsm,full_test,raw,robust,42,rpcf_minus_madry,0.9987515605493158
thubenchmark,tcnet,rpcf_at,pgd,full_test,raw,clean,42,rpcf_minus_madry,3.1210986267166008
thubenchmark,tcnet,rpcf_at,pgd,full_test,raw,robust,42,rpcf_minus_madry,-0.12484394506866447
thubenchmark,tcnet,rpcf_at,cw,full_test,raw,clean,42,rpcf_minus_madry,3.1210986267166008
thubenchmark,tcnet,rpcf_at,cw,full_test,raw,robust,42,rpcf_minus_madry,0.12484394506866447
thubenchmark,tcnet,rpcf_at,autoattack,full_test,raw,clean,43,rpcf_minus_madry,-1.0714285714285676
thubenchmark,tcnet,rpcf_at,autoattack,full_test,raw,robust,43,rpcf_minus_madry,1.5476190476190477
thubenchmark,tcnet,rpcf_at,fgsm,full_test,raw,clean,43,rpcf_minus_madry,-1.0714285714285676
thubenchmark,tcnet,rpcf_at,fgsm,full_test,raw,robust,43,rpcf_minus_madry,0.8333333333333304
thubenchmark,tcnet,rpcf_at,pgd,full_test,raw,clean,43,rpcf_minus_madry,-1.0714285714285676
thubenchmark,tcnet,rpcf_at,pgd,full_test,raw,robust,43,rpcf_minus_madry,-0.8333333333333304
thubenchmark,tcnet,rpcf_at,cw,full_test,raw,clean,43,rpcf_minus_madry,-1.0714285714285676
thubenchmark,tcnet,rpcf_at,cw,full_test,raw,robust,43,rpcf_minus_madry,-0.4761904761904762
thubenchmark,tcnet,rpcf_at,autoattack,full_test,raw,clean,44,rpcf_minus_madry,1.309523809523816
thubenchmark,tcnet,rpcf_at,autoattack,full_test,raw,robust,44,rpcf_minus_madry,-0.23809523809523725
thubenchmark,tcnet,rpcf_at,fgsm,full_test,raw,clean,44,rpcf_minus_madry,1.309523809523816
thubenchmark,tcnet,rpcf_at,fgsm,full_test,raw,robust,44,rpcf_minus_madry,2.0238095238095277
thubenchmark,tcnet,rpcf_at,pgd,full_test,raw,clean,44,rpcf_minus_madry,1.309523809523816
thubenchmark,tcnet,rpcf_at,pgd,full_test,raw,robust,44,rpcf_minus_madry,0.23809523809523725
thubenchmark,tcnet,rpcf_at,cw,full_test,raw,clean,44,rpcf_minus_madry,1.309523809523816
thubenchmark,tcnet,rpcf_at,cw,full_test,raw,robust,44,rpcf_minus_madry,1.0714285714285712
thubenchmark,tcnet,rpcf_at,autoattack,full_test,raw,clean,45,rpcf_minus_madry,-1.309523809523816
thubenchmark,tcnet,rpcf_at,autoattack,full_test,raw,robust,45,rpcf_minus_madry,0.952380952380949
thubenchmark,tcnet,rpcf_at,fgsm,full_test,raw,clean,45,rpcf_minus_madry,-1.309523809523816
thubenchmark,tcnet,rpcf_at,fgsm,full_test,raw,robust,45,rpcf_minus_madry,-1.1904761904761973
thubenchmark,tcnet,rpcf_at,pgd,full_test,raw,clean,45,rpcf_minus_madry,-1.309523809523816
thubenchmark,tcnet,rpcf_at,pgd,full_test,raw,robust,45,rpcf_minus_madry,0.5952380952380931
thubenchmark,tcnet,rpcf_at,cw,full_test,raw,clean,45,rpcf_minus_madry,-1.309523809523816
thubenchmark,tcnet,rpcf_at,cw,full_test,raw,robust,45,rpcf_minus_madry,-0.35714285714285693
thubenchmark,tcnet,rpcf_at,autoattack,full_test,raw,clean,46,rpcf_minus_madry,0.11904761904761862
thubenchmark,tcnet,rpcf_at,autoattack,full_test,raw,robust,46,rpcf_minus_madry,-1.0714285714285732
thubenchmark,tcnet,rpcf_at,fgsm,full_test,raw,clean,46,rpcf_minus_madry,0.11904761904761862
thubenchmark,tcnet,rpcf_at,fgsm,full_test,raw,robust,46,rpcf_minus_madry,-0.3571428571428559
thubenchmark,tcnet,rpcf_at,pgd,full_test,raw,clean,46,rpcf_minus_madry,0.11904761904761862
thubenchmark,tcnet,rpcf_at,pgd,full_test,raw,robust,46,rpcf_minus_madry,-1.7857142857142905
thubenchmark,tcnet,rpcf_at,cw,full_test,raw,clean,46,rpcf_minus_madry,0.11904761904761862
thubenchmark,tcnet,rpcf_at,cw,full_test,raw,robust,46,rpcf_minus_madry,0.23809523809523794
seediv,eegnet,rpcf_at,autoattack,full_test,raw,clean,42,rpcf_minus_madry,1.1686586985391767
seediv,eegnet,rpcf_at,autoattack,full_test,raw,robust,42,rpcf_minus_madry,-1.0624169986719778
seediv,eegnet,rpcf_at,fgsm,full_test,raw,clean,42,rpcf_minus_madry,1.1686586985391767
seediv,eegnet,rpcf_at,fgsm,full_test,raw,robust,42,rpcf_minus_madry,-1.0092961487383756
seediv,eegnet,rpcf_at,pgd,full_test,raw,clean,42,rpcf_minus_madry,1.1686586985391767
seediv,eegnet,rpcf_at,pgd,full_test,raw,robust,42,rpcf_minus_madry,-0.8764940239043839
seediv,eegnet,rpcf_at,cw,full_test,raw,clean,42,rpcf_minus_madry,1.1686586985391767
seediv,eegnet,rpcf_at,cw,full_test,raw,robust,42,rpcf_minus_madry,0.0
seediv,eegnet,rpcf_at,autoattack,full_test,raw,clean,43,rpcf_minus_madry,0.47808764940239223
seediv,eegnet,rpcf_at,autoattack,full_test,raw,robust,43,rpcf_minus_madry,0.23904382470119612
seediv,eegnet,rpcf_at,fgsm,full_test,raw,clean,43,rpcf_minus_madry,0.47808764940239223
seediv,eegnet,rpcf_at,fgsm,full_test,raw,robust,43,rpcf_minus_madry,0.23904382470119612
seediv,eegnet,rpcf_at,pgd,full_test,raw,clean,43,rpcf_minus_madry,0.47808764940239223
seediv,eegnet,rpcf_at,pgd,full_test,raw,robust,43,rpcf_minus_madry,0.37184594953519334
seediv,eegnet,rpcf_at,cw,full_test,raw,clean,43,rpcf_minus_madry,0.47808764940239223
seediv,eegnet,rpcf_at,cw,full_test,raw,robust,43,rpcf_minus_madry,0.0
seediv,eegnet,rpcf_at,autoattack,full_test,raw,clean,44,rpcf_minus_madry,2.8154050464807403
seediv,eegnet,rpcf_at,autoattack,full_test,raw,robust,44,rpcf_minus_madry,5.524568393094293
seediv,eegnet,rpcf_at,fgsm,full_test,raw,clean,44,rpcf_minus_madry,2.8154050464807403
seediv,eegnet,rpcf_at,fgsm,full_test,raw,robust,44,rpcf_minus_madry,4.780876494023903
seediv,eegnet,rpcf_at,pgd,full_test,raw,clean,44,rpcf_minus_madry,2.8154050464807403
seediv,eegnet,rpcf_at,pgd,full_test,raw,robust,44,rpcf_minus_madry,4.754316069057104
seediv,eegnet,rpcf_at,cw,full_test,raw,clean,44,rpcf_minus_madry,2.8154050464807403
seediv,eegnet,rpcf_at,cw,full_test,raw,robust,44,rpcf_minus_madry,-6.241699867197876
seediv,eegnet,rpcf_at,autoattack,full_test,raw,clean,45,rpcf_minus_madry,2.204515272244356
seediv,eegnet,rpcf_at,autoattack,full_test,raw,robust,45,rpcf_minus_madry,3.904382470119522
seediv,eegnet,rpcf_at,fgsm,full_test,raw,clean,45,rpcf_minus_madry,2.204515272244356
seediv,eegnet,rpcf_at,fgsm,full_test,raw,robust,45,rpcf_minus_madry,3.08100929614874
seediv,eegnet,rpcf_at,pgd,full_test,raw,clean,45,rpcf_minus_madry,2.204515272244356
seediv,eegnet,rpcf_at,pgd,full_test,raw,robust,45,rpcf_minus_madry,3.08100929614874
seediv,eegnet,rpcf_at,cw,full_test,raw,clean,45,rpcf_minus_madry,2.204515272244356
seediv,eegnet,rpcf_at,cw,full_test,raw,robust,45,rpcf_minus_madry,-0.9296148738379812
seediv,eegnet,rpcf_at,autoattack,full_test,raw,clean,46,rpcf_minus_madry,3.0013280212483395
seediv,eegnet,rpcf_at,autoattack,full_test,raw,robust,46,rpcf_minus_madry,7.835325365205844
seediv,eegnet,rpcf_at,fgsm,full_test,raw,clean,46,rpcf_minus_madry,3.0013280212483395
seediv,eegnet,rpcf_at,fgsm,full_test,raw,robust,46,rpcf_minus_madry,5.949535192563083
seediv,eegnet,rpcf_at,pgd,full_test,raw,clean,46,rpcf_minus_madry,3.0013280212483395
seediv,eegnet,rpcf_at,pgd,full_test,raw,robust,46,rpcf_minus_madry,5.949535192563079
seediv,eegnet,rpcf_at,cw,full_test,raw,clean,46,rpcf_minus_madry,3.0013280212483395
seediv,eegnet,rpcf_at,cw,full_test,raw,robust,46,rpcf_minus_madry,-7.144754316069058
seediv,deepconvnet,rpcf_at,autoattack,full_test,raw,clean,42,rpcf_minus_madry,1.11553784860558
seediv,deepconvnet,rpcf_at,autoattack,full_test,raw,robust,42,rpcf_minus_madry,-2.4169986719787513
seediv,deepconvnet,rpcf_at,fgsm,full_test,raw,clean,42,rpcf_minus_madry,1.11553784860558
seediv,deepconvnet,rpcf_at,fgsm,full_test,raw,robust,42,rpcf_minus_madry,-1.9389110225763617
seediv,deepconvnet,rpcf_at,pgd,full_test,raw,clean,42,rpcf_minus_madry,1.11553784860558
seediv,deepconvnet,rpcf_at,pgd,full_test,raw,robust,42,rpcf_minus_madry,-2.284196547144754
seediv,deepconvnet,rpcf_at,cw,full_test,raw,clean,42,rpcf_minus_madry,1.11553784860558
seediv,deepconvnet,rpcf_at,cw,full_test,raw,robust,42,rpcf_minus_madry,0.0
seediv,deepconvnet,rpcf_at,autoattack,full_test,raw,clean,43,rpcf_minus_madry,0.5843293492695911
seediv,deepconvnet,rpcf_at,autoattack,full_test,raw,robust,43,rpcf_minus_madry,-3.7715803452855248
seediv,deepconvnet,rpcf_at,fgsm,full_test,raw,clean,43,rpcf_minus_madry,0.5843293492695911
seediv,deepconvnet,rpcf_at,fgsm,full_test,raw,robust,43,rpcf_minus_madry,-2.7888446215139444
seediv,deepconvnet,rpcf_at,pgd,full_test,raw,clean,43,rpcf_minus_madry,0.5843293492695911
seediv,deepconvnet,rpcf_at,pgd,full_test,raw,robust,43,rpcf_minus_madry,-3.373173970783533
seediv,deepconvnet,rpcf_at,cw,full_test,raw,clean,43,rpcf_minus_madry,0.5843293492695911
seediv,deepconvnet,rpcf_at,cw,full_test,raw,robust,43,rpcf_minus_madry,-0.053120849933598946
seediv,deepconvnet,rpcf_at,autoattack,full_test,raw,clean,44,rpcf_minus_madry,0.23904382470119612
seediv,deepconvnet,rpcf_at,autoattack,full_test,raw,robust,44,rpcf_minus_madry,-2.151394422310757
seediv,deepconvnet,rpcf_at,fgsm,full_test,raw,clean,44,rpcf_minus_madry,0.23904382470119612
seediv,deepconvnet,rpcf_at,fgsm,full_test,raw,robust,44,rpcf_minus_madry,-1.726427622841964
seediv,deepconvnet,rpcf_at,pgd,full_test,raw,clean,44,rpcf_minus_madry,0.23904382470119612
seediv,deepconvnet,rpcf_at,pgd,full_test,raw,robust,44,rpcf_minus_madry,-2.098273572377157
seediv,deepconvnet,rpcf_at,cw,full_test,raw,clean,44,rpcf_minus_madry,0.23904382470119612
seediv,deepconvnet,rpcf_at,cw,full_test,raw,robust,44,rpcf_minus_madry,0.21248339973439578
seediv,deepconvnet,rpcf_at,autoattack,full_test,raw,clean,45,rpcf_minus_madry,0.3984063745019917
seediv,deepconvnet,rpcf_at,autoattack,full_test,raw,robust,45,rpcf_minus_madry,-4.329349269588311
seediv,deepconvnet,rpcf_at,fgsm,full_test,raw,clean,45,rpcf_minus_madry,0.3984063745019917
seediv,deepconvnet,rpcf_at,fgsm,full_test,raw,robust,45,rpcf_minus_madry,-4.090305444887118
seediv,deepconvnet,rpcf_at,pgd,full_test,raw,clean,45,rpcf_minus_madry,0.3984063745019917
seediv,deepconvnet,rpcf_at,pgd,full_test,raw,robust,45,rpcf_minus_madry,-4.1699867197875164
seediv,deepconvnet,rpcf_at,cw,full_test,raw,clean,45,rpcf_minus_madry,0.3984063745019917
seediv,deepconvnet,rpcf_at,cw,full_test,raw,robust,45,rpcf_minus_madry,0.13280212483399734
seediv,deepconvnet,rpcf_at,autoattack,full_test,raw,clean,46,rpcf_minus_madry,-0.42496679946879556
seediv,deepconvnet,rpcf_at,autoattack,full_test,raw,robust,46,rpcf_minus_madry,-3.824701195219121
seediv,deepconvnet,rpcf_at,fgsm,full_test,raw,clean,46,rpcf_minus_madry,-0.42496679946879556
seediv,deepconvnet,rpcf_at,fgsm,full_test,raw,robust,46,rpcf_minus_madry,-3.3200531208499333
seediv,deepconvnet,rpcf_at,pgd,full_test,raw,clean,46,rpcf_minus_madry,-0.42496679946879556
seediv,deepconvnet,rpcf_at,pgd,full_test,raw,robust,46,rpcf_minus_madry,-3.5856573705179278
seediv,deepconvnet,rpcf_at,cw,full_test,raw,clean,46,rpcf_minus_madry,-0.42496679946879556
seediv,deepconvnet,rpcf_at,cw,full_test,raw,robust,46,rpcf_minus_madry,0.0
seediv,tsception,rpcf_at,autoattack,full_test,raw,clean,42,rpcf_minus_madry,0.8764940239043839
seediv,tsception,rpcf_at,autoattack,full_test,raw,robust,42,rpcf_minus_madry,-0.7968127490039834
seediv,tsception,rpcf_at,fgsm,full_test,raw,clean,42,rpcf_minus_madry,0.8764940239043839
seediv,tsception,rpcf_at,fgsm,full_test,raw,robust,42,rpcf_minus_madry,-0.9030544488711822
seediv,tsception,rpcf_at,pgd,full_test,raw,clean,42,rpcf_minus_madry,0.8764940239043839
seediv,tsception,rpcf_at,pgd,full_test,raw,robust,42,rpcf_minus_madry,-0.7171314741035884
seediv,tsception,rpcf_at,cw,full_test,raw,clean,42,rpcf_minus_madry,0.8764940239043839
seediv,tsception,rpcf_at,cw,full_test,raw,robust,42,rpcf_minus_madry,0.07968127490039839
seediv,tsception,rpcf_at,autoattack,full_test,raw,clean,43,rpcf_minus_madry,-0.5046480743691906
seediv,tsception,rpcf_at,autoattack,full_test,raw,robust,43,rpcf_minus_madry,-0.47808764940239223
seediv,tsception,rpcf_at,fgsm,full_test,raw,clean,43,rpcf_minus_madry,-0.5046480743691906
seediv,tsception,rpcf_at,fgsm,full_test,raw,robust,43,rpcf_minus_madry,-0.6374501992031878
seediv,tsception,rpcf_at,pgd,full_test,raw,clean,43,rpcf_minus_madry,-0.5046480743691906
seediv,tsception,rpcf_at,pgd,full_test,raw,robust,43,rpcf_minus_madry,-0.5312084993359889
seediv,tsception,rpcf_at,cw,full_test,raw,clean,43,rpcf_minus_madry,-0.5046480743691906
seediv,tsception,rpcf_at,cw,full_test,raw,robust,43,rpcf_minus_madry,-0.02656042496679947
seediv,tsception,rpcf_at,autoattack,full_test,raw,clean,44,rpcf_minus_madry,1.3280212483399723
seediv,tsception,rpcf_at,autoattack,full_test,raw,robust,44,rpcf_minus_madry,-0.8764940239043784
seediv,tsception,rpcf_at,fgsm,full_test,raw,clean,44,rpcf_minus_madry,1.3280212483399723
seediv,tsception,rpcf_at,fgsm,full_test,raw,robust,44,rpcf_minus_madry,-0.2921646746347928
seediv,tsception,rpcf_at,pgd,full_test,raw,clean,44,rpcf_minus_madry,1.3280212483399723
seediv,tsception,rpcf_at,pgd,full_test,raw,robust,44,rpcf_minus_madry,-0.45152722443558835
seediv,tsception,rpcf_at,cw,full_test,raw,clean,44,rpcf_minus_madry,1.3280212483399723
seediv,tsception,rpcf_at,cw,full_test,raw,robust,44,rpcf_minus_madry,-0.026560424966799463
seediv,tsception,rpcf_at,autoattack,full_test,raw,clean,45,rpcf_minus_madry,-0.5843293492695856
seediv,tsception,rpcf_at,autoattack,full_test,raw,robust,45,rpcf_minus_madry,-2.0185922974767623
seediv,tsception,rpcf_at,fgsm,full_test,raw,clean,45,rpcf_minus_madry,-0.5843293492695856
seediv,tsception,rpcf_at,fgsm,full_test,raw,robust,45,rpcf_minus_madry,-2.045152722443561
seediv,tsception,rpcf_at,pgd,full_test,raw,clean,45,rpcf_minus_madry,-0.5843293492695856
seediv,tsception,rpcf_at,pgd,full_test,raw,robust,45,rpcf_minus_madry,-2.204515272244356
seediv,tsception,rpcf_at,cw,full_test,raw,clean,45,rpcf_minus_madry,-0.5843293492695856
seediv,tsception,rpcf_at,cw,full_test,raw,robust,45,rpcf_minus_madry,-0.10624169986719789
seediv,tsception,rpcf_at,autoattack,full_test,raw,clean,46,rpcf_minus_madry,0.9827357237715828
seediv,tsception,rpcf_at,autoattack,full_test,raw,robust,46,rpcf_minus_madry,-0.7436918990703867
seediv,tsception,rpcf_at,fgsm,full_test,raw,clean,46,rpcf_minus_madry,0.9827357237715828
seediv,tsception,rpcf_at,fgsm,full_test,raw,robust,46,rpcf_minus_madry,-0.84993359893758
seediv,tsception,rpcf_at,pgd,full_test,raw,clean,46,rpcf_minus_madry,0.9827357237715828
seediv,tsception,rpcf_at,pgd,full_test,raw,robust,46,rpcf_minus_madry,-1.11553784860558
seediv,tsception,rpcf_at,cw,full_test,raw,clean,46,rpcf_minus_madry,0.9827357237715828
seediv,tsception,rpcf_at,cw,full_test,raw,robust,46,rpcf_minus_madry,-0.13280212483399734
seediv,atcnet,rpcf_at,autoattack,full_test,raw,clean,42,rpcf_minus_madry,-0.47808764940239223
seediv,atcnet,rpcf_at,autoattack,full_test,raw,robust,42,rpcf_minus_madry,-0.5312084993359889
seediv,atcnet,rpcf_at,fgsm,full_test,raw,clean,42,rpcf_minus_madry,-0.47808764940239223
seediv,atcnet,rpcf_at,fgsm,full_test,raw,robust,42,rpcf_minus_madry,-0.7968127490039834
seediv,atcnet,rpcf_at,pgd,full_test,raw,clean,42,rpcf_minus_madry,-0.47808764940239223
seediv,atcnet,rpcf_at,pgd,full_test,raw,robust,42,rpcf_minus_madry,-0.6374501992031878
seediv,atcnet,rpcf_at,cw,full_test,raw,clean,42,rpcf_minus_madry,-0.47808764940239223
seediv,atcnet,rpcf_at,cw,full_test,raw,robust,42,rpcf_minus_madry,0.0
seediv,atcnet,rpcf_at,autoattack,full_test,raw,clean,43,rpcf_minus_madry,-0.026560424966798335
seediv,atcnet,rpcf_at,autoattack,full_test,raw,robust,43,rpcf_minus_madry,-0.9296148738379806
seediv,atcnet,rpcf_at,fgsm,full_test,raw,clean,43,rpcf_minus_madry,-0.026560424966798335
seediv,atcnet,rpcf_at,fgsm,full_test,raw,robust,43,rpcf_minus_madry,-1.0889774236387761
seediv,atcnet,rpcf_at,pgd,full_test,raw,clean,43,rpcf_minus_madry,-0.026560424966798335
seediv,atcnet,rpcf_at,pgd,full_test,raw,robust,43,rpcf_minus_madry,-1.0889774236387817
seediv,atcnet,rpcf_at,cw,full_test,raw,clean,43,rpcf_minus_madry,-0.026560424966798335
seediv,atcnet,rpcf_at,cw,full_test,raw,robust,43,rpcf_minus_madry,-0.1593625498007968
seediv,atcnet,rpcf_at,autoattack,full_test,raw,clean,44,rpcf_minus_madry,-0.13280212483399723
seediv,atcnet,rpcf_at,autoattack,full_test,raw,robust,44,rpcf_minus_madry,-1.0889774236387817
seediv,atcnet,rpcf_at,fgsm,full_test,raw,clean,44,rpcf_minus_madry,-0.13280212483399723
seediv,atcnet,rpcf_at,fgsm,full_test,raw,robust,44,rpcf_minus_madry,-0.3187250996015911
seediv,atcnet,rpcf_at,pgd,full_test,raw,clean,44,rpcf_minus_madry,-0.13280212483399723
seediv,atcnet,rpcf_at,pgd,full_test,raw,robust,44,rpcf_minus_madry,-0.345285524568395
seediv,atcnet,rpcf_at,cw,full_test,raw,clean,44,rpcf_minus_madry,-0.13280212483399723
seediv,atcnet,rpcf_at,cw,full_test,raw,robust,44,rpcf_minus_madry,-0.2124833997343957
seediv,atcnet,rpcf_at,autoattack,full_test,raw,clean,45,rpcf_minus_madry,0.6905710491367845
seediv,atcnet,rpcf_at,autoattack,full_test,raw,robust,45,rpcf_minus_madry,-0.9296148738379806
seediv,atcnet,rpcf_at,fgsm,full_test,raw,clean,45,rpcf_minus_madry,0.6905710491367845
seediv,atcnet,rpcf_at,fgsm,full_test,raw,robust,45,rpcf_minus_madry,-0.770252324037185
seediv,atcnet,rpcf_at,pgd,full_test,raw,clean,45,rpcf_minus_madry,0.6905710491367845
seediv,atcnet,rpcf_at,pgd,full_test,raw,robust,45,rpcf_minus_madry,-0.7968127490039834
seediv,atcnet,rpcf_at,cw,full_test,raw,clean,45,rpcf_minus_madry,0.6905710491367845
seediv,atcnet,rpcf_at,cw,full_test,raw,robust,45,rpcf_minus_madry,-0.02656042496679947
seediv,atcnet,rpcf_at,autoattack,full_test,raw,clean,46,rpcf_minus_madry,0.15936254980079556
seediv,atcnet,rpcf_at,autoattack,full_test,raw,robust,46,rpcf_minus_madry,-0.42496679946879
seediv,atcnet,rpcf_at,fgsm,full_test,raw,clean,46,rpcf_minus_madry,0.15936254980079556
seediv,atcnet,rpcf_at,fgsm,full_test,raw,robust,46,rpcf_minus_madry,-0.45152722443558835
seediv,atcnet,rpcf_at,pgd,full_test,raw,clean,46,rpcf_minus_madry,0.15936254980079556
seediv,atcnet,rpcf_at,pgd,full_test,raw,robust,46,rpcf_minus_madry,-0.3187250996015967
seediv,atcnet,rpcf_at,cw,full_test,raw,clean,46,rpcf_minus_madry,0.15936254980079556
seediv,atcnet,rpcf_at,cw,full_test,raw,robust,46,rpcf_minus_madry,0.0
seediv,conformer,rpcf_at,autoattack,full_test,raw,clean,42,rpcf_minus_madry,-1.0624169986719778
seediv,conformer,rpcf_at,autoattack,full_test,raw,robust,42,rpcf_minus_madry,-2.5763612217795497
seediv,conformer,rpcf_at,fgsm,full_test,raw,clean,42,rpcf_minus_madry,-1.0624169986719778
seediv,conformer,rpcf_at,fgsm,full_test,raw,robust,42,rpcf_minus_madry,-2.8950863213811404
seediv,conformer,rpcf_at,pgd,full_test,raw,clean,42,rpcf_minus_madry,-1.0624169986719778
seediv,conformer,rpcf_at,pgd,full_test,raw,robust,42,rpcf_minus_madry,-3.452855245683928
seediv,conformer,rpcf_at,cw,full_test,raw,clean,42,rpcf_minus_madry,-1.0624169986719778
seediv,conformer,rpcf_at,cw,full_test,raw,robust,42,rpcf_minus_madry,-0.7171314741035858
seediv,conformer,rpcf_at,autoattack,full_test,raw,clean,43,rpcf_minus_madry,-2.0185922974767623
seediv,conformer,rpcf_at,autoattack,full_test,raw,robust,43,rpcf_minus_madry,-6.029216467463483
seediv,conformer,rpcf_at,fgsm,full_test,raw,clean,43,rpcf_minus_madry,-2.0185922974767623
seediv,conformer,rpcf_at,fgsm,full_test,raw,robust,43,rpcf_minus_madry,-6.241699867197875
seediv,conformer,rpcf_at,pgd,full_test,raw,clean,43,rpcf_minus_madry,-2.0185922974767623
seediv,conformer,rpcf_at,pgd,full_test,raw,robust,43,rpcf_minus_madry,-6.985391766268262
seediv,conformer,rpcf_at,cw,full_test,raw,clean,43,rpcf_minus_madry,-2.0185922974767623
seediv,conformer,rpcf_at,cw,full_test,raw,robust,43,rpcf_minus_madry,-5.763612217795483
seediv,conformer,rpcf_at,autoattack,full_test,raw,clean,44,rpcf_minus_madry,-1.4342629482071656
seediv,conformer,rpcf_at,autoattack,full_test,raw,robust,44,rpcf_minus_madry,-5.683930942895085
seediv,conformer,rpcf_at,fgsm,full_test,raw,clean,44,rpcf_minus_madry,-1.4342629482071656
seediv,conformer,rpcf_at,fgsm,full_test,raw,robust,44,rpcf_minus_madry,-6.58698539176627
seediv,conformer,rpcf_at,pgd,full_test,raw,clean,44,rpcf_minus_madry,-1.4342629482071656
seediv,conformer,rpcf_at,pgd,full_test,raw,robust,44,rpcf_minus_madry,-7.1713147410358555
seediv,conformer,rpcf_at,cw,full_test,raw,clean,44,rpcf_minus_madry,-1.4342629482071656
seediv,conformer,rpcf_at,cw,full_test,raw,robust,44,rpcf_minus_madry,2.177954847277558
seediv,conformer,rpcf_at,autoattack,full_test,raw,clean,45,rpcf_minus_madry,-1.5670650730411628
seediv,conformer,rpcf_at,autoattack,full_test,raw,robust,45,rpcf_minus_madry,-4.515272244355911
seediv,conformer,rpcf_at,fgsm,full_test,raw,clean,45,rpcf_minus_madry,-1.5670650730411628
seediv,conformer,rpcf_at,fgsm,full_test,raw,robust,45,rpcf_minus_madry,-5.498007968127489
seediv,conformer,rpcf_at,pgd,full_test,raw,clean,45,rpcf_minus_madry,-1.5670650730411628
seediv,conformer,rpcf_at,pgd,full_test,raw,robust,45,rpcf_minus_madry,-5.843293492695883
seediv,conformer,rpcf_at,cw,full_test,raw,clean,45,rpcf_minus_madry,-1.5670650730411628
seediv,conformer,rpcf_at,cw,full_test,raw,robust,45,rpcf_minus_madry,-1.2749003984063756
seediv,conformer,rpcf_at,autoattack,full_test,raw,clean,46,rpcf_minus_madry,-0.8233731739707872
seediv,conformer,rpcf_at,autoattack,full_test,raw,robust,46,rpcf_minus_madry,-5.0464807436919
seediv,conformer,rpcf_at,fgsm,full_test,raw,clean,46,rpcf_minus_madry,-0.8233731739707872
seediv,conformer,rpcf_at,fgsm,full_test,raw,robust,46,rpcf_minus_madry,-4.329349269588311
seediv,conformer,rpcf_at,pgd,full_test,raw,clean,46,rpcf_minus_madry,-0.8233731739707872
seediv,conformer,rpcf_at,pgd,full_test,raw,robust,46,rpcf_minus_madry,-5.444887118193892
seediv,conformer,rpcf_at,cw,full_test,raw,clean,46,rpcf_minus_madry,-0.8233731739707872
seediv,conformer,rpcf_at,cw,full_test,raw,robust,46,rpcf_minus_madry,-7.065073041168657
seediv,tcnet,rpcf_at,autoattack,full_test,raw,clean,42,rpcf_minus_madry,0.37184594953519334
seediv,tcnet,rpcf_at,autoattack,full_test,raw,robust,42,rpcf_minus_madry,-0.026560424966798335
seediv,tcnet,rpcf_at,fgsm,full_test,raw,clean,42,rpcf_minus_madry,0.37184594953519334
seediv,tcnet,rpcf_at,fgsm,full_test,raw,robust,42,rpcf_minus_madry,0.15936254980079556
seediv,tcnet,rpcf_at,pgd,full_test,raw,clean,42,rpcf_minus_madry,0.37184594953519334
seediv,tcnet,rpcf_at,pgd,full_test,raw,robust,42,rpcf_minus_madry,0.13280212483399723
seediv,tcnet,rpcf_at,cw,full_test,raw,clean,42,rpcf_minus_madry,0.37184594953519334
seediv,tcnet,rpcf_at,cw,full_test,raw,robust,42,rpcf_minus_madry,0.21248339973439578
seediv,tcnet,rpcf_at,autoattack,full_test,raw,clean,43,rpcf_minus_madry,0.37184594953519334
seediv,tcnet,rpcf_at,autoattack,full_test,raw,robust,43,rpcf_minus_madry,-0.37184594953519334
seediv,tcnet,rpcf_at,fgsm,full_test,raw,clean,43,rpcf_minus_madry,0.37184594953519334
seediv,tcnet,rpcf_at,fgsm,full_test,raw,robust,43,rpcf_minus_madry,-0.45152722443558835
seediv,tcnet,rpcf_at,pgd,full_test,raw,clean,43,rpcf_minus_madry,0.37184594953519334
seediv,tcnet,rpcf_at,pgd,full_test,raw,robust,43,rpcf_minus_madry,-0.45152722443558835
seediv,tcnet,rpcf_at,cw,full_test,raw,clean,43,rpcf_minus_madry,0.37184594953519334
seediv,tcnet,rpcf_at,cw,full_test,raw,robust,43,rpcf_minus_madry,-0.10624169986719785
seediv,tcnet,rpcf_at,autoattack,full_test,raw,clean,44,rpcf_minus_madry,-0.05312084993360222
seediv,tcnet,rpcf_at,autoattack,full_test,raw,robust,44,rpcf_minus_madry,0.0
seediv,tcnet,rpcf_at,fgsm,full_test,raw,clean,44,rpcf_minus_madry,-0.05312084993360222
seediv,tcnet,rpcf_at,fgsm,full_test,raw,robust,44,rpcf_minus_madry,-0.10624169986719889
seediv,tcnet,rpcf_at,pgd,full_test,raw,clean,44,rpcf_minus_madry,-0.05312084993360222
seediv,tcnet,rpcf_at,pgd,full_test,raw,robust,44,rpcf_minus_madry,0.05312084993360222
seediv,tcnet,rpcf_at,cw,full_test,raw,clean,44,rpcf_minus_madry,-0.05312084993360222
seediv,tcnet,rpcf_at,cw,full_test,raw,robust,44,rpcf_minus_madry,-0.13280212483399736
seediv,tcnet,rpcf_at,autoattack,full_test,raw,clean,45,rpcf_minus_madry,0.07968127490040056
seediv,tcnet,rpcf_at,autoattack,full_test,raw,robust,45,rpcf_minus_madry,-0.13280212483399723
seediv,tcnet,rpcf_at,fgsm,full_test,raw,clean,45,rpcf_minus_madry,0.07968127490040056
seediv,tcnet,rpcf_at,fgsm,full_test,raw,robust,45,rpcf_minus_madry,-0.10624169986719889
seediv,tcnet,rpcf_at,pgd,full_test,raw,clean,45,rpcf_minus_madry,0.07968127490040056
seediv,tcnet,rpcf_at,pgd,full_test,raw,robust,45,rpcf_minus_madry,-0.18592297476759945
seediv,tcnet,rpcf_at,cw,full_test,raw,clean,45,rpcf_minus_madry,0.07968127490040056
seediv,tcnet,rpcf_at,cw,full_test,raw,robust,45,rpcf_minus_madry,0.0
seediv,tcnet,rpcf_at,autoattack,full_test,raw,clean,46,rpcf_minus_madry,0.15936254980079556
seediv,tcnet,rpcf_at,autoattack,full_test,raw,robust,46,rpcf_minus_madry,-0.15936254980079556
seediv,tcnet,rpcf_at,fgsm,full_test,raw,clean,46,rpcf_minus_madry,0.15936254980079556
seediv,tcnet,rpcf_at,fgsm,full_test,raw,robust,46,rpcf_minus_madry,-0.07968127490040056
seediv,tcnet,rpcf_at,pgd,full_test,raw,clean,46,rpcf_minus_madry,0.15936254980079556
seediv,tcnet,rpcf_at,pgd,full_test,raw,robust,46,rpcf_minus_madry,-0.37184594953519334
seediv,tcnet,rpcf_at,cw,full_test,raw,clean,46,rpcf_minus_madry,0.15936254980079556
seediv,tcnet,rpcf_at,cw,full_test,raw,robust,46,rpcf_minus_madry,0.26560424966799473
bciciv2a,eegnet,rpcf_at,autoattack,full_test,raw,clean,42,rpcf_minus_madry,0.9578544061302707
bciciv2a,eegnet,rpcf_at,autoattack,full_test,raw,robust,42,rpcf_minus_madry,-1.7241379310344807
bciciv2a,eegnet,rpcf_at,fgsm,full_test,raw,clean,42,rpcf_minus_madry,0.9578544061302707
bciciv2a,eegnet,rpcf_at,fgsm,full_test,raw,robust,42,rpcf_minus_madry,-2.8735632183908066
bciciv2a,eegnet,rpcf_at,pgd,full_test,raw,clean,42,rpcf_minus_madry,0.9578544061302707
bciciv2a,eegnet,rpcf_at,pgd,full_test,raw,robust,42,rpcf_minus_madry,-2.6819923371647514
bciciv2a,eegnet,rpcf_at,cw,full_test,raw,clean,42,rpcf_minus_madry,0.9578544061302707
bciciv2a,eegnet,rpcf_at,cw,full_test,raw,robust,42,rpcf_minus_madry,0.0
bciciv2a,eegnet,rpcf_at,autoattack,full_test,raw,clean,43,rpcf_minus_madry,-0.19157088122605526
bciciv2a,eegnet,rpcf_at,autoattack,full_test,raw,robust,43,rpcf_minus_madry,-0.574712643678163
bciciv2a,eegnet,rpcf_at,fgsm,full_test,raw,clean,43,rpcf_minus_madry,-0.19157088122605526
bciciv2a,eegnet,rpcf_at,fgsm,full_test,raw,robust,43,rpcf_minus_madry,-1.532567049808431
bciciv2a,eegnet,rpcf_at,pgd,full_test,raw,clean,43,rpcf_minus_madry,-0.19157088122605526
bciciv2a,eegnet,rpcf_at,pgd,full_test,raw,robust,43,rpcf_minus_madry,-1.5325670498084254
bciciv2a,eegnet,rpcf_at,cw,full_test,raw,clean,43,rpcf_minus_madry,-0.19157088122605526
bciciv2a,eegnet,rpcf_at,cw,full_test,raw,robust,43,rpcf_minus_madry,0.0
bciciv2a,eegnet,rpcf_at,autoattack,full_test,raw,clean,44,rpcf_minus_madry,-1.532567049808431
bciciv2a,eegnet,rpcf_at,autoattack,full_test,raw,robust,44,rpcf_minus_madry,-1.1494252873563204
bciciv2a,eegnet,rpcf_at,fgsm,full_test,raw,clean,44,rpcf_minus_madry,-1.532567049808431
bciciv2a,eegnet,rpcf_at,fgsm,full_test,raw,robust,44,rpcf_minus_madry,-1.3409961685823757
bciciv2a,eegnet,rpcf_at,pgd,full_test,raw,clean,44,rpcf_minus_madry,-1.532567049808431
bciciv2a,eegnet,rpcf_at,pgd,full_test,raw,robust,44,rpcf_minus_madry,-1.532567049808431
bciciv2a,eegnet,rpcf_at,cw,full_test,raw,clean,44,rpcf_minus_madry,-1.532567049808431
bciciv2a,eegnet,rpcf_at,cw,full_test,raw,robust,44,rpcf_minus_madry,0.0
bciciv2a,eegnet,rpcf_at,autoattack,full_test,raw,clean,45,rpcf_minus_madry,-1.3409961685823757
bciciv2a,eegnet,rpcf_at,autoattack,full_test,raw,robust,45,rpcf_minus_madry,-0.19157088122605526
bciciv2a,eegnet,rpcf_at,fgsm,full_test,raw,clean,45,rpcf_minus_madry,-1.3409961685823757
bciciv2a,eegnet,rpcf_at,fgsm,full_test,raw,robust,45,rpcf_minus_madry,-0.1915708812260497
bciciv2a,eegnet,rpcf_at,pgd,full_test,raw,clean,45,rpcf_minus_madry,-1.3409961685823757
bciciv2a,eegnet,rpcf_at,pgd,full_test,raw,robust,45,rpcf_minus_madry,-0.19157088122605526
bciciv2a,eegnet,rpcf_at,cw,full_test,raw,clean,45,rpcf_minus_madry,-1.3409961685823757
bciciv2a,eegnet,rpcf_at,cw,full_test,raw,robust,45,rpcf_minus_madry,-0.38314176245210724
bciciv2a,eegnet,rpcf_at,autoattack,full_test,raw,clean,46,rpcf_minus_madry,1.1494252873563315
bciciv2a,eegnet,rpcf_at,autoattack,full_test,raw,robust,46,rpcf_minus_madry,-1.5325670498084254
bciciv2a,eegnet,rpcf_at,fgsm,full_test,raw,clean,46,rpcf_minus_madry,1.1494252873563315
bciciv2a,eegnet,rpcf_at,fgsm,full_test,raw,robust,46,rpcf_minus_madry,-2.490421455938696
bciciv2a,eegnet,rpcf_at,pgd,full_test,raw,clean,46,rpcf_minus_madry,1.1494252873563315
bciciv2a,eegnet,rpcf_at,pgd,full_test,raw,robust,46,rpcf_minus_madry,-2.8735632183908013
bciciv2a,eegnet,rpcf_at,cw,full_test,raw,clean,46,rpcf_minus_madry,1.1494252873563315
bciciv2a,eegnet,rpcf_at,cw,full_test,raw,robust,46,rpcf_minus_madry,0.0
bciciv2a,deepconvnet,rpcf_at,autoattack,full_test,raw,clean,42,rpcf_minus_madry,-0.7662835249042155
bciciv2a,deepconvnet,rpcf_at,autoattack,full_test,raw,robust,42,rpcf_minus_madry,-2.2988505747126435
bciciv2a,deepconvnet,rpcf_at,fgsm,full_test,raw,clean,42,rpcf_minus_madry,-0.7662835249042155
bciciv2a,deepconvnet,rpcf_at,fgsm,full_test,raw,robust,42,rpcf_minus_madry,-2.2988505747126435
bciciv2a,deepconvnet,rpcf_at,pgd,full_test,raw,clean,42,rpcf_minus_madry,-0.7662835249042155
bciciv2a,deepconvnet,rpcf_at,pgd,full_test,raw,robust,42,rpcf_minus_madry,-3.256704980842912
bciciv2a,deepconvnet,rpcf_at,cw,full_test,raw,clean,42,rpcf_minus_madry,-0.7662835249042155
bciciv2a,deepconvnet,rpcf_at,cw,full_test,raw,robust,42,rpcf_minus_madry,0.0
bciciv2a,deepconvnet,rpcf_at,autoattack,full_test,raw,clean,43,rpcf_minus_madry,2.298850574712641
bciciv2a,deepconvnet,rpcf_at,autoattack,full_test,raw,robust,43,rpcf_minus_madry,-2.2988505747126435
bciciv2a,deepconvnet,rpcf_at,fgsm,full_test,raw,clean,43,rpcf_minus_madry,2.298850574712641
bciciv2a,deepconvnet,rpcf_at,fgsm,full_test,raw,robust,43,rpcf_minus_madry,-3.8314176245210745
bciciv2a,deepconvnet,rpcf_at,pgd,full_test,raw,clean,43,rpcf_minus_madry,2.298850574712641
bciciv2a,deepconvnet,rpcf_at,pgd,full_test,raw,robust,43,rpcf_minus_madry,-3.831417624521072
bciciv2a,deepconvnet,rpcf_at,cw,full_test,raw,clean,43,rpcf_minus_madry,2.298850574712641
bciciv2a,deepconvnet,rpcf_at,cw,full_test,raw,robust,43,rpcf_minus_madry,0.0
bciciv2a,deepconvnet,rpcf_at,autoattack,full_test,raw,clean,44,rpcf_minus_madry,0.19157088122605526
bciciv2a,deepconvnet,rpcf_at,autoattack,full_test,raw,robust,44,rpcf_minus_madry,-4.0229885057471275
bciciv2a,deepconvnet,rpcf_at,fgsm,full_test,raw,clean,44,rpcf_minus_madry,0.19157088122605526
bciciv2a,deepconvnet,rpcf_at,fgsm,full_test,raw,robust,44,rpcf_minus_madry,-5.1724137931034475
bciciv2a,deepconvnet,rpcf_at,pgd,full_test,raw,clean,44,rpcf_minus_madry,0.19157088122605526
bciciv2a,deepconvnet,rpcf_at,pgd,full_test,raw,robust,44,rpcf_minus_madry,-4.597701149425289
bciciv2a,deepconvnet,rpcf_at,cw,full_test,raw,clean,44,rpcf_minus_madry,0.19157088122605526
bciciv2a,deepconvnet,rpcf_at,cw,full_test,raw,robust,44,rpcf_minus_madry,0.0
bciciv2a,deepconvnet,rpcf_at,autoattack,full_test,raw,clean,45,rpcf_minus_madry,-0.9578544061302652
bciciv2a,deepconvnet,rpcf_at,autoattack,full_test,raw,robust,45,rpcf_minus_madry,-1.915708812260536
bciciv2a,deepconvnet,rpcf_at,fgsm,full_test,raw,clean,45,rpcf_minus_madry,-0.9578544061302652
bciciv2a,deepconvnet,rpcf_at,fgsm,full_test,raw,robust,45,rpcf_minus_madry,-2.2988505747126435
bciciv2a,deepconvnet,rpcf_at,pgd,full_test,raw,clean,45,rpcf_minus_madry,-0.9578544061302652
bciciv2a,deepconvnet,rpcf_at,pgd,full_test,raw,robust,45,rpcf_minus_madry,-2.107279693486591
bciciv2a,deepconvnet,rpcf_at,cw,full_test,raw,clean,45,rpcf_minus_madry,-0.9578544061302652
bciciv2a,deepconvnet,rpcf_at,cw,full_test,raw,robust,45,rpcf_minus_madry,0.0
bciciv2a,deepconvnet,rpcf_at,autoattack,full_test,raw,clean,46,rpcf_minus_madry,-0.19157088122605526
bciciv2a,deepconvnet,rpcf_at,autoattack,full_test,raw,robust,46,rpcf_minus_madry,-1.7241379310344835
bciciv2a,deepconvnet,rpcf_at,fgsm,full_test,raw,clean,46,rpcf_minus_madry,-0.19157088122605526
bciciv2a,deepconvnet,rpcf_at,fgsm,full_test,raw,robust,46,rpcf_minus_madry,-1.7241379310344835
bciciv2a,deepconvnet,rpcf_at,pgd,full_test,raw,clean,46,rpcf_minus_madry,-0.19157088122605526
bciciv2a,deepconvnet,rpcf_at,pgd,full_test,raw,robust,46,rpcf_minus_madry,-1.915708812260536
bciciv2a,deepconvnet,rpcf_at,cw,full_test,raw,clean,46,rpcf_minus_madry,-0.19157088122605526
bciciv2a,deepconvnet,rpcf_at,cw,full_test,raw,robust,46,rpcf_minus_madry,0.0
bciciv2a,tsception,rpcf_at,autoattack,full_test,raw,clean,42,rpcf_minus_madry,1.3409961685823701
bciciv2a,tsception,rpcf_at,autoattack,full_test,raw,robust,42,rpcf_minus_madry,-3.065134099616862
bciciv2a,tsception,rpcf_at,fgsm,full_test,raw,clean,42,rpcf_minus_madry,1.3409961685823701
bciciv2a,tsception,rpcf_at,fgsm,full_test,raw,robust,42,rpcf_minus_madry,-2.298850574712646
bciciv2a,tsception,rpcf_at,pgd,full_test,raw,clean,42,rpcf_minus_madry,1.3409961685823701
bciciv2a,tsception,rpcf_at,pgd,full_test,raw,robust,42,rpcf_minus_madry,-2.107279693486594
bciciv2a,tsception,rpcf_at,cw,full_test,raw,clean,42,rpcf_minus_madry,1.3409961685823701
bciciv2a,tsception,rpcf_at,cw,full_test,raw,robust,42,rpcf_minus_madry,-13.026819923371649
bciciv2a,tsception,rpcf_at,autoattack,full_test,raw,clean,43,rpcf_minus_madry,5.363984674329505
bciciv2a,tsception,rpcf_at,autoattack,full_test,raw,robust,43,rpcf_minus_madry,-1.532567049808431
bciciv2a,tsception,rpcf_at,fgsm,full_test,raw,clean,43,rpcf_minus_madry,5.363984674329505
bciciv2a,tsception,rpcf_at,fgsm,full_test,raw,robust,43,rpcf_minus_madry,0.957854406130268
bciciv2a,tsception,rpcf_at,pgd,full_test,raw,clean,43,rpcf_minus_madry,5.363984674329505
bciciv2a,tsception,rpcf_at,pgd,full_test,raw,robust,43,rpcf_minus_madry,0.957854406130268
bciciv2a,tsception,rpcf_at,cw,full_test,raw,clean,43,rpcf_minus_madry,5.363984674329505
bciciv2a,tsception,rpcf_at,cw,full_test,raw,robust,43,rpcf_minus_madry,2.681992337164754
bciciv2a,tsception,rpcf_at,autoattack,full_test,raw,clean,44,rpcf_minus_madry,0.9578544061302707
bciciv2a,tsception,rpcf_at,autoattack,full_test,raw,robust,44,rpcf_minus_madry,-3.0651340996168592
bciciv2a,tsception,rpcf_at,fgsm,full_test,raw,clean,44,rpcf_minus_madry,0.9578544061302707
bciciv2a,tsception,rpcf_at,fgsm,full_test,raw,robust,44,rpcf_minus_madry,-3.0651340996168566
bciciv2a,tsception,rpcf_at,pgd,full_test,raw,clean,44,rpcf_minus_madry,0.9578544061302707
bciciv2a,tsception,rpcf_at,pgd,full_test,raw,robust,44,rpcf_minus_madry,-3.6398467432950192
bciciv2a,tsception,rpcf_at,cw,full_test,raw,clean,44,rpcf_minus_madry,0.9578544061302707
bciciv2a,tsception,rpcf_at,cw,full_test,raw,robust,44,rpcf_minus_madry,-12.643678160919542
bciciv2a,tsception,rpcf_at,autoattack,full_test,raw,clean,45,rpcf_minus_madry,0.9578544061302707
bciciv2a,tsception,rpcf_at,autoattack,full_test,raw,robust,45,rpcf_minus_madry,-1.149425287356323
bciciv2a,tsception,rpcf_at,fgsm,full_test,raw,clean,45,rpcf_minus_madry,0.9578544061302707
bciciv2a,tsception,rpcf_at,fgsm,full_test,raw,robust,45,rpcf_minus_madry,-0.7662835249042155
bciciv2a,tsception,rpcf_at,pgd,full_test,raw,clean,45,rpcf_minus_madry,0.9578544061302707
bciciv2a,tsception,rpcf_at,pgd,full_test,raw,robust,45,rpcf_minus_madry,-0.957854406130268
bciciv2a,tsception,rpcf_at,cw,full_test,raw,clean,45,rpcf_minus_madry,0.9578544061302707
bciciv2a,tsception,rpcf_at,cw,full_test,raw,robust,45,rpcf_minus_madry,-3.0651340996168592
bciciv2a,tsception,rpcf_at,autoattack,full_test,raw,clean,46,rpcf_minus_madry,0.0
bciciv2a,tsception,rpcf_at,autoattack,full_test,raw,robust,46,rpcf_minus_madry,-2.490421455938696
bciciv2a,tsception,rpcf_at,fgsm,full_test,raw,clean,46,rpcf_minus_madry,0.0
bciciv2a,tsception,rpcf_at,fgsm,full_test,raw,robust,46,rpcf_minus_madry,-2.490421455938699
bciciv2a,tsception,rpcf_at,pgd,full_test,raw,clean,46,rpcf_minus_madry,0.0
bciciv2a,tsception,rpcf_at,pgd,full_test,raw,robust,46,rpcf_minus_madry,-2.6819923371647514
bciciv2a,tsception,rpcf_at,cw,full_test,raw,clean,46,rpcf_minus_madry,0.0
bciciv2a,tsception,rpcf_at,cw,full_test,raw,robust,46,rpcf_minus_madry,-1.9157088122605366
bciciv2a,atcnet,rpcf_at,autoattack,full_test,raw,clean,42,rpcf_minus_madry,-0.5747126436781658
bciciv2a,atcnet,rpcf_at,autoattack,full_test,raw,robust,42,rpcf_minus_madry,-2.107279693486591
bciciv2a,atcnet,rpcf_at,fgsm,full_test,raw,clean,42,rpcf_minus_madry,-0.5747126436781658
bciciv2a,atcnet,rpcf_at,fgsm,full_test,raw,robust,42,rpcf_minus_madry,-3.6398467432950192
bciciv2a,atcnet,rpcf_at,pgd,full_test,raw,clean,42,rpcf_minus_madry,-0.5747126436781658
bciciv2a,atcnet,rpcf_at,pgd,full_test,raw,robust,42,rpcf_minus_madry,-3.256704980842912
bciciv2a,atcnet,rpcf_at,cw,full_test,raw,clean,42,rpcf_minus_madry,-0.5747126436781658
bciciv2a,atcnet,rpcf_at,cw,full_test,raw,robust,42,rpcf_minus_madry,-0.19157088122605362
bciciv2a,atcnet,rpcf_at,autoattack,full_test,raw,clean,43,rpcf_minus_madry,2.6819923371647514
bciciv2a,atcnet,rpcf_at,autoattack,full_test,raw,robust,43,rpcf_minus_madry,-2.490421455938696
bciciv2a,atcnet,rpcf_at,fgsm,full_test,raw,clean,43,rpcf_minus_madry,2.6819923371647514
bciciv2a,atcnet,rpcf_at,fgsm,full_test,raw,robust,43,rpcf_minus_madry,-4.0229885057471275
bciciv2a,atcnet,rpcf_at,pgd,full_test,raw,clean,43,rpcf_minus_madry,2.6819923371647514
bciciv2a,atcnet,rpcf_at,pgd,full_test,raw,robust,43,rpcf_minus_madry,-4.406130268199232
bciciv2a,atcnet,rpcf_at,cw,full_test,raw,clean,43,rpcf_minus_madry,2.6819923371647514
bciciv2a,atcnet,rpcf_at,cw,full_test,raw,robust,43,rpcf_minus_madry,0.0
bciciv2a,atcnet,rpcf_at,autoattack,full_test,raw,clean,44,rpcf_minus_madry,-0.7662835249042099
bciciv2a,atcnet,rpcf_at,autoattack,full_test,raw,robust,44,rpcf_minus_madry,-2.6819923371647514
bciciv2a,atcnet,rpcf_at,fgsm,full_test,raw,clean,44,rpcf_minus_madry,-0.7662835249042099
bciciv2a,atcnet,rpcf_at,fgsm,full_test,raw,robust,44,rpcf_minus_madry,-5.1724137931034475
bciciv2a,atcnet,rpcf_at,pgd,full_test,raw,clean,44,rpcf_minus_madry,-0.7662835249042099
bciciv2a,atcnet,rpcf_at,pgd,full_test,raw,robust,44,rpcf_minus_madry,-4.78927203065134
bciciv2a,atcnet,rpcf_at,cw,full_test,raw,clean,44,rpcf_minus_madry,-0.7662835249042099
bciciv2a,atcnet,rpcf_at,cw,full_test,raw,robust,44,rpcf_minus_madry,0.38314176245210724
bciciv2a,atcnet,rpcf_at,autoattack,full_test,raw,clean,45,rpcf_minus_madry,0.38314176245210496
bciciv2a,atcnet,rpcf_at,autoattack,full_test,raw,robust,45,rpcf_minus_madry,-4.214559386973179
bciciv2a,atcnet,rpcf_at,fgsm,full_test,raw,clean,45,rpcf_minus_madry,0.38314176245210496
bciciv2a,atcnet,rpcf_at,fgsm,full_test,raw,robust,45,rpcf_minus_madry,-3.448275862068964
bciciv2a,atcnet,rpcf_at,pgd,full_test,raw,clean,45,rpcf_minus_madry,0.38314176245210496
bciciv2a,atcnet,rpcf_at,pgd,full_test,raw,robust,45,rpcf_minus_madry,-3.448275862068967
bciciv2a,atcnet,rpcf_at,cw,full_test,raw,clean,45,rpcf_minus_madry,0.38314176245210496
bciciv2a,atcnet,rpcf_at,cw,full_test,raw,robust,45,rpcf_minus_madry,-0.19157088122605365
bciciv2a,atcnet,rpcf_at,autoattack,full_test,raw,clean,46,rpcf_minus_madry,0.5747126436781602
bciciv2a,atcnet,rpcf_at,autoattack,full_test,raw,robust,46,rpcf_minus_madry,-1.5325670498084283
bciciv2a,atcnet,rpcf_at,fgsm,full_test,raw,clean,46,rpcf_minus_madry,0.5747126436781602
bciciv2a,atcnet,rpcf_at,fgsm,full_test,raw,robust,46,rpcf_minus_madry,-3.6398467432950166
bciciv2a,atcnet,rpcf_at,pgd,full_test,raw,clean,46,rpcf_minus_madry,0.5747126436781602
bciciv2a,atcnet,rpcf_at,pgd,full_test,raw,robust,46,rpcf_minus_madry,-3.6398467432950223
bciciv2a,atcnet,rpcf_at,cw,full_test,raw,clean,46,rpcf_minus_madry,0.5747126436781602
bciciv2a,atcnet,rpcf_at,cw,full_test,raw,robust,46,rpcf_minus_madry,-0.19157088122605362
bciciv2a,conformer,rpcf_at,autoattack,full_test,raw,clean,42,rpcf_minus_madry,-5.1724137931034475
bciciv2a,conformer,rpcf_at,autoattack,full_test,raw,robust,42,rpcf_minus_madry,-8.620689655172415
bciciv2a,conformer,rpcf_at,fgsm,full_test,raw,clean,42,rpcf_minus_madry,-5.1724137931034475
bciciv2a,conformer,rpcf_at,fgsm,full_test,raw,robust,42,rpcf_minus_madry,-10.919540229885058
bciciv2a,conformer,rpcf_at,pgd,full_test,raw,clean,42,rpcf_minus_madry,-5.1724137931034475
bciciv2a,conformer,rpcf_at,pgd,full_test,raw,robust,42,rpcf_minus_madry,-12.452107279693488
bciciv2a,conformer,rpcf_at,cw,full_test,raw,clean,42,rpcf_minus_madry,-5.1724137931034475
bciciv2a,conformer,rpcf_at,cw,full_test,raw,robust,42,rpcf_minus_madry,-9.003831417624522
bciciv2a,conformer,rpcf_at,autoattack,full_test,raw,clean,43,rpcf_minus_madry,2.107279693486591
bciciv2a,conformer,rpcf_at,autoattack,full_test,raw,robust,43,rpcf_minus_madry,-4.214559386973182
bciciv2a,conformer,rpcf_at,fgsm,full_test,raw,clean,43,rpcf_minus_madry,2.107279693486591
bciciv2a,conformer,rpcf_at,fgsm,full_test,raw,robust,43,rpcf_minus_madry,-6.130268199233716
bciciv2a,conformer,rpcf_at,pgd,full_test,raw,clean,43,rpcf_minus_madry,2.107279693486591
bciciv2a,conformer,rpcf_at,pgd,full_test,raw,robust,43,rpcf_minus_madry,-5.555555555555555
bciciv2a,conformer,rpcf_at,cw,full_test,raw,clean,43,rpcf_minus_madry,2.107279693486591
bciciv2a,conformer,rpcf_at,cw,full_test,raw,robust,43,rpcf_minus_madry,-8.620689655172413
bciciv2a,conformer,rpcf_at,autoattack,full_test,raw,clean,44,rpcf_minus_madry,1.915708812260536
bciciv2a,conformer,rpcf_at,autoattack,full_test,raw,robust,44,rpcf_minus_madry,-4.0229885057471275
bciciv2a,conformer,rpcf_at,fgsm,full_test,raw,clean,44,rpcf_minus_madry,1.915708812260536
bciciv2a,conformer,rpcf_at,fgsm,full_test,raw,robust,44,rpcf_minus_madry,-5.555555555555555
bciciv2a,conformer,rpcf_at,pgd,full_test,raw,clean,44,rpcf_minus_madry,1.915708812260536
bciciv2a,conformer,rpcf_at,pgd,full_test,raw,robust,44,rpcf_minus_madry,-5.747126436781608
bciciv2a,conformer,rpcf_at,cw,full_test,raw,clean,44,rpcf_minus_madry,1.915708812260536
bciciv2a,conformer,rpcf_at,cw,full_test,raw,robust,44,rpcf_minus_madry,-19.92337164750958
bciciv2a,conformer,rpcf_at,autoattack,full_test,raw,clean,45,rpcf_minus_madry,1.532567049808431
bciciv2a,conformer,rpcf_at,autoattack,full_test,raw,robust,45,rpcf_minus_madry,-7.088122605363985
bciciv2a,conformer,rpcf_at,fgsm,full_test,raw,clean,45,rpcf_minus_madry,1.532567049808431
bciciv2a,conformer,rpcf_at,fgsm,full_test,raw,robust,45,rpcf_minus_madry,-10.153256704980842
bciciv2a,conformer,rpcf_at,pgd,full_test,raw,clean,45,rpcf_minus_madry,1.532567049808431
bciciv2a,conformer,rpcf_at,pgd,full_test,raw,robust,45,rpcf_minus_madry,-10.727969348659004
bciciv2a,conformer,rpcf_at,cw,full_test,raw,clean,45,rpcf_minus_madry,1.532567049808431
bciciv2a,conformer,rpcf_at,cw,full_test,raw,robust,45,rpcf_minus_madry,-14.17624521072797
bciciv2a,conformer,rpcf_at,autoattack,full_test,raw,clean,46,rpcf_minus_madry,-1.3409961685823757
bciciv2a,conformer,rpcf_at,autoattack,full_test,raw,robust,46,rpcf_minus_madry,-9.003831417624522
bciciv2a,conformer,rpcf_at,fgsm,full_test,raw,clean,46,rpcf_minus_madry,-1.3409961685823757
bciciv2a,conformer,rpcf_at,fgsm,full_test,raw,robust,46,rpcf_minus_madry,-10.153256704980842
bciciv2a,conformer,rpcf_at,pgd,full_test,raw,clean,46,rpcf_minus_madry,-1.3409961685823757
bciciv2a,conformer,rpcf_at,pgd,full_test,raw,robust,46,rpcf_minus_madry,-11.302681992337165
bciciv2a,conformer,rpcf_at,cw,full_test,raw,clean,46,rpcf_minus_madry,-1.3409961685823757
bciciv2a,conformer,rpcf_at,cw,full_test,raw,robust,46,rpcf_minus_madry,-4.022988505747127
bciciv2a,tcnet,rpcf_at,autoattack,full_test,raw,clean,42,rpcf_minus_madry,10.344827586206895
bciciv2a,tcnet,rpcf_at,autoattack,full_test,raw,robust,42,rpcf_minus_madry,11.302681992337165
bciciv2a,tcnet,rpcf_at,fgsm,full_test,raw,clean,42,rpcf_minus_madry,10.344827586206895
bciciv2a,tcnet,rpcf_at,fgsm,full_test,raw,robust,42,rpcf_minus_madry,10.344827586206897
bciciv2a,tcnet,rpcf_at,pgd,full_test,raw,clean,42,rpcf_minus_madry,10.344827586206895
bciciv2a,tcnet,rpcf_at,pgd,full_test,raw,robust,42,rpcf_minus_madry,11.877394636015326
bciciv2a,tcnet,rpcf_at,cw,full_test,raw,clean,42,rpcf_minus_madry,10.344827586206895
bciciv2a,tcnet,rpcf_at,cw,full_test,raw,robust,42,rpcf_minus_madry,0.3831417624521074
bciciv2a,tcnet,rpcf_at,autoattack,full_test,raw,clean,43,rpcf_minus_madry,2.298850574712646
bciciv2a,tcnet,rpcf_at,autoattack,full_test,raw,robust,43,rpcf_minus_madry,0.38314176245210496
bciciv2a,tcnet,rpcf_at,fgsm,full_test,raw,clean,43,rpcf_minus_madry,2.298850574712646
bciciv2a,tcnet,rpcf_at,fgsm,full_test,raw,robust,43,rpcf_minus_madry,-0.19157088122605526
bciciv2a,tcnet,rpcf_at,pgd,full_test,raw,clean,43,rpcf_minus_madry,2.298850574712646
bciciv2a,tcnet,rpcf_at,pgd,full_test,raw,robust,43,rpcf_minus_madry,0.38314176245210496
bciciv2a,tcnet,rpcf_at,cw,full_test,raw,clean,43,rpcf_minus_madry,2.298850574712646
bciciv2a,tcnet,rpcf_at,cw,full_test,raw,robust,43,rpcf_minus_madry,0.3831417624521074
bciciv2a,tcnet,rpcf_at,autoattack,full_test,raw,clean,44,rpcf_minus_madry,1.7241379310344807
bciciv2a,tcnet,rpcf_at,autoattack,full_test,raw,robust,44,rpcf_minus_madry,8.620689655172415
bciciv2a,tcnet,rpcf_at,fgsm,full_test,raw,clean,44,rpcf_minus_madry,1.7241379310344807
bciciv2a,tcnet,rpcf_at,fgsm,full_test,raw,robust,44,rpcf_minus_madry,8.045977011494255
bciciv2a,tcnet,rpcf_at,pgd,full_test,raw,clean,44,rpcf_minus_madry,1.7241379310344807
bciciv2a,tcnet,rpcf_at,pgd,full_test,raw,robust,44,rpcf_minus_madry,9.003831417624522
bciciv2a,tcnet,rpcf_at,cw,full_test,raw,clean,44,rpcf_minus_madry,1.7241379310344807
bciciv2a,tcnet,rpcf_at,cw,full_test,raw,robust,44,rpcf_minus_madry,2.490421455938697
bciciv2a,tcnet,rpcf_at,autoattack,full_test,raw,clean,45,rpcf_minus_madry,3.831417624521072
bciciv2a,tcnet,rpcf_at,autoattack,full_test,raw,robust,45,rpcf_minus_madry,10.53639846743295
bciciv2a,tcnet,rpcf_at,fgsm,full_test,raw,clean,45,rpcf_minus_madry,3.831417624521072
bciciv2a,tcnet,rpcf_at,fgsm,full_test,raw,robust,45,rpcf_minus_madry,9.386973180076629
bciciv2a,tcnet,rpcf_at,pgd,full_test,raw,clean,45,rpcf_minus_madry,3.831417624521072
bciciv2a,tcnet,rpcf_at,pgd,full_test,raw,robust,45,rpcf_minus_madry,11.111111111111112
bciciv2a,tcnet,rpcf_at,cw,full_test,raw,clean,45,rpcf_minus_madry,3.831417624521072
bciciv2a,tcnet,rpcf_at,cw,full_test,raw,robust,45,rpcf_minus_madry,7.662835249042146
bciciv2a,tcnet,rpcf_at,autoattack,full_test,raw,clean,46,rpcf_minus_madry,0.5747126436781658
bciciv2a,tcnet,rpcf_at,autoattack,full_test,raw,robust,46,rpcf_minus_madry,0.38314176245210774
bciciv2a,tcnet,rpcf_at,fgsm,full_test,raw,clean,46,rpcf_minus_madry,0.5747126436781658
bciciv2a,tcnet,rpcf_at,fgsm,full_test,raw,robust,46,rpcf_minus_madry,-0.3831417624521105
bciciv2a,tcnet,rpcf_at,pgd,full_test,raw,clean,46,rpcf_minus_madry,0.5747126436781658
bciciv2a,tcnet,rpcf_at,pgd,full_test,raw,robust,46,rpcf_minus_madry,0.5747126436781602
bciciv2a,tcnet,rpcf_at,cw,full_test,raw,clean,46,rpcf_minus_madry,0.5747126436781658
bciciv2a,tcnet,rpcf_at,cw,full_test,raw,robust,46,rpcf_minus_madry,-0.7662835249042146
thubenchmark,eegnet,madry,autoattack,subset_n512,25,clean,42,tnp_minus_same_subset_raw,-3.515625
thubenchmark,eegnet,madry,autoattack,subset_n512,25,robust,42,tnp_minus_same_subset_raw,8.203125
thubenchmark,eegnet,madry,autoattack,subset_n512,30,clean,42,tnp_minus_same_subset_raw,-2.34375
thubenchmark,eegnet,madry,autoattack,subset_n512,30,robust,42,tnp_minus_same_subset_raw,6.4453125
thubenchmark,eegnet,madry,fgsm,subset_n512,25,clean,42,tnp_minus_same_subset_raw,-3.515625
thubenchmark,eegnet,madry,fgsm,subset_n512,25,robust,42,tnp_minus_same_subset_raw,2.5390625
thubenchmark,eegnet,madry,fgsm,subset_n512,30,clean,42,tnp_minus_same_subset_raw,-2.34375
thubenchmark,eegnet,madry,fgsm,subset_n512,30,robust,42,tnp_minus_same_subset_raw,5.078125
thubenchmark,eegnet,madry,pgd,subset_n512,25,clean,42,tnp_minus_same_subset_raw,-3.515625
thubenchmark,eegnet,madry,pgd,subset_n512,25,robust,42,tnp_minus_same_subset_raw,3.125
thubenchmark,eegnet,madry,pgd,subset_n512,30,clean,42,tnp_minus_same_subset_raw,-2.34375
thubenchmark,eegnet,madry,pgd,subset_n512,30,robust,42,tnp_minus_same_subset_raw,4.6875
thubenchmark,eegnet,madry,cw,subset_n512,25,clean,42,tnp_minus_same_subset_raw,-3.515625
thubenchmark,eegnet,madry,cw,subset_n512,25,robust,42,tnp_minus_same_subset_raw,27.9296875
thubenchmark,eegnet,madry,cw,subset_n512,30,clean,42,tnp_minus_same_subset_raw,-2.34375
thubenchmark,eegnet,madry,cw,subset_n512,30,robust,42,tnp_minus_same_subset_raw,20.8984375
thubenchmark,eegnet,rpcf_at,autoattack,subset_n512,raw,clean,42,rpcf_minus_madry,0.1953125
thubenchmark,eegnet,rpcf_at,autoattack,subset_n512,raw,robust,42,rpcf_minus_madry,0.78125
thubenchmark,eegnet,rpcf_at,autoattack,subset_n512,25,clean,42,rpcf_minus_madry,0.0
thubenchmark,eegnet,rpcf_at,autoattack,subset_n512,25,clean,42,tnp_minus_same_subset_raw,-3.7109375
thubenchmark,eegnet,rpcf_at,autoattack,subset_n512,25,robust,42,rpcf_minus_madry,-0.78125
thubenchmark,eegnet,rpcf_at,autoattack,subset_n512,25,robust,42,tnp_minus_same_subset_raw,6.640625
thubenchmark,eegnet,rpcf_at,autoattack,subset_n512,30,clean,42,rpcf_minus_madry,0.0
thubenchmark,eegnet,rpcf_at,autoattack,subset_n512,30,clean,42,tnp_minus_same_subset_raw,-2.5390625
thubenchmark,eegnet,rpcf_at,autoattack,subset_n512,30,robust,42,rpcf_minus_madry,0.0
thubenchmark,eegnet,rpcf_at,autoattack,subset_n512,30,robust,42,tnp_minus_same_subset_raw,5.6640625
thubenchmark,eegnet,rpcf_at,fgsm,subset_n512,raw,clean,42,rpcf_minus_madry,0.1953125
thubenchmark,eegnet,rpcf_at,fgsm,subset_n512,raw,robust,42,rpcf_minus_madry,0.78125
thubenchmark,eegnet,rpcf_at,fgsm,subset_n512,25,clean,42,rpcf_minus_madry,0.0
thubenchmark,eegnet,rpcf_at,fgsm,subset_n512,25,clean,42,tnp_minus_same_subset_raw,-3.7109375
thubenchmark,eegnet,rpcf_at,fgsm,subset_n512,25,robust,42,rpcf_minus_madry,1.953125
thubenchmark,eegnet,rpcf_at,fgsm,subset_n512,25,robust,42,tnp_minus_same_subset_raw,3.7109375
thubenchmark,eegnet,rpcf_at,fgsm,subset_n512,30,clean,42,rpcf_minus_madry,0.0
thubenchmark,eegnet,rpcf_at,fgsm,subset_n512,30,clean,42,tnp_minus_same_subset_raw,-2.5390625
thubenchmark,eegnet,rpcf_at,fgsm,subset_n512,30,robust,42,rpcf_minus_madry,0.1953125
thubenchmark,eegnet,rpcf_at,fgsm,subset_n512,30,robust,42,tnp_minus_same_subset_raw,4.4921875
thubenchmark,eegnet,rpcf_at,pgd,subset_n512,raw,clean,42,rpcf_minus_madry,0.1953125
thubenchmark,eegnet,rpcf_at,pgd,subset_n512,raw,robust,42,rpcf_minus_madry,0.9765625
thubenchmark,eegnet,rpcf_at,pgd,subset_n512,25,clean,42,rpcf_minus_madry,0.0
thubenchmark,eegnet,rpcf_at,pgd,subset_n512,25,clean,42,tnp_minus_same_subset_raw,-3.7109375
thubenchmark,eegnet,rpcf_at,pgd,subset_n512,25,robust,42,rpcf_minus_madry,2.734375
thubenchmark,eegnet,rpcf_at,pgd,subset_n512,25,robust,42,tnp_minus_same_subset_raw,4.8828125
thubenchmark,eegnet,rpcf_at,pgd,subset_n512,30,clean,42,rpcf_minus_madry,0.0
thubenchmark,eegnet,rpcf_at,pgd,subset_n512,30,clean,42,tnp_minus_same_subset_raw,-2.5390625
thubenchmark,eegnet,rpcf_at,pgd,subset_n512,30,robust,42,rpcf_minus_madry,-0.390625
thubenchmark,eegnet,rpcf_at,pgd,subset_n512,30,robust,42,tnp_minus_same_subset_raw,3.3203125
thubenchmark,eegnet,rpcf_at,cw,subset_n512,raw,clean,42,rpcf_minus_madry,0.1953125
thubenchmark,eegnet,rpcf_at,cw,subset_n512,raw,robust,42,rpcf_minus_madry,0.0
thubenchmark,eegnet,rpcf_at,cw,subset_n512,25,clean,42,rpcf_minus_madry,0.0
thubenchmark,eegnet,rpcf_at,cw,subset_n512,25,clean,42,tnp_minus_same_subset_raw,-3.7109375
thubenchmark,eegnet,rpcf_at,cw,subset_n512,25,robust,42,rpcf_minus_madry,-0.5859375
thubenchmark,eegnet,rpcf_at,cw,subset_n512,25,robust,42,tnp_minus_same_subset_raw,27.34375
thubenchmark,eegnet,rpcf_at,cw,subset_n512,30,clean,42,rpcf_minus_madry,0.0
thubenchmark,eegnet,rpcf_at,cw,subset_n512,30,clean,42,tnp_minus_same_subset_raw,-2.5390625
thubenchmark,eegnet,rpcf_at,cw,subset_n512,30,robust,42,rpcf_minus_madry,-0.5859375
thubenchmark,eegnet,rpcf_at,cw,subset_n512,30,robust,42,tnp_minus_same_subset_raw,20.3125
thubenchmark,eegnet,madry,autoattack,subset_n512,25,clean,43,tnp_minus_same_subset_raw,-2.734375
thubenchmark,eegnet,madry,autoattack,subset_n512,25,robust,43,tnp_minus_same_subset_raw,2.734375
thubenchmark,eegnet,madry,autoattack,subset_n512,30,clean,43,tnp_minus_same_subset_raw,-2.5390625
thubenchmark,eegnet,madry,autoattack,subset_n512,30,robust,43,tnp_minus_same_subset_raw,2.1484375
thubenchmark,eegnet,madry,fgsm,subset_n512,25,clean,43,tnp_minus_same_subset_raw,-2.734375
thubenchmark,eegnet,madry,fgsm,subset_n512,25,robust,43,tnp_minus_same_subset_raw,-0.390625
thubenchmark,eegnet,madry,fgsm,subset_n512,30,clean,43,tnp_minus_same_subset_raw,-2.5390625
thubenchmark,eegnet,madry,fgsm,subset_n512,30,robust,43,tnp_minus_same_subset_raw,0.9765625
thubenchmark,eegnet,madry,pgd,subset_n512,25,clean,43,tnp_minus_same_subset_raw,-2.734375
thubenchmark,eegnet,madry,pgd,subset_n512,25,robust,43,tnp_minus_same_subset_raw,-0.78125
thubenchmark,eegnet,madry,pgd,subset_n512,30,clean,43,tnp_minus_same_subset_raw,-2.5390625
thubenchmark,eegnet,madry,pgd,subset_n512,30,robust,43,tnp_minus_same_subset_raw,0.78125
thubenchmark,eegnet,madry,cw,subset_n512,25,clean,43,tnp_minus_same_subset_raw,-2.734375
thubenchmark,eegnet,madry,cw,subset_n512,25,robust,43,tnp_minus_same_subset_raw,25.1953125
thubenchmark,eegnet,madry,cw,subset_n512,30,clean,43,tnp_minus_same_subset_raw,-2.5390625
thubenchmark,eegnet,madry,cw,subset_n512,30,robust,43,tnp_minus_same_subset_raw,18.9453125
thubenchmark,eegnet,rpcf_at,autoattack,subset_n512,raw,clean,43,rpcf_minus_madry,-0.1953125
thubenchmark,eegnet,rpcf_at,autoattack,subset_n512,raw,robust,43,rpcf_minus_madry,0.78125
thubenchmark,eegnet,rpcf_at,autoattack,subset_n512,25,clean,43,rpcf_minus_madry,-0.390625
thubenchmark,eegnet,rpcf_at,autoattack,subset_n512,25,clean,43,tnp_minus_same_subset_raw,-2.9296875
thubenchmark,eegnet,rpcf_at,autoattack,subset_n512,25,robust,43,rpcf_minus_madry,2.1484375
thubenchmark,eegnet,rpcf_at,autoattack,subset_n512,25,robust,43,tnp_minus_same_subset_raw,4.1015625
thubenchmark,eegnet,rpcf_at,autoattack,subset_n512,30,clean,43,rpcf_minus_madry,0.0
thubenchmark,eegnet,rpcf_at,autoattack,subset_n512,30,clean,43,tnp_minus_same_subset_raw,-2.34375
thubenchmark,eegnet,rpcf_at,autoattack,subset_n512,30,robust,43,rpcf_minus_madry,2.5390625
thubenchmark,eegnet,rpcf_at,autoattack,subset_n512,30,robust,43,tnp_minus_same_subset_raw,3.90625
thubenchmark,eegnet,rpcf_at,fgsm,subset_n512,raw,clean,43,rpcf_minus_madry,-0.1953125
thubenchmark,eegnet,rpcf_at,fgsm,subset_n512,raw,robust,43,rpcf_minus_madry,0.1953125
thubenchmark,eegnet,rpcf_at,fgsm,subset_n512,25,clean,43,rpcf_minus_madry,-0.390625
thubenchmark,eegnet,rpcf_at,fgsm,subset_n512,25,clean,43,tnp_minus_same_subset_raw,-2.9296875
thubenchmark,eegnet,rpcf_at,fgsm,subset_n512,25,robust,43,rpcf_minus_madry,2.5390625
thubenchmark,eegnet,rpcf_at,fgsm,subset_n512,25,robust,43,tnp_minus_same_subset_raw,1.953125
thubenchmark,eegnet,rpcf_at,fgsm,subset_n512,30,clean,43,rpcf_minus_madry,0.0
thubenchmark,eegnet,rpcf_at,fgsm,subset_n512,30,clean,43,tnp_minus_same_subset_raw,-2.34375
thubenchmark,eegnet,rpcf_at,fgsm,subset_n512,30,robust,43,rpcf_minus_madry,0.78125
thubenchmark,eegnet,rpcf_at,fgsm,subset_n512,30,robust,43,tnp_minus_same_subset_raw,1.5625
thubenchmark,eegnet,rpcf_at,pgd,subset_n512,raw,clean,43,rpcf_minus_madry,-0.1953125
thubenchmark,eegnet,rpcf_at,pgd,subset_n512,raw,robust,43,rpcf_minus_madry,0.390625
thubenchmark,eegnet,rpcf_at,pgd,subset_n512,25,clean,43,rpcf_minus_madry,-0.390625
thubenchmark,eegnet,rpcf_at,pgd,subset_n512,25,clean,43,tnp_minus_same_subset_raw,-2.9296875
thubenchmark,eegnet,rpcf_at,pgd,subset_n512,25,robust,43,rpcf_minus_madry,2.734375
thubenchmark,eegnet,rpcf_at,pgd,subset_n512,25,robust,43,tnp_minus_same_subset_raw,1.5625
thubenchmark,eegnet,rpcf_at,pgd,subset_n512,30,clean,43,rpcf_minus_madry,0.0
thubenchmark,eegnet,rpcf_at,pgd,subset_n512,30,clean,43,tnp_minus_same_subset_raw,-2.34375
thubenchmark,eegnet,rpcf_at,pgd,subset_n512,30,robust,43,rpcf_minus_madry,1.5625
thubenchmark,eegnet,rpcf_at,pgd,subset_n512,30,robust,43,tnp_minus_same_subset_raw,1.953125
thubenchmark,eegnet,rpcf_at,cw,subset_n512,raw,clean,43,rpcf_minus_madry,-0.1953125
thubenchmark,eegnet,rpcf_at,cw,subset_n512,raw,robust,43,rpcf_minus_madry,0.0
thubenchmark,eegnet,rpcf_at,cw,subset_n512,25,clean,43,rpcf_minus_madry,-0.390625
thubenchmark,eegnet,rpcf_at,cw,subset_n512,25,clean,43,tnp_minus_same_subset_raw,-2.9296875
thubenchmark,eegnet,rpcf_at,cw,subset_n512,25,robust,43,rpcf_minus_madry,2.34375
thubenchmark,eegnet,rpcf_at,cw,subset_n512,25,robust,43,tnp_minus_same_subset_raw,27.5390625
thubenchmark,eegnet,rpcf_at,cw,subset_n512,30,clean,43,rpcf_minus_madry,0.0
thubenchmark,eegnet,rpcf_at,cw,subset_n512,30,clean,43,tnp_minus_same_subset_raw,-2.34375
thubenchmark,eegnet,rpcf_at,cw,subset_n512,30,robust,43,rpcf_minus_madry,1.5625
thubenchmark,eegnet,rpcf_at,cw,subset_n512,30,robust,43,tnp_minus_same_subset_raw,20.5078125
thubenchmark,eegnet,madry,autoattack,subset_n512,25,clean,44,tnp_minus_same_subset_raw,-1.7578125
thubenchmark,eegnet,madry,autoattack,subset_n512,25,robust,44,tnp_minus_same_subset_raw,6.4453125
thubenchmark,eegnet,madry,autoattack,subset_n512,30,clean,44,tnp_minus_same_subset_raw,-1.171875
thubenchmark,eegnet,madry,autoattack,subset_n512,30,robust,44,tnp_minus_same_subset_raw,4.1015625
thubenchmark,eegnet,madry,fgsm,subset_n512,25,clean,44,tnp_minus_same_subset_raw,-1.7578125
thubenchmark,eegnet,madry,fgsm,subset_n512,25,robust,44,tnp_minus_same_subset_raw,1.3671875
thubenchmark,eegnet,madry,fgsm,subset_n512,30,clean,44,tnp_minus_same_subset_raw,-1.171875
thubenchmark,eegnet,madry,fgsm,subset_n512,30,robust,44,tnp_minus_same_subset_raw,-0.1953125
thubenchmark,eegnet,madry,pgd,subset_n512,25,clean,44,tnp_minus_same_subset_raw,-1.7578125
thubenchmark,eegnet,madry,pgd,subset_n512,25,robust,44,tnp_minus_same_subset_raw,2.1484375
thubenchmark,eegnet,madry,pgd,subset_n512,30,clean,44,tnp_minus_same_subset_raw,-1.171875
thubenchmark,eegnet,madry,pgd,subset_n512,30,robust,44,tnp_minus_same_subset_raw,1.953125
thubenchmark,eegnet,madry,cw,subset_n512,25,clean,44,tnp_minus_same_subset_raw,-1.7578125
thubenchmark,eegnet,madry,cw,subset_n512,25,robust,44,tnp_minus_same_subset_raw,24.0234375
thubenchmark,eegnet,madry,cw,subset_n512,30,clean,44,tnp_minus_same_subset_raw,-1.171875
thubenchmark,eegnet,madry,cw,subset_n512,30,robust,44,tnp_minus_same_subset_raw,17.96875
thubenchmark,eegnet,rpcf_at,autoattack,subset_n512,raw,clean,44,rpcf_minus_madry,0.5859375
thubenchmark,eegnet,rpcf_at,autoattack,subset_n512,raw,robust,44,rpcf_minus_madry,0.1953125
thubenchmark,eegnet,rpcf_at,autoattack,subset_n512,25,clean,44,rpcf_minus_madry,-0.1953125
thubenchmark,eegnet,rpcf_at,autoattack,subset_n512,25,clean,44,tnp_minus_same_subset_raw,-2.5390625
thubenchmark,eegnet,rpcf_at,autoattack,subset_n512,25,robust,44,rpcf_minus_madry,-0.390625
thubenchmark,eegnet,rpcf_at,autoattack,subset_n512,25,robust,44,tnp_minus_same_subset_raw,5.859375
thubenchmark,eegnet,rpcf_at,autoattack,subset_n512,30,clean,44,rpcf_minus_madry,0.0
thubenchmark,eegnet,rpcf_at,autoattack,subset_n512,30,clean,44,tnp_minus_same_subset_raw,-1.7578125
thubenchmark,eegnet,rpcf_at,autoattack,subset_n512,30,robust,44,rpcf_minus_madry,1.5625
thubenchmark,eegnet,rpcf_at,autoattack,subset_n512,30,robust,44,tnp_minus_same_subset_raw,5.46875
thubenchmark,eegnet,rpcf_at,fgsm,subset_n512,raw,clean,44,rpcf_minus_madry,0.5859375
thubenchmark,eegnet,rpcf_at,fgsm,subset_n512,raw,robust,44,rpcf_minus_madry,-0.5859375
thubenchmark,eegnet,rpcf_at,fgsm,subset_n512,25,clean,44,rpcf_minus_madry,-0.1953125
thubenchmark,eegnet,rpcf_at,fgsm,subset_n512,25,clean,44,tnp_minus_same_subset_raw,-2.5390625
thubenchmark,eegnet,rpcf_at,fgsm,subset_n512,25,robust,44,rpcf_minus_madry,1.3671875
thubenchmark,eegnet,rpcf_at,fgsm,subset_n512,25,robust,44,tnp_minus_same_subset_raw,3.3203125
thubenchmark,eegnet,rpcf_at,fgsm,subset_n512,30,clean,44,rpcf_minus_madry,0.0
thubenchmark,eegnet,rpcf_at,fgsm,subset_n512,30,clean,44,tnp_minus_same_subset_raw,-1.7578125
thubenchmark,eegnet,rpcf_at,fgsm,subset_n512,30,robust,44,rpcf_minus_madry,2.734375
thubenchmark,eegnet,rpcf_at,fgsm,subset_n512,30,robust,44,tnp_minus_same_subset_raw,3.125
thubenchmark,eegnet,rpcf_at,pgd,subset_n512,raw,clean,44,rpcf_minus_madry,0.5859375
thubenchmark,eegnet,rpcf_at,pgd,subset_n512,raw,robust,44,rpcf_minus_madry,-0.78125
thubenchmark,eegnet,rpcf_at,pgd,subset_n512,25,clean,44,rpcf_minus_madry,-0.1953125
thubenchmark,eegnet,rpcf_at,pgd,subset_n512,25,clean,44,tnp_minus_same_subset_raw,-2.5390625
thubenchmark,eegnet,rpcf_at,pgd,subset_n512,25,robust,44,rpcf_minus_madry,1.5625
thubenchmark,eegnet,rpcf_at,pgd,subset_n512,25,robust,44,tnp_minus_same_subset_raw,4.4921875
thubenchmark,eegnet,rpcf_at,pgd,subset_n512,30,clean,44,rpcf_minus_madry,0.0
thubenchmark,eegnet,rpcf_at,pgd,subset_n512,30,clean,44,tnp_minus_same_subset_raw,-1.7578125
thubenchmark,eegnet,rpcf_at,pgd,subset_n512,30,robust,44,rpcf_minus_madry,1.5625
thubenchmark,eegnet,rpcf_at,pgd,subset_n512,30,robust,44,tnp_minus_same_subset_raw,4.296875
thubenchmark,eegnet,rpcf_at,cw,subset_n512,raw,clean,44,rpcf_minus_madry,0.5859375
thubenchmark,eegnet,rpcf_at,cw,subset_n512,raw,robust,44,rpcf_minus_madry,0.0
thubenchmark,eegnet,rpcf_at,cw,subset_n512,25,clean,44,rpcf_minus_madry,-0.1953125
thubenchmark,eegnet,rpcf_at,cw,subset_n512,25,clean,44,tnp_minus_same_subset_raw,-2.5390625
thubenchmark,eegnet,rpcf_at,cw,subset_n512,25,robust,44,rpcf_minus_madry,-0.1953125
thubenchmark,eegnet,rpcf_at,cw,subset_n512,25,robust,44,tnp_minus_same_subset_raw,23.828125
thubenchmark,eegnet,rpcf_at,cw,subset_n512,30,clean,44,rpcf_minus_madry,0.0
thubenchmark,eegnet,rpcf_at,cw,subset_n512,30,clean,44,tnp_minus_same_subset_raw,-1.7578125
thubenchmark,eegnet,rpcf_at,cw,subset_n512,30,robust,44,rpcf_minus_madry,-0.5859375
thubenchmark,eegnet,rpcf_at,cw,subset_n512,30,robust,44,tnp_minus_same_subset_raw,17.3828125
thubenchmark,eegnet,madry,autoattack,subset_n512,25,clean,45,tnp_minus_same_subset_raw,-3.3203125
thubenchmark,eegnet,madry,autoattack,subset_n512,25,robust,45,tnp_minus_same_subset_raw,3.125
thubenchmark,eegnet,madry,autoattack,subset_n512,30,clean,45,tnp_minus_same_subset_raw,-2.5390625
thubenchmark,eegnet,madry,autoattack,subset_n512,30,robust,45,tnp_minus_same_subset_raw,3.515625
thubenchmark,eegnet,madry,fgsm,subset_n512,25,clean,45,tnp_minus_same_subset_raw,-3.3203125
thubenchmark,eegnet,madry,fgsm,subset_n512,25,robust,45,tnp_minus_same_subset_raw,0.78125
thubenchmark,eegnet,madry,fgsm,subset_n512,30,clean,45,tnp_minus_same_subset_raw,-2.5390625
thubenchmark,eegnet,madry,fgsm,subset_n512,30,robust,45,tnp_minus_same_subset_raw,0.5859375
thubenchmark,eegnet,madry,pgd,subset_n512,25,clean,45,tnp_minus_same_subset_raw,-3.3203125
thubenchmark,eegnet,madry,pgd,subset_n512,25,robust,45,tnp_minus_same_subset_raw,2.1484375
thubenchmark,eegnet,madry,pgd,subset_n512,30,clean,45,tnp_minus_same_subset_raw,-2.5390625
thubenchmark,eegnet,madry,pgd,subset_n512,30,robust,45,tnp_minus_same_subset_raw,1.3671875
thubenchmark,eegnet,madry,cw,subset_n512,25,clean,45,tnp_minus_same_subset_raw,-3.3203125
thubenchmark,eegnet,madry,cw,subset_n512,25,robust,45,tnp_minus_same_subset_raw,24.4140625
thubenchmark,eegnet,madry,cw,subset_n512,30,clean,45,tnp_minus_same_subset_raw,-2.5390625
thubenchmark,eegnet,madry,cw,subset_n512,30,robust,45,tnp_minus_same_subset_raw,16.6015625
thubenchmark,eegnet,rpcf_at,autoattack,subset_n512,raw,clean,45,rpcf_minus_madry,0.0
thubenchmark,eegnet,rpcf_at,autoattack,subset_n512,raw,robust,45,rpcf_minus_madry,0.1953125
thubenchmark,eegnet,rpcf_at,autoattack,subset_n512,25,clean,45,rpcf_minus_madry,0.1953125
thubenchmark,eegnet,rpcf_at,autoattack,subset_n512,25,clean,45,tnp_minus_same_subset_raw,-3.125
thubenchmark,eegnet,rpcf_at,autoattack,subset_n512,25,robust,45,rpcf_minus_madry,2.1484375
thubenchmark,eegnet,rpcf_at,autoattack,subset_n512,25,robust,45,tnp_minus_same_subset_raw,5.078125
thubenchmark,eegnet,rpcf_at,autoattack,subset_n512,30,clean,45,rpcf_minus_madry,0.5859375
thubenchmark,eegnet,rpcf_at,autoattack,subset_n512,30,clean,45,tnp_minus_same_subset_raw,-1.953125
thubenchmark,eegnet,rpcf_at,autoattack,subset_n512,30,robust,45,rpcf_minus_madry,0.5859375
thubenchmark,eegnet,rpcf_at,autoattack,subset_n512,30,robust,45,tnp_minus_same_subset_raw,3.90625
thubenchmark,eegnet,rpcf_at,fgsm,subset_n512,raw,clean,45,rpcf_minus_madry,0.0
thubenchmark,eegnet,rpcf_at,fgsm,subset_n512,raw,robust,45,rpcf_minus_madry,0.0
thubenchmark,eegnet,rpcf_at,fgsm,subset_n512,25,clean,45,rpcf_minus_madry,0.1953125
thubenchmark,eegnet,rpcf_at,fgsm,subset_n512,25,clean,45,tnp_minus_same_subset_raw,-3.125
thubenchmark,eegnet,rpcf_at,fgsm,subset_n512,25,robust,45,rpcf_minus_madry,1.171875
thubenchmark,eegnet,rpcf_at,fgsm,subset_n512,25,robust,45,tnp_minus_same_subset_raw,1.953125
thubenchmark,eegnet,rpcf_at,fgsm,subset_n512,30,clean,45,rpcf_minus_madry,0.5859375
thubenchmark,eegnet,rpcf_at,fgsm,subset_n512,30,clean,45,tnp_minus_same_subset_raw,-1.953125
thubenchmark,eegnet,rpcf_at,fgsm,subset_n512,30,robust,45,rpcf_minus_madry,0.9765625
thubenchmark,eegnet,rpcf_at,fgsm,subset_n512,30,robust,45,tnp_minus_same_subset_raw,1.5625
thubenchmark,eegnet,rpcf_at,pgd,subset_n512,raw,clean,45,rpcf_minus_madry,0.0
thubenchmark,eegnet,rpcf_at,pgd,subset_n512,raw,robust,45,rpcf_minus_madry,-0.390625
thubenchmark,eegnet,rpcf_at,pgd,subset_n512,25,clean,45,rpcf_minus_madry,0.1953125
thubenchmark,eegnet,rpcf_at,pgd,subset_n512,25,clean,45,tnp_minus_same_subset_raw,-3.125
thubenchmark,eegnet,rpcf_at,pgd,subset_n512,25,robust,45,rpcf_minus_madry,2.1484375
thubenchmark,eegnet,rpcf_at,pgd,subset_n512,25,robust,45,tnp_minus_same_subset_raw,4.6875
thubenchmark,eegnet,rpcf_at,pgd,subset_n512,30,clean,45,rpcf_minus_madry,0.5859375
thubenchmark,eegnet,rpcf_at,pgd,subset_n512,30,clean,45,tnp_minus_same_subset_raw,-1.953125
thubenchmark,eegnet,rpcf_at,pgd,subset_n512,30,robust,45,rpcf_minus_madry,2.1484375
thubenchmark,eegnet,rpcf_at,pgd,subset_n512,30,robust,45,tnp_minus_same_subset_raw,3.90625
thubenchmark,eegnet,rpcf_at,cw,subset_n512,raw,clean,45,rpcf_minus_madry,0.0
thubenchmark,eegnet,rpcf_at,cw,subset_n512,raw,robust,45,rpcf_minus_madry,0.0
thubenchmark,eegnet,rpcf_at,cw,subset_n512,25,clean,45,rpcf_minus_madry,0.1953125
thubenchmark,eegnet,rpcf_at,cw,subset_n512,25,clean,45,tnp_minus_same_subset_raw,-3.125
thubenchmark,eegnet,rpcf_at,cw,subset_n512,25,robust,45,rpcf_minus_madry,4.1015625
thubenchmark,eegnet,rpcf_at,cw,subset_n512,25,robust,45,tnp_minus_same_subset_raw,28.515625
thubenchmark,eegnet,rpcf_at,cw,subset_n512,30,clean,45,rpcf_minus_madry,0.5859375
thubenchmark,eegnet,rpcf_at,cw,subset_n512,30,clean,45,tnp_minus_same_subset_raw,-1.953125
thubenchmark,eegnet,rpcf_at,cw,subset_n512,30,robust,45,rpcf_minus_madry,3.125
thubenchmark,eegnet,rpcf_at,cw,subset_n512,30,robust,45,tnp_minus_same_subset_raw,19.7265625
thubenchmark,eegnet,madry,autoattack,subset_n512,25,clean,46,tnp_minus_same_subset_raw,-2.5390625
thubenchmark,eegnet,madry,autoattack,subset_n512,25,robust,46,tnp_minus_same_subset_raw,4.296875
thubenchmark,eegnet,madry,autoattack,subset_n512,30,clean,46,tnp_minus_same_subset_raw,-1.953125
thubenchmark,eegnet,madry,autoattack,subset_n512,30,robust,46,tnp_minus_same_subset_raw,3.125
thubenchmark,eegnet,madry,fgsm,subset_n512,25,clean,46,tnp_minus_same_subset_raw,-2.5390625
thubenchmark,eegnet,madry,fgsm,subset_n512,25,robust,46,tnp_minus_same_subset_raw,-0.9765625
thubenchmark,eegnet,madry,fgsm,subset_n512,30,clean,46,tnp_minus_same_subset_raw,-1.953125
thubenchmark,eegnet,madry,fgsm,subset_n512,30,robust,46,tnp_minus_same_subset_raw,-1.5625
thubenchmark,eegnet,madry,pgd,subset_n512,25,clean,46,tnp_minus_same_subset_raw,-2.5390625
thubenchmark,eegnet,madry,pgd,subset_n512,25,robust,46,tnp_minus_same_subset_raw,0.0
thubenchmark,eegnet,madry,pgd,subset_n512,30,clean,46,tnp_minus_same_subset_raw,-1.953125
thubenchmark,eegnet,madry,pgd,subset_n512,30,robust,46,tnp_minus_same_subset_raw,-0.390625
thubenchmark,eegnet,madry,cw,subset_n512,25,clean,46,tnp_minus_same_subset_raw,-2.5390625
thubenchmark,eegnet,madry,cw,subset_n512,25,robust,46,tnp_minus_same_subset_raw,27.734375
thubenchmark,eegnet,madry,cw,subset_n512,30,clean,46,tnp_minus_same_subset_raw,-1.953125
thubenchmark,eegnet,madry,cw,subset_n512,30,robust,46,tnp_minus_same_subset_raw,19.140625
thubenchmark,eegnet,rpcf_at,autoattack,subset_n512,raw,clean,46,rpcf_minus_madry,0.1953125
thubenchmark,eegnet,rpcf_at,autoattack,subset_n512,raw,robust,46,rpcf_minus_madry,0.0
thubenchmark,eegnet,rpcf_at,autoattack,subset_n512,25,clean,46,rpcf_minus_madry,0.5859375
thubenchmark,eegnet,rpcf_at,autoattack,subset_n512,25,clean,46,tnp_minus_same_subset_raw,-2.1484375
thubenchmark,eegnet,rpcf_at,autoattack,subset_n512,25,robust,46,rpcf_minus_madry,1.3671875
thubenchmark,eegnet,rpcf_at,autoattack,subset_n512,25,robust,46,tnp_minus_same_subset_raw,5.6640625
thubenchmark,eegnet,rpcf_at,autoattack,subset_n512,30,clean,46,rpcf_minus_madry,0.5859375
thubenchmark,eegnet,rpcf_at,autoattack,subset_n512,30,clean,46,tnp_minus_same_subset_raw,-1.5625
thubenchmark,eegnet,rpcf_at,autoattack,subset_n512,30,robust,46,rpcf_minus_madry,2.9296875
thubenchmark,eegnet,rpcf_at,autoattack,subset_n512,30,robust,46,tnp_minus_same_subset_raw,6.0546875
thubenchmark,eegnet,rpcf_at,fgsm,subset_n512,raw,clean,46,rpcf_minus_madry,0.1953125
thubenchmark,eegnet,rpcf_at,fgsm,subset_n512,raw,robust,46,rpcf_minus_madry,-0.390625
thubenchmark,eegnet,rpcf_at,fgsm,subset_n512,25,clean,46,rpcf_minus_madry,0.5859375
thubenchmark,eegnet,rpcf_at,fgsm,subset_n512,25,clean,46,tnp_minus_same_subset_raw,-2.1484375
thubenchmark,eegnet,rpcf_at,fgsm,subset_n512,25,robust,46,rpcf_minus_madry,3.90625
thubenchmark,eegnet,rpcf_at,fgsm,subset_n512,25,robust,46,tnp_minus_same_subset_raw,3.3203125
thubenchmark,eegnet,rpcf_at,fgsm,subset_n512,30,clean,46,rpcf_minus_madry,0.5859375
thubenchmark,eegnet,rpcf_at,fgsm,subset_n512,30,clean,46,tnp_minus_same_subset_raw,-1.5625
thubenchmark,eegnet,rpcf_at,fgsm,subset_n512,30,robust,46,rpcf_minus_madry,4.6875
thubenchmark,eegnet,rpcf_at,fgsm,subset_n512,30,robust,46,tnp_minus_same_subset_raw,3.515625
thubenchmark,eegnet,rpcf_at,pgd,subset_n512,raw,clean,46,rpcf_minus_madry,0.1953125
thubenchmark,eegnet,rpcf_at,pgd,subset_n512,raw,robust,46,rpcf_minus_madry,0.1953125
thubenchmark,eegnet,rpcf_at,pgd,subset_n512,25,clean,46,rpcf_minus_madry,0.5859375
thubenchmark,eegnet,rpcf_at,pgd,subset_n512,25,clean,46,tnp_minus_same_subset_raw,-2.1484375
thubenchmark,eegnet,rpcf_at,pgd,subset_n512,25,robust,46,rpcf_minus_madry,4.8828125
thubenchmark,eegnet,rpcf_at,pgd,subset_n512,25,robust,46,tnp_minus_same_subset_raw,4.6875
thubenchmark,eegnet,rpcf_at,pgd,subset_n512,30,clean,46,rpcf_minus_madry,0.5859375
thubenchmark,eegnet,rpcf_at,pgd,subset_n512,30,clean,46,tnp_minus_same_subset_raw,-1.5625
thubenchmark,eegnet,rpcf_at,pgd,subset_n512,30,robust,46,rpcf_minus_madry,4.6875
thubenchmark,eegnet,rpcf_at,pgd,subset_n512,30,robust,46,tnp_minus_same_subset_raw,4.1015625
thubenchmark,eegnet,rpcf_at,cw,subset_n512,raw,clean,46,rpcf_minus_madry,0.1953125
thubenchmark,eegnet,rpcf_at,cw,subset_n512,raw,robust,46,rpcf_minus_madry,0.0
thubenchmark,eegnet,rpcf_at,cw,subset_n512,25,clean,46,rpcf_minus_madry,0.5859375
thubenchmark,eegnet,rpcf_at,cw,subset_n512,25,clean,46,tnp_minus_same_subset_raw,-2.1484375
thubenchmark,eegnet,rpcf_at,cw,subset_n512,25,robust,46,rpcf_minus_madry,-1.171875
thubenchmark,eegnet,rpcf_at,cw,subset_n512,25,robust,46,tnp_minus_same_subset_raw,26.5625
thubenchmark,eegnet,rpcf_at,cw,subset_n512,30,clean,46,rpcf_minus_madry,0.5859375
thubenchmark,eegnet,rpcf_at,cw,subset_n512,30,clean,46,tnp_minus_same_subset_raw,-1.5625
thubenchmark,eegnet,rpcf_at,cw,subset_n512,30,robust,46,rpcf_minus_madry,-2.34375
thubenchmark,eegnet,rpcf_at,cw,subset_n512,30,robust,46,tnp_minus_same_subset_raw,16.796875
thubenchmark,deepconvnet,madry,autoattack,subset_n512,25,clean,42,tnp_minus_same_subset_raw,-2.34375
thubenchmark,deepconvnet,madry,autoattack,subset_n512,25,robust,42,tnp_minus_same_subset_raw,6.8359375
thubenchmark,deepconvnet,madry,autoattack,subset_n512,30,clean,42,tnp_minus_same_subset_raw,-1.953125
thubenchmark,deepconvnet,madry,autoattack,subset_n512,30,robust,42,tnp_minus_same_subset_raw,5.46875
thubenchmark,deepconvnet,madry,fgsm,subset_n512,25,clean,42,tnp_minus_same_subset_raw,-2.34375
thubenchmark,deepconvnet,madry,fgsm,subset_n512,25,robust,42,tnp_minus_same_subset_raw,1.171875
thubenchmark,deepconvnet,madry,fgsm,subset_n512,30,clean,42,tnp_minus_same_subset_raw,-1.953125
thubenchmark,deepconvnet,madry,fgsm,subset_n512,30,robust,42,tnp_minus_same_subset_raw,1.953125
thubenchmark,deepconvnet,madry,pgd,subset_n512,25,clean,42,tnp_minus_same_subset_raw,-2.34375
thubenchmark,deepconvnet,madry,pgd,subset_n512,25,robust,42,tnp_minus_same_subset_raw,2.9296875
thubenchmark,deepconvnet,madry,pgd,subset_n512,30,clean,42,tnp_minus_same_subset_raw,-1.953125
thubenchmark,deepconvnet,madry,pgd,subset_n512,30,robust,42,tnp_minus_same_subset_raw,2.734375
thubenchmark,deepconvnet,madry,cw,subset_n512,25,clean,42,tnp_minus_same_subset_raw,-2.34375
thubenchmark,deepconvnet,madry,cw,subset_n512,25,robust,42,tnp_minus_same_subset_raw,26.7578125
thubenchmark,deepconvnet,madry,cw,subset_n512,30,clean,42,tnp_minus_same_subset_raw,-1.953125
thubenchmark,deepconvnet,madry,cw,subset_n512,30,robust,42,tnp_minus_same_subset_raw,15.4296875
thubenchmark,deepconvnet,rpcf_at,autoattack,subset_n512,raw,clean,42,rpcf_minus_madry,0.78125
thubenchmark,deepconvnet,rpcf_at,autoattack,subset_n512,raw,robust,42,rpcf_minus_madry,3.125
thubenchmark,deepconvnet,rpcf_at,autoattack,subset_n512,25,clean,42,rpcf_minus_madry,0.390625
thubenchmark,deepconvnet,rpcf_at,autoattack,subset_n512,25,clean,42,tnp_minus_same_subset_raw,-2.734375
thubenchmark,deepconvnet,rpcf_at,autoattack,subset_n512,25,robust,42,rpcf_minus_madry,0.1953125
thubenchmark,deepconvnet,rpcf_at,autoattack,subset_n512,25,robust,42,tnp_minus_same_subset_raw,3.90625
thubenchmark,deepconvnet,rpcf_at,autoattack,subset_n512,30,clean,42,rpcf_minus_madry,0.9765625
thubenchmark,deepconvnet,rpcf_at,autoattack,subset_n512,30,clean,42,tnp_minus_same_subset_raw,-1.7578125
thubenchmark,deepconvnet,rpcf_at,autoattack,subset_n512,30,robust,42,rpcf_minus_madry,0.78125
thubenchmark,deepconvnet,rpcf_at,autoattack,subset_n512,30,robust,42,tnp_minus_same_subset_raw,3.125
thubenchmark,deepconvnet,rpcf_at,fgsm,subset_n512,raw,clean,42,rpcf_minus_madry,0.78125
thubenchmark,deepconvnet,rpcf_at,fgsm,subset_n512,raw,robust,42,rpcf_minus_madry,2.9296875
thubenchmark,deepconvnet,rpcf_at,fgsm,subset_n512,25,clean,42,rpcf_minus_madry,0.390625
thubenchmark,deepconvnet,rpcf_at,fgsm,subset_n512,25,clean,42,tnp_minus_same_subset_raw,-2.734375
thubenchmark,deepconvnet,rpcf_at,fgsm,subset_n512,25,robust,42,rpcf_minus_madry,-0.9765625
thubenchmark,deepconvnet,rpcf_at,fgsm,subset_n512,25,robust,42,tnp_minus_same_subset_raw,-2.734375
thubenchmark,deepconvnet,rpcf_at,fgsm,subset_n512,30,clean,42,rpcf_minus_madry,0.9765625
thubenchmark,deepconvnet,rpcf_at,fgsm,subset_n512,30,clean,42,tnp_minus_same_subset_raw,-1.7578125
thubenchmark,deepconvnet,rpcf_at,fgsm,subset_n512,30,robust,42,rpcf_minus_madry,0.0
thubenchmark,deepconvnet,rpcf_at,fgsm,subset_n512,30,robust,42,tnp_minus_same_subset_raw,-0.9765625
thubenchmark,deepconvnet,rpcf_at,pgd,subset_n512,raw,clean,42,rpcf_minus_madry,0.78125
thubenchmark,deepconvnet,rpcf_at,pgd,subset_n512,raw,robust,42,rpcf_minus_madry,1.953125
thubenchmark,deepconvnet,rpcf_at,pgd,subset_n512,25,clean,42,rpcf_minus_madry,0.390625
thubenchmark,deepconvnet,rpcf_at,pgd,subset_n512,25,clean,42,tnp_minus_same_subset_raw,-2.734375
thubenchmark,deepconvnet,rpcf_at,pgd,subset_n512,25,robust,42,rpcf_minus_madry,0.5859375
thubenchmark,deepconvnet,rpcf_at,pgd,subset_n512,25,robust,42,tnp_minus_same_subset_raw,1.5625
thubenchmark,deepconvnet,rpcf_at,pgd,subset_n512,30,clean,42,rpcf_minus_madry,0.9765625
thubenchmark,deepconvnet,rpcf_at,pgd,subset_n512,30,clean,42,tnp_minus_same_subset_raw,-1.7578125
thubenchmark,deepconvnet,rpcf_at,pgd,subset_n512,30,robust,42,rpcf_minus_madry,-0.390625
thubenchmark,deepconvnet,rpcf_at,pgd,subset_n512,30,robust,42,tnp_minus_same_subset_raw,0.390625
thubenchmark,deepconvnet,rpcf_at,cw,subset_n512,raw,clean,42,rpcf_minus_madry,0.78125
thubenchmark,deepconvnet,rpcf_at,cw,subset_n512,raw,robust,42,rpcf_minus_madry,0.0
thubenchmark,deepconvnet,rpcf_at,cw,subset_n512,25,clean,42,rpcf_minus_madry,0.390625
thubenchmark,deepconvnet,rpcf_at,cw,subset_n512,25,clean,42,tnp_minus_same_subset_raw,-2.734375
thubenchmark,deepconvnet,rpcf_at,cw,subset_n512,25,robust,42,rpcf_minus_madry,-19.3359375
thubenchmark,deepconvnet,rpcf_at,cw,subset_n512,25,robust,42,tnp_minus_same_subset_raw,7.421875
thubenchmark,deepconvnet,rpcf_at,cw,subset_n512,30,clean,42,rpcf_minus_madry,0.9765625
thubenchmark,deepconvnet,rpcf_at,cw,subset_n512,30,clean,42,tnp_minus_same_subset_raw,-1.7578125
thubenchmark,deepconvnet,rpcf_at,cw,subset_n512,30,robust,42,rpcf_minus_madry,-12.890625
thubenchmark,deepconvnet,rpcf_at,cw,subset_n512,30,robust,42,tnp_minus_same_subset_raw,2.5390625
thubenchmark,deepconvnet,madry,autoattack,subset_n512,25,clean,43,tnp_minus_same_subset_raw,-4.6875
thubenchmark,deepconvnet,madry,autoattack,subset_n512,25,robust,43,tnp_minus_same_subset_raw,4.1015625
thubenchmark,deepconvnet,madry,autoattack,subset_n512,30,clean,43,tnp_minus_same_subset_raw,-3.7109375
thubenchmark,deepconvnet,madry,autoattack,subset_n512,30,robust,43,tnp_minus_same_subset_raw,2.734375
thubenchmark,deepconvnet,madry,fgsm,subset_n512,25,clean,43,tnp_minus_same_subset_raw,-4.6875
thubenchmark,deepconvnet,madry,fgsm,subset_n512,25,robust,43,tnp_minus_same_subset_raw,0.9765625
thubenchmark,deepconvnet,madry,fgsm,subset_n512,30,clean,43,tnp_minus_same_subset_raw,-3.7109375
thubenchmark,deepconvnet,madry,fgsm,subset_n512,30,robust,43,tnp_minus_same_subset_raw,-0.78125
thubenchmark,deepconvnet,madry,pgd,subset_n512,25,clean,43,tnp_minus_same_subset_raw,-4.6875
thubenchmark,deepconvnet,madry,pgd,subset_n512,25,robust,43,tnp_minus_same_subset_raw,0.9765625
thubenchmark,deepconvnet,madry,pgd,subset_n512,30,clean,43,tnp_minus_same_subset_raw,-3.7109375
thubenchmark,deepconvnet,madry,pgd,subset_n512,30,robust,43,tnp_minus_same_subset_raw,1.171875
thubenchmark,deepconvnet,madry,cw,subset_n512,25,clean,43,tnp_minus_same_subset_raw,-4.6875
thubenchmark,deepconvnet,madry,cw,subset_n512,25,robust,43,tnp_minus_same_subset_raw,8.984375
thubenchmark,deepconvnet,madry,cw,subset_n512,30,clean,43,tnp_minus_same_subset_raw,-3.7109375
thubenchmark,deepconvnet,madry,cw,subset_n512,30,robust,43,tnp_minus_same_subset_raw,2.5390625
thubenchmark,deepconvnet,rpcf_at,autoattack,subset_n512,raw,clean,43,rpcf_minus_madry,-0.390625
thubenchmark,deepconvnet,rpcf_at,autoattack,subset_n512,raw,robust,43,rpcf_minus_madry,-1.171875
thubenchmark,deepconvnet,rpcf_at,autoattack,subset_n512,25,clean,43,rpcf_minus_madry,0.390625
thubenchmark,deepconvnet,rpcf_at,autoattack,subset_n512,25,clean,43,tnp_minus_same_subset_raw,-3.90625
thubenchmark,deepconvnet,rpcf_at,autoattack,subset_n512,25,robust,43,rpcf_minus_madry,-1.171875
thubenchmark,deepconvnet,rpcf_at,autoattack,subset_n512,25,robust,43,tnp_minus_same_subset_raw,4.1015625
thubenchmark,deepconvnet,rpcf_at,autoattack,subset_n512,30,clean,43,rpcf_minus_madry,0.5859375
thubenchmark,deepconvnet,rpcf_at,autoattack,subset_n512,30,clean,43,tnp_minus_same_subset_raw,-2.734375
thubenchmark,deepconvnet,rpcf_at,autoattack,subset_n512,30,robust,43,rpcf_minus_madry,0.78125
thubenchmark,deepconvnet,rpcf_at,autoattack,subset_n512,30,robust,43,tnp_minus_same_subset_raw,4.6875
thubenchmark,deepconvnet,rpcf_at,fgsm,subset_n512,raw,clean,43,rpcf_minus_madry,-0.390625
thubenchmark,deepconvnet,rpcf_at,fgsm,subset_n512,raw,robust,43,rpcf_minus_madry,-0.78125
thubenchmark,deepconvnet,rpcf_at,fgsm,subset_n512,25,clean,43,rpcf_minus_madry,0.390625
thubenchmark,deepconvnet,rpcf_at,fgsm,subset_n512,25,clean,43,tnp_minus_same_subset_raw,-3.90625
thubenchmark,deepconvnet,rpcf_at,fgsm,subset_n512,25,robust,43,rpcf_minus_madry,0.5859375
thubenchmark,deepconvnet,rpcf_at,fgsm,subset_n512,25,robust,43,tnp_minus_same_subset_raw,2.34375
thubenchmark,deepconvnet,rpcf_at,fgsm,subset_n512,30,clean,43,rpcf_minus_madry,0.5859375
thubenchmark,deepconvnet,rpcf_at,fgsm,subset_n512,30,clean,43,tnp_minus_same_subset_raw,-2.734375
thubenchmark,deepconvnet,rpcf_at,fgsm,subset_n512,30,robust,43,rpcf_minus_madry,0.9765625
thubenchmark,deepconvnet,rpcf_at,fgsm,subset_n512,30,robust,43,tnp_minus_same_subset_raw,0.9765625
thubenchmark,deepconvnet,rpcf_at,pgd,subset_n512,raw,clean,43,rpcf_minus_madry,-0.390625
thubenchmark,deepconvnet,rpcf_at,pgd,subset_n512,raw,robust,43,rpcf_minus_madry,-1.171875
thubenchmark,deepconvnet,rpcf_at,pgd,subset_n512,25,clean,43,rpcf_minus_madry,0.390625
thubenchmark,deepconvnet,rpcf_at,pgd,subset_n512,25,clean,43,tnp_minus_same_subset_raw,-3.90625
thubenchmark,deepconvnet,rpcf_at,pgd,subset_n512,25,robust,43,rpcf_minus_madry,-0.1953125
thubenchmark,deepconvnet,rpcf_at,pgd,subset_n512,25,robust,43,tnp_minus_same_subset_raw,1.953125
thubenchmark,deepconvnet,rpcf_at,pgd,subset_n512,30,clean,43,rpcf_minus_madry,0.5859375
thubenchmark,deepconvnet,rpcf_at,pgd,subset_n512,30,clean,43,tnp_minus_same_subset_raw,-2.734375
thubenchmark,deepconvnet,rpcf_at,pgd,subset_n512,30,robust,43,rpcf_minus_madry,-0.1953125
thubenchmark,deepconvnet,rpcf_at,pgd,subset_n512,30,robust,43,tnp_minus_same_subset_raw,2.1484375
thubenchmark,deepconvnet,rpcf_at,cw,subset_n512,raw,clean,43,rpcf_minus_madry,-0.390625
thubenchmark,deepconvnet,rpcf_at,cw,subset_n512,raw,robust,43,rpcf_minus_madry,0.0
thubenchmark,deepconvnet,rpcf_at,cw,subset_n512,25,clean,43,rpcf_minus_madry,0.390625
thubenchmark,deepconvnet,rpcf_at,cw,subset_n512,25,clean,43,tnp_minus_same_subset_raw,-3.90625
thubenchmark,deepconvnet,rpcf_at,cw,subset_n512,25,robust,43,rpcf_minus_madry,-6.0546875
thubenchmark,deepconvnet,rpcf_at,cw,subset_n512,25,robust,43,tnp_minus_same_subset_raw,2.9296875
thubenchmark,deepconvnet,rpcf_at,cw,subset_n512,30,clean,43,rpcf_minus_madry,0.5859375
thubenchmark,deepconvnet,rpcf_at,cw,subset_n512,30,clean,43,tnp_minus_same_subset_raw,-2.734375
thubenchmark,deepconvnet,rpcf_at,cw,subset_n512,30,robust,43,rpcf_minus_madry,-1.5625
thubenchmark,deepconvnet,rpcf_at,cw,subset_n512,30,robust,43,tnp_minus_same_subset_raw,0.9765625
thubenchmark,deepconvnet,madry,autoattack,subset_n512,25,clean,44,tnp_minus_same_subset_raw,-2.5390625
thubenchmark,deepconvnet,madry,autoattack,subset_n512,25,robust,44,tnp_minus_same_subset_raw,5.2734375
thubenchmark,deepconvnet,madry,autoattack,subset_n512,30,clean,44,tnp_minus_same_subset_raw,-1.953125
thubenchmark,deepconvnet,madry,autoattack,subset_n512,30,robust,44,tnp_minus_same_subset_raw,4.6875
thubenchmark,deepconvnet,madry,fgsm,subset_n512,25,clean,44,tnp_minus_same_subset_raw,-2.5390625
thubenchmark,deepconvnet,madry,fgsm,subset_n512,25,robust,44,tnp_minus_same_subset_raw,1.171875
thubenchmark,deepconvnet,madry,fgsm,subset_n512,30,clean,44,tnp_minus_same_subset_raw,-1.953125
thubenchmark,deepconvnet,madry,fgsm,subset_n512,30,robust,44,tnp_minus_same_subset_raw,1.5625
thubenchmark,deepconvnet,madry,pgd,subset_n512,25,clean,44,tnp_minus_same_subset_raw,-2.5390625
thubenchmark,deepconvnet,madry,pgd,subset_n512,25,robust,44,tnp_minus_same_subset_raw,3.515625
thubenchmark,deepconvnet,madry,pgd,subset_n512,30,clean,44,tnp_minus_same_subset_raw,-1.953125
thubenchmark,deepconvnet,madry,pgd,subset_n512,30,robust,44,tnp_minus_same_subset_raw,1.953125
thubenchmark,deepconvnet,madry,cw,subset_n512,25,clean,44,tnp_minus_same_subset_raw,-2.5390625
thubenchmark,deepconvnet,madry,cw,subset_n512,25,robust,44,tnp_minus_same_subset_raw,14.6484375
thubenchmark,deepconvnet,madry,cw,subset_n512,30,clean,44,tnp_minus_same_subset_raw,-1.953125
thubenchmark,deepconvnet,madry,cw,subset_n512,30,robust,44,tnp_minus_same_subset_raw,5.859375
thubenchmark,deepconvnet,rpcf_at,autoattack,subset_n512,raw,clean,44,rpcf_minus_madry,1.5625
thubenchmark,deepconvnet,rpcf_at,autoattack,subset_n512,raw,robust,44,rpcf_minus_madry,1.953125
thubenchmark,deepconvnet,rpcf_at,autoattack,subset_n512,25,clean,44,rpcf_minus_madry,2.5390625
thubenchmark,deepconvnet,rpcf_at,autoattack,subset_n512,25,clean,44,tnp_minus_same_subset_raw,-1.5625
thubenchmark,deepconvnet,rpcf_at,autoattack,subset_n512,25,robust,44,rpcf_minus_madry,2.5390625
thubenchmark,deepconvnet,rpcf_at,autoattack,subset_n512,25,robust,44,tnp_minus_same_subset_raw,5.859375
thubenchmark,deepconvnet,rpcf_at,autoattack,subset_n512,30,clean,44,rpcf_minus_madry,0.78125
thubenchmark,deepconvnet,rpcf_at,autoattack,subset_n512,30,clean,44,tnp_minus_same_subset_raw,-2.734375
thubenchmark,deepconvnet,rpcf_at,autoattack,subset_n512,30,robust,44,rpcf_minus_madry,1.953125
thubenchmark,deepconvnet,rpcf_at,autoattack,subset_n512,30,robust,44,tnp_minus_same_subset_raw,4.6875
thubenchmark,deepconvnet,rpcf_at,fgsm,subset_n512,raw,clean,44,rpcf_minus_madry,1.5625
thubenchmark,deepconvnet,rpcf_at,fgsm,subset_n512,raw,robust,44,rpcf_minus_madry,2.5390625
thubenchmark,deepconvnet,rpcf_at,fgsm,subset_n512,25,clean,44,rpcf_minus_madry,2.5390625
thubenchmark,deepconvnet,rpcf_at,fgsm,subset_n512,25,clean,44,tnp_minus_same_subset_raw,-1.5625
thubenchmark,deepconvnet,rpcf_at,fgsm,subset_n512,25,robust,44,rpcf_minus_madry,1.5625
thubenchmark,deepconvnet,rpcf_at,fgsm,subset_n512,25,robust,44,tnp_minus_same_subset_raw,0.1953125
thubenchmark,deepconvnet,rpcf_at,fgsm,subset_n512,30,clean,44,rpcf_minus_madry,0.78125
thubenchmark,deepconvnet,rpcf_at,fgsm,subset_n512,30,clean,44,tnp_minus_same_subset_raw,-2.734375
thubenchmark,deepconvnet,rpcf_at,fgsm,subset_n512,30,robust,44,rpcf_minus_madry,1.7578125
thubenchmark,deepconvnet,rpcf_at,fgsm,subset_n512,30,robust,44,tnp_minus_same_subset_raw,0.78125
thubenchmark,deepconvnet,rpcf_at,pgd,subset_n512,raw,clean,44,rpcf_minus_madry,1.5625
thubenchmark,deepconvnet,rpcf_at,pgd,subset_n512,raw,robust,44,rpcf_minus_madry,2.1484375
thubenchmark,deepconvnet,rpcf_at,pgd,subset_n512,25,clean,44,rpcf_minus_madry,2.5390625
thubenchmark,deepconvnet,rpcf_at,pgd,subset_n512,25,clean,44,tnp_minus_same_subset_raw,-1.5625
thubenchmark,deepconvnet,rpcf_at,pgd,subset_n512,25,robust,44,rpcf_minus_madry,0.78125
thubenchmark,deepconvnet,rpcf_at,pgd,subset_n512,25,robust,44,tnp_minus_same_subset_raw,2.1484375
thubenchmark,deepconvnet,rpcf_at,pgd,subset_n512,30,clean,44,rpcf_minus_madry,0.78125
thubenchmark,deepconvnet,rpcf_at,pgd,subset_n512,30,clean,44,tnp_minus_same_subset_raw,-2.734375
thubenchmark,deepconvnet,rpcf_at,pgd,subset_n512,30,robust,44,rpcf_minus_madry,1.7578125
thubenchmark,deepconvnet,rpcf_at,pgd,subset_n512,30,robust,44,tnp_minus_same_subset_raw,1.5625
thubenchmark,deepconvnet,rpcf_at,cw,subset_n512,raw,clean,44,rpcf_minus_madry,1.5625
thubenchmark,deepconvnet,rpcf_at,cw,subset_n512,raw,robust,44,rpcf_minus_madry,0.0
thubenchmark,deepconvnet,rpcf_at,cw,subset_n512,25,clean,44,rpcf_minus_madry,2.5390625
thubenchmark,deepconvnet,rpcf_at,cw,subset_n512,25,clean,44,tnp_minus_same_subset_raw,-1.5625
thubenchmark,deepconvnet,rpcf_at,cw,subset_n512,25,robust,44,rpcf_minus_madry,-10.7421875
thubenchmark,deepconvnet,rpcf_at,cw,subset_n512,25,robust,44,tnp_minus_same_subset_raw,3.90625
thubenchmark,deepconvnet,rpcf_at,cw,subset_n512,30,clean,44,rpcf_minus_madry,0.78125
thubenchmark,deepconvnet,rpcf_at,cw,subset_n512,30,clean,44,tnp_minus_same_subset_raw,-2.734375
thubenchmark,deepconvnet,rpcf_at,cw,subset_n512,30,robust,44,rpcf_minus_madry,-4.296875
thubenchmark,deepconvnet,rpcf_at,cw,subset_n512,30,robust,44,tnp_minus_same_subset_raw,1.5625
thubenchmark,deepconvnet,madry,autoattack,subset_n512,25,clean,45,tnp_minus_same_subset_raw,-3.515625
thubenchmark,deepconvnet,madry,autoattack,subset_n512,25,robust,45,tnp_minus_same_subset_raw,5.6640625
thubenchmark,deepconvnet,madry,autoattack,subset_n512,30,clean,45,tnp_minus_same_subset_raw,-2.734375
thubenchmark,deepconvnet,madry,autoattack,subset_n512,30,robust,45,tnp_minus_same_subset_raw,5.859375
thubenchmark,deepconvnet,madry,fgsm,subset_n512,25,clean,45,tnp_minus_same_subset_raw,-3.515625
thubenchmark,deepconvnet,madry,fgsm,subset_n512,25,robust,45,tnp_minus_same_subset_raw,0.78125
thubenchmark,deepconvnet,madry,fgsm,subset_n512,30,clean,45,tnp_minus_same_subset_raw,-2.734375
thubenchmark,deepconvnet,madry,fgsm,subset_n512,30,robust,45,tnp_minus_same_subset_raw,0.5859375
thubenchmark,deepconvnet,madry,pgd,subset_n512,25,clean,45,tnp_minus_same_subset_raw,-3.515625
thubenchmark,deepconvnet,madry,pgd,subset_n512,25,robust,45,tnp_minus_same_subset_raw,3.7109375
thubenchmark,deepconvnet,madry,pgd,subset_n512,30,clean,45,tnp_minus_same_subset_raw,-2.734375
thubenchmark,deepconvnet,madry,pgd,subset_n512,30,robust,45,tnp_minus_same_subset_raw,2.5390625
thubenchmark,deepconvnet,madry,cw,subset_n512,25,clean,45,tnp_minus_same_subset_raw,-3.515625
thubenchmark,deepconvnet,madry,cw,subset_n512,25,robust,45,tnp_minus_same_subset_raw,23.2421875
thubenchmark,deepconvnet,madry,cw,subset_n512,30,clean,45,tnp_minus_same_subset_raw,-2.734375
thubenchmark,deepconvnet,madry,cw,subset_n512,30,robust,45,tnp_minus_same_subset_raw,10.546875
thubenchmark,deepconvnet,rpcf_at,autoattack,subset_n512,raw,clean,45,rpcf_minus_madry,0.1953125
thubenchmark,deepconvnet,rpcf_at,autoattack,subset_n512,raw,robust,45,rpcf_minus_madry,1.5625
thubenchmark,deepconvnet,rpcf_at,autoattack,subset_n512,25,clean,45,rpcf_minus_madry,1.3671875
thubenchmark,deepconvnet,rpcf_at,autoattack,subset_n512,25,clean,45,tnp_minus_same_subset_raw,-2.34375
thubenchmark,deepconvnet,rpcf_at,autoattack,subset_n512,25,robust,45,rpcf_minus_madry,0.1953125
thubenchmark,deepconvnet,rpcf_at,autoattack,subset_n512,25,robust,45,tnp_minus_same_subset_raw,4.296875
thubenchmark,deepconvnet,rpcf_at,autoattack,subset_n512,30,clean,45,rpcf_minus_madry,1.7578125
thubenchmark,deepconvnet,rpcf_at,autoattack,subset_n512,30,clean,45,tnp_minus_same_subset_raw,-1.171875
thubenchmark,deepconvnet,rpcf_at,autoattack,subset_n512,30,robust,45,rpcf_minus_madry,0.390625
thubenchmark,deepconvnet,rpcf_at,autoattack,subset_n512,30,robust,45,tnp_minus_same_subset_raw,4.6875
thubenchmark,deepconvnet,rpcf_at,fgsm,subset_n512,raw,clean,45,rpcf_minus_madry,0.1953125
thubenchmark,deepconvnet,rpcf_at,fgsm,subset_n512,raw,robust,45,rpcf_minus_madry,1.5625
thubenchmark,deepconvnet,rpcf_at,fgsm,subset_n512,25,clean,45,rpcf_minus_madry,1.3671875
thubenchmark,deepconvnet,rpcf_at,fgsm,subset_n512,25,clean,45,tnp_minus_same_subset_raw,-2.34375
thubenchmark,deepconvnet,rpcf_at,fgsm,subset_n512,25,robust,45,rpcf_minus_madry,1.3671875
thubenchmark,deepconvnet,rpcf_at,fgsm,subset_n512,25,robust,45,tnp_minus_same_subset_raw,0.5859375
thubenchmark,deepconvnet,rpcf_at,fgsm,subset_n512,30,clean,45,rpcf_minus_madry,1.7578125
thubenchmark,deepconvnet,rpcf_at,fgsm,subset_n512,30,clean,45,tnp_minus_same_subset_raw,-1.171875
thubenchmark,deepconvnet,rpcf_at,fgsm,subset_n512,30,robust,45,rpcf_minus_madry,1.171875
thubenchmark,deepconvnet,rpcf_at,fgsm,subset_n512,30,robust,45,tnp_minus_same_subset_raw,0.1953125
thubenchmark,deepconvnet,rpcf_at,pgd,subset_n512,raw,clean,45,rpcf_minus_madry,0.1953125
thubenchmark,deepconvnet,rpcf_at,pgd,subset_n512,raw,robust,45,rpcf_minus_madry,1.3671875
thubenchmark,deepconvnet,rpcf_at,pgd,subset_n512,25,clean,45,rpcf_minus_madry,1.3671875
thubenchmark,deepconvnet,rpcf_at,pgd,subset_n512,25,clean,45,tnp_minus_same_subset_raw,-2.34375
thubenchmark,deepconvnet,rpcf_at,pgd,subset_n512,25,robust,45,rpcf_minus_madry,-0.78125
thubenchmark,deepconvnet,rpcf_at,pgd,subset_n512,25,robust,45,tnp_minus_same_subset_raw,1.5625
thubenchmark,deepconvnet,rpcf_at,pgd,subset_n512,30,clean,45,rpcf_minus_madry,1.7578125
thubenchmark,deepconvnet,rpcf_at,pgd,subset_n512,30,clean,45,tnp_minus_same_subset_raw,-1.171875
thubenchmark,deepconvnet,rpcf_at,pgd,subset_n512,30,robust,45,rpcf_minus_madry,0.390625
thubenchmark,deepconvnet,rpcf_at,pgd,subset_n512,30,robust,45,tnp_minus_same_subset_raw,1.5625
thubenchmark,deepconvnet,rpcf_at,cw,subset_n512,raw,clean,45,rpcf_minus_madry,0.1953125
thubenchmark,deepconvnet,rpcf_at,cw,subset_n512,raw,robust,45,rpcf_minus_madry,0.0
thubenchmark,deepconvnet,rpcf_at,cw,subset_n512,25,clean,45,rpcf_minus_madry,1.3671875
thubenchmark,deepconvnet,rpcf_at,cw,subset_n512,25,clean,45,tnp_minus_same_subset_raw,-2.34375
thubenchmark,deepconvnet,rpcf_at,cw,subset_n512,25,robust,45,rpcf_minus_madry,-15.4296875
thubenchmark,deepconvnet,rpcf_at,cw,subset_n512,25,robust,45,tnp_minus_same_subset_raw,7.8125
thubenchmark,deepconvnet,rpcf_at,cw,subset_n512,30,clean,45,rpcf_minus_madry,1.7578125
thubenchmark,deepconvnet,rpcf_at,cw,subset_n512,30,clean,45,tnp_minus_same_subset_raw,-1.171875
thubenchmark,deepconvnet,rpcf_at,cw,subset_n512,30,robust,45,rpcf_minus_madry,-6.25
thubenchmark,deepconvnet,rpcf_at,cw,subset_n512,30,robust,45,tnp_minus_same_subset_raw,4.296875
thubenchmark,deepconvnet,madry,autoattack,subset_n512,25,clean,46,tnp_minus_same_subset_raw,-2.5390625
thubenchmark,deepconvnet,madry,autoattack,subset_n512,25,robust,46,tnp_minus_same_subset_raw,5.6640625
thubenchmark,deepconvnet,madry,autoattack,subset_n512,30,clean,46,tnp_minus_same_subset_raw,-0.9765625
thubenchmark,deepconvnet,madry,autoattack,subset_n512,30,robust,46,tnp_minus_same_subset_raw,5.078125
thubenchmark,deepconvnet,madry,fgsm,subset_n512,25,clean,46,tnp_minus_same_subset_raw,-2.5390625
thubenchmark,deepconvnet,madry,fgsm,subset_n512,25,robust,46,tnp_minus_same_subset_raw,0.1953125
thubenchmark,deepconvnet,madry,fgsm,subset_n512,30,clean,46,tnp_minus_same_subset_raw,-0.9765625
thubenchmark,deepconvnet,madry,fgsm,subset_n512,30,robust,46,tnp_minus_same_subset_raw,0.5859375
thubenchmark,deepconvnet,madry,pgd,subset_n512,25,clean,46,tnp_minus_same_subset_raw,-2.5390625
thubenchmark,deepconvnet,madry,pgd,subset_n512,25,robust,46,tnp_minus_same_subset_raw,2.734375
thubenchmark,deepconvnet,madry,pgd,subset_n512,30,clean,46,tnp_minus_same_subset_raw,-0.9765625
thubenchmark,deepconvnet,madry,pgd,subset_n512,30,robust,46,tnp_minus_same_subset_raw,1.5625
thubenchmark,deepconvnet,madry,cw,subset_n512,25,clean,46,tnp_minus_same_subset_raw,-2.5390625
thubenchmark,deepconvnet,madry,cw,subset_n512,25,robust,46,tnp_minus_same_subset_raw,9.765625
thubenchmark,deepconvnet,madry,cw,subset_n512,30,clean,46,tnp_minus_same_subset_raw,-0.9765625
thubenchmark,deepconvnet,madry,cw,subset_n512,30,robust,46,tnp_minus_same_subset_raw,3.3203125
thubenchmark,deepconvnet,rpcf_at,autoattack,subset_n512,raw,clean,46,rpcf_minus_madry,0.5859375
thubenchmark,deepconvnet,rpcf_at,autoattack,subset_n512,raw,robust,46,rpcf_minus_madry,0.78125
thubenchmark,deepconvnet,rpcf_at,autoattack,subset_n512,25,clean,46,rpcf_minus_madry,0.78125
thubenchmark,deepconvnet,rpcf_at,autoattack,subset_n512,25,clean,46,tnp_minus_same_subset_raw,-2.34375
thubenchmark,deepconvnet,rpcf_at,autoattack,subset_n512,25,robust,46,rpcf_minus_madry,-0.9765625
thubenchmark,deepconvnet,rpcf_at,autoattack,subset_n512,25,robust,46,tnp_minus_same_subset_raw,3.90625
thubenchmark,deepconvnet,rpcf_at,autoattack,subset_n512,30,clean,46,rpcf_minus_madry,0.1953125
thubenchmark,deepconvnet,rpcf_at,autoattack,subset_n512,30,clean,46,tnp_minus_same_subset_raw,-1.3671875
thubenchmark,deepconvnet,rpcf_at,autoattack,subset_n512,30,robust,46,rpcf_minus_madry,-0.78125
thubenchmark,deepconvnet,rpcf_at,autoattack,subset_n512,30,robust,46,tnp_minus_same_subset_raw,3.515625
thubenchmark,deepconvnet,rpcf_at,fgsm,subset_n512,raw,clean,46,rpcf_minus_madry,0.5859375
thubenchmark,deepconvnet,rpcf_at,fgsm,subset_n512,raw,robust,46,rpcf_minus_madry,1.3671875
thubenchmark,deepconvnet,rpcf_at,fgsm,subset_n512,25,clean,46,rpcf_minus_madry,0.78125
thubenchmark,deepconvnet,rpcf_at,fgsm,subset_n512,25,clean,46,tnp_minus_same_subset_raw,-2.34375
thubenchmark,deepconvnet,rpcf_at,fgsm,subset_n512,25,robust,46,rpcf_minus_madry,-0.1953125
thubenchmark,deepconvnet,rpcf_at,fgsm,subset_n512,25,robust,46,tnp_minus_same_subset_raw,-1.3671875
thubenchmark,deepconvnet,rpcf_at,fgsm,subset_n512,30,clean,46,rpcf_minus_madry,0.1953125
thubenchmark,deepconvnet,rpcf_at,fgsm,subset_n512,30,clean,46,tnp_minus_same_subset_raw,-1.3671875
thubenchmark,deepconvnet,rpcf_at,fgsm,subset_n512,30,robust,46,rpcf_minus_madry,-0.1953125
thubenchmark,deepconvnet,rpcf_at,fgsm,subset_n512,30,robust,46,tnp_minus_same_subset_raw,-0.9765625
thubenchmark,deepconvnet,rpcf_at,pgd,subset_n512,raw,clean,46,rpcf_minus_madry,0.5859375
thubenchmark,deepconvnet,rpcf_at,pgd,subset_n512,raw,robust,46,rpcf_minus_madry,0.5859375
thubenchmark,deepconvnet,rpcf_at,pgd,subset_n512,25,clean,46,rpcf_minus_madry,0.78125
thubenchmark,deepconvnet,rpcf_at,pgd,subset_n512,25,clean,46,tnp_minus_same_subset_raw,-2.34375
thubenchmark,deepconvnet,rpcf_at,pgd,subset_n512,25,robust,46,rpcf_minus_madry,0.1953125
thubenchmark,deepconvnet,rpcf_at,pgd,subset_n512,25,robust,46,tnp_minus_same_subset_raw,2.34375
thubenchmark,deepconvnet,rpcf_at,pgd,subset_n512,30,clean,46,rpcf_minus_madry,0.1953125
thubenchmark,deepconvnet,rpcf_at,pgd,subset_n512,30,clean,46,tnp_minus_same_subset_raw,-1.3671875
thubenchmark,deepconvnet,rpcf_at,pgd,subset_n512,30,robust,46,rpcf_minus_madry,0.390625
thubenchmark,deepconvnet,rpcf_at,pgd,subset_n512,30,robust,46,tnp_minus_same_subset_raw,1.3671875
thubenchmark,deepconvnet,rpcf_at,cw,subset_n512,raw,clean,46,rpcf_minus_madry,0.5859375
thubenchmark,deepconvnet,rpcf_at,cw,subset_n512,raw,robust,46,rpcf_minus_madry,0.0
thubenchmark,deepconvnet,rpcf_at,cw,subset_n512,25,clean,46,rpcf_minus_madry,0.78125
thubenchmark,deepconvnet,rpcf_at,cw,subset_n512,25,clean,46,tnp_minus_same_subset_raw,-2.34375
thubenchmark,deepconvnet,rpcf_at,cw,subset_n512,25,robust,46,rpcf_minus_madry,-6.25
thubenchmark,deepconvnet,rpcf_at,cw,subset_n512,25,robust,46,tnp_minus_same_subset_raw,3.515625
thubenchmark,deepconvnet,rpcf_at,cw,subset_n512,30,clean,46,rpcf_minus_madry,0.1953125
thubenchmark,deepconvnet,rpcf_at,cw,subset_n512,30,clean,46,tnp_minus_same_subset_raw,-1.3671875
thubenchmark,deepconvnet,rpcf_at,cw,subset_n512,30,robust,46,rpcf_minus_madry,-1.5625
thubenchmark,deepconvnet,rpcf_at,cw,subset_n512,30,robust,46,tnp_minus_same_subset_raw,1.7578125
thubenchmark,tsception,madry,autoattack,subset_n512,25,clean,42,tnp_minus_same_subset_raw,-5.6640625
thubenchmark,tsception,madry,autoattack,subset_n512,25,robust,42,tnp_minus_same_subset_raw,12.890625
thubenchmark,tsception,madry,autoattack,subset_n512,30,clean,42,tnp_minus_same_subset_raw,-4.1015625
thubenchmark,tsception,madry,autoattack,subset_n512,30,robust,42,tnp_minus_same_subset_raw,12.5
thubenchmark,tsception,madry,fgsm,subset_n512,25,clean,42,tnp_minus_same_subset_raw,-5.6640625
thubenchmark,tsception,madry,fgsm,subset_n512,25,robust,42,tnp_minus_same_subset_raw,5.46875
thubenchmark,tsception,madry,fgsm,subset_n512,30,clean,42,tnp_minus_same_subset_raw,-4.1015625
thubenchmark,tsception,madry,fgsm,subset_n512,30,robust,42,tnp_minus_same_subset_raw,5.46875
thubenchmark,tsception,madry,pgd,subset_n512,25,clean,42,tnp_minus_same_subset_raw,-5.6640625
thubenchmark,tsception,madry,pgd,subset_n512,25,robust,42,tnp_minus_same_subset_raw,9.1796875
thubenchmark,tsception,madry,pgd,subset_n512,30,clean,42,tnp_minus_same_subset_raw,-4.1015625
thubenchmark,tsception,madry,pgd,subset_n512,30,robust,42,tnp_minus_same_subset_raw,7.03125
thubenchmark,tsception,madry,cw,subset_n512,25,clean,42,tnp_minus_same_subset_raw,-5.6640625
thubenchmark,tsception,madry,cw,subset_n512,25,robust,42,tnp_minus_same_subset_raw,15.625
thubenchmark,tsception,madry,cw,subset_n512,30,clean,42,tnp_minus_same_subset_raw,-4.1015625
thubenchmark,tsception,madry,cw,subset_n512,30,robust,42,tnp_minus_same_subset_raw,10.7421875
thubenchmark,tsception,rpcf_at,autoattack,subset_n512,raw,clean,42,rpcf_minus_madry,-0.390625
thubenchmark,tsception,rpcf_at,autoattack,subset_n512,raw,robust,42,rpcf_minus_madry,-4.1015625
thubenchmark,tsception,rpcf_at,autoattack,subset_n512,25,clean,42,rpcf_minus_madry,0.1953125
thubenchmark,tsception,rpcf_at,autoattack,subset_n512,25,clean,42,tnp_minus_same_subset_raw,-5.078125
thubenchmark,tsception,rpcf_at,autoattack,subset_n512,25,robust,42,rpcf_minus_madry,-1.171875
thubenchmark,tsception,rpcf_at,autoattack,subset_n512,25,robust,42,tnp_minus_same_subset_raw,15.8203125
thubenchmark,tsception,rpcf_at,autoattack,subset_n512,30,clean,42,rpcf_minus_madry,-0.390625
thubenchmark,tsception,rpcf_at,autoattack,subset_n512,30,clean,42,tnp_minus_same_subset_raw,-4.1015625
thubenchmark,tsception,rpcf_at,autoattack,subset_n512,30,robust,42,rpcf_minus_madry,-4.296875
thubenchmark,tsception,rpcf_at,autoattack,subset_n512,30,robust,42,tnp_minus_same_subset_raw,12.3046875
thubenchmark,tsception,rpcf_at,fgsm,subset_n512,raw,clean,42,rpcf_minus_madry,-0.390625
thubenchmark,tsception,rpcf_at,fgsm,subset_n512,raw,robust,42,rpcf_minus_madry,-2.9296875
thubenchmark,tsception,rpcf_at,fgsm,subset_n512,25,clean,42,rpcf_minus_madry,0.1953125
thubenchmark,tsception,rpcf_at,fgsm,subset_n512,25,clean,42,tnp_minus_same_subset_raw,-5.078125
thubenchmark,tsception,rpcf_at,fgsm,subset_n512,25,robust,42,rpcf_minus_madry,-0.9765625
thubenchmark,tsception,rpcf_at,fgsm,subset_n512,25,robust,42,tnp_minus_same_subset_raw,7.421875
thubenchmark,tsception,rpcf_at,fgsm,subset_n512,30,clean,42,rpcf_minus_madry,-0.390625
thubenchmark,tsception,rpcf_at,fgsm,subset_n512,30,clean,42,tnp_minus_same_subset_raw,-4.1015625
thubenchmark,tsception,rpcf_at,fgsm,subset_n512,30,robust,42,rpcf_minus_madry,-2.34375
thubenchmark,tsception,rpcf_at,fgsm,subset_n512,30,robust,42,tnp_minus_same_subset_raw,6.0546875
thubenchmark,tsception,rpcf_at,pgd,subset_n512,raw,clean,42,rpcf_minus_madry,-0.390625
thubenchmark,tsception,rpcf_at,pgd,subset_n512,raw,robust,42,rpcf_minus_madry,-5.46875
thubenchmark,tsception,rpcf_at,pgd,subset_n512,25,clean,42,rpcf_minus_madry,0.1953125
thubenchmark,tsception,rpcf_at,pgd,subset_n512,25,clean,42,tnp_minus_same_subset_raw,-5.078125
thubenchmark,tsception,rpcf_at,pgd,subset_n512,25,robust,42,rpcf_minus_madry,-4.4921875
thubenchmark,tsception,rpcf_at,pgd,subset_n512,25,robust,42,tnp_minus_same_subset_raw,10.15625
thubenchmark,tsception,rpcf_at,pgd,subset_n512,30,clean,42,rpcf_minus_madry,-0.390625
thubenchmark,tsception,rpcf_at,pgd,subset_n512,30,clean,42,tnp_minus_same_subset_raw,-4.1015625
thubenchmark,tsception,rpcf_at,pgd,subset_n512,30,robust,42,rpcf_minus_madry,-2.5390625
thubenchmark,tsception,rpcf_at,pgd,subset_n512,30,robust,42,tnp_minus_same_subset_raw,9.9609375
thubenchmark,tsception,rpcf_at,cw,subset_n512,raw,clean,42,rpcf_minus_madry,-0.390625
thubenchmark,tsception,rpcf_at,cw,subset_n512,raw,robust,42,rpcf_minus_madry,0.0
thubenchmark,tsception,rpcf_at,cw,subset_n512,25,clean,42,rpcf_minus_madry,0.1953125
thubenchmark,tsception,rpcf_at,cw,subset_n512,25,clean,42,tnp_minus_same_subset_raw,-5.078125
thubenchmark,tsception,rpcf_at,cw,subset_n512,25,robust,42,rpcf_minus_madry,3.3203125
thubenchmark,tsception,rpcf_at,cw,subset_n512,25,robust,42,tnp_minus_same_subset_raw,18.9453125
thubenchmark,tsception,rpcf_at,cw,subset_n512,30,clean,42,rpcf_minus_madry,-0.390625
thubenchmark,tsception,rpcf_at,cw,subset_n512,30,clean,42,tnp_minus_same_subset_raw,-4.1015625
thubenchmark,tsception,rpcf_at,cw,subset_n512,30,robust,42,rpcf_minus_madry,0.390625
thubenchmark,tsception,rpcf_at,cw,subset_n512,30,robust,42,tnp_minus_same_subset_raw,11.1328125
thubenchmark,tsception,madry,autoattack,subset_n512,25,clean,43,tnp_minus_same_subset_raw,-4.4921875
thubenchmark,tsception,madry,autoattack,subset_n512,25,robust,43,tnp_minus_same_subset_raw,11.5234375
thubenchmark,tsception,madry,autoattack,subset_n512,30,clean,43,tnp_minus_same_subset_raw,-5.078125
thubenchmark,tsception,madry,autoattack,subset_n512,30,robust,43,tnp_minus_same_subset_raw,9.9609375
thubenchmark,tsception,madry,fgsm,subset_n512,25,clean,43,tnp_minus_same_subset_raw,-4.4921875
thubenchmark,tsception,madry,fgsm,subset_n512,25,robust,43,tnp_minus_same_subset_raw,4.296875
thubenchmark,tsception,madry,fgsm,subset_n512,30,clean,43,tnp_minus_same_subset_raw,-5.078125
thubenchmark,tsception,madry,fgsm,subset_n512,30,robust,43,tnp_minus_same_subset_raw,2.734375
thubenchmark,tsception,madry,pgd,subset_n512,25,clean,43,tnp_minus_same_subset_raw,-4.4921875
thubenchmark,tsception,madry,pgd,subset_n512,25,robust,43,tnp_minus_same_subset_raw,7.2265625
thubenchmark,tsception,madry,pgd,subset_n512,30,clean,43,tnp_minus_same_subset_raw,-5.078125
thubenchmark,tsception,madry,pgd,subset_n512,30,robust,43,tnp_minus_same_subset_raw,6.0546875
thubenchmark,tsception,madry,cw,subset_n512,25,clean,43,tnp_minus_same_subset_raw,-4.4921875
thubenchmark,tsception,madry,cw,subset_n512,25,robust,43,tnp_minus_same_subset_raw,15.8203125
thubenchmark,tsception,madry,cw,subset_n512,30,clean,43,tnp_minus_same_subset_raw,-5.078125
thubenchmark,tsception,madry,cw,subset_n512,30,robust,43,tnp_minus_same_subset_raw,10.9375
thubenchmark,tsception,rpcf_at,autoattack,subset_n512,raw,clean,43,rpcf_minus_madry,0.390625
thubenchmark,tsception,rpcf_at,autoattack,subset_n512,raw,robust,43,rpcf_minus_madry,-0.390625
thubenchmark,tsception,rpcf_at,autoattack,subset_n512,25,clean,43,rpcf_minus_madry,0.390625
thubenchmark,tsception,rpcf_at,autoattack,subset_n512,25,clean,43,tnp_minus_same_subset_raw,-4.4921875
thubenchmark,tsception,rpcf_at,autoattack,subset_n512,25,robust,43,rpcf_minus_madry,2.34375
thubenchmark,tsception,rpcf_at,autoattack,subset_n512,25,robust,43,tnp_minus_same_subset_raw,14.2578125
thubenchmark,tsception,rpcf_at,autoattack,subset_n512,30,clean,43,rpcf_minus_madry,2.5390625
thubenchmark,tsception,rpcf_at,autoattack,subset_n512,30,clean,43,tnp_minus_same_subset_raw,-2.9296875
thubenchmark,tsception,rpcf_at,autoattack,subset_n512,30,robust,43,rpcf_minus_madry,1.953125
thubenchmark,tsception,rpcf_at,autoattack,subset_n512,30,robust,43,tnp_minus_same_subset_raw,12.3046875
thubenchmark,tsception,rpcf_at,fgsm,subset_n512,raw,clean,43,rpcf_minus_madry,0.390625
thubenchmark,tsception,rpcf_at,fgsm,subset_n512,raw,robust,43,rpcf_minus_madry,-3.3203125
thubenchmark,tsception,rpcf_at,fgsm,subset_n512,25,clean,43,rpcf_minus_madry,0.390625
thubenchmark,tsception,rpcf_at,fgsm,subset_n512,25,clean,43,tnp_minus_same_subset_raw,-4.4921875
thubenchmark,tsception,rpcf_at,fgsm,subset_n512,25,robust,43,rpcf_minus_madry,-1.171875
thubenchmark,tsception,rpcf_at,fgsm,subset_n512,25,robust,43,tnp_minus_same_subset_raw,6.4453125
thubenchmark,tsception,rpcf_at,fgsm,subset_n512,30,clean,43,rpcf_minus_madry,2.5390625
thubenchmark,tsception,rpcf_at,fgsm,subset_n512,30,clean,43,tnp_minus_same_subset_raw,-2.9296875
thubenchmark,tsception,rpcf_at,fgsm,subset_n512,30,robust,43,rpcf_minus_madry,-0.78125
thubenchmark,tsception,rpcf_at,fgsm,subset_n512,30,robust,43,tnp_minus_same_subset_raw,5.2734375
thubenchmark,tsception,rpcf_at,pgd,subset_n512,raw,clean,43,rpcf_minus_madry,0.390625
thubenchmark,tsception,rpcf_at,pgd,subset_n512,raw,robust,43,rpcf_minus_madry,-3.515625
thubenchmark,tsception,rpcf_at,pgd,subset_n512,25,clean,43,rpcf_minus_madry,0.390625
thubenchmark,tsception,rpcf_at,pgd,subset_n512,25,clean,43,tnp_minus_same_subset_raw,-4.4921875
thubenchmark,tsception,rpcf_at,pgd,subset_n512,25,robust,43,rpcf_minus_madry,-0.78125
thubenchmark,tsception,rpcf_at,pgd,subset_n512,25,robust,43,tnp_minus_same_subset_raw,9.9609375
thubenchmark,tsception,rpcf_at,pgd,subset_n512,30,clean,43,rpcf_minus_madry,2.5390625
thubenchmark,tsception,rpcf_at,pgd,subset_n512,30,clean,43,tnp_minus_same_subset_raw,-2.9296875
thubenchmark,tsception,rpcf_at,pgd,subset_n512,30,robust,43,rpcf_minus_madry,-1.3671875
thubenchmark,tsception,rpcf_at,pgd,subset_n512,30,robust,43,tnp_minus_same_subset_raw,8.203125
thubenchmark,tsception,rpcf_at,cw,subset_n512,raw,clean,43,rpcf_minus_madry,0.390625
thubenchmark,tsception,rpcf_at,cw,subset_n512,raw,robust,43,rpcf_minus_madry,0.5859375
thubenchmark,tsception,rpcf_at,cw,subset_n512,25,clean,43,rpcf_minus_madry,0.390625
thubenchmark,tsception,rpcf_at,cw,subset_n512,25,clean,43,tnp_minus_same_subset_raw,-4.4921875
thubenchmark,tsception,rpcf_at,cw,subset_n512,25,robust,43,rpcf_minus_madry,-0.9765625
thubenchmark,tsception,rpcf_at,cw,subset_n512,25,robust,43,tnp_minus_same_subset_raw,14.2578125
thubenchmark,tsception,rpcf_at,cw,subset_n512,30,clean,43,rpcf_minus_madry,2.5390625
thubenchmark,tsception,rpcf_at,cw,subset_n512,30,clean,43,tnp_minus_same_subset_raw,-2.9296875
thubenchmark,tsception,rpcf_at,cw,subset_n512,30,robust,43,rpcf_minus_madry,-0.1953125
thubenchmark,tsception,rpcf_at,cw,subset_n512,30,robust,43,tnp_minus_same_subset_raw,10.15625
thubenchmark,tsception,madry,autoattack,subset_n512,25,clean,44,tnp_minus_same_subset_raw,-4.1015625
thubenchmark,tsception,madry,autoattack,subset_n512,25,robust,44,tnp_minus_same_subset_raw,13.8671875
thubenchmark,tsception,madry,autoattack,subset_n512,30,clean,44,tnp_minus_same_subset_raw,-3.125
thubenchmark,tsception,madry,autoattack,subset_n512,30,robust,44,tnp_minus_same_subset_raw,13.0859375
thubenchmark,tsception,madry,fgsm,subset_n512,25,clean,44,tnp_minus_same_subset_raw,-4.1015625
thubenchmark,tsception,madry,fgsm,subset_n512,25,robust,44,tnp_minus_same_subset_raw,2.734375
thubenchmark,tsception,madry,fgsm,subset_n512,30,clean,44,tnp_minus_same_subset_raw,-3.125
thubenchmark,tsception,madry,fgsm,subset_n512,30,robust,44,tnp_minus_same_subset_raw,3.7109375
thubenchmark,tsception,madry,pgd,subset_n512,25,clean,44,tnp_minus_same_subset_raw,-4.1015625
thubenchmark,tsception,madry,pgd,subset_n512,25,robust,44,tnp_minus_same_subset_raw,8.3984375
thubenchmark,tsception,madry,pgd,subset_n512,30,clean,44,tnp_minus_same_subset_raw,-3.125
thubenchmark,tsception,madry,pgd,subset_n512,30,robust,44,tnp_minus_same_subset_raw,8.0078125
thubenchmark,tsception,madry,cw,subset_n512,25,clean,44,tnp_minus_same_subset_raw,-4.1015625
thubenchmark,tsception,madry,cw,subset_n512,25,robust,44,tnp_minus_same_subset_raw,17.578125
thubenchmark,tsception,madry,cw,subset_n512,30,clean,44,tnp_minus_same_subset_raw,-3.125
thubenchmark,tsception,madry,cw,subset_n512,30,robust,44,tnp_minus_same_subset_raw,11.1328125
thubenchmark,tsception,rpcf_at,autoattack,subset_n512,raw,clean,44,rpcf_minus_madry,1.7578125
thubenchmark,tsception,rpcf_at,autoattack,subset_n512,raw,robust,44,rpcf_minus_madry,-1.953125
thubenchmark,tsception,rpcf_at,autoattack,subset_n512,25,clean,44,rpcf_minus_madry,1.953125
thubenchmark,tsception,rpcf_at,autoattack,subset_n512,25,clean,44,tnp_minus_same_subset_raw,-3.90625
thubenchmark,tsception,rpcf_at,autoattack,subset_n512,25,robust,44,rpcf_minus_madry,-1.3671875
thubenchmark,tsception,rpcf_at,autoattack,subset_n512,25,robust,44,tnp_minus_same_subset_raw,14.453125
thubenchmark,tsception,rpcf_at,autoattack,subset_n512,30,clean,44,rpcf_minus_madry,2.1484375
thubenchmark,tsception,rpcf_at,autoattack,subset_n512,30,clean,44,tnp_minus_same_subset_raw,-2.734375
thubenchmark,tsception,rpcf_at,autoattack,subset_n512,30,robust,44,rpcf_minus_madry,-2.1484375
thubenchmark,tsception,rpcf_at,autoattack,subset_n512,30,robust,44,tnp_minus_same_subset_raw,12.890625
thubenchmark,tsception,rpcf_at,fgsm,subset_n512,raw,clean,44,rpcf_minus_madry,1.7578125
thubenchmark,tsception,rpcf_at,fgsm,subset_n512,raw,robust,44,rpcf_minus_madry,-4.296875
thubenchmark,tsception,rpcf_at,fgsm,subset_n512,25,clean,44,rpcf_minus_madry,1.953125
thubenchmark,tsception,rpcf_at,fgsm,subset_n512,25,clean,44,tnp_minus_same_subset_raw,-3.90625
thubenchmark,tsception,rpcf_at,fgsm,subset_n512,25,robust,44,rpcf_minus_madry,-1.5625
thubenchmark,tsception,rpcf_at,fgsm,subset_n512,25,robust,44,tnp_minus_same_subset_raw,5.46875
thubenchmark,tsception,rpcf_at,fgsm,subset_n512,30,clean,44,rpcf_minus_madry,2.1484375
thubenchmark,tsception,rpcf_at,fgsm,subset_n512,30,clean,44,tnp_minus_same_subset_raw,-2.734375
thubenchmark,tsception,rpcf_at,fgsm,subset_n512,30,robust,44,rpcf_minus_madry,-2.734375
thubenchmark,tsception,rpcf_at,fgsm,subset_n512,30,robust,44,tnp_minus_same_subset_raw,5.2734375
thubenchmark,tsception,rpcf_at,pgd,subset_n512,raw,clean,44,rpcf_minus_madry,1.7578125
thubenchmark,tsception,rpcf_at,pgd,subset_n512,raw,robust,44,rpcf_minus_madry,-3.7109375
thubenchmark,tsception,rpcf_at,pgd,subset_n512,25,clean,44,rpcf_minus_madry,1.953125
thubenchmark,tsception,rpcf_at,pgd,subset_n512,25,clean,44,tnp_minus_same_subset_raw,-3.90625
thubenchmark,tsception,rpcf_at,pgd,subset_n512,25,robust,44,rpcf_minus_madry,-2.1484375
thubenchmark,tsception,rpcf_at,pgd,subset_n512,25,robust,44,tnp_minus_same_subset_raw,9.9609375
thubenchmark,tsception,rpcf_at,pgd,subset_n512,30,clean,44,rpcf_minus_madry,2.1484375
thubenchmark,tsception,rpcf_at,pgd,subset_n512,30,clean,44,tnp_minus_same_subset_raw,-2.734375
thubenchmark,tsception,rpcf_at,pgd,subset_n512,30,robust,44,rpcf_minus_madry,-2.5390625
thubenchmark,tsception,rpcf_at,pgd,subset_n512,30,robust,44,tnp_minus_same_subset_raw,9.1796875
thubenchmark,tsception,rpcf_at,cw,subset_n512,raw,clean,44,rpcf_minus_madry,1.7578125
thubenchmark,tsception,rpcf_at,cw,subset_n512,raw,robust,44,rpcf_minus_madry,0.1953125
thubenchmark,tsception,rpcf_at,cw,subset_n512,25,clean,44,rpcf_minus_madry,1.953125
thubenchmark,tsception,rpcf_at,cw,subset_n512,25,clean,44,tnp_minus_same_subset_raw,-3.90625
thubenchmark,tsception,rpcf_at,cw,subset_n512,25,robust,44,rpcf_minus_madry,-2.34375
thubenchmark,tsception,rpcf_at,cw,subset_n512,25,robust,44,tnp_minus_same_subset_raw,15.0390625
thubenchmark,tsception,rpcf_at,cw,subset_n512,30,clean,44,rpcf_minus_madry,2.1484375
thubenchmark,tsception,rpcf_at,cw,subset_n512,30,clean,44,tnp_minus_same_subset_raw,-2.734375
thubenchmark,tsception,rpcf_at,cw,subset_n512,30,robust,44,rpcf_minus_madry,-0.390625
thubenchmark,tsception,rpcf_at,cw,subset_n512,30,robust,44,tnp_minus_same_subset_raw,10.546875
thubenchmark,tsception,madry,autoattack,subset_n512,25,clean,45,tnp_minus_same_subset_raw,-8.59375
thubenchmark,tsception,madry,autoattack,subset_n512,25,robust,45,tnp_minus_same_subset_raw,13.8671875
thubenchmark,tsception,madry,autoattack,subset_n512,30,clean,45,tnp_minus_same_subset_raw,-5.2734375
thubenchmark,tsception,madry,autoattack,subset_n512,30,robust,45,tnp_minus_same_subset_raw,9.765625
thubenchmark,tsception,madry,fgsm,subset_n512,25,clean,45,tnp_minus_same_subset_raw,-8.59375
thubenchmark,tsception,madry,fgsm,subset_n512,25,robust,45,tnp_minus_same_subset_raw,5.46875
thubenchmark,tsception,madry,fgsm,subset_n512,30,clean,45,tnp_minus_same_subset_raw,-5.2734375
thubenchmark,tsception,madry,fgsm,subset_n512,30,robust,45,tnp_minus_same_subset_raw,3.3203125
thubenchmark,tsception,madry,pgd,subset_n512,25,clean,45,tnp_minus_same_subset_raw,-8.59375
thubenchmark,tsception,madry,pgd,subset_n512,25,robust,45,tnp_minus_same_subset_raw,9.1796875
thubenchmark,tsception,madry,pgd,subset_n512,30,clean,45,tnp_minus_same_subset_raw,-5.2734375
thubenchmark,tsception,madry,pgd,subset_n512,30,robust,45,tnp_minus_same_subset_raw,6.8359375
thubenchmark,tsception,madry,cw,subset_n512,25,clean,45,tnp_minus_same_subset_raw,-8.59375
thubenchmark,tsception,madry,cw,subset_n512,25,robust,45,tnp_minus_same_subset_raw,17.578125
thubenchmark,tsception,madry,cw,subset_n512,30,clean,45,tnp_minus_same_subset_raw,-5.2734375
thubenchmark,tsception,madry,cw,subset_n512,30,robust,45,tnp_minus_same_subset_raw,12.109375
thubenchmark,tsception,rpcf_at,autoattack,subset_n512,raw,clean,45,rpcf_minus_madry,-2.9296875
thubenchmark,tsception,rpcf_at,autoattack,subset_n512,raw,robust,45,rpcf_minus_madry,-1.953125
thubenchmark,tsception,rpcf_at,autoattack,subset_n512,25,clean,45,rpcf_minus_madry,0.1953125
thubenchmark,tsception,rpcf_at,autoattack,subset_n512,25,clean,45,tnp_minus_same_subset_raw,-5.46875
thubenchmark,tsception,rpcf_at,autoattack,subset_n512,25,robust,45,rpcf_minus_madry,-5.078125
thubenchmark,tsception,rpcf_at,autoattack,subset_n512,25,robust,45,tnp_minus_same_subset_raw,10.7421875
thubenchmark,tsception,rpcf_at,autoattack,subset_n512,30,clean,45,rpcf_minus_madry,-2.5390625
thubenchmark,tsception,rpcf_at,autoattack,subset_n512,30,clean,45,tnp_minus_same_subset_raw,-4.8828125
thubenchmark,tsception,rpcf_at,autoattack,subset_n512,30,robust,45,rpcf_minus_madry,-3.3203125
thubenchmark,tsception,rpcf_at,autoattack,subset_n512,30,robust,45,tnp_minus_same_subset_raw,8.3984375
thubenchmark,tsception,rpcf_at,fgsm,subset_n512,raw,clean,45,rpcf_minus_madry,-2.9296875
thubenchmark,tsception,rpcf_at,fgsm,subset_n512,raw,robust,45,rpcf_minus_madry,-2.9296875
thubenchmark,tsception,rpcf_at,fgsm,subset_n512,25,clean,45,rpcf_minus_madry,0.1953125
thubenchmark,tsception,rpcf_at,fgsm,subset_n512,25,clean,45,tnp_minus_same_subset_raw,-5.46875
thubenchmark,tsception,rpcf_at,fgsm,subset_n512,25,robust,45,rpcf_minus_madry,-6.25
thubenchmark,tsception,rpcf_at,fgsm,subset_n512,25,robust,45,tnp_minus_same_subset_raw,2.1484375
thubenchmark,tsception,rpcf_at,fgsm,subset_n512,30,clean,45,rpcf_minus_madry,-2.5390625
thubenchmark,tsception,rpcf_at,fgsm,subset_n512,30,clean,45,tnp_minus_same_subset_raw,-4.8828125
thubenchmark,tsception,rpcf_at,fgsm,subset_n512,30,robust,45,rpcf_minus_madry,-5.46875
thubenchmark,tsception,rpcf_at,fgsm,subset_n512,30,robust,45,tnp_minus_same_subset_raw,0.78125
thubenchmark,tsception,rpcf_at,pgd,subset_n512,raw,clean,45,rpcf_minus_madry,-2.9296875
thubenchmark,tsception,rpcf_at,pgd,subset_n512,raw,robust,45,rpcf_minus_madry,-2.734375
thubenchmark,tsception,rpcf_at,pgd,subset_n512,25,clean,45,rpcf_minus_madry,0.1953125
thubenchmark,tsception,rpcf_at,pgd,subset_n512,25,clean,45,tnp_minus_same_subset_raw,-5.46875
thubenchmark,tsception,rpcf_at,pgd,subset_n512,25,robust,45,rpcf_minus_madry,-4.296875
thubenchmark,tsception,rpcf_at,pgd,subset_n512,25,robust,45,tnp_minus_same_subset_raw,7.6171875
thubenchmark,tsception,rpcf_at,pgd,subset_n512,30,clean,45,rpcf_minus_madry,-2.5390625
thubenchmark,tsception,rpcf_at,pgd,subset_n512,30,clean,45,tnp_minus_same_subset_raw,-4.8828125
thubenchmark,tsception,rpcf_at,pgd,subset_n512,30,robust,45,rpcf_minus_madry,-4.296875
thubenchmark,tsception,rpcf_at,pgd,subset_n512,30,robust,45,tnp_minus_same_subset_raw,5.2734375
thubenchmark,tsception,rpcf_at,cw,subset_n512,raw,clean,45,rpcf_minus_madry,-2.9296875
thubenchmark,tsception,rpcf_at,cw,subset_n512,raw,robust,45,rpcf_minus_madry,0.390625
thubenchmark,tsception,rpcf_at,cw,subset_n512,25,clean,45,rpcf_minus_madry,0.1953125
thubenchmark,tsception,rpcf_at,cw,subset_n512,25,clean,45,tnp_minus_same_subset_raw,-5.46875
thubenchmark,tsception,rpcf_at,cw,subset_n512,25,robust,45,rpcf_minus_madry,-0.390625
thubenchmark,tsception,rpcf_at,cw,subset_n512,25,robust,45,tnp_minus_same_subset_raw,16.796875
thubenchmark,tsception,rpcf_at,cw,subset_n512,30,clean,45,rpcf_minus_madry,-2.5390625
thubenchmark,tsception,rpcf_at,cw,subset_n512,30,clean,45,tnp_minus_same_subset_raw,-4.8828125
thubenchmark,tsception,rpcf_at,cw,subset_n512,30,robust,45,rpcf_minus_madry,-0.5859375
thubenchmark,tsception,rpcf_at,cw,subset_n512,30,robust,45,tnp_minus_same_subset_raw,11.1328125
thubenchmark,tsception,madry,autoattack,subset_n512,25,clean,46,tnp_minus_same_subset_raw,-6.25
thubenchmark,tsception,madry,autoattack,subset_n512,25,robust,46,tnp_minus_same_subset_raw,14.84375
thubenchmark,tsception,madry,autoattack,subset_n512,30,clean,46,tnp_minus_same_subset_raw,-5.2734375
thubenchmark,tsception,madry,autoattack,subset_n512,30,robust,46,tnp_minus_same_subset_raw,12.3046875
thubenchmark,tsception,madry,fgsm,subset_n512,25,clean,46,tnp_minus_same_subset_raw,-6.25
thubenchmark,tsception,madry,fgsm,subset_n512,25,robust,46,tnp_minus_same_subset_raw,5.6640625
thubenchmark,tsception,madry,fgsm,subset_n512,30,clean,46,tnp_minus_same_subset_raw,-5.2734375
thubenchmark,tsception,madry,fgsm,subset_n512,30,robust,46,tnp_minus_same_subset_raw,5.859375
thubenchmark,tsception,madry,pgd,subset_n512,25,clean,46,tnp_minus_same_subset_raw,-6.25
thubenchmark,tsception,madry,pgd,subset_n512,25,robust,46,tnp_minus_same_subset_raw,9.765625
thubenchmark,tsception,madry,pgd,subset_n512,30,clean,46,tnp_minus_same_subset_raw,-5.2734375
thubenchmark,tsception,madry,pgd,subset_n512,30,robust,46,tnp_minus_same_subset_raw,7.6171875
thubenchmark,tsception,madry,cw,subset_n512,25,clean,46,tnp_minus_same_subset_raw,-6.25
thubenchmark,tsception,madry,cw,subset_n512,25,robust,46,tnp_minus_same_subset_raw,11.328125
thubenchmark,tsception,madry,cw,subset_n512,30,clean,46,tnp_minus_same_subset_raw,-5.2734375
thubenchmark,tsception,madry,cw,subset_n512,30,robust,46,tnp_minus_same_subset_raw,7.6171875
thubenchmark,tsception,rpcf_at,autoattack,subset_n512,raw,clean,46,rpcf_minus_madry,0.1953125
thubenchmark,tsception,rpcf_at,autoattack,subset_n512,raw,robust,46,rpcf_minus_madry,-1.3671875
thubenchmark,tsception,rpcf_at,autoattack,subset_n512,25,clean,46,rpcf_minus_madry,1.5625
thubenchmark,tsception,rpcf_at,autoattack,subset_n512,25,clean,46,tnp_minus_same_subset_raw,-4.8828125
thubenchmark,tsception,rpcf_at,autoattack,subset_n512,25,robust,46,rpcf_minus_madry,2.1484375
thubenchmark,tsception,rpcf_at,autoattack,subset_n512,25,robust,46,tnp_minus_same_subset_raw,18.359375
thubenchmark,tsception,rpcf_at,autoattack,subset_n512,30,clean,46,rpcf_minus_madry,0.5859375
thubenchmark,tsception,rpcf_at,autoattack,subset_n512,30,clean,46,tnp_minus_same_subset_raw,-4.8828125
thubenchmark,tsception,rpcf_at,autoattack,subset_n512,30,robust,46,rpcf_minus_madry,0.9765625
thubenchmark,tsception,rpcf_at,autoattack,subset_n512,30,robust,46,tnp_minus_same_subset_raw,14.6484375
thubenchmark,tsception,rpcf_at,fgsm,subset_n512,raw,clean,46,rpcf_minus_madry,0.1953125
thubenchmark,tsception,rpcf_at,fgsm,subset_n512,raw,robust,46,rpcf_minus_madry,0.1953125
thubenchmark,tsception,rpcf_at,fgsm,subset_n512,25,clean,46,rpcf_minus_madry,1.5625
thubenchmark,tsception,rpcf_at,fgsm,subset_n512,25,clean,46,tnp_minus_same_subset_raw,-4.8828125
thubenchmark,tsception,rpcf_at,fgsm,subset_n512,25,robust,46,rpcf_minus_madry,2.1484375
thubenchmark,tsception,rpcf_at,fgsm,subset_n512,25,robust,46,tnp_minus_same_subset_raw,7.6171875
thubenchmark,tsception,rpcf_at,fgsm,subset_n512,30,clean,46,rpcf_minus_madry,0.5859375
thubenchmark,tsception,rpcf_at,fgsm,subset_n512,30,clean,46,tnp_minus_same_subset_raw,-4.8828125
thubenchmark,tsception,rpcf_at,fgsm,subset_n512,30,robust,46,rpcf_minus_madry,-0.5859375
thubenchmark,tsception,rpcf_at,fgsm,subset_n512,30,robust,46,tnp_minus_same_subset_raw,5.078125
thubenchmark,tsception,rpcf_at,pgd,subset_n512,raw,clean,46,rpcf_minus_madry,0.1953125
thubenchmark,tsception,rpcf_at,pgd,subset_n512,raw,robust,46,rpcf_minus_madry,-3.515625
thubenchmark,tsception,rpcf_at,pgd,subset_n512,25,clean,46,rpcf_minus_madry,1.5625
thubenchmark,tsception,rpcf_at,pgd,subset_n512,25,clean,46,tnp_minus_same_subset_raw,-4.8828125
thubenchmark,tsception,rpcf_at,pgd,subset_n512,25,robust,46,rpcf_minus_madry,0.0
thubenchmark,tsception,rpcf_at,pgd,subset_n512,25,robust,46,tnp_minus_same_subset_raw,13.28125
thubenchmark,tsception,rpcf_at,pgd,subset_n512,30,clean,46,rpcf_minus_madry,0.5859375
thubenchmark,tsception,rpcf_at,pgd,subset_n512,30,clean,46,tnp_minus_same_subset_raw,-4.8828125
thubenchmark,tsception,rpcf_at,pgd,subset_n512,30,robust,46,rpcf_minus_madry,0.9765625
thubenchmark,tsception,rpcf_at,pgd,subset_n512,30,robust,46,tnp_minus_same_subset_raw,12.109375
thubenchmark,tsception,rpcf_at,cw,subset_n512,raw,clean,46,rpcf_minus_madry,0.1953125
thubenchmark,tsception,rpcf_at,cw,subset_n512,raw,robust,46,rpcf_minus_madry,0.390625
thubenchmark,tsception,rpcf_at,cw,subset_n512,25,clean,46,rpcf_minus_madry,1.5625
thubenchmark,tsception,rpcf_at,cw,subset_n512,25,clean,46,tnp_minus_same_subset_raw,-4.8828125
thubenchmark,tsception,rpcf_at,cw,subset_n512,25,robust,46,rpcf_minus_madry,3.125
thubenchmark,tsception,rpcf_at,cw,subset_n512,25,robust,46,tnp_minus_same_subset_raw,14.0625
thubenchmark,tsception,rpcf_at,cw,subset_n512,30,clean,46,rpcf_minus_madry,0.5859375
thubenchmark,tsception,rpcf_at,cw,subset_n512,30,clean,46,tnp_minus_same_subset_raw,-4.8828125
thubenchmark,tsception,rpcf_at,cw,subset_n512,30,robust,46,rpcf_minus_madry,1.3671875
thubenchmark,tsception,rpcf_at,cw,subset_n512,30,robust,46,tnp_minus_same_subset_raw,8.59375
thubenchmark,atcnet,madry,autoattack,subset_n512,25,clean,42,tnp_minus_same_subset_raw,-2.9296875
thubenchmark,atcnet,madry,autoattack,subset_n512,25,robust,42,tnp_minus_same_subset_raw,1.171875
thubenchmark,atcnet,madry,autoattack,subset_n512,30,clean,42,tnp_minus_same_subset_raw,-0.5859375
thubenchmark,atcnet,madry,autoattack,subset_n512,30,robust,42,tnp_minus_same_subset_raw,0.78125
thubenchmark,atcnet,madry,fgsm,subset_n512,25,clean,42,tnp_minus_same_subset_raw,-2.9296875
thubenchmark,atcnet,madry,fgsm,subset_n512,25,robust,42,tnp_minus_same_subset_raw,-4.4921875
thubenchmark,atcnet,madry,fgsm,subset_n512,30,clean,42,tnp_minus_same_subset_raw,-0.5859375
thubenchmark,atcnet,madry,fgsm,subset_n512,30,robust,42,tnp_minus_same_subset_raw,-3.3203125
thubenchmark,atcnet,madry,pgd,subset_n512,25,clean,42,tnp_minus_same_subset_raw,-2.9296875
thubenchmark,atcnet,madry,pgd,subset_n512,25,robust,42,tnp_minus_same_subset_raw,-2.9296875
thubenchmark,atcnet,madry,pgd,subset_n512,30,clean,42,tnp_minus_same_subset_raw,-0.5859375
thubenchmark,atcnet,madry,pgd,subset_n512,30,robust,42,tnp_minus_same_subset_raw,-3.125
thubenchmark,atcnet,madry,cw,subset_n512,25,clean,42,tnp_minus_same_subset_raw,-2.9296875
thubenchmark,atcnet,madry,cw,subset_n512,25,robust,42,tnp_minus_same_subset_raw,41.2109375
thubenchmark,atcnet,madry,cw,subset_n512,30,clean,42,tnp_minus_same_subset_raw,-0.5859375
thubenchmark,atcnet,madry,cw,subset_n512,30,robust,42,tnp_minus_same_subset_raw,29.8828125
thubenchmark,atcnet,rpcf_at,autoattack,subset_n512,raw,clean,42,rpcf_minus_madry,0.9765625
thubenchmark,atcnet,rpcf_at,autoattack,subset_n512,raw,robust,42,rpcf_minus_madry,0.78125
thubenchmark,atcnet,rpcf_at,autoattack,subset_n512,25,clean,42,rpcf_minus_madry,1.5625
thubenchmark,atcnet,rpcf_at,autoattack,subset_n512,25,clean,42,tnp_minus_same_subset_raw,-2.34375
thubenchmark,atcnet,rpcf_at,autoattack,subset_n512,25,robust,42,rpcf_minus_madry,0.0
thubenchmark,atcnet,rpcf_at,autoattack,subset_n512,25,robust,42,tnp_minus_same_subset_raw,0.390625
thubenchmark,atcnet,rpcf_at,autoattack,subset_n512,30,clean,42,rpcf_minus_madry,-0.5859375
thubenchmark,atcnet,rpcf_at,autoattack,subset_n512,30,clean,42,tnp_minus_same_subset_raw,-2.1484375
thubenchmark,atcnet,rpcf_at,autoattack,subset_n512,30,robust,42,rpcf_minus_madry,0.9765625
thubenchmark,atcnet,rpcf_at,autoattack,subset_n512,30,robust,42,tnp_minus_same_subset_raw,0.9765625
thubenchmark,atcnet,rpcf_at,fgsm,subset_n512,raw,clean,42,rpcf_minus_madry,0.9765625
thubenchmark,atcnet,rpcf_at,fgsm,subset_n512,raw,robust,42,rpcf_minus_madry,-0.1953125
thubenchmark,atcnet,rpcf_at,fgsm,subset_n512,25,clean,42,rpcf_minus_madry,1.5625
thubenchmark,atcnet,rpcf_at,fgsm,subset_n512,25,clean,42,tnp_minus_same_subset_raw,-2.34375
thubenchmark,atcnet,rpcf_at,fgsm,subset_n512,25,robust,42,rpcf_minus_madry,1.5625
thubenchmark,atcnet,rpcf_at,fgsm,subset_n512,25,robust,42,tnp_minus_same_subset_raw,-2.734375
thubenchmark,atcnet,rpcf_at,fgsm,subset_n512,30,clean,42,rpcf_minus_madry,-0.5859375
thubenchmark,atcnet,rpcf_at,fgsm,subset_n512,30,clean,42,tnp_minus_same_subset_raw,-2.1484375
thubenchmark,atcnet,rpcf_at,fgsm,subset_n512,30,robust,42,rpcf_minus_madry,0.9765625
thubenchmark,atcnet,rpcf_at,fgsm,subset_n512,30,robust,42,tnp_minus_same_subset_raw,-2.1484375
thubenchmark,atcnet,rpcf_at,pgd,subset_n512,raw,clean,42,rpcf_minus_madry,0.9765625
thubenchmark,atcnet,rpcf_at,pgd,subset_n512,raw,robust,42,rpcf_minus_madry,0.390625
thubenchmark,atcnet,rpcf_at,pgd,subset_n512,25,clean,42,rpcf_minus_madry,1.5625
thubenchmark,atcnet,rpcf_at,pgd,subset_n512,25,clean,42,tnp_minus_same_subset_raw,-2.34375
thubenchmark,atcnet,rpcf_at,pgd,subset_n512,25,robust,42,rpcf_minus_madry,0.390625
thubenchmark,atcnet,rpcf_at,pgd,subset_n512,25,robust,42,tnp_minus_same_subset_raw,-2.9296875
thubenchmark,atcnet,rpcf_at,pgd,subset_n512,30,clean,42,rpcf_minus_madry,-0.5859375
thubenchmark,atcnet,rpcf_at,pgd,subset_n512,30,clean,42,tnp_minus_same_subset_raw,-2.1484375
thubenchmark,atcnet,rpcf_at,pgd,subset_n512,30,robust,42,rpcf_minus_madry,0.9765625
thubenchmark,atcnet,rpcf_at,pgd,subset_n512,30,robust,42,tnp_minus_same_subset_raw,-2.5390625
thubenchmark,atcnet,rpcf_at,cw,subset_n512,raw,clean,42,rpcf_minus_madry,0.9765625
thubenchmark,atcnet,rpcf_at,cw,subset_n512,raw,robust,42,rpcf_minus_madry,0.0
thubenchmark,atcnet,rpcf_at,cw,subset_n512,25,clean,42,rpcf_minus_madry,1.5625
thubenchmark,atcnet,rpcf_at,cw,subset_n512,25,clean,42,tnp_minus_same_subset_raw,-2.34375
thubenchmark,atcnet,rpcf_at,cw,subset_n512,25,robust,42,rpcf_minus_madry,-1.171875
thubenchmark,atcnet,rpcf_at,cw,subset_n512,25,robust,42,tnp_minus_same_subset_raw,40.0390625
thubenchmark,atcnet,rpcf_at,cw,subset_n512,30,clean,42,rpcf_minus_madry,-0.5859375
thubenchmark,atcnet,rpcf_at,cw,subset_n512,30,clean,42,tnp_minus_same_subset_raw,-2.1484375
thubenchmark,atcnet,rpcf_at,cw,subset_n512,30,robust,42,rpcf_minus_madry,-2.9296875
thubenchmark,atcnet,rpcf_at,cw,subset_n512,30,robust,42,tnp_minus_same_subset_raw,26.953125
thubenchmark,atcnet,madry,autoattack,subset_n512,25,clean,43,tnp_minus_same_subset_raw,-2.9296875
thubenchmark,atcnet,madry,autoattack,subset_n512,25,robust,43,tnp_minus_same_subset_raw,0.78125
thubenchmark,atcnet,madry,autoattack,subset_n512,30,clean,43,tnp_minus_same_subset_raw,-2.34375
thubenchmark,atcnet,madry,autoattack,subset_n512,30,robust,43,tnp_minus_same_subset_raw,0.9765625
thubenchmark,atcnet,madry,fgsm,subset_n512,25,clean,43,tnp_minus_same_subset_raw,-2.9296875
thubenchmark,atcnet,madry,fgsm,subset_n512,25,robust,43,tnp_minus_same_subset_raw,-3.125
thubenchmark,atcnet,madry,fgsm,subset_n512,30,clean,43,tnp_minus_same_subset_raw,-2.34375
thubenchmark,atcnet,madry,fgsm,subset_n512,30,robust,43,tnp_minus_same_subset_raw,-1.7578125
thubenchmark,atcnet,madry,pgd,subset_n512,25,clean,43,tnp_minus_same_subset_raw,-2.9296875
thubenchmark,atcnet,madry,pgd,subset_n512,25,robust,43,tnp_minus_same_subset_raw,-3.3203125
thubenchmark,atcnet,madry,pgd,subset_n512,30,clean,43,tnp_minus_same_subset_raw,-2.34375
thubenchmark,atcnet,madry,pgd,subset_n512,30,robust,43,tnp_minus_same_subset_raw,-2.1484375
thubenchmark,atcnet,madry,cw,subset_n512,25,clean,43,tnp_minus_same_subset_raw,-2.9296875
thubenchmark,atcnet,madry,cw,subset_n512,25,robust,43,tnp_minus_same_subset_raw,39.0625
thubenchmark,atcnet,madry,cw,subset_n512,30,clean,43,tnp_minus_same_subset_raw,-2.34375
thubenchmark,atcnet,madry,cw,subset_n512,30,robust,43,tnp_minus_same_subset_raw,26.7578125
thubenchmark,atcnet,rpcf_at,autoattack,subset_n512,raw,clean,43,rpcf_minus_madry,-0.1953125
thubenchmark,atcnet,rpcf_at,autoattack,subset_n512,raw,robust,43,rpcf_minus_madry,1.953125
thubenchmark,atcnet,rpcf_at,autoattack,subset_n512,25,clean,43,rpcf_minus_madry,-0.1953125
thubenchmark,atcnet,rpcf_at,autoattack,subset_n512,25,clean,43,tnp_minus_same_subset_raw,-2.9296875
thubenchmark,atcnet,rpcf_at,autoattack,subset_n512,25,robust,43,rpcf_minus_madry,1.5625
thubenchmark,atcnet,rpcf_at,autoattack,subset_n512,25,robust,43,tnp_minus_same_subset_raw,0.390625
thubenchmark,atcnet,rpcf_at,autoattack,subset_n512,30,clean,43,rpcf_minus_madry,0.390625
thubenchmark,atcnet,rpcf_at,autoattack,subset_n512,30,clean,43,tnp_minus_same_subset_raw,-1.7578125
thubenchmark,atcnet,rpcf_at,autoattack,subset_n512,30,robust,43,rpcf_minus_madry,2.34375
thubenchmark,atcnet,rpcf_at,autoattack,subset_n512,30,robust,43,tnp_minus_same_subset_raw,1.3671875
thubenchmark,atcnet,rpcf_at,fgsm,subset_n512,raw,clean,43,rpcf_minus_madry,-0.1953125
thubenchmark,atcnet,rpcf_at,fgsm,subset_n512,raw,robust,43,rpcf_minus_madry,2.9296875
thubenchmark,atcnet,rpcf_at,fgsm,subset_n512,25,clean,43,rpcf_minus_madry,-0.1953125
thubenchmark,atcnet,rpcf_at,fgsm,subset_n512,25,clean,43,tnp_minus_same_subset_raw,-2.9296875
thubenchmark,atcnet,rpcf_at,fgsm,subset_n512,25,robust,43,rpcf_minus_madry,2.734375
thubenchmark,atcnet,rpcf_at,fgsm,subset_n512,25,robust,43,tnp_minus_same_subset_raw,-3.3203125
thubenchmark,atcnet,rpcf_at,fgsm,subset_n512,30,clean,43,rpcf_minus_madry,0.390625
thubenchmark,atcnet,rpcf_at,fgsm,subset_n512,30,clean,43,tnp_minus_same_subset_raw,-1.7578125
thubenchmark,atcnet,rpcf_at,fgsm,subset_n512,30,robust,43,rpcf_minus_madry,1.7578125
thubenchmark,atcnet,rpcf_at,fgsm,subset_n512,30,robust,43,tnp_minus_same_subset_raw,-2.9296875
thubenchmark,atcnet,rpcf_at,pgd,subset_n512,raw,clean,43,rpcf_minus_madry,-0.1953125
thubenchmark,atcnet,rpcf_at,pgd,subset_n512,raw,robust,43,rpcf_minus_madry,2.1484375
thubenchmark,atcnet,rpcf_at,pgd,subset_n512,25,clean,43,rpcf_minus_madry,-0.1953125
thubenchmark,atcnet,rpcf_at,pgd,subset_n512,25,clean,43,tnp_minus_same_subset_raw,-2.9296875
thubenchmark,atcnet,rpcf_at,pgd,subset_n512,25,robust,43,rpcf_minus_madry,3.515625
thubenchmark,atcnet,rpcf_at,pgd,subset_n512,25,robust,43,tnp_minus_same_subset_raw,-1.953125
thubenchmark,atcnet,rpcf_at,pgd,subset_n512,30,clean,43,rpcf_minus_madry,0.390625
thubenchmark,atcnet,rpcf_at,pgd,subset_n512,30,clean,43,tnp_minus_same_subset_raw,-1.7578125
thubenchmark,atcnet,rpcf_at,pgd,subset_n512,30,robust,43,rpcf_minus_madry,3.3203125
thubenchmark,atcnet,rpcf_at,pgd,subset_n512,30,robust,43,tnp_minus_same_subset_raw,-0.9765625
thubenchmark,atcnet,rpcf_at,cw,subset_n512,raw,clean,43,rpcf_minus_madry,-0.1953125
thubenchmark,atcnet,rpcf_at,cw,subset_n512,raw,robust,43,rpcf_minus_madry,0.0
thubenchmark,atcnet,rpcf_at,cw,subset_n512,25,clean,43,rpcf_minus_madry,-0.1953125
thubenchmark,atcnet,rpcf_at,cw,subset_n512,25,clean,43,tnp_minus_same_subset_raw,-2.9296875
thubenchmark,atcnet,rpcf_at,cw,subset_n512,25,robust,43,rpcf_minus_madry,-16.015625
thubenchmark,atcnet,rpcf_at,cw,subset_n512,25,robust,43,tnp_minus_same_subset_raw,23.046875
thubenchmark,atcnet,rpcf_at,cw,subset_n512,30,clean,43,rpcf_minus_madry,0.390625
thubenchmark,atcnet,rpcf_at,cw,subset_n512,30,clean,43,tnp_minus_same_subset_raw,-1.7578125
thubenchmark,atcnet,rpcf_at,cw,subset_n512,30,robust,43,rpcf_minus_madry,-11.1328125
thubenchmark,atcnet,rpcf_at,cw,subset_n512,30,robust,43,tnp_minus_same_subset_raw,15.625
thubenchmark,atcnet,madry,autoattack,subset_n512,25,clean,44,tnp_minus_same_subset_raw,-2.1484375
thubenchmark,atcnet,madry,autoattack,subset_n512,25,robust,44,tnp_minus_same_subset_raw,0.9765625
thubenchmark,atcnet,madry,autoattack,subset_n512,30,clean,44,tnp_minus_same_subset_raw,-1.7578125
thubenchmark,atcnet,madry,autoattack,subset_n512,30,robust,44,tnp_minus_same_subset_raw,0.9765625
thubenchmark,atcnet,madry,fgsm,subset_n512,25,clean,44,tnp_minus_same_subset_raw,-2.1484375
thubenchmark,atcnet,madry,fgsm,subset_n512,25,robust,44,tnp_minus_same_subset_raw,-2.9296875
thubenchmark,atcnet,madry,fgsm,subset_n512,30,clean,44,tnp_minus_same_subset_raw,-1.7578125
thubenchmark,atcnet,madry,fgsm,subset_n512,30,robust,44,tnp_minus_same_subset_raw,-1.953125
thubenchmark,atcnet,madry,pgd,subset_n512,25,clean,44,tnp_minus_same_subset_raw,-2.1484375
thubenchmark,atcnet,madry,pgd,subset_n512,25,robust,44,tnp_minus_same_subset_raw,-2.734375
thubenchmark,atcnet,madry,pgd,subset_n512,30,clean,44,tnp_minus_same_subset_raw,-1.7578125
thubenchmark,atcnet,madry,pgd,subset_n512,30,robust,44,tnp_minus_same_subset_raw,-2.1484375
thubenchmark,atcnet,madry,cw,subset_n512,25,clean,44,tnp_minus_same_subset_raw,-2.1484375
thubenchmark,atcnet,madry,cw,subset_n512,25,robust,44,tnp_minus_same_subset_raw,41.6015625
thubenchmark,atcnet,madry,cw,subset_n512,30,clean,44,tnp_minus_same_subset_raw,-1.7578125
thubenchmark,atcnet,madry,cw,subset_n512,30,robust,44,tnp_minus_same_subset_raw,29.6875
thubenchmark,atcnet,rpcf_at,autoattack,subset_n512,raw,clean,44,rpcf_minus_madry,0.9765625
thubenchmark,atcnet,rpcf_at,autoattack,subset_n512,raw,robust,44,rpcf_minus_madry,-0.9765625
thubenchmark,atcnet,rpcf_at,autoattack,subset_n512,25,clean,44,rpcf_minus_madry,0.9765625
thubenchmark,atcnet,rpcf_at,autoattack,subset_n512,25,clean,44,tnp_minus_same_subset_raw,-2.1484375
thubenchmark,atcnet,rpcf_at,autoattack,subset_n512,25,robust,44,rpcf_minus_madry,-0.78125
thubenchmark,atcnet,rpcf_at,autoattack,subset_n512,25,robust,44,tnp_minus_same_subset_raw,1.171875
thubenchmark,atcnet,rpcf_at,autoattack,subset_n512,30,clean,44,rpcf_minus_madry,0.78125
thubenchmark,atcnet,rpcf_at,autoattack,subset_n512,30,clean,44,tnp_minus_same_subset_raw,-1.953125
thubenchmark,atcnet,rpcf_at,autoattack,subset_n512,30,robust,44,rpcf_minus_madry,-0.78125
thubenchmark,atcnet,rpcf_at,autoattack,subset_n512,30,robust,44,tnp_minus_same_subset_raw,1.171875
thubenchmark,atcnet,rpcf_at,fgsm,subset_n512,raw,clean,44,rpcf_minus_madry,0.9765625
thubenchmark,atcnet,rpcf_at,fgsm,subset_n512,raw,robust,44,rpcf_minus_madry,-0.9765625
thubenchmark,atcnet,rpcf_at,fgsm,subset_n512,25,clean,44,rpcf_minus_madry,0.9765625
thubenchmark,atcnet,rpcf_at,fgsm,subset_n512,25,clean,44,tnp_minus_same_subset_raw,-2.1484375
thubenchmark,atcnet,rpcf_at,fgsm,subset_n512,25,robust,44,rpcf_minus_madry,0.5859375
thubenchmark,atcnet,rpcf_at,fgsm,subset_n512,25,robust,44,tnp_minus_same_subset_raw,-1.3671875
thubenchmark,atcnet,rpcf_at,fgsm,subset_n512,30,clean,44,rpcf_minus_madry,0.78125
thubenchmark,atcnet,rpcf_at,fgsm,subset_n512,30,clean,44,tnp_minus_same_subset_raw,-1.953125
thubenchmark,atcnet,rpcf_at,fgsm,subset_n512,30,robust,44,rpcf_minus_madry,0.0
thubenchmark,atcnet,rpcf_at,fgsm,subset_n512,30,robust,44,tnp_minus_same_subset_raw,-0.9765625
thubenchmark,atcnet,rpcf_at,pgd,subset_n512,raw,clean,44,rpcf_minus_madry,0.9765625
thubenchmark,atcnet,rpcf_at,pgd,subset_n512,raw,robust,44,rpcf_minus_madry,-0.9765625
thubenchmark,atcnet,rpcf_at,pgd,subset_n512,25,clean,44,rpcf_minus_madry,0.9765625
thubenchmark,atcnet,rpcf_at,pgd,subset_n512,25,clean,44,tnp_minus_same_subset_raw,-2.1484375
thubenchmark,atcnet,rpcf_at,pgd,subset_n512,25,robust,44,rpcf_minus_madry,0.78125
thubenchmark,atcnet,rpcf_at,pgd,subset_n512,25,robust,44,tnp_minus_same_subset_raw,-0.9765625
thubenchmark,atcnet,rpcf_at,pgd,subset_n512,30,clean,44,rpcf_minus_madry,0.78125
thubenchmark,atcnet,rpcf_at,pgd,subset_n512,30,clean,44,tnp_minus_same_subset_raw,-1.953125
thubenchmark,atcnet,rpcf_at,pgd,subset_n512,30,robust,44,rpcf_minus_madry,0.390625
thubenchmark,atcnet,rpcf_at,pgd,subset_n512,30,robust,44,tnp_minus_same_subset_raw,-0.78125
thubenchmark,atcnet,rpcf_at,cw,subset_n512,raw,clean,44,rpcf_minus_madry,0.9765625
thubenchmark,atcnet,rpcf_at,cw,subset_n512,raw,robust,44,rpcf_minus_madry,0.0
thubenchmark,atcnet,rpcf_at,cw,subset_n512,25,clean,44,rpcf_minus_madry,0.9765625
thubenchmark,atcnet,rpcf_at,cw,subset_n512,25,clean,44,tnp_minus_same_subset_raw,-2.1484375
thubenchmark,atcnet,rpcf_at,cw,subset_n512,25,robust,44,rpcf_minus_madry,-2.5390625
thubenchmark,atcnet,rpcf_at,cw,subset_n512,25,robust,44,tnp_minus_same_subset_raw,39.0625
thubenchmark,atcnet,rpcf_at,cw,subset_n512,30,clean,44,rpcf_minus_madry,0.78125
thubenchmark,atcnet,rpcf_at,cw,subset_n512,30,clean,44,tnp_minus_same_subset_raw,-1.953125
thubenchmark,atcnet,rpcf_at,cw,subset_n512,30,robust,44,rpcf_minus_madry,-2.5390625
thubenchmark,atcnet,rpcf_at,cw,subset_n512,30,robust,44,tnp_minus_same_subset_raw,27.1484375
thubenchmark,atcnet,madry,autoattack,subset_n512,25,clean,45,tnp_minus_same_subset_raw,-2.9296875
thubenchmark,atcnet,madry,autoattack,subset_n512,25,robust,45,tnp_minus_same_subset_raw,2.734375
thubenchmark,atcnet,madry,autoattack,subset_n512,30,clean,45,tnp_minus_same_subset_raw,-1.5625
thubenchmark,atcnet,madry,autoattack,subset_n512,30,robust,45,tnp_minus_same_subset_raw,2.1484375
thubenchmark,atcnet,madry,fgsm,subset_n512,25,clean,45,tnp_minus_same_subset_raw,-2.9296875
thubenchmark,atcnet,madry,fgsm,subset_n512,25,robust,45,tnp_minus_same_subset_raw,-1.171875
thubenchmark,atcnet,madry,fgsm,subset_n512,30,clean,45,tnp_minus_same_subset_raw,-1.5625
thubenchmark,atcnet,madry,fgsm,subset_n512,30,robust,45,tnp_minus_same_subset_raw,-1.5625
thubenchmark,atcnet,madry,pgd,subset_n512,25,clean,45,tnp_minus_same_subset_raw,-2.9296875
thubenchmark,atcnet,madry,pgd,subset_n512,25,robust,45,tnp_minus_same_subset_raw,-2.1484375
thubenchmark,atcnet,madry,pgd,subset_n512,30,clean,45,tnp_minus_same_subset_raw,-1.5625
thubenchmark,atcnet,madry,pgd,subset_n512,30,robust,45,tnp_minus_same_subset_raw,-2.34375
thubenchmark,atcnet,madry,cw,subset_n512,25,clean,45,tnp_minus_same_subset_raw,-2.9296875
thubenchmark,atcnet,madry,cw,subset_n512,25,robust,45,tnp_minus_same_subset_raw,39.0625
thubenchmark,atcnet,madry,cw,subset_n512,30,clean,45,tnp_minus_same_subset_raw,-1.5625
thubenchmark,atcnet,madry,cw,subset_n512,30,robust,45,tnp_minus_same_subset_raw,27.734375
thubenchmark,atcnet,rpcf_at,autoattack,subset_n512,raw,clean,45,rpcf_minus_madry,0.1953125
thubenchmark,atcnet,rpcf_at,autoattack,subset_n512,raw,robust,45,rpcf_minus_madry,0.78125
thubenchmark,atcnet,rpcf_at,autoattack,subset_n512,25,clean,45,rpcf_minus_madry,0.9765625
thubenchmark,atcnet,rpcf_at,autoattack,subset_n512,25,clean,45,tnp_minus_same_subset_raw,-2.1484375
thubenchmark,atcnet,rpcf_at,autoattack,subset_n512,25,robust,45,rpcf_minus_madry,0.0
thubenchmark,atcnet,rpcf_at,autoattack,subset_n512,25,robust,45,tnp_minus_same_subset_raw,1.953125
thubenchmark,atcnet,rpcf_at,autoattack,subset_n512,30,clean,45,rpcf_minus_madry,0.0
thubenchmark,atcnet,rpcf_at,autoattack,subset_n512,30,clean,45,tnp_minus_same_subset_raw,-1.7578125
thubenchmark,atcnet,rpcf_at,autoattack,subset_n512,30,robust,45,rpcf_minus_madry,0.390625
thubenchmark,atcnet,rpcf_at,autoattack,subset_n512,30,robust,45,tnp_minus_same_subset_raw,1.7578125
thubenchmark,atcnet,rpcf_at,fgsm,subset_n512,raw,clean,45,rpcf_minus_madry,0.1953125
thubenchmark,atcnet,rpcf_at,fgsm,subset_n512,raw,robust,45,rpcf_minus_madry,0.9765625
thubenchmark,atcnet,rpcf_at,fgsm,subset_n512,25,clean,45,rpcf_minus_madry,0.9765625
thubenchmark,atcnet,rpcf_at,fgsm,subset_n512,25,clean,45,tnp_minus_same_subset_raw,-2.1484375
thubenchmark,atcnet,rpcf_at,fgsm,subset_n512,25,robust,45,rpcf_minus_madry,0.5859375
thubenchmark,atcnet,rpcf_at,fgsm,subset_n512,25,robust,45,tnp_minus_same_subset_raw,-1.5625
thubenchmark,atcnet,rpcf_at,fgsm,subset_n512,30,clean,45,rpcf_minus_madry,0.0
thubenchmark,atcnet,rpcf_at,fgsm,subset_n512,30,clean,45,tnp_minus_same_subset_raw,-1.7578125
thubenchmark,atcnet,rpcf_at,fgsm,subset_n512,30,robust,45,rpcf_minus_madry,0.1953125
thubenchmark,atcnet,rpcf_at,fgsm,subset_n512,30,robust,45,tnp_minus_same_subset_raw,-2.34375
thubenchmark,atcnet,rpcf_at,pgd,subset_n512,raw,clean,45,rpcf_minus_madry,0.1953125
thubenchmark,atcnet,rpcf_at,pgd,subset_n512,raw,robust,45,rpcf_minus_madry,-0.1953125
thubenchmark,atcnet,rpcf_at,pgd,subset_n512,25,clean,45,rpcf_minus_madry,0.9765625
thubenchmark,atcnet,rpcf_at,pgd,subset_n512,25,clean,45,tnp_minus_same_subset_raw,-2.1484375
thubenchmark,atcnet,rpcf_at,pgd,subset_n512,25,robust,45,rpcf_minus_madry,0.390625
thubenchmark,atcnet,rpcf_at,pgd,subset_n512,25,robust,45,tnp_minus_same_subset_raw,-1.5625
thubenchmark,atcnet,rpcf_at,pgd,subset_n512,30,clean,45,rpcf_minus_madry,0.0
thubenchmark,atcnet,rpcf_at,pgd,subset_n512,30,clean,45,tnp_minus_same_subset_raw,-1.7578125
thubenchmark,atcnet,rpcf_at,pgd,subset_n512,30,robust,45,rpcf_minus_madry,1.171875
thubenchmark,atcnet,rpcf_at,pgd,subset_n512,30,robust,45,tnp_minus_same_subset_raw,-0.9765625
thubenchmark,atcnet,rpcf_at,cw,subset_n512,raw,clean,45,rpcf_minus_madry,0.1953125
thubenchmark,atcnet,rpcf_at,cw,subset_n512,raw,robust,45,rpcf_minus_madry,0.0
thubenchmark,atcnet,rpcf_at,cw,subset_n512,25,clean,45,rpcf_minus_madry,0.9765625
thubenchmark,atcnet,rpcf_at,cw,subset_n512,25,clean,45,tnp_minus_same_subset_raw,-2.1484375
thubenchmark,atcnet,rpcf_at,cw,subset_n512,25,robust,45,rpcf_minus_madry,-2.734375
thubenchmark,atcnet,rpcf_at,cw,subset_n512,25,robust,45,tnp_minus_same_subset_raw,36.328125
thubenchmark,atcnet,rpcf_at,cw,subset_n512,30,clean,45,rpcf_minus_madry,0.0
thubenchmark,atcnet,rpcf_at,cw,subset_n512,30,clean,45,tnp_minus_same_subset_raw,-1.7578125
thubenchmark,atcnet,rpcf_at,cw,subset_n512,30,robust,45,rpcf_minus_madry,-0.390625
thubenchmark,atcnet,rpcf_at,cw,subset_n512,30,robust,45,tnp_minus_same_subset_raw,27.34375
thubenchmark,atcnet,madry,autoattack,subset_n512,25,clean,46,tnp_minus_same_subset_raw,-3.3203125
thubenchmark,atcnet,madry,autoattack,subset_n512,25,robust,46,tnp_minus_same_subset_raw,1.5625
thubenchmark,atcnet,madry,autoattack,subset_n512,30,clean,46,tnp_minus_same_subset_raw,-2.5390625
thubenchmark,atcnet,madry,autoattack,subset_n512,30,robust,46,tnp_minus_same_subset_raw,1.3671875
thubenchmark,atcnet,madry,fgsm,subset_n512,25,clean,46,tnp_minus_same_subset_raw,-3.3203125
thubenchmark,atcnet,madry,fgsm,subset_n512,25,robust,46,tnp_minus_same_subset_raw,-2.34375
thubenchmark,atcnet,madry,fgsm,subset_n512,30,clean,46,tnp_minus_same_subset_raw,-2.5390625
thubenchmark,atcnet,madry,fgsm,subset_n512,30,robust,46,tnp_minus_same_subset_raw,-1.5625
thubenchmark,atcnet,madry,pgd,subset_n512,25,clean,46,tnp_minus_same_subset_raw,-3.3203125
thubenchmark,atcnet,madry,pgd,subset_n512,25,robust,46,tnp_minus_same_subset_raw,-2.734375
thubenchmark,atcnet,madry,pgd,subset_n512,30,clean,46,tnp_minus_same_subset_raw,-2.5390625
thubenchmark,atcnet,madry,pgd,subset_n512,30,robust,46,tnp_minus_same_subset_raw,-1.3671875
thubenchmark,atcnet,madry,cw,subset_n512,25,clean,46,tnp_minus_same_subset_raw,-3.3203125
thubenchmark,atcnet,madry,cw,subset_n512,25,robust,46,tnp_minus_same_subset_raw,35.3515625
thubenchmark,atcnet,madry,cw,subset_n512,30,clean,46,tnp_minus_same_subset_raw,-2.5390625
thubenchmark,atcnet,madry,cw,subset_n512,30,robust,46,tnp_minus_same_subset_raw,26.953125
thubenchmark,atcnet,rpcf_at,autoattack,subset_n512,raw,clean,46,rpcf_minus_madry,0.1953125
thubenchmark,atcnet,rpcf_at,autoattack,subset_n512,raw,robust,46,rpcf_minus_madry,0.0
thubenchmark,atcnet,rpcf_at,autoattack,subset_n512,25,clean,46,rpcf_minus_madry,0.78125
thubenchmark,atcnet,rpcf_at,autoattack,subset_n512,25,clean,46,tnp_minus_same_subset_raw,-2.734375
thubenchmark,atcnet,rpcf_at,autoattack,subset_n512,25,robust,46,rpcf_minus_madry,0.0
thubenchmark,atcnet,rpcf_at,autoattack,subset_n512,25,robust,46,tnp_minus_same_subset_raw,1.5625
thubenchmark,atcnet,rpcf_at,autoattack,subset_n512,30,clean,46,rpcf_minus_madry,0.5859375
thubenchmark,atcnet,rpcf_at,autoattack,subset_n512,30,clean,46,tnp_minus_same_subset_raw,-2.1484375
thubenchmark,atcnet,rpcf_at,autoattack,subset_n512,30,robust,46,rpcf_minus_madry,-0.1953125
thubenchmark,atcnet,rpcf_at,autoattack,subset_n512,30,robust,46,tnp_minus_same_subset_raw,1.171875
thubenchmark,atcnet,rpcf_at,fgsm,subset_n512,raw,clean,46,rpcf_minus_madry,0.1953125
thubenchmark,atcnet,rpcf_at,fgsm,subset_n512,raw,robust,46,rpcf_minus_madry,0.390625
thubenchmark,atcnet,rpcf_at,fgsm,subset_n512,25,clean,46,rpcf_minus_madry,0.78125
thubenchmark,atcnet,rpcf_at,fgsm,subset_n512,25,clean,46,tnp_minus_same_subset_raw,-2.734375
thubenchmark,atcnet,rpcf_at,fgsm,subset_n512,25,robust,46,rpcf_minus_madry,1.5625
thubenchmark,atcnet,rpcf_at,fgsm,subset_n512,25,robust,46,tnp_minus_same_subset_raw,-1.171875
thubenchmark,atcnet,rpcf_at,fgsm,subset_n512,30,clean,46,rpcf_minus_madry,0.5859375
thubenchmark,atcnet,rpcf_at,fgsm,subset_n512,30,clean,46,tnp_minus_same_subset_raw,-2.1484375
thubenchmark,atcnet,rpcf_at,fgsm,subset_n512,30,robust,46,rpcf_minus_madry,0.78125
thubenchmark,atcnet,rpcf_at,fgsm,subset_n512,30,robust,46,tnp_minus_same_subset_raw,-1.171875
thubenchmark,atcnet,rpcf_at,pgd,subset_n512,raw,clean,46,rpcf_minus_madry,0.1953125
thubenchmark,atcnet,rpcf_at,pgd,subset_n512,raw,robust,46,rpcf_minus_madry,-0.1953125
thubenchmark,atcnet,rpcf_at,pgd,subset_n512,25,clean,46,rpcf_minus_madry,0.78125
thubenchmark,atcnet,rpcf_at,pgd,subset_n512,25,clean,46,tnp_minus_same_subset_raw,-2.734375
thubenchmark,atcnet,rpcf_at,pgd,subset_n512,25,robust,46,rpcf_minus_madry,1.7578125
thubenchmark,atcnet,rpcf_at,pgd,subset_n512,25,robust,46,tnp_minus_same_subset_raw,-0.78125
thubenchmark,atcnet,rpcf_at,pgd,subset_n512,30,clean,46,rpcf_minus_madry,0.5859375
thubenchmark,atcnet,rpcf_at,pgd,subset_n512,30,clean,46,tnp_minus_same_subset_raw,-2.1484375
thubenchmark,atcnet,rpcf_at,pgd,subset_n512,30,robust,46,rpcf_minus_madry,0.390625
thubenchmark,atcnet,rpcf_at,pgd,subset_n512,30,robust,46,tnp_minus_same_subset_raw,-0.78125
thubenchmark,atcnet,rpcf_at,cw,subset_n512,raw,clean,46,rpcf_minus_madry,0.1953125
thubenchmark,atcnet,rpcf_at,cw,subset_n512,raw,robust,46,rpcf_minus_madry,0.1953125
thubenchmark,atcnet,rpcf_at,cw,subset_n512,25,clean,46,rpcf_minus_madry,0.78125
thubenchmark,atcnet,rpcf_at,cw,subset_n512,25,clean,46,tnp_minus_same_subset_raw,-2.734375
thubenchmark,atcnet,rpcf_at,cw,subset_n512,25,robust,46,rpcf_minus_madry,-4.4921875
thubenchmark,atcnet,rpcf_at,cw,subset_n512,25,robust,46,tnp_minus_same_subset_raw,30.6640625
thubenchmark,atcnet,rpcf_at,cw,subset_n512,30,clean,46,rpcf_minus_madry,0.5859375
thubenchmark,atcnet,rpcf_at,cw,subset_n512,30,clean,46,tnp_minus_same_subset_raw,-2.1484375
thubenchmark,atcnet,rpcf_at,cw,subset_n512,30,robust,46,rpcf_minus_madry,-4.8828125
thubenchmark,atcnet,rpcf_at,cw,subset_n512,30,robust,46,tnp_minus_same_subset_raw,21.875
thubenchmark,conformer,madry,autoattack,subset_n512,25,clean,42,tnp_minus_same_subset_raw,-3.515625
thubenchmark,conformer,madry,autoattack,subset_n512,25,robust,42,tnp_minus_same_subset_raw,4.8828125
thubenchmark,conformer,madry,autoattack,subset_n512,30,clean,42,tnp_minus_same_subset_raw,-2.34375
thubenchmark,conformer,madry,autoattack,subset_n512,30,robust,42,tnp_minus_same_subset_raw,3.90625
thubenchmark,conformer,madry,fgsm,subset_n512,25,clean,42,tnp_minus_same_subset_raw,-3.515625
thubenchmark,conformer,madry,fgsm,subset_n512,25,robust,42,tnp_minus_same_subset_raw,0.9765625
thubenchmark,conformer,madry,fgsm,subset_n512,30,clean,42,tnp_minus_same_subset_raw,-2.34375
thubenchmark,conformer,madry,fgsm,subset_n512,30,robust,42,tnp_minus_same_subset_raw,0.78125
thubenchmark,conformer,madry,pgd,subset_n512,25,clean,42,tnp_minus_same_subset_raw,-3.515625
thubenchmark,conformer,madry,pgd,subset_n512,25,robust,42,tnp_minus_same_subset_raw,4.296875
thubenchmark,conformer,madry,pgd,subset_n512,30,clean,42,tnp_minus_same_subset_raw,-2.34375
thubenchmark,conformer,madry,pgd,subset_n512,30,robust,42,tnp_minus_same_subset_raw,2.5390625
thubenchmark,conformer,madry,cw,subset_n512,25,clean,42,tnp_minus_same_subset_raw,-3.515625
thubenchmark,conformer,madry,cw,subset_n512,25,robust,42,tnp_minus_same_subset_raw,18.359375
thubenchmark,conformer,madry,cw,subset_n512,30,clean,42,tnp_minus_same_subset_raw,-2.34375
thubenchmark,conformer,madry,cw,subset_n512,30,robust,42,tnp_minus_same_subset_raw,13.8671875
thubenchmark,conformer,rpcf_at,autoattack,subset_n512,raw,clean,42,rpcf_minus_madry,-0.390625
thubenchmark,conformer,rpcf_at,autoattack,subset_n512,raw,robust,42,rpcf_minus_madry,-2.34375
thubenchmark,conformer,rpcf_at,autoattack,subset_n512,25,clean,42,rpcf_minus_madry,-0.390625
thubenchmark,conformer,rpcf_at,autoattack,subset_n512,25,clean,42,tnp_minus_same_subset_raw,-3.515625
thubenchmark,conformer,rpcf_at,autoattack,subset_n512,25,robust,42,rpcf_minus_madry,-1.171875
thubenchmark,conformer,rpcf_at,autoattack,subset_n512,25,robust,42,tnp_minus_same_subset_raw,6.0546875
thubenchmark,conformer,rpcf_at,autoattack,subset_n512,30,clean,42,rpcf_minus_madry,0.0
thubenchmark,conformer,rpcf_at,autoattack,subset_n512,30,clean,42,tnp_minus_same_subset_raw,-1.953125
thubenchmark,conformer,rpcf_at,autoattack,subset_n512,30,robust,42,rpcf_minus_madry,0.0
thubenchmark,conformer,rpcf_at,autoattack,subset_n512,30,robust,42,tnp_minus_same_subset_raw,6.25
thubenchmark,conformer,rpcf_at,fgsm,subset_n512,raw,clean,42,rpcf_minus_madry,-0.390625
thubenchmark,conformer,rpcf_at,fgsm,subset_n512,raw,robust,42,rpcf_minus_madry,-3.125
thubenchmark,conformer,rpcf_at,fgsm,subset_n512,25,clean,42,rpcf_minus_madry,-0.390625
thubenchmark,conformer,rpcf_at,fgsm,subset_n512,25,clean,42,tnp_minus_same_subset_raw,-3.515625
thubenchmark,conformer,rpcf_at,fgsm,subset_n512,25,robust,42,rpcf_minus_madry,-0.78125
thubenchmark,conformer,rpcf_at,fgsm,subset_n512,25,robust,42,tnp_minus_same_subset_raw,3.3203125
thubenchmark,conformer,rpcf_at,fgsm,subset_n512,30,clean,42,rpcf_minus_madry,0.0
thubenchmark,conformer,rpcf_at,fgsm,subset_n512,30,clean,42,tnp_minus_same_subset_raw,-1.953125
thubenchmark,conformer,rpcf_at,fgsm,subset_n512,30,robust,42,rpcf_minus_madry,-1.171875
thubenchmark,conformer,rpcf_at,fgsm,subset_n512,30,robust,42,tnp_minus_same_subset_raw,2.734375
thubenchmark,conformer,rpcf_at,pgd,subset_n512,raw,clean,42,rpcf_minus_madry,-0.390625
thubenchmark,conformer,rpcf_at,pgd,subset_n512,raw,robust,42,rpcf_minus_madry,-1.7578125
thubenchmark,conformer,rpcf_at,pgd,subset_n512,25,clean,42,rpcf_minus_madry,-0.390625
thubenchmark,conformer,rpcf_at,pgd,subset_n512,25,clean,42,tnp_minus_same_subset_raw,-3.515625
thubenchmark,conformer,rpcf_at,pgd,subset_n512,25,robust,42,rpcf_minus_madry,-0.390625
thubenchmark,conformer,rpcf_at,pgd,subset_n512,25,robust,42,tnp_minus_same_subset_raw,5.6640625
thubenchmark,conformer,rpcf_at,pgd,subset_n512,30,clean,42,rpcf_minus_madry,0.0
thubenchmark,conformer,rpcf_at,pgd,subset_n512,30,clean,42,tnp_minus_same_subset_raw,-1.953125
thubenchmark,conformer,rpcf_at,pgd,subset_n512,30,robust,42,rpcf_minus_madry,0.5859375
thubenchmark,conformer,rpcf_at,pgd,subset_n512,30,robust,42,tnp_minus_same_subset_raw,4.8828125
thubenchmark,conformer,rpcf_at,cw,subset_n512,raw,clean,42,rpcf_minus_madry,-0.390625
thubenchmark,conformer,rpcf_at,cw,subset_n512,raw,robust,42,rpcf_minus_madry,0.0
thubenchmark,conformer,rpcf_at,cw,subset_n512,25,clean,42,rpcf_minus_madry,-0.390625
thubenchmark,conformer,rpcf_at,cw,subset_n512,25,clean,42,tnp_minus_same_subset_raw,-3.515625
thubenchmark,conformer,rpcf_at,cw,subset_n512,25,robust,42,rpcf_minus_madry,7.03125
thubenchmark,conformer,rpcf_at,cw,subset_n512,25,robust,42,tnp_minus_same_subset_raw,25.390625
thubenchmark,conformer,rpcf_at,cw,subset_n512,30,clean,42,rpcf_minus_madry,0.0
thubenchmark,conformer,rpcf_at,cw,subset_n512,30,clean,42,tnp_minus_same_subset_raw,-1.953125
thubenchmark,conformer,rpcf_at,cw,subset_n512,30,robust,42,rpcf_minus_madry,5.2734375
thubenchmark,conformer,rpcf_at,cw,subset_n512,30,robust,42,tnp_minus_same_subset_raw,19.140625
thubenchmark,conformer,madry,autoattack,subset_n512,25,clean,43,tnp_minus_same_subset_raw,-2.34375
thubenchmark,conformer,madry,autoattack,subset_n512,25,robust,43,tnp_minus_same_subset_raw,6.640625
thubenchmark,conformer,madry,autoattack,subset_n512,30,clean,43,tnp_minus_same_subset_raw,-2.34375
thubenchmark,conformer,madry,autoattack,subset_n512,30,robust,43,tnp_minus_same_subset_raw,6.4453125
thubenchmark,conformer,madry,fgsm,subset_n512,25,clean,43,tnp_minus_same_subset_raw,-2.34375
thubenchmark,conformer,madry,fgsm,subset_n512,25,robust,43,tnp_minus_same_subset_raw,0.78125
thubenchmark,conformer,madry,fgsm,subset_n512,30,clean,43,tnp_minus_same_subset_raw,-2.34375
thubenchmark,conformer,madry,fgsm,subset_n512,30,robust,43,tnp_minus_same_subset_raw,1.171875
thubenchmark,conformer,madry,pgd,subset_n512,25,clean,43,tnp_minus_same_subset_raw,-2.34375
thubenchmark,conformer,madry,pgd,subset_n512,25,robust,43,tnp_minus_same_subset_raw,3.515625
thubenchmark,conformer,madry,pgd,subset_n512,30,clean,43,tnp_minus_same_subset_raw,-2.34375
thubenchmark,conformer,madry,pgd,subset_n512,30,robust,43,tnp_minus_same_subset_raw,3.515625
thubenchmark,conformer,madry,cw,subset_n512,25,clean,43,tnp_minus_same_subset_raw,-2.34375
thubenchmark,conformer,madry,cw,subset_n512,25,robust,43,tnp_minus_same_subset_raw,20.1171875
thubenchmark,conformer,madry,cw,subset_n512,30,clean,43,tnp_minus_same_subset_raw,-2.34375
thubenchmark,conformer,madry,cw,subset_n512,30,robust,43,tnp_minus_same_subset_raw,14.84375
thubenchmark,conformer,rpcf_at,autoattack,subset_n512,raw,clean,43,rpcf_minus_madry,-0.390625
thubenchmark,conformer,rpcf_at,autoattack,subset_n512,raw,robust,43,rpcf_minus_madry,-1.171875
thubenchmark,conformer,rpcf_at,autoattack,subset_n512,25,clean,43,rpcf_minus_madry,-0.5859375
thubenchmark,conformer,rpcf_at,autoattack,subset_n512,25,clean,43,tnp_minus_same_subset_raw,-2.5390625
thubenchmark,conformer,rpcf_at,autoattack,subset_n512,25,robust,43,rpcf_minus_madry,-1.5625
thubenchmark,conformer,rpcf_at,autoattack,subset_n512,25,robust,43,tnp_minus_same_subset_raw,6.25
thubenchmark,conformer,rpcf_at,autoattack,subset_n512,30,clean,43,rpcf_minus_madry,-0.390625
thubenchmark,conformer,rpcf_at,autoattack,subset_n512,30,clean,43,tnp_minus_same_subset_raw,-2.34375
thubenchmark,conformer,rpcf_at,autoattack,subset_n512,30,robust,43,rpcf_minus_madry,-2.34375
thubenchmark,conformer,rpcf_at,autoattack,subset_n512,30,robust,43,tnp_minus_same_subset_raw,5.2734375
thubenchmark,conformer,rpcf_at,fgsm,subset_n512,raw,clean,43,rpcf_minus_madry,-0.390625
thubenchmark,conformer,rpcf_at,fgsm,subset_n512,raw,robust,43,rpcf_minus_madry,-1.171875
thubenchmark,conformer,rpcf_at,fgsm,subset_n512,25,clean,43,rpcf_minus_madry,-0.5859375
thubenchmark,conformer,rpcf_at,fgsm,subset_n512,25,clean,43,tnp_minus_same_subset_raw,-2.5390625
thubenchmark,conformer,rpcf_at,fgsm,subset_n512,25,robust,43,rpcf_minus_madry,-1.953125
thubenchmark,conformer,rpcf_at,fgsm,subset_n512,25,robust,43,tnp_minus_same_subset_raw,0.0
thubenchmark,conformer,rpcf_at,fgsm,subset_n512,30,clean,43,rpcf_minus_madry,-0.390625
thubenchmark,conformer,rpcf_at,fgsm,subset_n512,30,clean,43,tnp_minus_same_subset_raw,-2.34375
thubenchmark,conformer,rpcf_at,fgsm,subset_n512,30,robust,43,rpcf_minus_madry,-1.7578125
thubenchmark,conformer,rpcf_at,fgsm,subset_n512,30,robust,43,tnp_minus_same_subset_raw,0.5859375
thubenchmark,conformer,rpcf_at,pgd,subset_n512,raw,clean,43,rpcf_minus_madry,-0.390625
thubenchmark,conformer,rpcf_at,pgd,subset_n512,raw,robust,43,rpcf_minus_madry,-1.171875
thubenchmark,conformer,rpcf_at,pgd,subset_n512,25,clean,43,rpcf_minus_madry,-0.5859375
thubenchmark,conformer,rpcf_at,pgd,subset_n512,25,clean,43,tnp_minus_same_subset_raw,-2.5390625
thubenchmark,conformer,rpcf_at,pgd,subset_n512,25,robust,43,rpcf_minus_madry,0.0
thubenchmark,conformer,rpcf_at,pgd,subset_n512,25,robust,43,tnp_minus_same_subset_raw,4.6875
thubenchmark,conformer,rpcf_at,pgd,subset_n512,30,clean,43,rpcf_minus_madry,-0.390625
thubenchmark,conformer,rpcf_at,pgd,subset_n512,30,clean,43,tnp_minus_same_subset_raw,-2.34375
thubenchmark,conformer,rpcf_at,pgd,subset_n512,30,robust,43,rpcf_minus_madry,-1.171875
thubenchmark,conformer,rpcf_at,pgd,subset_n512,30,robust,43,tnp_minus_same_subset_raw,3.515625
thubenchmark,conformer,rpcf_at,cw,subset_n512,raw,clean,43,rpcf_minus_madry,-0.390625
thubenchmark,conformer,rpcf_at,cw,subset_n512,raw,robust,43,rpcf_minus_madry,0.0
thubenchmark,conformer,rpcf_at,cw,subset_n512,25,clean,43,rpcf_minus_madry,-0.5859375
thubenchmark,conformer,rpcf_at,cw,subset_n512,25,clean,43,tnp_minus_same_subset_raw,-2.5390625
thubenchmark,conformer,rpcf_at,cw,subset_n512,25,robust,43,rpcf_minus_madry,2.1484375
thubenchmark,conformer,rpcf_at,cw,subset_n512,25,robust,43,tnp_minus_same_subset_raw,22.265625
thubenchmark,conformer,rpcf_at,cw,subset_n512,30,clean,43,rpcf_minus_madry,-0.390625
thubenchmark,conformer,rpcf_at,cw,subset_n512,30,clean,43,tnp_minus_same_subset_raw,-2.34375
thubenchmark,conformer,rpcf_at,cw,subset_n512,30,robust,43,rpcf_minus_madry,0.390625
thubenchmark,conformer,rpcf_at,cw,subset_n512,30,robust,43,tnp_minus_same_subset_raw,15.234375
thubenchmark,conformer,madry,autoattack,subset_n512,25,clean,44,tnp_minus_same_subset_raw,-1.7578125
thubenchmark,conformer,madry,autoattack,subset_n512,25,robust,44,tnp_minus_same_subset_raw,7.03125
thubenchmark,conformer,madry,autoattack,subset_n512,30,clean,44,tnp_minus_same_subset_raw,-1.7578125
thubenchmark,conformer,madry,autoattack,subset_n512,30,robust,44,tnp_minus_same_subset_raw,6.640625
thubenchmark,conformer,madry,fgsm,subset_n512,25,clean,44,tnp_minus_same_subset_raw,-1.7578125
thubenchmark,conformer,madry,fgsm,subset_n512,25,robust,44,tnp_minus_same_subset_raw,0.1953125
thubenchmark,conformer,madry,fgsm,subset_n512,30,clean,44,tnp_minus_same_subset_raw,-1.7578125
thubenchmark,conformer,madry,fgsm,subset_n512,30,robust,44,tnp_minus_same_subset_raw,0.78125
thubenchmark,conformer,madry,pgd,subset_n512,25,clean,44,tnp_minus_same_subset_raw,-1.7578125
thubenchmark,conformer,madry,pgd,subset_n512,25,robust,44,tnp_minus_same_subset_raw,4.8828125
thubenchmark,conformer,madry,pgd,subset_n512,30,clean,44,tnp_minus_same_subset_raw,-1.7578125
thubenchmark,conformer,madry,pgd,subset_n512,30,robust,44,tnp_minus_same_subset_raw,3.7109375
thubenchmark,conformer,madry,cw,subset_n512,25,clean,44,tnp_minus_same_subset_raw,-1.7578125
thubenchmark,conformer,madry,cw,subset_n512,25,robust,44,tnp_minus_same_subset_raw,12.6953125
thubenchmark,conformer,madry,cw,subset_n512,30,clean,44,tnp_minus_same_subset_raw,-1.7578125
thubenchmark,conformer,madry,cw,subset_n512,30,robust,44,tnp_minus_same_subset_raw,8.203125
thubenchmark,conformer,rpcf_at,autoattack,subset_n512,raw,clean,44,rpcf_minus_madry,-0.390625
thubenchmark,conformer,rpcf_at,autoattack,subset_n512,raw,robust,44,rpcf_minus_madry,0.5859375
thubenchmark,conformer,rpcf_at,autoattack,subset_n512,25,clean,44,rpcf_minus_madry,-0.390625
thubenchmark,conformer,rpcf_at,autoattack,subset_n512,25,clean,44,tnp_minus_same_subset_raw,-1.7578125
thubenchmark,conformer,rpcf_at,autoattack,subset_n512,25,robust,44,rpcf_minus_madry,-0.5859375
thubenchmark,conformer,rpcf_at,autoattack,subset_n512,25,robust,44,tnp_minus_same_subset_raw,5.859375
thubenchmark,conformer,rpcf_at,autoattack,subset_n512,30,clean,44,rpcf_minus_madry,-0.78125
thubenchmark,conformer,rpcf_at,autoattack,subset_n512,30,clean,44,tnp_minus_same_subset_raw,-2.1484375
thubenchmark,conformer,rpcf_at,autoattack,subset_n512,30,robust,44,rpcf_minus_madry,-0.390625
thubenchmark,conformer,rpcf_at,autoattack,subset_n512,30,robust,44,tnp_minus_same_subset_raw,5.6640625
thubenchmark,conformer,rpcf_at,fgsm,subset_n512,raw,clean,44,rpcf_minus_madry,-0.390625
thubenchmark,conformer,rpcf_at,fgsm,subset_n512,raw,robust,44,rpcf_minus_madry,-2.34375
thubenchmark,conformer,rpcf_at,fgsm,subset_n512,25,clean,44,rpcf_minus_madry,-0.390625
thubenchmark,conformer,rpcf_at,fgsm,subset_n512,25,clean,44,tnp_minus_same_subset_raw,-1.7578125
thubenchmark,conformer,rpcf_at,fgsm,subset_n512,25,robust,44,rpcf_minus_madry,-0.78125
thubenchmark,conformer,rpcf_at,fgsm,subset_n512,25,robust,44,tnp_minus_same_subset_raw,1.7578125
thubenchmark,conformer,rpcf_at,fgsm,subset_n512,30,clean,44,rpcf_minus_madry,-0.78125
thubenchmark,conformer,rpcf_at,fgsm,subset_n512,30,clean,44,tnp_minus_same_subset_raw,-2.1484375
thubenchmark,conformer,rpcf_at,fgsm,subset_n512,30,robust,44,rpcf_minus_madry,-1.3671875
thubenchmark,conformer,rpcf_at,fgsm,subset_n512,30,robust,44,tnp_minus_same_subset_raw,1.7578125
thubenchmark,conformer,rpcf_at,pgd,subset_n512,raw,clean,44,rpcf_minus_madry,-0.390625
thubenchmark,conformer,rpcf_at,pgd,subset_n512,raw,robust,44,rpcf_minus_madry,1.171875
thubenchmark,conformer,rpcf_at,pgd,subset_n512,25,clean,44,rpcf_minus_madry,-0.390625
thubenchmark,conformer,rpcf_at,pgd,subset_n512,25,clean,44,tnp_minus_same_subset_raw,-1.7578125
thubenchmark,conformer,rpcf_at,pgd,subset_n512,25,robust,44,rpcf_minus_madry,-0.390625
thubenchmark,conformer,rpcf_at,pgd,subset_n512,25,robust,44,tnp_minus_same_subset_raw,3.3203125
thubenchmark,conformer,rpcf_at,pgd,subset_n512,30,clean,44,rpcf_minus_madry,-0.78125
thubenchmark,conformer,rpcf_at,pgd,subset_n512,30,clean,44,tnp_minus_same_subset_raw,-2.1484375
thubenchmark,conformer,rpcf_at,pgd,subset_n512,30,robust,44,rpcf_minus_madry,1.5625
thubenchmark,conformer,rpcf_at,pgd,subset_n512,30,robust,44,tnp_minus_same_subset_raw,4.1015625
thubenchmark,conformer,rpcf_at,cw,subset_n512,raw,clean,44,rpcf_minus_madry,-0.390625
thubenchmark,conformer,rpcf_at,cw,subset_n512,raw,robust,44,rpcf_minus_madry,0.0
thubenchmark,conformer,rpcf_at,cw,subset_n512,25,clean,44,rpcf_minus_madry,-0.390625
thubenchmark,conformer,rpcf_at,cw,subset_n512,25,clean,44,tnp_minus_same_subset_raw,-1.7578125
thubenchmark,conformer,rpcf_at,cw,subset_n512,25,robust,44,rpcf_minus_madry,10.15625
thubenchmark,conformer,rpcf_at,cw,subset_n512,25,robust,44,tnp_minus_same_subset_raw,22.8515625
thubenchmark,conformer,rpcf_at,cw,subset_n512,30,clean,44,rpcf_minus_madry,-0.78125
thubenchmark,conformer,rpcf_at,cw,subset_n512,30,clean,44,tnp_minus_same_subset_raw,-2.1484375
thubenchmark,conformer,rpcf_at,cw,subset_n512,30,robust,44,rpcf_minus_madry,8.7890625
thubenchmark,conformer,rpcf_at,cw,subset_n512,30,robust,44,tnp_minus_same_subset_raw,16.9921875
thubenchmark,conformer,madry,autoattack,subset_n512,25,clean,45,tnp_minus_same_subset_raw,-3.125
thubenchmark,conformer,madry,autoattack,subset_n512,25,robust,45,tnp_minus_same_subset_raw,6.0546875
thubenchmark,conformer,madry,autoattack,subset_n512,30,clean,45,tnp_minus_same_subset_raw,-1.7578125
thubenchmark,conformer,madry,autoattack,subset_n512,30,robust,45,tnp_minus_same_subset_raw,4.8828125
thubenchmark,conformer,madry,fgsm,subset_n512,25,clean,45,tnp_minus_same_subset_raw,-3.125
thubenchmark,conformer,madry,fgsm,subset_n512,25,robust,45,tnp_minus_same_subset_raw,2.5390625
thubenchmark,conformer,madry,fgsm,subset_n512,30,clean,45,tnp_minus_same_subset_raw,-1.7578125
thubenchmark,conformer,madry,fgsm,subset_n512,30,robust,45,tnp_minus_same_subset_raw,2.1484375
thubenchmark,conformer,madry,pgd,subset_n512,25,clean,45,tnp_minus_same_subset_raw,-3.125
thubenchmark,conformer,madry,pgd,subset_n512,25,robust,45,tnp_minus_same_subset_raw,4.6875
thubenchmark,conformer,madry,pgd,subset_n512,30,clean,45,tnp_minus_same_subset_raw,-1.7578125
thubenchmark,conformer,madry,pgd,subset_n512,30,robust,45,tnp_minus_same_subset_raw,3.3203125
thubenchmark,conformer,madry,cw,subset_n512,25,clean,45,tnp_minus_same_subset_raw,-3.125
thubenchmark,conformer,madry,cw,subset_n512,25,robust,45,tnp_minus_same_subset_raw,16.40625
thubenchmark,conformer,madry,cw,subset_n512,30,clean,45,tnp_minus_same_subset_raw,-1.7578125
thubenchmark,conformer,madry,cw,subset_n512,30,robust,45,tnp_minus_same_subset_raw,9.375
thubenchmark,conformer,rpcf_at,autoattack,subset_n512,raw,clean,45,rpcf_minus_madry,-1.7578125
thubenchmark,conformer,rpcf_at,autoattack,subset_n512,raw,robust,45,rpcf_minus_madry,-5.859375
thubenchmark,conformer,rpcf_at,autoattack,subset_n512,25,clean,45,rpcf_minus_madry,0.0
thubenchmark,conformer,rpcf_at,autoattack,subset_n512,25,clean,45,tnp_minus_same_subset_raw,-1.3671875
thubenchmark,conformer,rpcf_at,autoattack,subset_n512,25,robust,45,rpcf_minus_madry,-2.734375
thubenchmark,conformer,rpcf_at,autoattack,subset_n512,25,robust,45,tnp_minus_same_subset_raw,9.1796875
thubenchmark,conformer,rpcf_at,autoattack,subset_n512,30,clean,45,rpcf_minus_madry,-1.3671875
thubenchmark,conformer,rpcf_at,autoattack,subset_n512,30,clean,45,tnp_minus_same_subset_raw,-1.3671875
thubenchmark,conformer,rpcf_at,autoattack,subset_n512,30,robust,45,rpcf_minus_madry,-2.9296875
thubenchmark,conformer,rpcf_at,autoattack,subset_n512,30,robust,45,tnp_minus_same_subset_raw,7.8125
thubenchmark,conformer,rpcf_at,fgsm,subset_n512,raw,clean,45,rpcf_minus_madry,-1.7578125
thubenchmark,conformer,rpcf_at,fgsm,subset_n512,raw,robust,45,rpcf_minus_madry,-4.8828125
thubenchmark,conformer,rpcf_at,fgsm,subset_n512,25,clean,45,rpcf_minus_madry,0.0
thubenchmark,conformer,rpcf_at,fgsm,subset_n512,25,clean,45,tnp_minus_same_subset_raw,-1.3671875
thubenchmark,conformer,rpcf_at,fgsm,subset_n512,25,robust,45,rpcf_minus_madry,-4.1015625
thubenchmark,conformer,rpcf_at,fgsm,subset_n512,25,robust,45,tnp_minus_same_subset_raw,3.3203125
thubenchmark,conformer,rpcf_at,fgsm,subset_n512,30,clean,45,rpcf_minus_madry,-1.3671875
thubenchmark,conformer,rpcf_at,fgsm,subset_n512,30,clean,45,tnp_minus_same_subset_raw,-1.3671875
thubenchmark,conformer,rpcf_at,fgsm,subset_n512,30,robust,45,rpcf_minus_madry,-3.7109375
thubenchmark,conformer,rpcf_at,fgsm,subset_n512,30,robust,45,tnp_minus_same_subset_raw,3.3203125
thubenchmark,conformer,rpcf_at,pgd,subset_n512,raw,clean,45,rpcf_minus_madry,-1.7578125
thubenchmark,conformer,rpcf_at,pgd,subset_n512,raw,robust,45,rpcf_minus_madry,-5.859375
thubenchmark,conformer,rpcf_at,pgd,subset_n512,25,clean,45,rpcf_minus_madry,0.0
thubenchmark,conformer,rpcf_at,pgd,subset_n512,25,clean,45,tnp_minus_same_subset_raw,-1.3671875
thubenchmark,conformer,rpcf_at,pgd,subset_n512,25,robust,45,rpcf_minus_madry,-5.2734375
thubenchmark,conformer,rpcf_at,pgd,subset_n512,25,robust,45,tnp_minus_same_subset_raw,5.2734375
thubenchmark,conformer,rpcf_at,pgd,subset_n512,30,clean,45,rpcf_minus_madry,-1.3671875
thubenchmark,conformer,rpcf_at,pgd,subset_n512,30,clean,45,tnp_minus_same_subset_raw,-1.3671875
thubenchmark,conformer,rpcf_at,pgd,subset_n512,30,robust,45,rpcf_minus_madry,-3.3203125
thubenchmark,conformer,rpcf_at,pgd,subset_n512,30,robust,45,tnp_minus_same_subset_raw,5.859375
thubenchmark,conformer,rpcf_at,cw,subset_n512,raw,clean,45,rpcf_minus_madry,-1.7578125
thubenchmark,conformer,rpcf_at,cw,subset_n512,raw,robust,45,rpcf_minus_madry,0.0
thubenchmark,conformer,rpcf_at,cw,subset_n512,25,clean,45,rpcf_minus_madry,0.0
thubenchmark,conformer,rpcf_at,cw,subset_n512,25,clean,45,tnp_minus_same_subset_raw,-1.3671875
thubenchmark,conformer,rpcf_at,cw,subset_n512,25,robust,45,rpcf_minus_madry,13.0859375
thubenchmark,conformer,rpcf_at,cw,subset_n512,25,robust,45,tnp_minus_same_subset_raw,29.4921875
thubenchmark,conformer,rpcf_at,cw,subset_n512,30,clean,45,rpcf_minus_madry,-1.3671875
thubenchmark,conformer,rpcf_at,cw,subset_n512,30,clean,45,tnp_minus_same_subset_raw,-1.3671875
thubenchmark,conformer,rpcf_at,cw,subset_n512,30,robust,45,rpcf_minus_madry,12.3046875
thubenchmark,conformer,rpcf_at,cw,subset_n512,30,robust,45,tnp_minus_same_subset_raw,21.6796875
thubenchmark,conformer,madry,autoattack,subset_n512,25,clean,46,tnp_minus_same_subset_raw,-1.7578125
thubenchmark,conformer,madry,autoattack,subset_n512,25,robust,46,tnp_minus_same_subset_raw,5.2734375
thubenchmark,conformer,madry,autoattack,subset_n512,30,clean,46,tnp_minus_same_subset_raw,-0.78125
thubenchmark,conformer,madry,autoattack,subset_n512,30,robust,46,tnp_minus_same_subset_raw,4.1015625
thubenchmark,conformer,madry,fgsm,subset_n512,25,clean,46,tnp_minus_same_subset_raw,-1.7578125
thubenchmark,conformer,madry,fgsm,subset_n512,25,robust,46,tnp_minus_same_subset_raw,0.1953125
thubenchmark,conformer,madry,fgsm,subset_n512,30,clean,46,tnp_minus_same_subset_raw,-0.78125
thubenchmark,conformer,madry,fgsm,subset_n512,30,robust,46,tnp_minus_same_subset_raw,-0.1953125
thubenchmark,conformer,madry,pgd,subset_n512,25,clean,46,tnp_minus_same_subset_raw,-1.7578125
thubenchmark,conformer,madry,pgd,subset_n512,25,robust,46,tnp_minus_same_subset_raw,1.3671875
thubenchmark,conformer,madry,pgd,subset_n512,30,clean,46,tnp_minus_same_subset_raw,-0.78125
thubenchmark,conformer,madry,pgd,subset_n512,30,robust,46,tnp_minus_same_subset_raw,1.7578125
thubenchmark,conformer,madry,cw,subset_n512,25,clean,46,tnp_minus_same_subset_raw,-1.7578125
thubenchmark,conformer,madry,cw,subset_n512,25,robust,46,tnp_minus_same_subset_raw,21.875
thubenchmark,conformer,madry,cw,subset_n512,30,clean,46,tnp_minus_same_subset_raw,-0.78125
thubenchmark,conformer,madry,cw,subset_n512,30,robust,46,tnp_minus_same_subset_raw,15.625
thubenchmark,conformer,rpcf_at,autoattack,subset_n512,raw,clean,46,rpcf_minus_madry,-0.5859375
thubenchmark,conformer,rpcf_at,autoattack,subset_n512,raw,robust,46,rpcf_minus_madry,3.7109375
thubenchmark,conformer,rpcf_at,autoattack,subset_n512,25,clean,46,rpcf_minus_madry,-1.3671875
thubenchmark,conformer,rpcf_at,autoattack,subset_n512,25,clean,46,tnp_minus_same_subset_raw,-2.5390625
thubenchmark,conformer,rpcf_at,autoattack,subset_n512,25,robust,46,rpcf_minus_madry,3.90625
thubenchmark,conformer,rpcf_at,autoattack,subset_n512,25,robust,46,tnp_minus_same_subset_raw,5.46875
thubenchmark,conformer,rpcf_at,autoattack,subset_n512,30,clean,46,rpcf_minus_madry,-1.953125
thubenchmark,conformer,rpcf_at,autoattack,subset_n512,30,clean,46,tnp_minus_same_subset_raw,-2.1484375
thubenchmark,conformer,rpcf_at,autoattack,subset_n512,30,robust,46,rpcf_minus_madry,4.1015625
thubenchmark,conformer,rpcf_at,autoattack,subset_n512,30,robust,46,tnp_minus_same_subset_raw,4.4921875
thubenchmark,conformer,rpcf_at,fgsm,subset_n512,raw,clean,46,rpcf_minus_madry,-0.5859375
thubenchmark,conformer,rpcf_at,fgsm,subset_n512,raw,robust,46,rpcf_minus_madry,0.9765625
thubenchmark,conformer,rpcf_at,fgsm,subset_n512,25,clean,46,rpcf_minus_madry,-1.3671875
thubenchmark,conformer,rpcf_at,fgsm,subset_n512,25,clean,46,tnp_minus_same_subset_raw,-2.5390625
thubenchmark,conformer,rpcf_at,fgsm,subset_n512,25,robust,46,rpcf_minus_madry,1.7578125
thubenchmark,conformer,rpcf_at,fgsm,subset_n512,25,robust,46,tnp_minus_same_subset_raw,0.9765625
thubenchmark,conformer,rpcf_at,fgsm,subset_n512,30,clean,46,rpcf_minus_madry,-1.953125
thubenchmark,conformer,rpcf_at,fgsm,subset_n512,30,clean,46,tnp_minus_same_subset_raw,-2.1484375
thubenchmark,conformer,rpcf_at,fgsm,subset_n512,30,robust,46,rpcf_minus_madry,2.5390625
thubenchmark,conformer,rpcf_at,fgsm,subset_n512,30,robust,46,tnp_minus_same_subset_raw,1.3671875
thubenchmark,conformer,rpcf_at,pgd,subset_n512,raw,clean,46,rpcf_minus_madry,-0.5859375
thubenchmark,conformer,rpcf_at,pgd,subset_n512,raw,robust,46,rpcf_minus_madry,2.1484375
thubenchmark,conformer,rpcf_at,pgd,subset_n512,25,clean,46,rpcf_minus_madry,-1.3671875
thubenchmark,conformer,rpcf_at,pgd,subset_n512,25,clean,46,tnp_minus_same_subset_raw,-2.5390625
thubenchmark,conformer,rpcf_at,pgd,subset_n512,25,robust,46,rpcf_minus_madry,2.9296875
thubenchmark,conformer,rpcf_at,pgd,subset_n512,25,robust,46,tnp_minus_same_subset_raw,2.1484375
thubenchmark,conformer,rpcf_at,pgd,subset_n512,30,clean,46,rpcf_minus_madry,-1.953125
thubenchmark,conformer,rpcf_at,pgd,subset_n512,30,clean,46,tnp_minus_same_subset_raw,-2.1484375
thubenchmark,conformer,rpcf_at,pgd,subset_n512,30,robust,46,rpcf_minus_madry,2.34375
thubenchmark,conformer,rpcf_at,pgd,subset_n512,30,robust,46,tnp_minus_same_subset_raw,1.953125
thubenchmark,conformer,rpcf_at,cw,subset_n512,raw,clean,46,rpcf_minus_madry,-0.5859375
thubenchmark,conformer,rpcf_at,cw,subset_n512,raw,robust,46,rpcf_minus_madry,0.0
thubenchmark,conformer,rpcf_at,cw,subset_n512,25,clean,46,rpcf_minus_madry,-1.3671875
thubenchmark,conformer,rpcf_at,cw,subset_n512,25,clean,46,tnp_minus_same_subset_raw,-2.5390625
thubenchmark,conformer,rpcf_at,cw,subset_n512,25,robust,46,rpcf_minus_madry,3.125
thubenchmark,conformer,rpcf_at,cw,subset_n512,25,robust,46,tnp_minus_same_subset_raw,25.0
thubenchmark,conformer,rpcf_at,cw,subset_n512,30,clean,46,rpcf_minus_madry,-1.953125
thubenchmark,conformer,rpcf_at,cw,subset_n512,30,clean,46,tnp_minus_same_subset_raw,-2.1484375
thubenchmark,conformer,rpcf_at,cw,subset_n512,30,robust,46,rpcf_minus_madry,1.5625
thubenchmark,conformer,rpcf_at,cw,subset_n512,30,robust,46,tnp_minus_same_subset_raw,17.1875
thubenchmark,tcnet,madry,autoattack,subset_n512,25,clean,42,tnp_minus_same_subset_raw,-6.0546875
thubenchmark,tcnet,madry,autoattack,subset_n512,25,robust,42,tnp_minus_same_subset_raw,15.0390625
thubenchmark,tcnet,madry,autoattack,subset_n512,30,clean,42,tnp_minus_same_subset_raw,-6.0546875
thubenchmark,tcnet,madry,autoattack,subset_n512,30,robust,42,tnp_minus_same_subset_raw,10.9375
thubenchmark,tcnet,madry,fgsm,subset_n512,25,clean,42,tnp_minus_same_subset_raw,-6.0546875
thubenchmark,tcnet,madry,fgsm,subset_n512,25,robust,42,tnp_minus_same_subset_raw,3.3203125
thubenchmark,tcnet,madry,fgsm,subset_n512,30,clean,42,tnp_minus_same_subset_raw,-6.0546875
thubenchmark,tcnet,madry,fgsm,subset_n512,30,robust,42,tnp_minus_same_subset_raw,1.171875
thubenchmark,tcnet,madry,pgd,subset_n512,25,clean,42,tnp_minus_same_subset_raw,-6.0546875
thubenchmark,tcnet,madry,pgd,subset_n512,25,robust,42,tnp_minus_same_subset_raw,5.859375
thubenchmark,tcnet,madry,pgd,subset_n512,30,clean,42,tnp_minus_same_subset_raw,-6.0546875
thubenchmark,tcnet,madry,pgd,subset_n512,30,robust,42,tnp_minus_same_subset_raw,5.6640625
thubenchmark,tcnet,madry,cw,subset_n512,25,clean,42,tnp_minus_same_subset_raw,-6.0546875
thubenchmark,tcnet,madry,cw,subset_n512,25,robust,42,tnp_minus_same_subset_raw,6.640625
thubenchmark,tcnet,madry,cw,subset_n512,30,clean,42,tnp_minus_same_subset_raw,-6.0546875
thubenchmark,tcnet,madry,cw,subset_n512,30,robust,42,tnp_minus_same_subset_raw,3.515625
thubenchmark,tcnet,rpcf_at,autoattack,subset_n512,raw,clean,42,rpcf_minus_madry,1.953125
thubenchmark,tcnet,rpcf_at,autoattack,subset_n512,raw,robust,42,rpcf_minus_madry,0.78125
thubenchmark,tcnet,rpcf_at,autoattack,subset_n512,25,clean,42,rpcf_minus_madry,1.7578125
thubenchmark,tcnet,rpcf_at,autoattack,subset_n512,25,clean,42,tnp_minus_same_subset_raw,-6.25
thubenchmark,tcnet,rpcf_at,autoattack,subset_n512,25,robust,42,rpcf_minus_madry,3.515625
thubenchmark,tcnet,rpcf_at,autoattack,subset_n512,25,robust,42,tnp_minus_same_subset_raw,17.7734375
thubenchmark,tcnet,rpcf_at,autoattack,subset_n512,30,clean,42,rpcf_minus_madry,3.7109375
thubenchmark,tcnet,rpcf_at,autoattack,subset_n512,30,clean,42,tnp_minus_same_subset_raw,-4.296875
thubenchmark,tcnet,rpcf_at,autoattack,subset_n512,30,robust,42,rpcf_minus_madry,6.8359375
thubenchmark,tcnet,rpcf_at,autoattack,subset_n512,30,robust,42,tnp_minus_same_subset_raw,16.9921875
thubenchmark,tcnet,rpcf_at,fgsm,subset_n512,raw,clean,42,rpcf_minus_madry,1.953125
thubenchmark,tcnet,rpcf_at,fgsm,subset_n512,raw,robust,42,rpcf_minus_madry,0.78125
thubenchmark,tcnet,rpcf_at,fgsm,subset_n512,25,clean,42,rpcf_minus_madry,1.7578125
thubenchmark,tcnet,rpcf_at,fgsm,subset_n512,25,clean,42,tnp_minus_same_subset_raw,-6.25
thubenchmark,tcnet,rpcf_at,fgsm,subset_n512,25,robust,42,rpcf_minus_madry,3.7109375
thubenchmark,tcnet,rpcf_at,fgsm,subset_n512,25,robust,42,tnp_minus_same_subset_raw,6.25
thubenchmark,tcnet,rpcf_at,fgsm,subset_n512,30,clean,42,rpcf_minus_madry,3.7109375
thubenchmark,tcnet,rpcf_at,fgsm,subset_n512,30,clean,42,tnp_minus_same_subset_raw,-4.296875
thubenchmark,tcnet,rpcf_at,fgsm,subset_n512,30,robust,42,rpcf_minus_madry,6.0546875
thubenchmark,tcnet,rpcf_at,fgsm,subset_n512,30,robust,42,tnp_minus_same_subset_raw,6.4453125
thubenchmark,tcnet,rpcf_at,pgd,subset_n512,raw,clean,42,rpcf_minus_madry,1.953125
thubenchmark,tcnet,rpcf_at,pgd,subset_n512,raw,robust,42,rpcf_minus_madry,-0.5859375
thubenchmark,tcnet,rpcf_at,pgd,subset_n512,25,clean,42,rpcf_minus_madry,1.7578125
thubenchmark,tcnet,rpcf_at,pgd,subset_n512,25,clean,42,tnp_minus_same_subset_raw,-6.25
thubenchmark,tcnet,rpcf_at,pgd,subset_n512,25,robust,42,rpcf_minus_madry,5.2734375
thubenchmark,tcnet,rpcf_at,pgd,subset_n512,25,robust,42,tnp_minus_same_subset_raw,11.71875
thubenchmark,tcnet,rpcf_at,pgd,subset_n512,30,clean,42,rpcf_minus_madry,3.7109375
thubenchmark,tcnet,rpcf_at,pgd,subset_n512,30,clean,42,tnp_minus_same_subset_raw,-4.296875
thubenchmark,tcnet,rpcf_at,pgd,subset_n512,30,robust,42,rpcf_minus_madry,5.6640625
thubenchmark,tcnet,rpcf_at,pgd,subset_n512,30,robust,42,tnp_minus_same_subset_raw,11.9140625
thubenchmark,tcnet,rpcf_at,cw,subset_n512,raw,clean,42,rpcf_minus_madry,1.953125
thubenchmark,tcnet,rpcf_at,cw,subset_n512,raw,robust,42,rpcf_minus_madry,0.390625
thubenchmark,tcnet,rpcf_at,cw,subset_n512,25,clean,42,rpcf_minus_madry,1.7578125
thubenchmark,tcnet,rpcf_at,cw,subset_n512,25,clean,42,tnp_minus_same_subset_raw,-6.25
thubenchmark,tcnet,rpcf_at,cw,subset_n512,25,robust,42,rpcf_minus_madry,-1.7578125
thubenchmark,tcnet,rpcf_at,cw,subset_n512,25,robust,42,tnp_minus_same_subset_raw,4.4921875
thubenchmark,tcnet,rpcf_at,cw,subset_n512,30,clean,42,rpcf_minus_madry,3.7109375
thubenchmark,tcnet,rpcf_at,cw,subset_n512,30,clean,42,tnp_minus_same_subset_raw,-4.296875
thubenchmark,tcnet,rpcf_at,cw,subset_n512,30,robust,42,rpcf_minus_madry,-0.1953125
thubenchmark,tcnet,rpcf_at,cw,subset_n512,30,robust,42,tnp_minus_same_subset_raw,2.9296875
thubenchmark,tcnet,madry,autoattack,subset_n512,25,clean,43,tnp_minus_same_subset_raw,-4.4921875
thubenchmark,tcnet,madry,autoattack,subset_n512,25,robust,43,tnp_minus_same_subset_raw,17.7734375
thubenchmark,tcnet,madry,autoattack,subset_n512,30,clean,43,tnp_minus_same_subset_raw,-3.90625
thubenchmark,tcnet,madry,autoattack,subset_n512,30,robust,43,tnp_minus_same_subset_raw,13.4765625
thubenchmark,tcnet,madry,fgsm,subset_n512,25,clean,43,tnp_minus_same_subset_raw,-4.4921875
thubenchmark,tcnet,madry,fgsm,subset_n512,25,robust,43,tnp_minus_same_subset_raw,2.734375
thubenchmark,tcnet,madry,fgsm,subset_n512,30,clean,43,tnp_minus_same_subset_raw,-3.90625
thubenchmark,tcnet,madry,fgsm,subset_n512,30,robust,43,tnp_minus_same_subset_raw,2.734375
thubenchmark,tcnet,madry,pgd,subset_n512,25,clean,43,tnp_minus_same_subset_raw,-4.4921875
thubenchmark,tcnet,madry,pgd,subset_n512,25,robust,43,tnp_minus_same_subset_raw,6.0546875
thubenchmark,tcnet,madry,pgd,subset_n512,30,clean,43,tnp_minus_same_subset_raw,-3.90625
thubenchmark,tcnet,madry,pgd,subset_n512,30,robust,43,tnp_minus_same_subset_raw,4.296875
thubenchmark,tcnet,madry,cw,subset_n512,25,clean,43,tnp_minus_same_subset_raw,-4.4921875
thubenchmark,tcnet,madry,cw,subset_n512,25,robust,43,tnp_minus_same_subset_raw,5.6640625
thubenchmark,tcnet,madry,cw,subset_n512,30,clean,43,tnp_minus_same_subset_raw,-3.90625
thubenchmark,tcnet,madry,cw,subset_n512,30,robust,43,tnp_minus_same_subset_raw,2.5390625
thubenchmark,tcnet,rpcf_at,autoattack,subset_n512,raw,clean,43,rpcf_minus_madry,-0.9765625
thubenchmark,tcnet,rpcf_at,autoattack,subset_n512,raw,robust,43,rpcf_minus_madry,1.953125
thubenchmark,tcnet,rpcf_at,autoattack,subset_n512,25,clean,43,rpcf_minus_madry,-0.1953125
thubenchmark,tcnet,rpcf_at,autoattack,subset_n512,25,clean,43,tnp_minus_same_subset_raw,-3.7109375
thubenchmark,tcnet,rpcf_at,autoattack,subset_n512,25,robust,43,rpcf_minus_madry,2.9296875
thubenchmark,tcnet,rpcf_at,autoattack,subset_n512,25,robust,43,tnp_minus_same_subset_raw,18.75
thubenchmark,tcnet,rpcf_at,autoattack,subset_n512,30,clean,43,rpcf_minus_madry,0.390625
thubenchmark,tcnet,rpcf_at,autoattack,subset_n512,30,clean,43,tnp_minus_same_subset_raw,-2.5390625
thubenchmark,tcnet,rpcf_at,autoattack,subset_n512,30,robust,43,rpcf_minus_madry,6.640625
thubenchmark,tcnet,rpcf_at,autoattack,subset_n512,30,robust,43,tnp_minus_same_subset_raw,18.1640625
thubenchmark,tcnet,rpcf_at,fgsm,subset_n512,raw,clean,43,rpcf_minus_madry,-0.9765625
thubenchmark,tcnet,rpcf_at,fgsm,subset_n512,raw,robust,43,rpcf_minus_madry,0.1953125
thubenchmark,tcnet,rpcf_at,fgsm,subset_n512,25,clean,43,rpcf_minus_madry,-0.1953125
thubenchmark,tcnet,rpcf_at,fgsm,subset_n512,25,clean,43,tnp_minus_same_subset_raw,-3.7109375
thubenchmark,tcnet,rpcf_at,fgsm,subset_n512,25,robust,43,rpcf_minus_madry,4.4921875
thubenchmark,tcnet,rpcf_at,fgsm,subset_n512,25,robust,43,tnp_minus_same_subset_raw,7.03125
thubenchmark,tcnet,rpcf_at,fgsm,subset_n512,30,clean,43,rpcf_minus_madry,0.390625
thubenchmark,tcnet,rpcf_at,fgsm,subset_n512,30,clean,43,tnp_minus_same_subset_raw,-2.5390625
thubenchmark,tcnet,rpcf_at,fgsm,subset_n512,30,robust,43,rpcf_minus_madry,4.296875
thubenchmark,tcnet,rpcf_at,fgsm,subset_n512,30,robust,43,tnp_minus_same_subset_raw,6.8359375
thubenchmark,tcnet,rpcf_at,pgd,subset_n512,raw,clean,43,rpcf_minus_madry,-0.9765625
thubenchmark,tcnet,rpcf_at,pgd,subset_n512,raw,robust,43,rpcf_minus_madry,-1.3671875
thubenchmark,tcnet,rpcf_at,pgd,subset_n512,25,clean,43,rpcf_minus_madry,-0.1953125
thubenchmark,tcnet,rpcf_at,pgd,subset_n512,25,clean,43,tnp_minus_same_subset_raw,-3.7109375
thubenchmark,tcnet,rpcf_at,pgd,subset_n512,25,robust,43,rpcf_minus_madry,3.3203125
thubenchmark,tcnet,rpcf_at,pgd,subset_n512,25,robust,43,tnp_minus_same_subset_raw,10.7421875
thubenchmark,tcnet,rpcf_at,pgd,subset_n512,30,clean,43,rpcf_minus_madry,0.390625
thubenchmark,tcnet,rpcf_at,pgd,subset_n512,30,clean,43,tnp_minus_same_subset_raw,-2.5390625
thubenchmark,tcnet,rpcf_at,pgd,subset_n512,30,robust,43,rpcf_minus_madry,5.078125
thubenchmark,tcnet,rpcf_at,pgd,subset_n512,30,robust,43,tnp_minus_same_subset_raw,10.7421875
thubenchmark,tcnet,rpcf_at,cw,subset_n512,raw,clean,43,rpcf_minus_madry,-0.9765625
thubenchmark,tcnet,rpcf_at,cw,subset_n512,raw,robust,43,rpcf_minus_madry,-0.78125
thubenchmark,tcnet,rpcf_at,cw,subset_n512,25,clean,43,rpcf_minus_madry,-0.1953125
thubenchmark,tcnet,rpcf_at,cw,subset_n512,25,clean,43,tnp_minus_same_subset_raw,-3.7109375
thubenchmark,tcnet,rpcf_at,cw,subset_n512,25,robust,43,rpcf_minus_madry,-1.3671875
thubenchmark,tcnet,rpcf_at,cw,subset_n512,25,robust,43,tnp_minus_same_subset_raw,5.078125
thubenchmark,tcnet,rpcf_at,cw,subset_n512,30,clean,43,rpcf_minus_madry,0.390625
thubenchmark,tcnet,rpcf_at,cw,subset_n512,30,clean,43,tnp_minus_same_subset_raw,-2.5390625
thubenchmark,tcnet,rpcf_at,cw,subset_n512,30,robust,43,rpcf_minus_madry,-0.5859375
thubenchmark,tcnet,rpcf_at,cw,subset_n512,30,robust,43,tnp_minus_same_subset_raw,2.734375
thubenchmark,tcnet,madry,autoattack,subset_n512,25,clean,44,tnp_minus_same_subset_raw,-5.2734375
thubenchmark,tcnet,madry,autoattack,subset_n512,25,robust,44,tnp_minus_same_subset_raw,15.0390625
thubenchmark,tcnet,madry,autoattack,subset_n512,30,clean,44,tnp_minus_same_subset_raw,-4.1015625
thubenchmark,tcnet,madry,autoattack,subset_n512,30,robust,44,tnp_minus_same_subset_raw,11.71875
thubenchmark,tcnet,madry,fgsm,subset_n512,25,clean,44,tnp_minus_same_subset_raw,-5.2734375
thubenchmark,tcnet,madry,fgsm,subset_n512,25,robust,44,tnp_minus_same_subset_raw,2.1484375
thubenchmark,tcnet,madry,fgsm,subset_n512,30,clean,44,tnp_minus_same_subset_raw,-4.1015625
thubenchmark,tcnet,madry,fgsm,subset_n512,30,robust,44,tnp_minus_same_subset_raw,3.90625
thubenchmark,tcnet,madry,pgd,subset_n512,25,clean,44,tnp_minus_same_subset_raw,-5.2734375
thubenchmark,tcnet,madry,pgd,subset_n512,25,robust,44,tnp_minus_same_subset_raw,6.640625
thubenchmark,tcnet,madry,pgd,subset_n512,30,clean,44,tnp_minus_same_subset_raw,-4.1015625
thubenchmark,tcnet,madry,pgd,subset_n512,30,robust,44,tnp_minus_same_subset_raw,4.296875
thubenchmark,tcnet,madry,cw,subset_n512,25,clean,44,tnp_minus_same_subset_raw,-5.2734375
thubenchmark,tcnet,madry,cw,subset_n512,25,robust,44,tnp_minus_same_subset_raw,5.46875
thubenchmark,tcnet,madry,cw,subset_n512,30,clean,44,tnp_minus_same_subset_raw,-4.1015625
thubenchmark,tcnet,madry,cw,subset_n512,30,robust,44,tnp_minus_same_subset_raw,1.953125
thubenchmark,tcnet,rpcf_at,autoattack,subset_n512,raw,clean,44,rpcf_minus_madry,0.78125
thubenchmark,tcnet,rpcf_at,autoattack,subset_n512,raw,robust,44,rpcf_minus_madry,0.1953125
thubenchmark,tcnet,rpcf_at,autoattack,subset_n512,25,clean,44,rpcf_minus_madry,0.0
thubenchmark,tcnet,rpcf_at,autoattack,subset_n512,25,clean,44,tnp_minus_same_subset_raw,-6.0546875
thubenchmark,tcnet,rpcf_at,autoattack,subset_n512,25,robust,44,rpcf_minus_madry,0.9765625
thubenchmark,tcnet,rpcf_at,autoattack,subset_n512,25,robust,44,tnp_minus_same_subset_raw,15.8203125
thubenchmark,tcnet,rpcf_at,autoattack,subset_n512,30,clean,44,rpcf_minus_madry,0.390625
thubenchmark,tcnet,rpcf_at,autoattack,subset_n512,30,clean,44,tnp_minus_same_subset_raw,-4.4921875
thubenchmark,tcnet,rpcf_at,autoattack,subset_n512,30,robust,44,rpcf_minus_madry,0.0
thubenchmark,tcnet,rpcf_at,autoattack,subset_n512,30,robust,44,tnp_minus_same_subset_raw,11.5234375
thubenchmark,tcnet,rpcf_at,fgsm,subset_n512,raw,clean,44,rpcf_minus_madry,0.78125
thubenchmark,tcnet,rpcf_at,fgsm,subset_n512,raw,robust,44,rpcf_minus_madry,2.34375
thubenchmark,tcnet,rpcf_at,fgsm,subset_n512,25,clean,44,rpcf_minus_madry,0.0
thubenchmark,tcnet,rpcf_at,fgsm,subset_n512,25,clean,44,tnp_minus_same_subset_raw,-6.0546875
thubenchmark,tcnet,rpcf_at,fgsm,subset_n512,25,robust,44,rpcf_minus_madry,2.34375
thubenchmark,tcnet,rpcf_at,fgsm,subset_n512,25,robust,44,tnp_minus_same_subset_raw,2.1484375
thubenchmark,tcnet,rpcf_at,fgsm,subset_n512,30,clean,44,rpcf_minus_madry,0.390625
thubenchmark,tcnet,rpcf_at,fgsm,subset_n512,30,clean,44,tnp_minus_same_subset_raw,-4.4921875
thubenchmark,tcnet,rpcf_at,fgsm,subset_n512,30,robust,44,rpcf_minus_madry,-0.5859375
thubenchmark,tcnet,rpcf_at,fgsm,subset_n512,30,robust,44,tnp_minus_same_subset_raw,0.9765625
thubenchmark,tcnet,rpcf_at,pgd,subset_n512,raw,clean,44,rpcf_minus_madry,0.78125
thubenchmark,tcnet,rpcf_at,pgd,subset_n512,raw,robust,44,rpcf_minus_madry,0.1953125
thubenchmark,tcnet,rpcf_at,pgd,subset_n512,25,clean,44,rpcf_minus_madry,0.0
thubenchmark,tcnet,rpcf_at,pgd,subset_n512,25,clean,44,tnp_minus_same_subset_raw,-6.0546875
thubenchmark,tcnet,rpcf_at,pgd,subset_n512,25,robust,44,rpcf_minus_madry,-1.7578125
thubenchmark,tcnet,rpcf_at,pgd,subset_n512,25,robust,44,tnp_minus_same_subset_raw,4.6875
thubenchmark,tcnet,rpcf_at,pgd,subset_n512,30,clean,44,rpcf_minus_madry,0.390625
thubenchmark,tcnet,rpcf_at,pgd,subset_n512,30,clean,44,tnp_minus_same_subset_raw,-4.4921875
thubenchmark,tcnet,rpcf_at,pgd,subset_n512,30,robust,44,rpcf_minus_madry,0.0
thubenchmark,tcnet,rpcf_at,pgd,subset_n512,30,robust,44,tnp_minus_same_subset_raw,4.1015625
thubenchmark,tcnet,rpcf_at,cw,subset_n512,raw,clean,44,rpcf_minus_madry,0.78125
thubenchmark,tcnet,rpcf_at,cw,subset_n512,raw,robust,44,rpcf_minus_madry,0.78125
thubenchmark,tcnet,rpcf_at,cw,subset_n512,25,clean,44,rpcf_minus_madry,0.0
thubenchmark,tcnet,rpcf_at,cw,subset_n512,25,clean,44,tnp_minus_same_subset_raw,-6.0546875
thubenchmark,tcnet,rpcf_at,cw,subset_n512,25,robust,44,rpcf_minus_madry,-0.1953125
thubenchmark,tcnet,rpcf_at,cw,subset_n512,25,robust,44,tnp_minus_same_subset_raw,4.4921875
thubenchmark,tcnet,rpcf_at,cw,subset_n512,30,clean,44,rpcf_minus_madry,0.390625
thubenchmark,tcnet,rpcf_at,cw,subset_n512,30,clean,44,tnp_minus_same_subset_raw,-4.4921875
thubenchmark,tcnet,rpcf_at,cw,subset_n512,30,robust,44,rpcf_minus_madry,0.390625
thubenchmark,tcnet,rpcf_at,cw,subset_n512,30,robust,44,tnp_minus_same_subset_raw,1.5625
thubenchmark,tcnet,madry,autoattack,subset_n512,25,clean,45,tnp_minus_same_subset_raw,-6.0546875
thubenchmark,tcnet,madry,autoattack,subset_n512,25,robust,45,tnp_minus_same_subset_raw,18.9453125
thubenchmark,tcnet,madry,autoattack,subset_n512,30,clean,45,tnp_minus_same_subset_raw,-5.46875
thubenchmark,tcnet,madry,autoattack,subset_n512,30,robust,45,tnp_minus_same_subset_raw,16.40625
thubenchmark,tcnet,madry,fgsm,subset_n512,25,clean,45,tnp_minus_same_subset_raw,-6.0546875
thubenchmark,tcnet,madry,fgsm,subset_n512,25,robust,45,tnp_minus_same_subset_raw,3.125
thubenchmark,tcnet,madry,fgsm,subset_n512,30,clean,45,tnp_minus_same_subset_raw,-5.46875
thubenchmark,tcnet,madry,fgsm,subset_n512,30,robust,45,tnp_minus_same_subset_raw,4.296875
thubenchmark,tcnet,madry,pgd,subset_n512,25,clean,45,tnp_minus_same_subset_raw,-6.0546875
thubenchmark,tcnet,madry,pgd,subset_n512,25,robust,45,tnp_minus_same_subset_raw,6.640625
thubenchmark,tcnet,madry,pgd,subset_n512,30,clean,45,tnp_minus_same_subset_raw,-5.46875
thubenchmark,tcnet,madry,pgd,subset_n512,30,robust,45,tnp_minus_same_subset_raw,7.03125
thubenchmark,tcnet,madry,cw,subset_n512,25,clean,45,tnp_minus_same_subset_raw,-6.0546875
thubenchmark,tcnet,madry,cw,subset_n512,25,robust,45,tnp_minus_same_subset_raw,4.1015625
thubenchmark,tcnet,madry,cw,subset_n512,30,clean,45,tnp_minus_same_subset_raw,-5.46875
thubenchmark,tcnet,madry,cw,subset_n512,30,robust,45,tnp_minus_same_subset_raw,2.1484375
thubenchmark,tcnet,rpcf_at,autoattack,subset_n512,raw,clean,45,rpcf_minus_madry,-1.171875
thubenchmark,tcnet,rpcf_at,autoattack,subset_n512,raw,robust,45,rpcf_minus_madry,2.9296875
thubenchmark,tcnet,rpcf_at,autoattack,subset_n512,25,clean,45,rpcf_minus_madry,0.0
thubenchmark,tcnet,rpcf_at,autoattack,subset_n512,25,clean,45,tnp_minus_same_subset_raw,-4.8828125
thubenchmark,tcnet,rpcf_at,autoattack,subset_n512,25,robust,45,rpcf_minus_madry,0.390625
thubenchmark,tcnet,rpcf_at,autoattack,subset_n512,25,robust,45,tnp_minus_same_subset_raw,16.40625
thubenchmark,tcnet,rpcf_at,autoattack,subset_n512,30,clean,45,rpcf_minus_madry,-0.1953125
thubenchmark,tcnet,rpcf_at,autoattack,subset_n512,30,clean,45,tnp_minus_same_subset_raw,-4.4921875
thubenchmark,tcnet,rpcf_at,autoattack,subset_n512,30,robust,45,rpcf_minus_madry,1.3671875
thubenchmark,tcnet,rpcf_at,autoattack,subset_n512,30,robust,45,tnp_minus_same_subset_raw,14.84375
thubenchmark,tcnet,rpcf_at,fgsm,subset_n512,raw,clean,45,rpcf_minus_madry,-1.171875
thubenchmark,tcnet,rpcf_at,fgsm,subset_n512,raw,robust,45,rpcf_minus_madry,0.390625
thubenchmark,tcnet,rpcf_at,fgsm,subset_n512,25,clean,45,rpcf_minus_madry,0.0
thubenchmark,tcnet,rpcf_at,fgsm,subset_n512,25,clean,45,tnp_minus_same_subset_raw,-4.8828125
thubenchmark,tcnet,rpcf_at,fgsm,subset_n512,25,robust,45,rpcf_minus_madry,2.5390625
thubenchmark,tcnet,rpcf_at,fgsm,subset_n512,25,robust,45,tnp_minus_same_subset_raw,5.2734375
thubenchmark,tcnet,rpcf_at,fgsm,subset_n512,30,clean,45,rpcf_minus_madry,-0.1953125
thubenchmark,tcnet,rpcf_at,fgsm,subset_n512,30,clean,45,tnp_minus_same_subset_raw,-4.4921875
thubenchmark,tcnet,rpcf_at,fgsm,subset_n512,30,robust,45,rpcf_minus_madry,1.5625
thubenchmark,tcnet,rpcf_at,fgsm,subset_n512,30,robust,45,tnp_minus_same_subset_raw,5.46875
thubenchmark,tcnet,rpcf_at,pgd,subset_n512,raw,clean,45,rpcf_minus_madry,-1.171875
thubenchmark,tcnet,rpcf_at,pgd,subset_n512,raw,robust,45,rpcf_minus_madry,2.5390625
thubenchmark,tcnet,rpcf_at,pgd,subset_n512,25,clean,45,rpcf_minus_madry,0.0
thubenchmark,tcnet,rpcf_at,pgd,subset_n512,25,clean,45,tnp_minus_same_subset_raw,-4.8828125
thubenchmark,tcnet,rpcf_at,pgd,subset_n512,25,robust,45,rpcf_minus_madry,5.2734375
thubenchmark,tcnet,rpcf_at,pgd,subset_n512,25,robust,45,tnp_minus_same_subset_raw,9.375
thubenchmark,tcnet,rpcf_at,pgd,subset_n512,30,clean,45,rpcf_minus_madry,-0.1953125
thubenchmark,tcnet,rpcf_at,pgd,subset_n512,30,clean,45,tnp_minus_same_subset_raw,-4.4921875
thubenchmark,tcnet,rpcf_at,pgd,subset_n512,30,robust,45,rpcf_minus_madry,2.5390625
thubenchmark,tcnet,rpcf_at,pgd,subset_n512,30,robust,45,tnp_minus_same_subset_raw,7.03125
thubenchmark,tcnet,rpcf_at,cw,subset_n512,raw,clean,45,rpcf_minus_madry,-1.171875
thubenchmark,tcnet,rpcf_at,cw,subset_n512,raw,robust,45,rpcf_minus_madry,-0.5859375
thubenchmark,tcnet,rpcf_at,cw,subset_n512,25,clean,45,rpcf_minus_madry,0.0
thubenchmark,tcnet,rpcf_at,cw,subset_n512,25,clean,45,tnp_minus_same_subset_raw,-4.8828125
thubenchmark,tcnet,rpcf_at,cw,subset_n512,25,robust,45,rpcf_minus_madry,-0.1953125
thubenchmark,tcnet,rpcf_at,cw,subset_n512,25,robust,45,tnp_minus_same_subset_raw,4.4921875
thubenchmark,tcnet,rpcf_at,cw,subset_n512,30,clean,45,rpcf_minus_madry,-0.1953125
thubenchmark,tcnet,rpcf_at,cw,subset_n512,30,clean,45,tnp_minus_same_subset_raw,-4.4921875
thubenchmark,tcnet,rpcf_at,cw,subset_n512,30,robust,45,rpcf_minus_madry,-0.390625
thubenchmark,tcnet,rpcf_at,cw,subset_n512,30,robust,45,tnp_minus_same_subset_raw,2.34375
thubenchmark,tcnet,madry,autoattack,subset_n512,25,clean,46,tnp_minus_same_subset_raw,-6.4453125
thubenchmark,tcnet,madry,autoattack,subset_n512,25,robust,46,tnp_minus_same_subset_raw,17.1875
thubenchmark,tcnet,madry,autoattack,subset_n512,30,clean,46,tnp_minus_same_subset_raw,-4.6875
thubenchmark,tcnet,madry,autoattack,subset_n512,30,robust,46,tnp_minus_same_subset_raw,15.625
thubenchmark,tcnet,madry,fgsm,subset_n512,25,clean,46,tnp_minus_same_subset_raw,-6.4453125
thubenchmark,tcnet,madry,fgsm,subset_n512,25,robust,46,tnp_minus_same_subset_raw,3.125
thubenchmark,tcnet,madry,fgsm,subset_n512,30,clean,46,tnp_minus_same_subset_raw,-4.6875
thubenchmark,tcnet,madry,fgsm,subset_n512,30,robust,46,tnp_minus_same_subset_raw,3.7109375
thubenchmark,tcnet,madry,pgd,subset_n512,25,clean,46,tnp_minus_same_subset_raw,-6.4453125
thubenchmark,tcnet,madry,pgd,subset_n512,25,robust,46,tnp_minus_same_subset_raw,6.8359375
thubenchmark,tcnet,madry,pgd,subset_n512,30,clean,46,tnp_minus_same_subset_raw,-4.6875
thubenchmark,tcnet,madry,pgd,subset_n512,30,robust,46,tnp_minus_same_subset_raw,6.25
thubenchmark,tcnet,madry,cw,subset_n512,25,clean,46,tnp_minus_same_subset_raw,-6.4453125
thubenchmark,tcnet,madry,cw,subset_n512,25,robust,46,tnp_minus_same_subset_raw,4.8828125
thubenchmark,tcnet,madry,cw,subset_n512,30,clean,46,tnp_minus_same_subset_raw,-4.6875
thubenchmark,tcnet,madry,cw,subset_n512,30,robust,46,tnp_minus_same_subset_raw,3.7109375
thubenchmark,tcnet,rpcf_at,autoattack,subset_n512,raw,clean,46,rpcf_minus_madry,0.1953125
thubenchmark,tcnet,rpcf_at,autoattack,subset_n512,raw,robust,46,rpcf_minus_madry,-0.9765625
thubenchmark,tcnet,rpcf_at,autoattack,subset_n512,25,clean,46,rpcf_minus_madry,0.5859375
thubenchmark,tcnet,rpcf_at,autoattack,subset_n512,25,clean,46,tnp_minus_same_subset_raw,-6.0546875
thubenchmark,tcnet,rpcf_at,autoattack,subset_n512,25,robust,46,rpcf_minus_madry,-0.1953125
thubenchmark,tcnet,rpcf_at,autoattack,subset_n512,25,robust,46,tnp_minus_same_subset_raw,17.96875
thubenchmark,tcnet,rpcf_at,autoattack,subset_n512,30,clean,46,rpcf_minus_madry,0.78125
thubenchmark,tcnet,rpcf_at,autoattack,subset_n512,30,clean,46,tnp_minus_same_subset_raw,-4.1015625
thubenchmark,tcnet,rpcf_at,autoattack,subset_n512,30,robust,46,rpcf_minus_madry,-0.1953125
thubenchmark,tcnet,rpcf_at,autoattack,subset_n512,30,robust,46,tnp_minus_same_subset_raw,16.40625
thubenchmark,tcnet,rpcf_at,fgsm,subset_n512,raw,clean,46,rpcf_minus_madry,0.1953125
thubenchmark,tcnet,rpcf_at,fgsm,subset_n512,raw,robust,46,rpcf_minus_madry,-0.9765625
thubenchmark,tcnet,rpcf_at,fgsm,subset_n512,25,clean,46,rpcf_minus_madry,0.5859375
thubenchmark,tcnet,rpcf_at,fgsm,subset_n512,25,clean,46,tnp_minus_same_subset_raw,-6.0546875
thubenchmark,tcnet,rpcf_at,fgsm,subset_n512,25,robust,46,rpcf_minus_madry,1.5625
thubenchmark,tcnet,rpcf_at,fgsm,subset_n512,25,robust,46,tnp_minus_same_subset_raw,5.6640625
thubenchmark,tcnet,rpcf_at,fgsm,subset_n512,30,clean,46,rpcf_minus_madry,0.78125
thubenchmark,tcnet,rpcf_at,fgsm,subset_n512,30,clean,46,tnp_minus_same_subset_raw,-4.1015625
thubenchmark,tcnet,rpcf_at,fgsm,subset_n512,30,robust,46,rpcf_minus_madry,-0.1953125
thubenchmark,tcnet,rpcf_at,fgsm,subset_n512,30,robust,46,tnp_minus_same_subset_raw,4.4921875
thubenchmark,tcnet,rpcf_at,pgd,subset_n512,raw,clean,46,rpcf_minus_madry,0.1953125
thubenchmark,tcnet,rpcf_at,pgd,subset_n512,raw,robust,46,rpcf_minus_madry,-2.34375
thubenchmark,tcnet,rpcf_at,pgd,subset_n512,25,clean,46,rpcf_minus_madry,0.5859375
thubenchmark,tcnet,rpcf_at,pgd,subset_n512,25,clean,46,tnp_minus_same_subset_raw,-6.0546875
thubenchmark,tcnet,rpcf_at,pgd,subset_n512,25,robust,46,rpcf_minus_madry,0.5859375
thubenchmark,tcnet,rpcf_at,pgd,subset_n512,25,robust,46,tnp_minus_same_subset_raw,9.765625
thubenchmark,tcnet,rpcf_at,pgd,subset_n512,30,clean,46,rpcf_minus_madry,0.78125
thubenchmark,tcnet,rpcf_at,pgd,subset_n512,30,clean,46,tnp_minus_same_subset_raw,-4.1015625
thubenchmark,tcnet,rpcf_at,pgd,subset_n512,30,robust,46,rpcf_minus_madry,-0.1953125
thubenchmark,tcnet,rpcf_at,pgd,subset_n512,30,robust,46,tnp_minus_same_subset_raw,8.3984375
thubenchmark,tcnet,rpcf_at,cw,subset_n512,raw,clean,46,rpcf_minus_madry,0.1953125
thubenchmark,tcnet,rpcf_at,cw,subset_n512,raw,robust,46,rpcf_minus_madry,0.1953125
thubenchmark,tcnet,rpcf_at,cw,subset_n512,25,clean,46,rpcf_minus_madry,0.5859375
thubenchmark,tcnet,rpcf_at,cw,subset_n512,25,clean,46,tnp_minus_same_subset_raw,-6.0546875
thubenchmark,tcnet,rpcf_at,cw,subset_n512,25,robust,46,rpcf_minus_madry,0.5859375
thubenchmark,tcnet,rpcf_at,cw,subset_n512,25,robust,46,tnp_minus_same_subset_raw,5.2734375
thubenchmark,tcnet,rpcf_at,cw,subset_n512,30,clean,46,rpcf_minus_madry,0.78125
thubenchmark,tcnet,rpcf_at,cw,subset_n512,30,clean,46,tnp_minus_same_subset_raw,-4.1015625
thubenchmark,tcnet,rpcf_at,cw,subset_n512,30,robust,46,rpcf_minus_madry,-2.1484375
thubenchmark,tcnet,rpcf_at,cw,subset_n512,30,robust,46,tnp_minus_same_subset_raw,1.3671875
seediv,eegnet,madry,autoattack,subset_n512,25,clean,42,tnp_minus_same_subset_raw,-0.9765625
seediv,eegnet,madry,autoattack,subset_n512,25,robust,42,tnp_minus_same_subset_raw,5.078125
seediv,eegnet,madry,autoattack,subset_n512,30,clean,42,tnp_minus_same_subset_raw,-0.78125
seediv,eegnet,madry,autoattack,subset_n512,30,robust,42,tnp_minus_same_subset_raw,4.4921875
seediv,eegnet,madry,fgsm,subset_n512,25,clean,42,tnp_minus_same_subset_raw,-0.9765625
seediv,eegnet,madry,fgsm,subset_n512,25,robust,42,tnp_minus_same_subset_raw,0.5859375
seediv,eegnet,madry,fgsm,subset_n512,30,clean,42,tnp_minus_same_subset_raw,-0.78125
seediv,eegnet,madry,fgsm,subset_n512,30,robust,42,tnp_minus_same_subset_raw,0.0
seediv,eegnet,madry,pgd,subset_n512,25,clean,42,tnp_minus_same_subset_raw,-0.9765625
seediv,eegnet,madry,pgd,subset_n512,25,robust,42,tnp_minus_same_subset_raw,0.5859375
seediv,eegnet,madry,pgd,subset_n512,30,clean,42,tnp_minus_same_subset_raw,-0.78125
seediv,eegnet,madry,pgd,subset_n512,30,robust,42,tnp_minus_same_subset_raw,0.390625
seediv,eegnet,madry,cw,subset_n512,25,clean,42,tnp_minus_same_subset_raw,-0.9765625
seediv,eegnet,madry,cw,subset_n512,25,robust,42,tnp_minus_same_subset_raw,1.3671875
seediv,eegnet,madry,cw,subset_n512,30,clean,42,tnp_minus_same_subset_raw,-0.78125
seediv,eegnet,madry,cw,subset_n512,30,robust,42,tnp_minus_same_subset_raw,0.390625
seediv,eegnet,rpcf_at,autoattack,subset_n512,raw,clean,42,rpcf_minus_madry,1.953125
seediv,eegnet,rpcf_at,autoattack,subset_n512,raw,robust,42,rpcf_minus_madry,-0.5859375
seediv,eegnet,rpcf_at,autoattack,subset_n512,25,clean,42,rpcf_minus_madry,3.515625
seediv,eegnet,rpcf_at,autoattack,subset_n512,25,clean,42,tnp_minus_same_subset_raw,0.5859375
seediv,eegnet,rpcf_at,autoattack,subset_n512,25,robust,42,rpcf_minus_madry,1.7578125
seediv,eegnet,rpcf_at,autoattack,subset_n512,25,robust,42,tnp_minus_same_subset_raw,7.421875
seediv,eegnet,rpcf_at,autoattack,subset_n512,30,clean,42,rpcf_minus_madry,2.5390625
seediv,eegnet,rpcf_at,autoattack,subset_n512,30,clean,42,tnp_minus_same_subset_raw,-0.1953125
seediv,eegnet,rpcf_at,autoattack,subset_n512,30,robust,42,rpcf_minus_madry,1.3671875
seediv,eegnet,rpcf_at,autoattack,subset_n512,30,robust,42,tnp_minus_same_subset_raw,6.4453125
seediv,eegnet,rpcf_at,fgsm,subset_n512,raw,clean,42,rpcf_minus_madry,1.953125
seediv,eegnet,rpcf_at,fgsm,subset_n512,raw,robust,42,rpcf_minus_madry,-0.78125
seediv,eegnet,rpcf_at,fgsm,subset_n512,25,clean,42,rpcf_minus_madry,3.515625
seediv,eegnet,rpcf_at,fgsm,subset_n512,25,clean,42,tnp_minus_same_subset_raw,0.5859375
seediv,eegnet,rpcf_at,fgsm,subset_n512,25,robust,42,rpcf_minus_madry,-0.1953125
seediv,eegnet,rpcf_at,fgsm,subset_n512,25,robust,42,tnp_minus_same_subset_raw,1.171875
seediv,eegnet,rpcf_at,fgsm,subset_n512,30,clean,42,rpcf_minus_madry,2.5390625
seediv,eegnet,rpcf_at,fgsm,subset_n512,30,clean,42,tnp_minus_same_subset_raw,-0.1953125
seediv,eegnet,rpcf_at,fgsm,subset_n512,30,robust,42,rpcf_minus_madry,-0.390625
seediv,eegnet,rpcf_at,fgsm,subset_n512,30,robust,42,tnp_minus_same_subset_raw,0.390625
seediv,eegnet,rpcf_at,pgd,subset_n512,raw,clean,42,rpcf_minus_madry,1.953125
seediv,eegnet,rpcf_at,pgd,subset_n512,raw,robust,42,rpcf_minus_madry,-0.390625
seediv,eegnet,rpcf_at,pgd,subset_n512,25,clean,42,rpcf_minus_madry,3.515625
seediv,eegnet,rpcf_at,pgd,subset_n512,25,clean,42,tnp_minus_same_subset_raw,0.5859375
seediv,eegnet,rpcf_at,pgd,subset_n512,25,robust,42,rpcf_minus_madry,0.5859375
seediv,eegnet,rpcf_at,pgd,subset_n512,25,robust,42,tnp_minus_same_subset_raw,1.5625
seediv,eegnet,rpcf_at,pgd,subset_n512,30,clean,42,rpcf_minus_madry,2.5390625
seediv,eegnet,rpcf_at,pgd,subset_n512,30,clean,42,tnp_minus_same_subset_raw,-0.1953125
seediv,eegnet,rpcf_at,pgd,subset_n512,30,robust,42,rpcf_minus_madry,-0.390625
seediv,eegnet,rpcf_at,pgd,subset_n512,30,robust,42,tnp_minus_same_subset_raw,0.390625
seediv,eegnet,rpcf_at,cw,subset_n512,raw,clean,42,rpcf_minus_madry,1.953125
seediv,eegnet,rpcf_at,cw,subset_n512,raw,robust,42,rpcf_minus_madry,0.0
seediv,eegnet,rpcf_at,cw,subset_n512,25,clean,42,rpcf_minus_madry,3.515625
seediv,eegnet,rpcf_at,cw,subset_n512,25,clean,42,tnp_minus_same_subset_raw,0.5859375
seediv,eegnet,rpcf_at,cw,subset_n512,25,robust,42,rpcf_minus_madry,0.78125
seediv,eegnet,rpcf_at,cw,subset_n512,25,robust,42,tnp_minus_same_subset_raw,2.1484375
seediv,eegnet,rpcf_at,cw,subset_n512,30,clean,42,rpcf_minus_madry,2.5390625
seediv,eegnet,rpcf_at,cw,subset_n512,30,clean,42,tnp_minus_same_subset_raw,-0.1953125
seediv,eegnet,rpcf_at,cw,subset_n512,30,robust,42,rpcf_minus_madry,-0.1953125
seediv,eegnet,rpcf_at,cw,subset_n512,30,robust,42,tnp_minus_same_subset_raw,0.1953125
seediv,eegnet,madry,autoattack,subset_n512,25,clean,43,tnp_minus_same_subset_raw,-0.1953125
seediv,eegnet,madry,autoattack,subset_n512,25,robust,43,tnp_minus_same_subset_raw,6.8359375
seediv,eegnet,madry,autoattack,subset_n512,30,clean,43,tnp_minus_same_subset_raw,-0.5859375
seediv,eegnet,madry,autoattack,subset_n512,30,robust,43,tnp_minus_same_subset_raw,6.640625
seediv,eegnet,madry,fgsm,subset_n512,25,clean,43,tnp_minus_same_subset_raw,-0.1953125
seediv,eegnet,madry,fgsm,subset_n512,25,robust,43,tnp_minus_same_subset_raw,1.171875
seediv,eegnet,madry,fgsm,subset_n512,30,clean,43,tnp_minus_same_subset_raw,-0.5859375
seediv,eegnet,madry,fgsm,subset_n512,30,robust,43,tnp_minus_same_subset_raw,0.5859375
seediv,eegnet,madry,pgd,subset_n512,25,clean,43,tnp_minus_same_subset_raw,-0.1953125
seediv,eegnet,madry,pgd,subset_n512,25,robust,43,tnp_minus_same_subset_raw,1.7578125
seediv,eegnet,madry,pgd,subset_n512,30,clean,43,tnp_minus_same_subset_raw,-0.5859375
seediv,eegnet,madry,pgd,subset_n512,30,robust,43,tnp_minus_same_subset_raw,0.78125
seediv,eegnet,madry,cw,subset_n512,25,clean,43,tnp_minus_same_subset_raw,-0.1953125
seediv,eegnet,madry,cw,subset_n512,25,robust,43,tnp_minus_same_subset_raw,2.734375
seediv,eegnet,madry,cw,subset_n512,30,clean,43,tnp_minus_same_subset_raw,-0.5859375
seediv,eegnet,madry,cw,subset_n512,30,robust,43,tnp_minus_same_subset_raw,0.1953125
seediv,eegnet,rpcf_at,autoattack,subset_n512,raw,clean,43,rpcf_minus_madry,1.3671875
seediv,eegnet,rpcf_at,autoattack,subset_n512,raw,robust,43,rpcf_minus_madry,-1.5625
seediv,eegnet,rpcf_at,autoattack,subset_n512,25,clean,43,rpcf_minus_madry,1.3671875
seediv,eegnet,rpcf_at,autoattack,subset_n512,25,clean,43,tnp_minus_same_subset_raw,-0.1953125
seediv,eegnet,rpcf_at,autoattack,subset_n512,25,robust,43,rpcf_minus_madry,-0.78125
seediv,eegnet,rpcf_at,autoattack,subset_n512,25,robust,43,tnp_minus_same_subset_raw,7.6171875
seediv,eegnet,rpcf_at,autoattack,subset_n512,30,clean,43,rpcf_minus_madry,0.78125
seediv,eegnet,rpcf_at,autoattack,subset_n512,30,clean,43,tnp_minus_same_subset_raw,-1.171875
seediv,eegnet,rpcf_at,autoattack,subset_n512,30,robust,43,rpcf_minus_madry,-0.390625
seediv,eegnet,rpcf_at,autoattack,subset_n512,30,robust,43,tnp_minus_same_subset_raw,7.8125
seediv,eegnet,rpcf_at,fgsm,subset_n512,raw,clean,43,rpcf_minus_madry,1.3671875
seediv,eegnet,rpcf_at,fgsm,subset_n512,raw,robust,43,rpcf_minus_madry,-1.3671875
seediv,eegnet,rpcf_at,fgsm,subset_n512,25,clean,43,rpcf_minus_madry,1.3671875
seediv,eegnet,rpcf_at,fgsm,subset_n512,25,clean,43,tnp_minus_same_subset_raw,-0.1953125
seediv,eegnet,rpcf_at,fgsm,subset_n512,25,robust,43,rpcf_minus_madry,0.1953125
seediv,eegnet,rpcf_at,fgsm,subset_n512,25,robust,43,tnp_minus_same_subset_raw,2.734375
seediv,eegnet,rpcf_at,fgsm,subset_n512,30,clean,43,rpcf_minus_madry,0.78125
seediv,eegnet,rpcf_at,fgsm,subset_n512,30,clean,43,tnp_minus_same_subset_raw,-1.171875
seediv,eegnet,rpcf_at,fgsm,subset_n512,30,robust,43,rpcf_minus_madry,0.5859375
seediv,eegnet,rpcf_at,fgsm,subset_n512,30,robust,43,tnp_minus_same_subset_raw,2.5390625
seediv,eegnet,rpcf_at,pgd,subset_n512,raw,clean,43,rpcf_minus_madry,1.3671875
seediv,eegnet,rpcf_at,pgd,subset_n512,raw,robust,43,rpcf_minus_madry,-0.78125
seediv,eegnet,rpcf_at,pgd,subset_n512,25,clean,43,rpcf_minus_madry,1.3671875
seediv,eegnet,rpcf_at,pgd,subset_n512,25,clean,43,tnp_minus_same_subset_raw,-0.1953125
seediv,eegnet,rpcf_at,pgd,subset_n512,25,robust,43,rpcf_minus_madry,-0.5859375
seediv,eegnet,rpcf_at,pgd,subset_n512,25,robust,43,tnp_minus_same_subset_raw,1.953125
seediv,eegnet,rpcf_at,pgd,subset_n512,30,clean,43,rpcf_minus_madry,0.78125
seediv,eegnet,rpcf_at,pgd,subset_n512,30,clean,43,tnp_minus_same_subset_raw,-1.171875
seediv,eegnet,rpcf_at,pgd,subset_n512,30,robust,43,rpcf_minus_madry,0.1953125
seediv,eegnet,rpcf_at,pgd,subset_n512,30,robust,43,tnp_minus_same_subset_raw,1.7578125
seediv,eegnet,rpcf_at,cw,subset_n512,raw,clean,43,rpcf_minus_madry,1.3671875
seediv,eegnet,rpcf_at,cw,subset_n512,raw,robust,43,rpcf_minus_madry,0.0
seediv,eegnet,rpcf_at,cw,subset_n512,25,clean,43,rpcf_minus_madry,1.3671875
seediv,eegnet,rpcf_at,cw,subset_n512,25,clean,43,tnp_minus_same_subset_raw,-0.1953125
seediv,eegnet,rpcf_at,cw,subset_n512,25,robust,43,rpcf_minus_madry,-0.1953125
seediv,eegnet,rpcf_at,cw,subset_n512,25,robust,43,tnp_minus_same_subset_raw,2.5390625
seediv,eegnet,rpcf_at,cw,subset_n512,30,clean,43,rpcf_minus_madry,0.78125
seediv,eegnet,rpcf_at,cw,subset_n512,30,clean,43,tnp_minus_same_subset_raw,-1.171875
seediv,eegnet,rpcf_at,cw,subset_n512,30,robust,43,rpcf_minus_madry,0.0
seediv,eegnet,rpcf_at,cw,subset_n512,30,robust,43,tnp_minus_same_subset_raw,0.1953125
seediv,eegnet,madry,autoattack,subset_n512,25,clean,44,tnp_minus_same_subset_raw,0.0
seediv,eegnet,madry,autoattack,subset_n512,25,robust,44,tnp_minus_same_subset_raw,2.9296875
seediv,eegnet,madry,autoattack,subset_n512,30,clean,44,tnp_minus_same_subset_raw,0.1953125
seediv,eegnet,madry,autoattack,subset_n512,30,robust,44,tnp_minus_same_subset_raw,1.5625
seediv,eegnet,madry,fgsm,subset_n512,25,clean,44,tnp_minus_same_subset_raw,0.0
seediv,eegnet,madry,fgsm,subset_n512,25,robust,44,tnp_minus_same_subset_raw,0.78125
seediv,eegnet,madry,fgsm,subset_n512,30,clean,44,tnp_minus_same_subset_raw,0.1953125
seediv,eegnet,madry,fgsm,subset_n512,30,robust,44,tnp_minus_same_subset_raw,0.9765625
seediv,eegnet,madry,pgd,subset_n512,25,clean,44,tnp_minus_same_subset_raw,0.0
seediv,eegnet,madry,pgd,subset_n512,25,robust,44,tnp_minus_same_subset_raw,0.9765625
seediv,eegnet,madry,pgd,subset_n512,30,clean,44,tnp_minus_same_subset_raw,0.1953125
seediv,eegnet,madry,pgd,subset_n512,30,robust,44,tnp_minus_same_subset_raw,1.171875
seediv,eegnet,madry,cw,subset_n512,25,clean,44,tnp_minus_same_subset_raw,0.0
seediv,eegnet,madry,cw,subset_n512,25,robust,44,tnp_minus_same_subset_raw,0.1953125
seediv,eegnet,madry,cw,subset_n512,30,clean,44,tnp_minus_same_subset_raw,0.1953125
seediv,eegnet,madry,cw,subset_n512,30,robust,44,tnp_minus_same_subset_raw,0.0
seediv,eegnet,rpcf_at,autoattack,subset_n512,raw,clean,44,rpcf_minus_madry,3.3203125
seediv,eegnet,rpcf_at,autoattack,subset_n512,raw,robust,44,rpcf_minus_madry,4.8828125
seediv,eegnet,rpcf_at,autoattack,subset_n512,25,clean,44,rpcf_minus_madry,3.90625
seediv,eegnet,rpcf_at,autoattack,subset_n512,25,clean,44,tnp_minus_same_subset_raw,0.5859375
seediv,eegnet,rpcf_at,autoattack,subset_n512,25,robust,44,rpcf_minus_madry,8.3984375
seediv,eegnet,rpcf_at,autoattack,subset_n512,25,robust,44,tnp_minus_same_subset_raw,6.4453125
seediv,eegnet,rpcf_at,autoattack,subset_n512,30,clean,44,rpcf_minus_madry,3.90625
seediv,eegnet,rpcf_at,autoattack,subset_n512,30,clean,44,tnp_minus_same_subset_raw,0.78125
seediv,eegnet,rpcf_at,autoattack,subset_n512,30,robust,44,rpcf_minus_madry,9.375
seediv,eegnet,rpcf_at,autoattack,subset_n512,30,robust,44,tnp_minus_same_subset_raw,6.0546875
seediv,eegnet,rpcf_at,fgsm,subset_n512,raw,clean,44,rpcf_minus_madry,3.3203125
seediv,eegnet,rpcf_at,fgsm,subset_n512,raw,robust,44,rpcf_minus_madry,4.1015625
seediv,eegnet,rpcf_at,fgsm,subset_n512,25,clean,44,rpcf_minus_madry,3.90625
seediv,eegnet,rpcf_at,fgsm,subset_n512,25,clean,44,tnp_minus_same_subset_raw,0.5859375
seediv,eegnet,rpcf_at,fgsm,subset_n512,25,robust,44,rpcf_minus_madry,5.6640625
seediv,eegnet,rpcf_at,fgsm,subset_n512,25,robust,44,tnp_minus_same_subset_raw,2.34375
seediv,eegnet,rpcf_at,fgsm,subset_n512,30,clean,44,rpcf_minus_madry,3.90625
seediv,eegnet,rpcf_at,fgsm,subset_n512,30,clean,44,tnp_minus_same_subset_raw,0.78125
seediv,eegnet,rpcf_at,fgsm,subset_n512,30,robust,44,rpcf_minus_madry,3.7109375
seediv,eegnet,rpcf_at,fgsm,subset_n512,30,robust,44,tnp_minus_same_subset_raw,0.5859375
seediv,eegnet,rpcf_at,pgd,subset_n512,raw,clean,44,rpcf_minus_madry,3.3203125
seediv,eegnet,rpcf_at,pgd,subset_n512,raw,robust,44,rpcf_minus_madry,4.1015625
seediv,eegnet,rpcf_at,pgd,subset_n512,25,clean,44,rpcf_minus_madry,3.90625
seediv,eegnet,rpcf_at,pgd,subset_n512,25,clean,44,tnp_minus_same_subset_raw,0.5859375
seediv,eegnet,rpcf_at,pgd,subset_n512,25,robust,44,rpcf_minus_madry,4.8828125
seediv,eegnet,rpcf_at,pgd,subset_n512,25,robust,44,tnp_minus_same_subset_raw,1.7578125
seediv,eegnet,rpcf_at,pgd,subset_n512,30,clean,44,rpcf_minus_madry,3.90625
seediv,eegnet,rpcf_at,pgd,subset_n512,30,clean,44,tnp_minus_same_subset_raw,0.78125
seediv,eegnet,rpcf_at,pgd,subset_n512,30,robust,44,rpcf_minus_madry,3.515625
seediv,eegnet,rpcf_at,pgd,subset_n512,30,robust,44,tnp_minus_same_subset_raw,0.5859375
seediv,eegnet,rpcf_at,cw,subset_n512,raw,clean,44,rpcf_minus_madry,3.3203125
seediv,eegnet,rpcf_at,cw,subset_n512,raw,robust,44,rpcf_minus_madry,-5.46875
seediv,eegnet,rpcf_at,cw,subset_n512,25,clean,44,rpcf_minus_madry,3.90625
seediv,eegnet,rpcf_at,cw,subset_n512,25,clean,44,tnp_minus_same_subset_raw,0.5859375
seediv,eegnet,rpcf_at,cw,subset_n512,25,robust,44,rpcf_minus_madry,-2.34375
seediv,eegnet,rpcf_at,cw,subset_n512,25,robust,44,tnp_minus_same_subset_raw,3.3203125
seediv,eegnet,rpcf_at,cw,subset_n512,30,clean,44,rpcf_minus_madry,3.90625
seediv,eegnet,rpcf_at,cw,subset_n512,30,clean,44,tnp_minus_same_subset_raw,0.78125
seediv,eegnet,rpcf_at,cw,subset_n512,30,robust,44,rpcf_minus_madry,-4.4921875
seediv,eegnet,rpcf_at,cw,subset_n512,30,robust,44,tnp_minus_same_subset_raw,0.9765625
seediv,eegnet,madry,autoattack,subset_n512,25,clean,45,tnp_minus_same_subset_raw,0.390625
seediv,eegnet,madry,autoattack,subset_n512,25,robust,45,tnp_minus_same_subset_raw,4.1015625
seediv,eegnet,madry,autoattack,subset_n512,30,clean,45,tnp_minus_same_subset_raw,0.390625
seediv,eegnet,madry,autoattack,subset_n512,30,robust,45,tnp_minus_same_subset_raw,2.734375
seediv,eegnet,madry,fgsm,subset_n512,25,clean,45,tnp_minus_same_subset_raw,0.390625
seediv,eegnet,madry,fgsm,subset_n512,25,robust,45,tnp_minus_same_subset_raw,0.5859375
seediv,eegnet,madry,fgsm,subset_n512,30,clean,45,tnp_minus_same_subset_raw,0.390625
seediv,eegnet,madry,fgsm,subset_n512,30,robust,45,tnp_minus_same_subset_raw,0.78125
seediv,eegnet,madry,pgd,subset_n512,25,clean,45,tnp_minus_same_subset_raw,0.390625
seediv,eegnet,madry,pgd,subset_n512,25,robust,45,tnp_minus_same_subset_raw,0.5859375
seediv,eegnet,madry,pgd,subset_n512,30,clean,45,tnp_minus_same_subset_raw,0.390625
seediv,eegnet,madry,pgd,subset_n512,30,robust,45,tnp_minus_same_subset_raw,1.3671875
seediv,eegnet,madry,cw,subset_n512,25,clean,45,tnp_minus_same_subset_raw,0.390625
seediv,eegnet,madry,cw,subset_n512,25,robust,45,tnp_minus_same_subset_raw,0.390625
seediv,eegnet,madry,cw,subset_n512,30,clean,45,tnp_minus_same_subset_raw,0.390625
seediv,eegnet,madry,cw,subset_n512,30,robust,45,tnp_minus_same_subset_raw,0.1953125
seediv,eegnet,rpcf_at,autoattack,subset_n512,raw,clean,45,rpcf_minus_madry,2.734375
seediv,eegnet,rpcf_at,autoattack,subset_n512,raw,robust,45,rpcf_minus_madry,4.6875
seediv,eegnet,rpcf_at,autoattack,subset_n512,25,clean,45,rpcf_minus_madry,1.953125
seediv,eegnet,rpcf_at,autoattack,subset_n512,25,clean,45,tnp_minus_same_subset_raw,-0.390625
seediv,eegnet,rpcf_at,autoattack,subset_n512,25,robust,45,rpcf_minus_madry,9.1796875
seediv,eegnet,rpcf_at,autoattack,subset_n512,25,robust,45,tnp_minus_same_subset_raw,8.59375
seediv,eegnet,rpcf_at,autoattack,subset_n512,30,clean,45,rpcf_minus_madry,2.34375
seediv,eegnet,rpcf_at,autoattack,subset_n512,30,clean,45,tnp_minus_same_subset_raw,0.0
seediv,eegnet,rpcf_at,autoattack,subset_n512,30,robust,45,rpcf_minus_madry,9.5703125
seediv,eegnet,rpcf_at,autoattack,subset_n512,30,robust,45,tnp_minus_same_subset_raw,7.6171875
seediv,eegnet,rpcf_at,fgsm,subset_n512,raw,clean,45,rpcf_minus_madry,2.734375
seediv,eegnet,rpcf_at,fgsm,subset_n512,raw,robust,45,rpcf_minus_madry,3.125
seediv,eegnet,rpcf_at,fgsm,subset_n512,25,clean,45,rpcf_minus_madry,1.953125
seediv,eegnet,rpcf_at,fgsm,subset_n512,25,clean,45,tnp_minus_same_subset_raw,-0.390625
seediv,eegnet,rpcf_at,fgsm,subset_n512,25,robust,45,rpcf_minus_madry,5.078125
seediv,eegnet,rpcf_at,fgsm,subset_n512,25,robust,45,tnp_minus_same_subset_raw,2.5390625
seediv,eegnet,rpcf_at,fgsm,subset_n512,30,clean,45,rpcf_minus_madry,2.34375
seediv,eegnet,rpcf_at,fgsm,subset_n512,30,clean,45,tnp_minus_same_subset_raw,0.0
seediv,eegnet,rpcf_at,fgsm,subset_n512,30,robust,45,rpcf_minus_madry,3.515625
seediv,eegnet,rpcf_at,fgsm,subset_n512,30,robust,45,tnp_minus_same_subset_raw,1.171875
seediv,eegnet,rpcf_at,pgd,subset_n512,raw,clean,45,rpcf_minus_madry,2.734375
seediv,eegnet,rpcf_at,pgd,subset_n512,raw,robust,45,rpcf_minus_madry,3.515625
seediv,eegnet,rpcf_at,pgd,subset_n512,25,clean,45,rpcf_minus_madry,1.953125
seediv,eegnet,rpcf_at,pgd,subset_n512,25,clean,45,tnp_minus_same_subset_raw,-0.390625
seediv,eegnet,rpcf_at,pgd,subset_n512,25,robust,45,rpcf_minus_madry,5.078125
seediv,eegnet,rpcf_at,pgd,subset_n512,25,robust,45,tnp_minus_same_subset_raw,2.1484375
seediv,eegnet,rpcf_at,pgd,subset_n512,30,clean,45,rpcf_minus_madry,2.34375
seediv,eegnet,rpcf_at,pgd,subset_n512,30,clean,45,tnp_minus_same_subset_raw,0.0
seediv,eegnet,rpcf_at,pgd,subset_n512,30,robust,45,rpcf_minus_madry,2.9296875
seediv,eegnet,rpcf_at,pgd,subset_n512,30,robust,45,tnp_minus_same_subset_raw,0.78125
seediv,eegnet,rpcf_at,cw,subset_n512,raw,clean,45,rpcf_minus_madry,2.734375
seediv,eegnet,rpcf_at,cw,subset_n512,raw,robust,45,rpcf_minus_madry,-1.171875
seediv,eegnet,rpcf_at,cw,subset_n512,25,clean,45,rpcf_minus_madry,1.953125
seediv,eegnet,rpcf_at,cw,subset_n512,25,clean,45,tnp_minus_same_subset_raw,-0.390625
seediv,eegnet,rpcf_at,cw,subset_n512,25,robust,45,rpcf_minus_madry,0.78125
seediv,eegnet,rpcf_at,cw,subset_n512,25,robust,45,tnp_minus_same_subset_raw,2.34375
seediv,eegnet,rpcf_at,cw,subset_n512,30,clean,45,rpcf_minus_madry,2.34375
seediv,eegnet,rpcf_at,cw,subset_n512,30,clean,45,tnp_minus_same_subset_raw,0.0
seediv,eegnet,rpcf_at,cw,subset_n512,30,robust,45,rpcf_minus_madry,-0.390625
seediv,eegnet,rpcf_at,cw,subset_n512,30,robust,45,tnp_minus_same_subset_raw,0.9765625
seediv,eegnet,madry,autoattack,subset_n512,25,clean,46,tnp_minus_same_subset_raw,0.1953125
seediv,eegnet,madry,autoattack,subset_n512,25,robust,46,tnp_minus_same_subset_raw,2.34375
seediv,eegnet,madry,autoattack,subset_n512,30,clean,46,tnp_minus_same_subset_raw,0.1953125
seediv,eegnet,madry,autoattack,subset_n512,30,robust,46,tnp_minus_same_subset_raw,1.171875
seediv,eegnet,madry,fgsm,subset_n512,25,clean,46,tnp_minus_same_subset_raw,0.1953125
seediv,eegnet,madry,fgsm,subset_n512,25,robust,46,tnp_minus_same_subset_raw,0.390625
seediv,eegnet,madry,fgsm,subset_n512,30,clean,46,tnp_minus_same_subset_raw,0.1953125
seediv,eegnet,madry,fgsm,subset_n512,30,robust,46,tnp_minus_same_subset_raw,0.390625
seediv,eegnet,madry,pgd,subset_n512,25,clean,46,tnp_minus_same_subset_raw,0.1953125
seediv,eegnet,madry,pgd,subset_n512,25,robust,46,tnp_minus_same_subset_raw,0.78125
seediv,eegnet,madry,pgd,subset_n512,30,clean,46,tnp_minus_same_subset_raw,0.1953125
seediv,eegnet,madry,pgd,subset_n512,30,robust,46,tnp_minus_same_subset_raw,0.390625
seediv,eegnet,madry,cw,subset_n512,25,clean,46,tnp_minus_same_subset_raw,0.1953125
seediv,eegnet,madry,cw,subset_n512,25,robust,46,tnp_minus_same_subset_raw,0.9765625
seediv,eegnet,madry,cw,subset_n512,30,clean,46,tnp_minus_same_subset_raw,0.1953125
seediv,eegnet,madry,cw,subset_n512,30,robust,46,tnp_minus_same_subset_raw,0.78125
seediv,eegnet,rpcf_at,autoattack,subset_n512,raw,clean,46,rpcf_minus_madry,4.4921875
seediv,eegnet,rpcf_at,autoattack,subset_n512,raw,robust,46,rpcf_minus_madry,6.8359375
seediv,eegnet,rpcf_at,autoattack,subset_n512,25,clean,46,rpcf_minus_madry,5.46875
seediv,eegnet,rpcf_at,autoattack,subset_n512,25,clean,46,tnp_minus_same_subset_raw,1.171875
seediv,eegnet,rpcf_at,autoattack,subset_n512,25,robust,46,rpcf_minus_madry,15.4296875
seediv,eegnet,rpcf_at,autoattack,subset_n512,25,robust,46,tnp_minus_same_subset_raw,10.9375
seediv,eegnet,rpcf_at,autoattack,subset_n512,30,clean,46,rpcf_minus_madry,5.859375
seediv,eegnet,rpcf_at,autoattack,subset_n512,30,clean,46,tnp_minus_same_subset_raw,1.5625
seediv,eegnet,rpcf_at,autoattack,subset_n512,30,robust,46,rpcf_minus_madry,15.234375
seediv,eegnet,rpcf_at,autoattack,subset_n512,30,robust,46,tnp_minus_same_subset_raw,9.5703125
seediv,eegnet,rpcf_at,fgsm,subset_n512,raw,clean,46,rpcf_minus_madry,4.4921875
seediv,eegnet,rpcf_at,fgsm,subset_n512,raw,robust,46,rpcf_minus_madry,6.4453125
seediv,eegnet,rpcf_at,fgsm,subset_n512,25,clean,46,rpcf_minus_madry,5.46875
seediv,eegnet,rpcf_at,fgsm,subset_n512,25,clean,46,tnp_minus_same_subset_raw,1.171875
seediv,eegnet,rpcf_at,fgsm,subset_n512,25,robust,46,rpcf_minus_madry,10.3515625
seediv,eegnet,rpcf_at,fgsm,subset_n512,25,robust,46,tnp_minus_same_subset_raw,4.296875
seediv,eegnet,rpcf_at,fgsm,subset_n512,30,clean,46,rpcf_minus_madry,5.859375
seediv,eegnet,rpcf_at,fgsm,subset_n512,30,clean,46,tnp_minus_same_subset_raw,1.5625
seediv,eegnet,rpcf_at,fgsm,subset_n512,30,robust,46,rpcf_minus_madry,10.3515625
seediv,eegnet,rpcf_at,fgsm,subset_n512,30,robust,46,tnp_minus_same_subset_raw,4.296875
seediv,eegnet,rpcf_at,pgd,subset_n512,raw,clean,46,rpcf_minus_madry,4.4921875
seediv,eegnet,rpcf_at,pgd,subset_n512,raw,robust,46,rpcf_minus_madry,6.4453125
seediv,eegnet,rpcf_at,pgd,subset_n512,25,clean,46,rpcf_minus_madry,5.46875
seediv,eegnet,rpcf_at,pgd,subset_n512,25,clean,46,tnp_minus_same_subset_raw,1.171875
seediv,eegnet,rpcf_at,pgd,subset_n512,25,robust,46,rpcf_minus_madry,9.375
seediv,eegnet,rpcf_at,pgd,subset_n512,25,robust,46,tnp_minus_same_subset_raw,3.7109375
seediv,eegnet,rpcf_at,pgd,subset_n512,30,clean,46,rpcf_minus_madry,5.859375
seediv,eegnet,rpcf_at,pgd,subset_n512,30,clean,46,tnp_minus_same_subset_raw,1.5625
seediv,eegnet,rpcf_at,pgd,subset_n512,30,robust,46,rpcf_minus_madry,9.9609375
seediv,eegnet,rpcf_at,pgd,subset_n512,30,robust,46,tnp_minus_same_subset_raw,3.90625
seediv,eegnet,rpcf_at,cw,subset_n512,raw,clean,46,rpcf_minus_madry,4.4921875
seediv,eegnet,rpcf_at,cw,subset_n512,raw,robust,46,rpcf_minus_madry,-5.46875
seediv,eegnet,rpcf_at,cw,subset_n512,25,clean,46,rpcf_minus_madry,5.46875
seediv,eegnet,rpcf_at,cw,subset_n512,25,clean,46,tnp_minus_same_subset_raw,1.171875
seediv,eegnet,rpcf_at,cw,subset_n512,25,robust,46,rpcf_minus_madry,-4.296875
seediv,eegnet,rpcf_at,cw,subset_n512,25,robust,46,tnp_minus_same_subset_raw,2.1484375
seediv,eegnet,rpcf_at,cw,subset_n512,30,clean,46,rpcf_minus_madry,5.859375
seediv,eegnet,rpcf_at,cw,subset_n512,30,clean,46,tnp_minus_same_subset_raw,1.5625
seediv,eegnet,rpcf_at,cw,subset_n512,30,robust,46,rpcf_minus_madry,-5.46875
seediv,eegnet,rpcf_at,cw,subset_n512,30,robust,46,tnp_minus_same_subset_raw,0.78125
seediv,deepconvnet,madry,autoattack,subset_n512,25,clean,42,tnp_minus_same_subset_raw,-2.34375
seediv,deepconvnet,madry,autoattack,subset_n512,25,robust,42,tnp_minus_same_subset_raw,7.6171875
seediv,deepconvnet,madry,autoattack,subset_n512,30,clean,42,tnp_minus_same_subset_raw,-1.953125
seediv,deepconvnet,madry,autoattack,subset_n512,30,robust,42,tnp_minus_same_subset_raw,7.8125
seediv,deepconvnet,madry,fgsm,subset_n512,25,clean,42,tnp_minus_same_subset_raw,-2.34375
seediv,deepconvnet,madry,fgsm,subset_n512,25,robust,42,tnp_minus_same_subset_raw,-1.171875
seediv,deepconvnet,madry,fgsm,subset_n512,30,clean,42,tnp_minus_same_subset_raw,-1.953125
seediv,deepconvnet,madry,fgsm,subset_n512,30,robust,42,tnp_minus_same_subset_raw,0.9765625
seediv,deepconvnet,madry,pgd,subset_n512,25,clean,42,tnp_minus_same_subset_raw,-2.34375
seediv,deepconvnet,madry,pgd,subset_n512,25,robust,42,tnp_minus_same_subset_raw,-0.5859375
seediv,deepconvnet,madry,pgd,subset_n512,30,clean,42,tnp_minus_same_subset_raw,-1.953125
seediv,deepconvnet,madry,pgd,subset_n512,30,robust,42,tnp_minus_same_subset_raw,1.171875
seediv,deepconvnet,madry,cw,subset_n512,25,clean,42,tnp_minus_same_subset_raw,-2.34375
seediv,deepconvnet,madry,cw,subset_n512,25,robust,42,tnp_minus_same_subset_raw,9.9609375
seediv,deepconvnet,madry,cw,subset_n512,30,clean,42,tnp_minus_same_subset_raw,-1.953125
seediv,deepconvnet,madry,cw,subset_n512,30,robust,42,tnp_minus_same_subset_raw,6.8359375
seediv,deepconvnet,rpcf_at,autoattack,subset_n512,raw,clean,42,rpcf_minus_madry,3.3203125
seediv,deepconvnet,rpcf_at,autoattack,subset_n512,raw,robust,42,rpcf_minus_madry,-4.1015625
seediv,deepconvnet,rpcf_at,autoattack,subset_n512,25,clean,42,rpcf_minus_madry,2.5390625
seediv,deepconvnet,rpcf_at,autoattack,subset_n512,25,clean,42,tnp_minus_same_subset_raw,-3.125
seediv,deepconvnet,rpcf_at,autoattack,subset_n512,25,robust,42,rpcf_minus_madry,-0.390625
seediv,deepconvnet,rpcf_at,autoattack,subset_n512,25,robust,42,tnp_minus_same_subset_raw,11.328125
seediv,deepconvnet,rpcf_at,autoattack,subset_n512,30,clean,42,rpcf_minus_madry,2.5390625
seediv,deepconvnet,rpcf_at,autoattack,subset_n512,30,clean,42,tnp_minus_same_subset_raw,-2.734375
seediv,deepconvnet,rpcf_at,autoattack,subset_n512,30,robust,42,rpcf_minus_madry,-1.953125
seediv,deepconvnet,rpcf_at,autoattack,subset_n512,30,robust,42,tnp_minus_same_subset_raw,9.9609375
seediv,deepconvnet,rpcf_at,fgsm,subset_n512,raw,clean,42,rpcf_minus_madry,3.3203125
seediv,deepconvnet,rpcf_at,fgsm,subset_n512,raw,robust,42,rpcf_minus_madry,-4.1015625
seediv,deepconvnet,rpcf_at,fgsm,subset_n512,25,clean,42,rpcf_minus_madry,2.5390625
seediv,deepconvnet,rpcf_at,fgsm,subset_n512,25,clean,42,tnp_minus_same_subset_raw,-3.125
seediv,deepconvnet,rpcf_at,fgsm,subset_n512,25,robust,42,rpcf_minus_madry,0.9765625
seediv,deepconvnet,rpcf_at,fgsm,subset_n512,25,robust,42,tnp_minus_same_subset_raw,3.90625
seediv,deepconvnet,rpcf_at,fgsm,subset_n512,30,clean,42,rpcf_minus_madry,2.5390625
seediv,deepconvnet,rpcf_at,fgsm,subset_n512,30,clean,42,tnp_minus_same_subset_raw,-2.734375
seediv,deepconvnet,rpcf_at,fgsm,subset_n512,30,robust,42,rpcf_minus_madry,-1.7578125
seediv,deepconvnet,rpcf_at,fgsm,subset_n512,30,robust,42,tnp_minus_same_subset_raw,3.3203125
seediv,deepconvnet,rpcf_at,pgd,subset_n512,raw,clean,42,rpcf_minus_madry,3.3203125
seediv,deepconvnet,rpcf_at,pgd,subset_n512,raw,robust,42,rpcf_minus_madry,-3.7109375
seediv,deepconvnet,rpcf_at,pgd,subset_n512,25,clean,42,rpcf_minus_madry,2.5390625
seediv,deepconvnet,rpcf_at,pgd,subset_n512,25,clean,42,tnp_minus_same_subset_raw,-3.125
seediv,deepconvnet,rpcf_at,pgd,subset_n512,25,robust,42,rpcf_minus_madry,0.1953125
seediv,deepconvnet,rpcf_at,pgd,subset_n512,25,robust,42,tnp_minus_same_subset_raw,3.3203125
seediv,deepconvnet,rpcf_at,pgd,subset_n512,30,clean,42,rpcf_minus_madry,2.5390625
seediv,deepconvnet,rpcf_at,pgd,subset_n512,30,clean,42,tnp_minus_same_subset_raw,-2.734375
seediv,deepconvnet,rpcf_at,pgd,subset_n512,30,robust,42,rpcf_minus_madry,-0.78125
seediv,deepconvnet,rpcf_at,pgd,subset_n512,30,robust,42,tnp_minus_same_subset_raw,4.1015625
seediv,deepconvnet,rpcf_at,cw,subset_n512,raw,clean,42,rpcf_minus_madry,3.3203125
seediv,deepconvnet,rpcf_at,cw,subset_n512,raw,robust,42,rpcf_minus_madry,0.1953125
seediv,deepconvnet,rpcf_at,cw,subset_n512,25,clean,42,rpcf_minus_madry,2.5390625
seediv,deepconvnet,rpcf_at,cw,subset_n512,25,clean,42,tnp_minus_same_subset_raw,-3.125
seediv,deepconvnet,rpcf_at,cw,subset_n512,25,robust,42,rpcf_minus_madry,-1.7578125
seediv,deepconvnet,rpcf_at,cw,subset_n512,25,robust,42,tnp_minus_same_subset_raw,8.0078125
seediv,deepconvnet,rpcf_at,cw,subset_n512,30,clean,42,rpcf_minus_madry,2.5390625
seediv,deepconvnet,rpcf_at,cw,subset_n512,30,clean,42,tnp_minus_same_subset_raw,-2.734375
seediv,deepconvnet,rpcf_at,cw,subset_n512,30,robust,42,rpcf_minus_madry,-0.390625
seediv,deepconvnet,rpcf_at,cw,subset_n512,30,robust,42,tnp_minus_same_subset_raw,6.25
seediv,deepconvnet,madry,autoattack,subset_n512,25,clean,43,tnp_minus_same_subset_raw,-4.296875
seediv,deepconvnet,madry,autoattack,subset_n512,25,robust,43,tnp_minus_same_subset_raw,10.15625
seediv,deepconvnet,madry,autoattack,subset_n512,30,clean,43,tnp_minus_same_subset_raw,-3.7109375
seediv,deepconvnet,madry,autoattack,subset_n512,30,robust,43,tnp_minus_same_subset_raw,10.3515625
seediv,deepconvnet,madry,fgsm,subset_n512,25,clean,43,tnp_minus_same_subset_raw,-4.296875
seediv,deepconvnet,madry,fgsm,subset_n512,25,robust,43,tnp_minus_same_subset_raw,4.1015625
seediv,deepconvnet,madry,fgsm,subset_n512,30,clean,43,tnp_minus_same_subset_raw,-3.7109375
seediv,deepconvnet,madry,fgsm,subset_n512,30,robust,43,tnp_minus_same_subset_raw,3.515625
seediv,deepconvnet,madry,pgd,subset_n512,25,clean,43,tnp_minus_same_subset_raw,-4.296875
seediv,deepconvnet,madry,pgd,subset_n512,25,robust,43,tnp_minus_same_subset_raw,4.296875
seediv,deepconvnet,madry,pgd,subset_n512,30,clean,43,tnp_minus_same_subset_raw,-3.7109375
seediv,deepconvnet,madry,pgd,subset_n512,30,robust,43,tnp_minus_same_subset_raw,4.1015625
seediv,deepconvnet,madry,cw,subset_n512,25,clean,43,tnp_minus_same_subset_raw,-4.296875
seediv,deepconvnet,madry,cw,subset_n512,25,robust,43,tnp_minus_same_subset_raw,13.0859375
seediv,deepconvnet,madry,cw,subset_n512,30,clean,43,tnp_minus_same_subset_raw,-3.7109375
seediv,deepconvnet,madry,cw,subset_n512,30,robust,43,tnp_minus_same_subset_raw,9.9609375
seediv,deepconvnet,rpcf_at,autoattack,subset_n512,raw,clean,43,rpcf_minus_madry,0.78125
seediv,deepconvnet,rpcf_at,autoattack,subset_n512,raw,robust,43,rpcf_minus_madry,-0.9765625
seediv,deepconvnet,rpcf_at,autoattack,subset_n512,25,clean,43,rpcf_minus_madry,3.7109375
seediv,deepconvnet,rpcf_at,autoattack,subset_n512,25,clean,43,tnp_minus_same_subset_raw,-1.3671875
seediv,deepconvnet,rpcf_at,autoattack,subset_n512,25,robust,43,rpcf_minus_madry,1.171875
seediv,deepconvnet,rpcf_at,autoattack,subset_n512,25,robust,43,tnp_minus_same_subset_raw,12.3046875
seediv,deepconvnet,rpcf_at,autoattack,subset_n512,30,clean,43,rpcf_minus_madry,3.7109375
seediv,deepconvnet,rpcf_at,autoattack,subset_n512,30,clean,43,tnp_minus_same_subset_raw,-0.78125
seediv,deepconvnet,rpcf_at,autoattack,subset_n512,30,robust,43,rpcf_minus_madry,-0.1953125
seediv,deepconvnet,rpcf_at,autoattack,subset_n512,30,robust,43,tnp_minus_same_subset_raw,11.1328125
seediv,deepconvnet,rpcf_at,fgsm,subset_n512,raw,clean,43,rpcf_minus_madry,0.78125
seediv,deepconvnet,rpcf_at,fgsm,subset_n512,raw,robust,43,rpcf_minus_madry,-0.1953125
seediv,deepconvnet,rpcf_at,fgsm,subset_n512,25,clean,43,rpcf_minus_madry,3.7109375
seediv,deepconvnet,rpcf_at,fgsm,subset_n512,25,clean,43,tnp_minus_same_subset_raw,-1.3671875
seediv,deepconvnet,rpcf_at,fgsm,subset_n512,25,robust,43,rpcf_minus_madry,0.1953125
seediv,deepconvnet,rpcf_at,fgsm,subset_n512,25,robust,43,tnp_minus_same_subset_raw,4.4921875
seediv,deepconvnet,rpcf_at,fgsm,subset_n512,30,clean,43,rpcf_minus_madry,3.7109375
seediv,deepconvnet,rpcf_at,fgsm,subset_n512,30,clean,43,tnp_minus_same_subset_raw,-0.78125
seediv,deepconvnet,rpcf_at,fgsm,subset_n512,30,robust,43,rpcf_minus_madry,-0.78125
seediv,deepconvnet,rpcf_at,fgsm,subset_n512,30,robust,43,tnp_minus_same_subset_raw,2.9296875
seediv,deepconvnet,rpcf_at,pgd,subset_n512,raw,clean,43,rpcf_minus_madry,0.78125
seediv,deepconvnet,rpcf_at,pgd,subset_n512,raw,robust,43,rpcf_minus_madry,-0.78125
seediv,deepconvnet,rpcf_at,pgd,subset_n512,25,clean,43,rpcf_minus_madry,3.7109375
seediv,deepconvnet,rpcf_at,pgd,subset_n512,25,clean,43,tnp_minus_same_subset_raw,-1.3671875
seediv,deepconvnet,rpcf_at,pgd,subset_n512,25,robust,43,rpcf_minus_madry,0.390625
seediv,deepconvnet,rpcf_at,pgd,subset_n512,25,robust,43,tnp_minus_same_subset_raw,5.46875
seediv,deepconvnet,rpcf_at,pgd,subset_n512,30,clean,43,rpcf_minus_madry,3.7109375
seediv,deepconvnet,rpcf_at,pgd,subset_n512,30,clean,43,tnp_minus_same_subset_raw,-0.78125
seediv,deepconvnet,rpcf_at,pgd,subset_n512,30,robust,43,rpcf_minus_madry,0.0
seediv,deepconvnet,rpcf_at,pgd,subset_n512,30,robust,43,tnp_minus_same_subset_raw,4.8828125
seediv,deepconvnet,rpcf_at,cw,subset_n512,raw,clean,43,rpcf_minus_madry,0.78125
seediv,deepconvnet,rpcf_at,cw,subset_n512,raw,robust,43,rpcf_minus_madry,0.0
seediv,deepconvnet,rpcf_at,cw,subset_n512,25,clean,43,rpcf_minus_madry,3.7109375
seediv,deepconvnet,rpcf_at,cw,subset_n512,25,clean,43,tnp_minus_same_subset_raw,-1.3671875
seediv,deepconvnet,rpcf_at,cw,subset_n512,25,robust,43,rpcf_minus_madry,-4.296875
seediv,deepconvnet,rpcf_at,cw,subset_n512,25,robust,43,tnp_minus_same_subset_raw,8.7890625
seediv,deepconvnet,rpcf_at,cw,subset_n512,30,clean,43,rpcf_minus_madry,3.7109375
seediv,deepconvnet,rpcf_at,cw,subset_n512,30,clean,43,tnp_minus_same_subset_raw,-0.78125
seediv,deepconvnet,rpcf_at,cw,subset_n512,30,robust,43,rpcf_minus_madry,-4.1015625
seediv,deepconvnet,rpcf_at,cw,subset_n512,30,robust,43,tnp_minus_same_subset_raw,5.859375
seediv,deepconvnet,madry,autoattack,subset_n512,25,clean,44,tnp_minus_same_subset_raw,-1.7578125
seediv,deepconvnet,madry,autoattack,subset_n512,25,robust,44,tnp_minus_same_subset_raw,11.328125
seediv,deepconvnet,madry,autoattack,subset_n512,30,clean,44,tnp_minus_same_subset_raw,-0.78125
seediv,deepconvnet,madry,autoattack,subset_n512,30,robust,44,tnp_minus_same_subset_raw,9.375
seediv,deepconvnet,madry,fgsm,subset_n512,25,clean,44,tnp_minus_same_subset_raw,-1.7578125
seediv,deepconvnet,madry,fgsm,subset_n512,25,robust,44,tnp_minus_same_subset_raw,2.734375
seediv,deepconvnet,madry,fgsm,subset_n512,30,clean,44,tnp_minus_same_subset_raw,-0.78125
seediv,deepconvnet,madry,fgsm,subset_n512,30,robust,44,tnp_minus_same_subset_raw,2.34375
seediv,deepconvnet,madry,pgd,subset_n512,25,clean,44,tnp_minus_same_subset_raw,-1.7578125
seediv,deepconvnet,madry,pgd,subset_n512,25,robust,44,tnp_minus_same_subset_raw,3.515625
seediv,deepconvnet,madry,pgd,subset_n512,30,clean,44,tnp_minus_same_subset_raw,-0.78125
seediv,deepconvnet,madry,pgd,subset_n512,30,robust,44,tnp_minus_same_subset_raw,2.734375
seediv,deepconvnet,madry,cw,subset_n512,25,clean,44,tnp_minus_same_subset_raw,-1.7578125
seediv,deepconvnet,madry,cw,subset_n512,25,robust,44,tnp_minus_same_subset_raw,12.3046875
seediv,deepconvnet,madry,cw,subset_n512,30,clean,44,tnp_minus_same_subset_raw,-0.78125
seediv,deepconvnet,madry,cw,subset_n512,30,robust,44,tnp_minus_same_subset_raw,8.7890625
seediv,deepconvnet,rpcf_at,autoattack,subset_n512,raw,clean,44,rpcf_minus_madry,-0.1953125
seediv,deepconvnet,rpcf_at,autoattack,subset_n512,raw,robust,44,rpcf_minus_madry,-2.734375
seediv,deepconvnet,rpcf_at,autoattack,subset_n512,25,clean,44,rpcf_minus_madry,-1.3671875
seediv,deepconvnet,rpcf_at,autoattack,subset_n512,25,clean,44,tnp_minus_same_subset_raw,-2.9296875
seediv,deepconvnet,rpcf_at,autoattack,subset_n512,25,robust,44,rpcf_minus_madry,-0.390625
seediv,deepconvnet,rpcf_at,autoattack,subset_n512,25,robust,44,tnp_minus_same_subset_raw,13.671875
seediv,deepconvnet,rpcf_at,autoattack,subset_n512,30,clean,44,rpcf_minus_madry,-1.3671875
seediv,deepconvnet,rpcf_at,autoattack,subset_n512,30,clean,44,tnp_minus_same_subset_raw,-1.953125
seediv,deepconvnet,rpcf_at,autoattack,subset_n512,30,robust,44,rpcf_minus_madry,0.78125
seediv,deepconvnet,rpcf_at,autoattack,subset_n512,30,robust,44,tnp_minus_same_subset_raw,12.890625
seediv,deepconvnet,rpcf_at,fgsm,subset_n512,raw,clean,44,rpcf_minus_madry,-0.1953125
seediv,deepconvnet,rpcf_at,fgsm,subset_n512,raw,robust,44,rpcf_minus_madry,-0.78125
seediv,deepconvnet,rpcf_at,fgsm,subset_n512,25,clean,44,rpcf_minus_madry,-1.3671875
seediv,deepconvnet,rpcf_at,fgsm,subset_n512,25,clean,44,tnp_minus_same_subset_raw,-2.9296875
seediv,deepconvnet,rpcf_at,fgsm,subset_n512,25,robust,44,rpcf_minus_madry,0.1953125
seediv,deepconvnet,rpcf_at,fgsm,subset_n512,25,robust,44,tnp_minus_same_subset_raw,3.7109375
seediv,deepconvnet,rpcf_at,fgsm,subset_n512,30,clean,44,rpcf_minus_madry,-1.3671875
seediv,deepconvnet,rpcf_at,fgsm,subset_n512,30,clean,44,tnp_minus_same_subset_raw,-1.953125
seediv,deepconvnet,rpcf_at,fgsm,subset_n512,30,robust,44,rpcf_minus_madry,-0.390625
seediv,deepconvnet,rpcf_at,fgsm,subset_n512,30,robust,44,tnp_minus_same_subset_raw,2.734375
seediv,deepconvnet,rpcf_at,pgd,subset_n512,raw,clean,44,rpcf_minus_madry,-0.1953125
seediv,deepconvnet,rpcf_at,pgd,subset_n512,raw,robust,44,rpcf_minus_madry,-1.5625
seediv,deepconvnet,rpcf_at,pgd,subset_n512,25,clean,44,rpcf_minus_madry,-1.3671875
seediv,deepconvnet,rpcf_at,pgd,subset_n512,25,clean,44,tnp_minus_same_subset_raw,-2.9296875
seediv,deepconvnet,rpcf_at,pgd,subset_n512,25,robust,44,rpcf_minus_madry,0.0
seediv,deepconvnet,rpcf_at,pgd,subset_n512,25,robust,44,tnp_minus_same_subset_raw,5.078125
seediv,deepconvnet,rpcf_at,pgd,subset_n512,30,clean,44,rpcf_minus_madry,-1.3671875
seediv,deepconvnet,rpcf_at,pgd,subset_n512,30,clean,44,tnp_minus_same_subset_raw,-1.953125
seediv,deepconvnet,rpcf_at,pgd,subset_n512,30,robust,44,rpcf_minus_madry,0.9765625
seediv,deepconvnet,rpcf_at,pgd,subset_n512,30,robust,44,tnp_minus_same_subset_raw,5.2734375
seediv,deepconvnet,rpcf_at,cw,subset_n512,raw,clean,44,rpcf_minus_madry,-0.1953125
seediv,deepconvnet,rpcf_at,cw,subset_n512,raw,robust,44,rpcf_minus_madry,0.390625
seediv,deepconvnet,rpcf_at,cw,subset_n512,25,clean,44,rpcf_minus_madry,-1.3671875
seediv,deepconvnet,rpcf_at,cw,subset_n512,25,clean,44,tnp_minus_same_subset_raw,-2.9296875
seediv,deepconvnet,rpcf_at,cw,subset_n512,25,robust,44,rpcf_minus_madry,1.171875
seediv,deepconvnet,rpcf_at,cw,subset_n512,25,robust,44,tnp_minus_same_subset_raw,13.0859375
seediv,deepconvnet,rpcf_at,cw,subset_n512,30,clean,44,rpcf_minus_madry,-1.3671875
seediv,deepconvnet,rpcf_at,cw,subset_n512,30,clean,44,tnp_minus_same_subset_raw,-1.953125
seediv,deepconvnet,rpcf_at,cw,subset_n512,30,robust,44,rpcf_minus_madry,0.390625
seediv,deepconvnet,rpcf_at,cw,subset_n512,30,robust,44,tnp_minus_same_subset_raw,8.7890625
seediv,deepconvnet,madry,autoattack,subset_n512,25,clean,45,tnp_minus_same_subset_raw,-2.5390625
seediv,deepconvnet,madry,autoattack,subset_n512,25,robust,45,tnp_minus_same_subset_raw,8.984375
seediv,deepconvnet,madry,autoattack,subset_n512,30,clean,45,tnp_minus_same_subset_raw,-2.34375
seediv,deepconvnet,madry,autoattack,subset_n512,30,robust,45,tnp_minus_same_subset_raw,8.0078125
seediv,deepconvnet,madry,fgsm,subset_n512,25,clean,45,tnp_minus_same_subset_raw,-2.5390625
seediv,deepconvnet,madry,fgsm,subset_n512,25,robust,45,tnp_minus_same_subset_raw,1.7578125
seediv,deepconvnet,madry,fgsm,subset_n512,30,clean,45,tnp_minus_same_subset_raw,-2.34375
seediv,deepconvnet,madry,fgsm,subset_n512,30,robust,45,tnp_minus_same_subset_raw,1.953125
seediv,deepconvnet,madry,pgd,subset_n512,25,clean,45,tnp_minus_same_subset_raw,-2.5390625
seediv,deepconvnet,madry,pgd,subset_n512,25,robust,45,tnp_minus_same_subset_raw,2.34375
seediv,deepconvnet,madry,pgd,subset_n512,30,clean,45,tnp_minus_same_subset_raw,-2.34375
seediv,deepconvnet,madry,pgd,subset_n512,30,robust,45,tnp_minus_same_subset_raw,1.3671875
seediv,deepconvnet,madry,cw,subset_n512,25,clean,45,tnp_minus_same_subset_raw,-2.5390625
seediv,deepconvnet,madry,cw,subset_n512,25,robust,45,tnp_minus_same_subset_raw,11.1328125
seediv,deepconvnet,madry,cw,subset_n512,30,clean,45,tnp_minus_same_subset_raw,-2.34375
seediv,deepconvnet,madry,cw,subset_n512,30,robust,45,tnp_minus_same_subset_raw,7.421875
seediv,deepconvnet,rpcf_at,autoattack,subset_n512,raw,clean,45,rpcf_minus_madry,-0.390625
seediv,deepconvnet,rpcf_at,autoattack,subset_n512,raw,robust,45,rpcf_minus_madry,-5.859375
seediv,deepconvnet,rpcf_at,autoattack,subset_n512,25,clean,45,rpcf_minus_madry,0.1953125
seediv,deepconvnet,rpcf_at,autoattack,subset_n512,25,clean,45,tnp_minus_same_subset_raw,-1.953125
seediv,deepconvnet,rpcf_at,autoattack,subset_n512,25,robust,45,rpcf_minus_madry,-2.734375
seediv,deepconvnet,rpcf_at,autoattack,subset_n512,25,robust,45,tnp_minus_same_subset_raw,12.109375
seediv,deepconvnet,rpcf_at,autoattack,subset_n512,30,clean,45,rpcf_minus_madry,-0.1953125
seediv,deepconvnet,rpcf_at,autoattack,subset_n512,30,clean,45,tnp_minus_same_subset_raw,-2.1484375
seediv,deepconvnet,rpcf_at,autoattack,subset_n512,30,robust,45,rpcf_minus_madry,-2.734375
seediv,deepconvnet,rpcf_at,autoattack,subset_n512,30,robust,45,tnp_minus_same_subset_raw,11.1328125
seediv,deepconvnet,rpcf_at,fgsm,subset_n512,raw,clean,45,rpcf_minus_madry,-0.390625
seediv,deepconvnet,rpcf_at,fgsm,subset_n512,raw,robust,45,rpcf_minus_madry,-4.6875
seediv,deepconvnet,rpcf_at,fgsm,subset_n512,25,clean,45,rpcf_minus_madry,0.1953125
seediv,deepconvnet,rpcf_at,fgsm,subset_n512,25,clean,45,tnp_minus_same_subset_raw,-1.953125
seediv,deepconvnet,rpcf_at,fgsm,subset_n512,25,robust,45,rpcf_minus_madry,-1.3671875
seediv,deepconvnet,rpcf_at,fgsm,subset_n512,25,robust,45,tnp_minus_same_subset_raw,5.078125
seediv,deepconvnet,rpcf_at,fgsm,subset_n512,30,clean,45,rpcf_minus_madry,-0.1953125
seediv,deepconvnet,rpcf_at,fgsm,subset_n512,30,clean,45,tnp_minus_same_subset_raw,-2.1484375
seediv,deepconvnet,rpcf_at,fgsm,subset_n512,30,robust,45,rpcf_minus_madry,-1.5625
seediv,deepconvnet,rpcf_at,fgsm,subset_n512,30,robust,45,tnp_minus_same_subset_raw,5.078125
seediv,deepconvnet,rpcf_at,pgd,subset_n512,raw,clean,45,rpcf_minus_madry,-0.390625
seediv,deepconvnet,rpcf_at,pgd,subset_n512,raw,robust,45,rpcf_minus_madry,-4.8828125
seediv,deepconvnet,rpcf_at,pgd,subset_n512,25,clean,45,rpcf_minus_madry,0.1953125
seediv,deepconvnet,rpcf_at,pgd,subset_n512,25,clean,45,tnp_minus_same_subset_raw,-1.953125
seediv,deepconvnet,rpcf_at,pgd,subset_n512,25,robust,45,rpcf_minus_madry,-1.7578125
seediv,deepconvnet,rpcf_at,pgd,subset_n512,25,robust,45,tnp_minus_same_subset_raw,5.46875
seediv,deepconvnet,rpcf_at,pgd,subset_n512,30,clean,45,rpcf_minus_madry,-0.1953125
seediv,deepconvnet,rpcf_at,pgd,subset_n512,30,clean,45,tnp_minus_same_subset_raw,-2.1484375
seediv,deepconvnet,rpcf_at,pgd,subset_n512,30,robust,45,rpcf_minus_madry,-0.9765625
seediv,deepconvnet,rpcf_at,pgd,subset_n512,30,robust,45,tnp_minus_same_subset_raw,5.2734375
seediv,deepconvnet,rpcf_at,cw,subset_n512,raw,clean,45,rpcf_minus_madry,-0.390625
seediv,deepconvnet,rpcf_at,cw,subset_n512,raw,robust,45,rpcf_minus_madry,0.1953125
seediv,deepconvnet,rpcf_at,cw,subset_n512,25,clean,45,rpcf_minus_madry,0.1953125
seediv,deepconvnet,rpcf_at,cw,subset_n512,25,clean,45,tnp_minus_same_subset_raw,-1.953125
seediv,deepconvnet,rpcf_at,cw,subset_n512,25,robust,45,rpcf_minus_madry,-2.5390625
seediv,deepconvnet,rpcf_at,cw,subset_n512,25,robust,45,tnp_minus_same_subset_raw,8.3984375
seediv,deepconvnet,rpcf_at,cw,subset_n512,30,clean,45,rpcf_minus_madry,-0.1953125
seediv,deepconvnet,rpcf_at,cw,subset_n512,30,clean,45,tnp_minus_same_subset_raw,-2.1484375
seediv,deepconvnet,rpcf_at,cw,subset_n512,30,robust,45,rpcf_minus_madry,-0.9765625
seediv,deepconvnet,rpcf_at,cw,subset_n512,30,robust,45,tnp_minus_same_subset_raw,6.25
seediv,deepconvnet,madry,autoattack,subset_n512,25,clean,46,tnp_minus_same_subset_raw,-1.3671875
seediv,deepconvnet,madry,autoattack,subset_n512,25,robust,46,tnp_minus_same_subset_raw,8.3984375
seediv,deepconvnet,madry,autoattack,subset_n512,30,clean,46,tnp_minus_same_subset_raw,-0.9765625
seediv,deepconvnet,madry,autoattack,subset_n512,30,robust,46,tnp_minus_same_subset_raw,8.203125
seediv,deepconvnet,madry,fgsm,subset_n512,25,clean,46,tnp_minus_same_subset_raw,-1.3671875
seediv,deepconvnet,madry,fgsm,subset_n512,25,robust,46,tnp_minus_same_subset_raw,2.34375
seediv,deepconvnet,madry,fgsm,subset_n512,30,clean,46,tnp_minus_same_subset_raw,-0.9765625
seediv,deepconvnet,madry,fgsm,subset_n512,30,robust,46,tnp_minus_same_subset_raw,2.1484375
seediv,deepconvnet,madry,pgd,subset_n512,25,clean,46,tnp_minus_same_subset_raw,-1.3671875
seediv,deepconvnet,madry,pgd,subset_n512,25,robust,46,tnp_minus_same_subset_raw,2.734375
seediv,deepconvnet,madry,pgd,subset_n512,30,clean,46,tnp_minus_same_subset_raw,-0.9765625
seediv,deepconvnet,madry,pgd,subset_n512,30,robust,46,tnp_minus_same_subset_raw,2.34375
seediv,deepconvnet,madry,cw,subset_n512,25,clean,46,tnp_minus_same_subset_raw,-1.3671875
seediv,deepconvnet,madry,cw,subset_n512,25,robust,46,tnp_minus_same_subset_raw,4.6875
seediv,deepconvnet,madry,cw,subset_n512,30,clean,46,tnp_minus_same_subset_raw,-0.9765625
seediv,deepconvnet,madry,cw,subset_n512,30,robust,46,tnp_minus_same_subset_raw,1.5625
seediv,deepconvnet,rpcf_at,autoattack,subset_n512,raw,clean,46,rpcf_minus_madry,1.7578125
seediv,deepconvnet,rpcf_at,autoattack,subset_n512,raw,robust,46,rpcf_minus_madry,-2.9296875
seediv,deepconvnet,rpcf_at,autoattack,subset_n512,25,clean,46,rpcf_minus_madry,1.3671875
seediv,deepconvnet,rpcf_at,autoattack,subset_n512,25,clean,46,tnp_minus_same_subset_raw,-1.7578125
seediv,deepconvnet,rpcf_at,autoattack,subset_n512,25,robust,46,rpcf_minus_madry,-0.1953125
seediv,deepconvnet,rpcf_at,autoattack,subset_n512,25,robust,46,tnp_minus_same_subset_raw,11.1328125
seediv,deepconvnet,rpcf_at,autoattack,subset_n512,30,clean,46,rpcf_minus_madry,0.78125
seediv,deepconvnet,rpcf_at,autoattack,subset_n512,30,clean,46,tnp_minus_same_subset_raw,-1.953125
seediv,deepconvnet,rpcf_at,autoattack,subset_n512,30,robust,46,rpcf_minus_madry,-2.1484375
seediv,deepconvnet,rpcf_at,autoattack,subset_n512,30,robust,46,tnp_minus_same_subset_raw,8.984375
seediv,deepconvnet,rpcf_at,fgsm,subset_n512,raw,clean,46,rpcf_minus_madry,1.7578125
seediv,deepconvnet,rpcf_at,fgsm,subset_n512,raw,robust,46,rpcf_minus_madry,-3.7109375
seediv,deepconvnet,rpcf_at,fgsm,subset_n512,25,clean,46,rpcf_minus_madry,1.3671875
seediv,deepconvnet,rpcf_at,fgsm,subset_n512,25,clean,46,tnp_minus_same_subset_raw,-1.7578125
seediv,deepconvnet,rpcf_at,fgsm,subset_n512,25,robust,46,rpcf_minus_madry,-2.34375
seediv,deepconvnet,rpcf_at,fgsm,subset_n512,25,robust,46,tnp_minus_same_subset_raw,3.7109375
seediv,deepconvnet,rpcf_at,fgsm,subset_n512,30,clean,46,rpcf_minus_madry,0.78125
seediv,deepconvnet,rpcf_at,fgsm,subset_n512,30,clean,46,tnp_minus_same_subset_raw,-1.953125
seediv,deepconvnet,rpcf_at,fgsm,subset_n512,30,robust,46,rpcf_minus_madry,-1.953125
seediv,deepconvnet,rpcf_at,fgsm,subset_n512,30,robust,46,tnp_minus_same_subset_raw,3.90625
seediv,deepconvnet,rpcf_at,pgd,subset_n512,raw,clean,46,rpcf_minus_madry,1.7578125
seediv,deepconvnet,rpcf_at,pgd,subset_n512,raw,robust,46,rpcf_minus_madry,-3.7109375
seediv,deepconvnet,rpcf_at,pgd,subset_n512,25,clean,46,rpcf_minus_madry,1.3671875
seediv,deepconvnet,rpcf_at,pgd,subset_n512,25,clean,46,tnp_minus_same_subset_raw,-1.7578125
seediv,deepconvnet,rpcf_at,pgd,subset_n512,25,robust,46,rpcf_minus_madry,-2.34375
seediv,deepconvnet,rpcf_at,pgd,subset_n512,25,robust,46,tnp_minus_same_subset_raw,4.1015625
seediv,deepconvnet,rpcf_at,pgd,subset_n512,30,clean,46,rpcf_minus_madry,0.78125
seediv,deepconvnet,rpcf_at,pgd,subset_n512,30,clean,46,tnp_minus_same_subset_raw,-1.953125
seediv,deepconvnet,rpcf_at,pgd,subset_n512,30,robust,46,rpcf_minus_madry,-2.1484375
seediv,deepconvnet,rpcf_at,pgd,subset_n512,30,robust,46,tnp_minus_same_subset_raw,3.90625
seediv,deepconvnet,rpcf_at,cw,subset_n512,raw,clean,46,rpcf_minus_madry,1.7578125
seediv,deepconvnet,rpcf_at,cw,subset_n512,raw,robust,46,rpcf_minus_madry,0.0
seediv,deepconvnet,rpcf_at,cw,subset_n512,25,clean,46,rpcf_minus_madry,1.3671875
seediv,deepconvnet,rpcf_at,cw,subset_n512,25,clean,46,tnp_minus_same_subset_raw,-1.7578125
seediv,deepconvnet,rpcf_at,cw,subset_n512,25,robust,46,rpcf_minus_madry,-0.78125
seediv,deepconvnet,rpcf_at,cw,subset_n512,25,robust,46,tnp_minus_same_subset_raw,3.90625
seediv,deepconvnet,rpcf_at,cw,subset_n512,30,clean,46,rpcf_minus_madry,0.78125
seediv,deepconvnet,rpcf_at,cw,subset_n512,30,clean,46,tnp_minus_same_subset_raw,-1.953125
seediv,deepconvnet,rpcf_at,cw,subset_n512,30,robust,46,rpcf_minus_madry,-0.1953125
seediv,deepconvnet,rpcf_at,cw,subset_n512,30,robust,46,tnp_minus_same_subset_raw,1.3671875
seediv,tsception,madry,autoattack,subset_n512,25,clean,42,tnp_minus_same_subset_raw,0.5859375
seediv,tsception,madry,autoattack,subset_n512,25,robust,42,tnp_minus_same_subset_raw,9.1796875
seediv,tsception,madry,autoattack,subset_n512,30,clean,42,tnp_minus_same_subset_raw,0.390625
seediv,tsception,madry,autoattack,subset_n512,30,robust,42,tnp_minus_same_subset_raw,9.1796875
seediv,tsception,madry,fgsm,subset_n512,25,clean,42,tnp_minus_same_subset_raw,0.5859375
seediv,tsception,madry,fgsm,subset_n512,25,robust,42,tnp_minus_same_subset_raw,-0.9765625
seediv,tsception,madry,fgsm,subset_n512,30,clean,42,tnp_minus_same_subset_raw,0.390625
seediv,tsception,madry,fgsm,subset_n512,30,robust,42,tnp_minus_same_subset_raw,-0.1953125
seediv,tsception,madry,pgd,subset_n512,25,clean,42,tnp_minus_same_subset_raw,0.5859375
seediv,tsception,madry,pgd,subset_n512,25,robust,42,tnp_minus_same_subset_raw,0.9765625
seediv,tsception,madry,pgd,subset_n512,30,clean,42,tnp_minus_same_subset_raw,0.390625
seediv,tsception,madry,pgd,subset_n512,30,robust,42,tnp_minus_same_subset_raw,0.78125
seediv,tsception,madry,cw,subset_n512,25,clean,42,tnp_minus_same_subset_raw,0.5859375
seediv,tsception,madry,cw,subset_n512,25,robust,42,tnp_minus_same_subset_raw,2.1484375
seediv,tsception,madry,cw,subset_n512,30,clean,42,tnp_minus_same_subset_raw,0.390625
seediv,tsception,madry,cw,subset_n512,30,robust,42,tnp_minus_same_subset_raw,0.390625
seediv,tsception,rpcf_at,autoattack,subset_n512,raw,clean,42,rpcf_minus_madry,1.7578125
seediv,tsception,rpcf_at,autoattack,subset_n512,raw,robust,42,rpcf_minus_madry,-0.5859375
seediv,tsception,rpcf_at,autoattack,subset_n512,25,clean,42,rpcf_minus_madry,-1.5625
seediv,tsception,rpcf_at,autoattack,subset_n512,25,clean,42,tnp_minus_same_subset_raw,-2.734375
seediv,tsception,rpcf_at,autoattack,subset_n512,25,robust,42,rpcf_minus_madry,-0.9765625
seediv,tsception,rpcf_at,autoattack,subset_n512,25,robust,42,tnp_minus_same_subset_raw,8.7890625
seediv,tsception,rpcf_at,autoattack,subset_n512,30,clean,42,rpcf_minus_madry,-0.390625
seediv,tsception,rpcf_at,autoattack,subset_n512,30,clean,42,tnp_minus_same_subset_raw,-1.7578125
seediv,tsception,rpcf_at,autoattack,subset_n512,30,robust,42,rpcf_minus_madry,-1.5625
seediv,tsception,rpcf_at,autoattack,subset_n512,30,robust,42,tnp_minus_same_subset_raw,8.203125
seediv,tsception,rpcf_at,fgsm,subset_n512,raw,clean,42,rpcf_minus_madry,1.7578125
seediv,tsception,rpcf_at,fgsm,subset_n512,raw,robust,42,rpcf_minus_madry,-0.78125
seediv,tsception,rpcf_at,fgsm,subset_n512,25,clean,42,rpcf_minus_madry,-1.5625
seediv,tsception,rpcf_at,fgsm,subset_n512,25,clean,42,tnp_minus_same_subset_raw,-2.734375
seediv,tsception,rpcf_at,fgsm,subset_n512,25,robust,42,rpcf_minus_madry,2.34375
seediv,tsception,rpcf_at,fgsm,subset_n512,25,robust,42,tnp_minus_same_subset_raw,2.1484375
seediv,tsception,rpcf_at,fgsm,subset_n512,30,clean,42,rpcf_minus_madry,-0.390625
seediv,tsception,rpcf_at,fgsm,subset_n512,30,clean,42,tnp_minus_same_subset_raw,-1.7578125
seediv,tsception,rpcf_at,fgsm,subset_n512,30,robust,42,rpcf_minus_madry,0.390625
seediv,tsception,rpcf_at,fgsm,subset_n512,30,robust,42,tnp_minus_same_subset_raw,0.9765625
seediv,tsception,rpcf_at,pgd,subset_n512,raw,clean,42,rpcf_minus_madry,1.7578125
seediv,tsception,rpcf_at,pgd,subset_n512,raw,robust,42,rpcf_minus_madry,-0.78125
seediv,tsception,rpcf_at,pgd,subset_n512,25,clean,42,rpcf_minus_madry,-1.5625
seediv,tsception,rpcf_at,pgd,subset_n512,25,clean,42,tnp_minus_same_subset_raw,-2.734375
seediv,tsception,rpcf_at,pgd,subset_n512,25,robust,42,rpcf_minus_madry,0.9765625
seediv,tsception,rpcf_at,pgd,subset_n512,25,robust,42,tnp_minus_same_subset_raw,2.734375
seediv,tsception,rpcf_at,pgd,subset_n512,30,clean,42,rpcf_minus_madry,-0.390625
seediv,tsception,rpcf_at,pgd,subset_n512,30,clean,42,tnp_minus_same_subset_raw,-1.7578125
seediv,tsception,rpcf_at,pgd,subset_n512,30,robust,42,rpcf_minus_madry,0.0
seediv,tsception,rpcf_at,pgd,subset_n512,30,robust,42,tnp_minus_same_subset_raw,1.5625
seediv,tsception,rpcf_at,cw,subset_n512,raw,clean,42,rpcf_minus_madry,1.7578125
seediv,tsception,rpcf_at,cw,subset_n512,raw,robust,42,rpcf_minus_madry,-0.390625
seediv,tsception,rpcf_at,cw,subset_n512,25,clean,42,rpcf_minus_madry,-1.5625
seediv,tsception,rpcf_at,cw,subset_n512,25,clean,42,tnp_minus_same_subset_raw,-2.734375
seediv,tsception,rpcf_at,cw,subset_n512,25,robust,42,rpcf_minus_madry,1.3671875
seediv,tsception,rpcf_at,cw,subset_n512,25,robust,42,tnp_minus_same_subset_raw,3.90625
seediv,tsception,rpcf_at,cw,subset_n512,30,clean,42,rpcf_minus_madry,-0.390625
seediv,tsception,rpcf_at,cw,subset_n512,30,clean,42,tnp_minus_same_subset_raw,-1.7578125
seediv,tsception,rpcf_at,cw,subset_n512,30,robust,42,rpcf_minus_madry,0.390625
seediv,tsception,rpcf_at,cw,subset_n512,30,robust,42,tnp_minus_same_subset_raw,1.171875
seediv,tsception,madry,autoattack,subset_n512,25,clean,43,tnp_minus_same_subset_raw,-0.78125
seediv,tsception,madry,autoattack,subset_n512,25,robust,43,tnp_minus_same_subset_raw,11.9140625
seediv,tsception,madry,autoattack,subset_n512,30,clean,43,tnp_minus_same_subset_raw,0.0
seediv,tsception,madry,autoattack,subset_n512,30,robust,43,tnp_minus_same_subset_raw,11.9140625
seediv,tsception,madry,fgsm,subset_n512,25,clean,43,tnp_minus_same_subset_raw,-0.78125
seediv,tsception,madry,fgsm,subset_n512,25,robust,43,tnp_minus_same_subset_raw,5.078125
seediv,tsception,madry,fgsm,subset_n512,30,clean,43,tnp_minus_same_subset_raw,0.0
seediv,tsception,madry,fgsm,subset_n512,30,robust,43,tnp_minus_same_subset_raw,2.9296875
seediv,tsception,madry,pgd,subset_n512,25,clean,43,tnp_minus_same_subset_raw,-0.78125
seediv,tsception,madry,pgd,subset_n512,25,robust,43,tnp_minus_same_subset_raw,5.6640625
seediv,tsception,madry,pgd,subset_n512,30,clean,43,tnp_minus_same_subset_raw,0.0
seediv,tsception,madry,pgd,subset_n512,30,robust,43,tnp_minus_same_subset_raw,4.1015625
seediv,tsception,madry,cw,subset_n512,25,clean,43,tnp_minus_same_subset_raw,-0.78125
seediv,tsception,madry,cw,subset_n512,25,robust,43,tnp_minus_same_subset_raw,3.3203125
seediv,tsception,madry,cw,subset_n512,30,clean,43,tnp_minus_same_subset_raw,0.0
seediv,tsception,madry,cw,subset_n512,30,robust,43,tnp_minus_same_subset_raw,0.9765625
seediv,tsception,rpcf_at,autoattack,subset_n512,raw,clean,43,rpcf_minus_madry,-1.3671875
seediv,tsception,rpcf_at,autoattack,subset_n512,raw,robust,43,rpcf_minus_madry,-0.5859375
seediv,tsception,rpcf_at,autoattack,subset_n512,25,clean,43,rpcf_minus_madry,1.7578125
seediv,tsception,rpcf_at,autoattack,subset_n512,25,clean,43,tnp_minus_same_subset_raw,2.34375
seediv,tsception,rpcf_at,autoattack,subset_n512,25,robust,43,rpcf_minus_madry,-0.1953125
seediv,tsception,rpcf_at,autoattack,subset_n512,25,robust,43,tnp_minus_same_subset_raw,12.3046875
seediv,tsception,rpcf_at,autoattack,subset_n512,30,clean,43,rpcf_minus_madry,0.1953125
seediv,tsception,rpcf_at,autoattack,subset_n512,30,clean,43,tnp_minus_same_subset_raw,1.5625
seediv,tsception,rpcf_at,autoattack,subset_n512,30,robust,43,rpcf_minus_madry,-1.3671875
seediv,tsception,rpcf_at,autoattack,subset_n512,30,robust,43,tnp_minus_same_subset_raw,11.1328125
seediv,tsception,rpcf_at,fgsm,subset_n512,raw,clean,43,rpcf_minus_madry,-1.3671875
seediv,tsception,rpcf_at,fgsm,subset_n512,raw,robust,43,rpcf_minus_madry,0.390625
seediv,tsception,rpcf_at,fgsm,subset_n512,25,clean,43,rpcf_minus_madry,1.7578125
seediv,tsception,rpcf_at,fgsm,subset_n512,25,clean,43,tnp_minus_same_subset_raw,2.34375
seediv,tsception,rpcf_at,fgsm,subset_n512,25,robust,43,rpcf_minus_madry,-2.9296875
seediv,tsception,rpcf_at,fgsm,subset_n512,25,robust,43,tnp_minus_same_subset_raw,1.7578125
seediv,tsception,rpcf_at,fgsm,subset_n512,30,clean,43,rpcf_minus_madry,0.1953125
seediv,tsception,rpcf_at,fgsm,subset_n512,30,clean,43,tnp_minus_same_subset_raw,1.5625
seediv,tsception,rpcf_at,fgsm,subset_n512,30,robust,43,rpcf_minus_madry,-0.1953125
seediv,tsception,rpcf_at,fgsm,subset_n512,30,robust,43,tnp_minus_same_subset_raw,2.34375
seediv,tsception,rpcf_at,pgd,subset_n512,raw,clean,43,rpcf_minus_madry,-1.3671875
seediv,tsception,rpcf_at,pgd,subset_n512,raw,robust,43,rpcf_minus_madry,0.78125
seediv,tsception,rpcf_at,pgd,subset_n512,25,clean,43,rpcf_minus_madry,1.7578125
seediv,tsception,rpcf_at,pgd,subset_n512,25,clean,43,tnp_minus_same_subset_raw,2.34375
seediv,tsception,rpcf_at,pgd,subset_n512,25,robust,43,rpcf_minus_madry,-1.953125
seediv,tsception,rpcf_at,pgd,subset_n512,25,robust,43,tnp_minus_same_subset_raw,2.9296875
seediv,tsception,rpcf_at,pgd,subset_n512,30,clean,43,rpcf_minus_madry,0.1953125
seediv,tsception,rpcf_at,pgd,subset_n512,30,clean,43,tnp_minus_same_subset_raw,1.5625
seediv,tsception,rpcf_at,pgd,subset_n512,30,robust,43,rpcf_minus_madry,0.390625
seediv,tsception,rpcf_at,pgd,subset_n512,30,robust,43,tnp_minus_same_subset_raw,3.7109375
seediv,tsception,rpcf_at,cw,subset_n512,raw,clean,43,rpcf_minus_madry,-1.3671875
seediv,tsception,rpcf_at,cw,subset_n512,raw,robust,43,rpcf_minus_madry,0.0
seediv,tsception,rpcf_at,cw,subset_n512,25,clean,43,rpcf_minus_madry,1.7578125
seediv,tsception,rpcf_at,cw,subset_n512,25,clean,43,tnp_minus_same_subset_raw,2.34375
seediv,tsception,rpcf_at,cw,subset_n512,25,robust,43,rpcf_minus_madry,-0.1953125
seediv,tsception,rpcf_at,cw,subset_n512,25,robust,43,tnp_minus_same_subset_raw,3.125
seediv,tsception,rpcf_at,cw,subset_n512,30,clean,43,rpcf_minus_madry,0.1953125
seediv,tsception,rpcf_at,cw,subset_n512,30,clean,43,tnp_minus_same_subset_raw,1.5625
seediv,tsception,rpcf_at,cw,subset_n512,30,robust,43,rpcf_minus_madry,1.171875
seediv,tsception,rpcf_at,cw,subset_n512,30,robust,43,tnp_minus_same_subset_raw,2.1484375
seediv,tsception,madry,autoattack,subset_n512,25,clean,44,tnp_minus_same_subset_raw,-3.3203125
seediv,tsception,madry,autoattack,subset_n512,25,robust,44,tnp_minus_same_subset_raw,9.5703125
seediv,tsception,madry,autoattack,subset_n512,30,clean,44,tnp_minus_same_subset_raw,-1.3671875
seediv,tsception,madry,autoattack,subset_n512,30,robust,44,tnp_minus_same_subset_raw,9.375
seediv,tsception,madry,fgsm,subset_n512,25,clean,44,tnp_minus_same_subset_raw,-3.3203125
seediv,tsception,madry,fgsm,subset_n512,25,robust,44,tnp_minus_same_subset_raw,2.1484375
seediv,tsception,madry,fgsm,subset_n512,30,clean,44,tnp_minus_same_subset_raw,-1.3671875
seediv,tsception,madry,fgsm,subset_n512,30,robust,44,tnp_minus_same_subset_raw,2.1484375
seediv,tsception,madry,pgd,subset_n512,25,clean,44,tnp_minus_same_subset_raw,-3.3203125
seediv,tsception,madry,pgd,subset_n512,25,robust,44,tnp_minus_same_subset_raw,2.5390625
seediv,tsception,madry,pgd,subset_n512,30,clean,44,tnp_minus_same_subset_raw,-1.3671875
seediv,tsception,madry,pgd,subset_n512,30,robust,44,tnp_minus_same_subset_raw,2.9296875
seediv,tsception,madry,cw,subset_n512,25,clean,44,tnp_minus_same_subset_raw,-3.3203125
seediv,tsception,madry,cw,subset_n512,25,robust,44,tnp_minus_same_subset_raw,2.734375
seediv,tsception,madry,cw,subset_n512,30,clean,44,tnp_minus_same_subset_raw,-1.3671875
seediv,tsception,madry,cw,subset_n512,30,robust,44,tnp_minus_same_subset_raw,0.78125
seediv,tsception,rpcf_at,autoattack,subset_n512,raw,clean,44,rpcf_minus_madry,-0.390625
seediv,tsception,rpcf_at,autoattack,subset_n512,raw,robust,44,rpcf_minus_madry,-0.390625
seediv,tsception,rpcf_at,autoattack,subset_n512,25,clean,44,rpcf_minus_madry,-0.1953125
seediv,tsception,rpcf_at,autoattack,subset_n512,25,clean,44,tnp_minus_same_subset_raw,-3.125
seediv,tsception,rpcf_at,autoattack,subset_n512,25,robust,44,rpcf_minus_madry,0.78125
seediv,tsception,rpcf_at,autoattack,subset_n512,25,robust,44,tnp_minus_same_subset_raw,10.7421875
seediv,tsception,rpcf_at,autoattack,subset_n512,30,clean,44,rpcf_minus_madry,-0.390625
seediv,tsception,rpcf_at,autoattack,subset_n512,30,clean,44,tnp_minus_same_subset_raw,-1.3671875
seediv,tsception,rpcf_at,autoattack,subset_n512,30,robust,44,rpcf_minus_madry,0.1953125
seediv,tsception,rpcf_at,autoattack,subset_n512,30,robust,44,tnp_minus_same_subset_raw,9.9609375
seediv,tsception,rpcf_at,fgsm,subset_n512,raw,clean,44,rpcf_minus_madry,-0.390625
seediv,tsception,rpcf_at,fgsm,subset_n512,raw,robust,44,rpcf_minus_madry,-0.78125
seediv,tsception,rpcf_at,fgsm,subset_n512,25,clean,44,rpcf_minus_madry,-0.1953125
seediv,tsception,rpcf_at,fgsm,subset_n512,25,clean,44,tnp_minus_same_subset_raw,-3.125
seediv,tsception,rpcf_at,fgsm,subset_n512,25,robust,44,rpcf_minus_madry,1.3671875
seediv,tsception,rpcf_at,fgsm,subset_n512,25,robust,44,tnp_minus_same_subset_raw,4.296875
seediv,tsception,rpcf_at,fgsm,subset_n512,30,clean,44,rpcf_minus_madry,-0.390625
seediv,tsception,rpcf_at,fgsm,subset_n512,30,clean,44,tnp_minus_same_subset_raw,-1.3671875
seediv,tsception,rpcf_at,fgsm,subset_n512,30,robust,44,rpcf_minus_madry,0.9765625
seediv,tsception,rpcf_at,fgsm,subset_n512,30,robust,44,tnp_minus_same_subset_raw,3.90625
seediv,tsception,rpcf_at,pgd,subset_n512,raw,clean,44,rpcf_minus_madry,-0.390625
seediv,tsception,rpcf_at,pgd,subset_n512,raw,robust,44,rpcf_minus_madry,-0.78125
seediv,tsception,rpcf_at,pgd,subset_n512,25,clean,44,rpcf_minus_madry,-0.1953125
seediv,tsception,rpcf_at,pgd,subset_n512,25,clean,44,tnp_minus_same_subset_raw,-3.125
seediv,tsception,rpcf_at,pgd,subset_n512,25,robust,44,rpcf_minus_madry,1.171875
seediv,tsception,rpcf_at,pgd,subset_n512,25,robust,44,tnp_minus_same_subset_raw,4.4921875
seediv,tsception,rpcf_at,pgd,subset_n512,30,clean,44,rpcf_minus_madry,-0.390625
seediv,tsception,rpcf_at,pgd,subset_n512,30,clean,44,tnp_minus_same_subset_raw,-1.3671875
seediv,tsception,rpcf_at,pgd,subset_n512,30,robust,44,rpcf_minus_madry,-0.5859375
seediv,tsception,rpcf_at,pgd,subset_n512,30,robust,44,tnp_minus_same_subset_raw,3.125
seediv,tsception,rpcf_at,cw,subset_n512,raw,clean,44,rpcf_minus_madry,-0.390625
seediv,tsception,rpcf_at,cw,subset_n512,raw,robust,44,rpcf_minus_madry,-0.1953125
seediv,tsception,rpcf_at,cw,subset_n512,25,clean,44,rpcf_minus_madry,-0.1953125
seediv,tsception,rpcf_at,cw,subset_n512,25,clean,44,tnp_minus_same_subset_raw,-3.125
seediv,tsception,rpcf_at,cw,subset_n512,25,robust,44,rpcf_minus_madry,2.34375
seediv,tsception,rpcf_at,cw,subset_n512,25,robust,44,tnp_minus_same_subset_raw,5.2734375
seediv,tsception,rpcf_at,cw,subset_n512,30,clean,44,rpcf_minus_madry,-0.390625
seediv,tsception,rpcf_at,cw,subset_n512,30,clean,44,tnp_minus_same_subset_raw,-1.3671875
seediv,tsception,rpcf_at,cw,subset_n512,30,robust,44,rpcf_minus_madry,0.1953125
seediv,tsception,rpcf_at,cw,subset_n512,30,robust,44,tnp_minus_same_subset_raw,1.171875
seediv,tsception,madry,autoattack,subset_n512,25,clean,45,tnp_minus_same_subset_raw,-2.734375
seediv,tsception,madry,autoattack,subset_n512,25,robust,45,tnp_minus_same_subset_raw,10.15625
seediv,tsception,madry,autoattack,subset_n512,30,clean,45,tnp_minus_same_subset_raw,-3.3203125
seediv,tsception,madry,autoattack,subset_n512,30,robust,45,tnp_minus_same_subset_raw,9.765625
seediv,tsception,madry,fgsm,subset_n512,25,clean,45,tnp_minus_same_subset_raw,-2.734375
seediv,tsception,madry,fgsm,subset_n512,25,robust,45,tnp_minus_same_subset_raw,0.5859375
seediv,tsception,madry,fgsm,subset_n512,30,clean,45,tnp_minus_same_subset_raw,-3.3203125
seediv,tsception,madry,fgsm,subset_n512,30,robust,45,tnp_minus_same_subset_raw,0.78125
seediv,tsception,madry,pgd,subset_n512,25,clean,45,tnp_minus_same_subset_raw,-2.734375
seediv,tsception,madry,pgd,subset_n512,25,robust,45,tnp_minus_same_subset_raw,0.9765625
seediv,tsception,madry,pgd,subset_n512,30,clean,45,tnp_minus_same_subset_raw,-3.3203125
seediv,tsception,madry,pgd,subset_n512,30,robust,45,tnp_minus_same_subset_raw,2.34375
seediv,tsception,madry,cw,subset_n512,25,clean,45,tnp_minus_same_subset_raw,-2.734375
seediv,tsception,madry,cw,subset_n512,25,robust,45,tnp_minus_same_subset_raw,4.6875
seediv,tsception,madry,cw,subset_n512,30,clean,45,tnp_minus_same_subset_raw,-3.3203125
seediv,tsception,madry,cw,subset_n512,30,robust,45,tnp_minus_same_subset_raw,1.5625
seediv,tsception,rpcf_at,autoattack,subset_n512,raw,clean,45,rpcf_minus_madry,0.9765625
seediv,tsception,rpcf_at,autoattack,subset_n512,raw,robust,45,rpcf_minus_madry,-0.78125
seediv,tsception,rpcf_at,autoattack,subset_n512,25,clean,45,rpcf_minus_madry,4.8828125
seediv,tsception,rpcf_at,autoattack,subset_n512,25,clean,45,tnp_minus_same_subset_raw,1.171875
seediv,tsception,rpcf_at,autoattack,subset_n512,25,robust,45,rpcf_minus_madry,3.515625
seediv,tsception,rpcf_at,autoattack,subset_n512,25,robust,45,tnp_minus_same_subset_raw,14.453125
seediv,tsception,rpcf_at,autoattack,subset_n512,30,clean,45,rpcf_minus_madry,5.46875
seediv,tsception,rpcf_at,autoattack,subset_n512,30,clean,45,tnp_minus_same_subset_raw,1.171875
seediv,tsception,rpcf_at,autoattack,subset_n512,30,robust,45,rpcf_minus_madry,0.9765625
seediv,tsception,rpcf_at,autoattack,subset_n512,30,robust,45,tnp_minus_same_subset_raw,11.5234375
seediv,tsception,rpcf_at,fgsm,subset_n512,raw,clean,45,rpcf_minus_madry,0.9765625
seediv,tsception,rpcf_at,fgsm,subset_n512,raw,robust,45,rpcf_minus_madry,-0.5859375
seediv,tsception,rpcf_at,fgsm,subset_n512,25,clean,45,rpcf_minus_madry,4.8828125
seediv,tsception,rpcf_at,fgsm,subset_n512,25,clean,45,tnp_minus_same_subset_raw,1.171875
seediv,tsception,rpcf_at,fgsm,subset_n512,25,robust,45,rpcf_minus_madry,3.3203125
seediv,tsception,rpcf_at,fgsm,subset_n512,25,robust,45,tnp_minus_same_subset_raw,4.4921875
seediv,tsception,rpcf_at,fgsm,subset_n512,30,clean,45,rpcf_minus_madry,5.46875
seediv,tsception,rpcf_at,fgsm,subset_n512,30,clean,45,tnp_minus_same_subset_raw,1.171875
seediv,tsception,rpcf_at,fgsm,subset_n512,30,robust,45,rpcf_minus_madry,2.734375
seediv,tsception,rpcf_at,fgsm,subset_n512,30,robust,45,tnp_minus_same_subset_raw,4.1015625
seediv,tsception,rpcf_at,pgd,subset_n512,raw,clean,45,rpcf_minus_madry,0.9765625
seediv,tsception,rpcf_at,pgd,subset_n512,raw,robust,45,rpcf_minus_madry,-0.9765625
seediv,tsception,rpcf_at,pgd,subset_n512,25,clean,45,rpcf_minus_madry,4.8828125
seediv,tsception,rpcf_at,pgd,subset_n512,25,clean,45,tnp_minus_same_subset_raw,1.171875
seediv,tsception,rpcf_at,pgd,subset_n512,25,robust,45,rpcf_minus_madry,3.125
seediv,tsception,rpcf_at,pgd,subset_n512,25,robust,45,tnp_minus_same_subset_raw,5.078125
seediv,tsception,rpcf_at,pgd,subset_n512,30,clean,45,rpcf_minus_madry,5.46875
seediv,tsception,rpcf_at,pgd,subset_n512,30,clean,45,tnp_minus_same_subset_raw,1.171875
seediv,tsception,rpcf_at,pgd,subset_n512,30,robust,45,rpcf_minus_madry,1.953125
seediv,tsception,rpcf_at,pgd,subset_n512,30,robust,45,tnp_minus_same_subset_raw,5.2734375
seediv,tsception,rpcf_at,cw,subset_n512,raw,clean,45,rpcf_minus_madry,0.9765625
seediv,tsception,rpcf_at,cw,subset_n512,raw,robust,45,rpcf_minus_madry,-0.5859375
seediv,tsception,rpcf_at,cw,subset_n512,25,clean,45,rpcf_minus_madry,4.8828125
seediv,tsception,rpcf_at,cw,subset_n512,25,clean,45,tnp_minus_same_subset_raw,1.171875
seediv,tsception,rpcf_at,cw,subset_n512,25,robust,45,rpcf_minus_madry,1.171875
seediv,tsception,rpcf_at,cw,subset_n512,25,robust,45,tnp_minus_same_subset_raw,6.4453125
seediv,tsception,rpcf_at,cw,subset_n512,30,clean,45,rpcf_minus_madry,5.46875
seediv,tsception,rpcf_at,cw,subset_n512,30,clean,45,tnp_minus_same_subset_raw,1.171875
seediv,tsception,rpcf_at,cw,subset_n512,30,robust,45,rpcf_minus_madry,-0.78125
seediv,tsception,rpcf_at,cw,subset_n512,30,robust,45,tnp_minus_same_subset_raw,1.3671875
seediv,tsception,madry,autoattack,subset_n512,25,clean,46,tnp_minus_same_subset_raw,-0.5859375
seediv,tsception,madry,autoattack,subset_n512,25,robust,46,tnp_minus_same_subset_raw,10.7421875
seediv,tsception,madry,autoattack,subset_n512,30,clean,46,tnp_minus_same_subset_raw,-0.5859375
seediv,tsception,madry,autoattack,subset_n512,30,robust,46,tnp_minus_same_subset_raw,9.375
seediv,tsception,madry,fgsm,subset_n512,25,clean,46,tnp_minus_same_subset_raw,-0.5859375
seediv,tsception,madry,fgsm,subset_n512,25,robust,46,tnp_minus_same_subset_raw,0.1953125
seediv,tsception,madry,fgsm,subset_n512,30,clean,46,tnp_minus_same_subset_raw,-0.5859375
seediv,tsception,madry,fgsm,subset_n512,30,robust,46,tnp_minus_same_subset_raw,0.9765625
seediv,tsception,madry,pgd,subset_n512,25,clean,46,tnp_minus_same_subset_raw,-0.5859375
seediv,tsception,madry,pgd,subset_n512,25,robust,46,tnp_minus_same_subset_raw,1.171875
seediv,tsception,madry,pgd,subset_n512,30,clean,46,tnp_minus_same_subset_raw,-0.5859375
seediv,tsception,madry,pgd,subset_n512,30,robust,46,tnp_minus_same_subset_raw,1.3671875
seediv,tsception,madry,cw,subset_n512,25,clean,46,tnp_minus_same_subset_raw,-0.5859375
seediv,tsception,madry,cw,subset_n512,25,robust,46,tnp_minus_same_subset_raw,3.125
seediv,tsception,madry,cw,subset_n512,30,clean,46,tnp_minus_same_subset_raw,-0.5859375
seediv,tsception,madry,cw,subset_n512,30,robust,46,tnp_minus_same_subset_raw,0.78125
seediv,tsception,rpcf_at,autoattack,subset_n512,raw,clean,46,rpcf_minus_madry,2.5390625
seediv,tsception,rpcf_at,autoattack,subset_n512,raw,robust,46,rpcf_minus_madry,-0.78125
seediv,tsception,rpcf_at,autoattack,subset_n512,25,clean,46,rpcf_minus_madry,0.5859375
seediv,tsception,rpcf_at,autoattack,subset_n512,25,clean,46,tnp_minus_same_subset_raw,-2.5390625
seediv,tsception,rpcf_at,autoattack,subset_n512,25,robust,46,rpcf_minus_madry,-0.5859375
seediv,tsception,rpcf_at,autoattack,subset_n512,25,robust,46,tnp_minus_same_subset_raw,10.9375
seediv,tsception,rpcf_at,autoattack,subset_n512,30,clean,46,rpcf_minus_madry,0.0
seediv,tsception,rpcf_at,autoattack,subset_n512,30,clean,46,tnp_minus_same_subset_raw,-3.125
seediv,tsception,rpcf_at,autoattack,subset_n512,30,robust,46,rpcf_minus_madry,-0.1953125
seediv,tsception,rpcf_at,autoattack,subset_n512,30,robust,46,tnp_minus_same_subset_raw,9.9609375
seediv,tsception,rpcf_at,fgsm,subset_n512,raw,clean,46,rpcf_minus_madry,2.5390625
seediv,tsception,rpcf_at,fgsm,subset_n512,raw,robust,46,rpcf_minus_madry,-1.5625
seediv,tsception,rpcf_at,fgsm,subset_n512,25,clean,46,rpcf_minus_madry,0.5859375
seediv,tsception,rpcf_at,fgsm,subset_n512,25,clean,46,tnp_minus_same_subset_raw,-2.5390625
seediv,tsception,rpcf_at,fgsm,subset_n512,25,robust,46,rpcf_minus_madry,-0.5859375
seediv,tsception,rpcf_at,fgsm,subset_n512,25,robust,46,tnp_minus_same_subset_raw,1.171875
seediv,tsception,rpcf_at,fgsm,subset_n512,30,clean,46,rpcf_minus_madry,0.0
seediv,tsception,rpcf_at,fgsm,subset_n512,30,clean,46,tnp_minus_same_subset_raw,-3.125
seediv,tsception,rpcf_at,fgsm,subset_n512,30,robust,46,rpcf_minus_madry,-0.1953125
seediv,tsception,rpcf_at,fgsm,subset_n512,30,robust,46,tnp_minus_same_subset_raw,2.34375
seediv,tsception,rpcf_at,pgd,subset_n512,raw,clean,46,rpcf_minus_madry,2.5390625
seediv,tsception,rpcf_at,pgd,subset_n512,raw,robust,46,rpcf_minus_madry,-2.734375
seediv,tsception,rpcf_at,pgd,subset_n512,25,clean,46,rpcf_minus_madry,0.5859375
seediv,tsception,rpcf_at,pgd,subset_n512,25,clean,46,tnp_minus_same_subset_raw,-2.5390625
seediv,tsception,rpcf_at,pgd,subset_n512,25,robust,46,rpcf_minus_madry,-0.78125
seediv,tsception,rpcf_at,pgd,subset_n512,25,robust,46,tnp_minus_same_subset_raw,3.125
seediv,tsception,rpcf_at,pgd,subset_n512,30,clean,46,rpcf_minus_madry,0.0
seediv,tsception,rpcf_at,pgd,subset_n512,30,clean,46,tnp_minus_same_subset_raw,-3.125
seediv,tsception,rpcf_at,pgd,subset_n512,30,robust,46,rpcf_minus_madry,-0.1953125
seediv,tsception,rpcf_at,pgd,subset_n512,30,robust,46,tnp_minus_same_subset_raw,3.90625
seediv,tsception,rpcf_at,cw,subset_n512,raw,clean,46,rpcf_minus_madry,2.5390625
seediv,tsception,rpcf_at,cw,subset_n512,raw,robust,46,rpcf_minus_madry,0.390625
seediv,tsception,rpcf_at,cw,subset_n512,25,clean,46,rpcf_minus_madry,0.5859375
seediv,tsception,rpcf_at,cw,subset_n512,25,clean,46,tnp_minus_same_subset_raw,-2.5390625
seediv,tsception,rpcf_at,cw,subset_n512,25,robust,46,rpcf_minus_madry,-1.3671875
seediv,tsception,rpcf_at,cw,subset_n512,25,robust,46,tnp_minus_same_subset_raw,1.3671875
seediv,tsception,rpcf_at,cw,subset_n512,30,clean,46,rpcf_minus_madry,0.0
seediv,tsception,rpcf_at,cw,subset_n512,30,clean,46,tnp_minus_same_subset_raw,-3.125
seediv,tsception,rpcf_at,cw,subset_n512,30,robust,46,rpcf_minus_madry,-0.5859375
seediv,tsception,rpcf_at,cw,subset_n512,30,robust,46,tnp_minus_same_subset_raw,-0.1953125
seediv,atcnet,madry,autoattack,subset_n512,25,clean,42,tnp_minus_same_subset_raw,-4.296875
seediv,atcnet,madry,autoattack,subset_n512,25,robust,42,tnp_minus_same_subset_raw,8.59375
seediv,atcnet,madry,autoattack,subset_n512,30,clean,42,tnp_minus_same_subset_raw,-3.125
seediv,atcnet,madry,autoattack,subset_n512,30,robust,42,tnp_minus_same_subset_raw,8.984375
seediv,atcnet,madry,fgsm,subset_n512,25,clean,42,tnp_minus_same_subset_raw,-4.296875
seediv,atcnet,madry,fgsm,subset_n512,25,robust,42,tnp_minus_same_subset_raw,-0.5859375
seediv,atcnet,madry,fgsm,subset_n512,30,clean,42,tnp_minus_same_subset_raw,-3.125
seediv,atcnet,madry,fgsm,subset_n512,30,robust,42,tnp_minus_same_subset_raw,-0.9765625
seediv,atcnet,madry,pgd,subset_n512,25,clean,42,tnp_minus_same_subset_raw,-4.296875
seediv,atcnet,madry,pgd,subset_n512,25,robust,42,tnp_minus_same_subset_raw,0.0
seediv,atcnet,madry,pgd,subset_n512,30,clean,42,tnp_minus_same_subset_raw,-3.125
seediv,atcnet,madry,pgd,subset_n512,30,robust,42,tnp_minus_same_subset_raw,-0.390625
seediv,atcnet,madry,cw,subset_n512,25,clean,42,tnp_minus_same_subset_raw,-4.296875
seediv,atcnet,madry,cw,subset_n512,25,robust,42,tnp_minus_same_subset_raw,3.515625
seediv,atcnet,madry,cw,subset_n512,30,clean,42,tnp_minus_same_subset_raw,-3.125
seediv,atcnet,madry,cw,subset_n512,30,robust,42,tnp_minus_same_subset_raw,0.9765625
seediv,atcnet,rpcf_at,autoattack,subset_n512,raw,clean,42,rpcf_minus_madry,0.390625
seediv,atcnet,rpcf_at,autoattack,subset_n512,raw,robust,42,rpcf_minus_madry,0.5859375
seediv,atcnet,rpcf_at,autoattack,subset_n512,25,clean,42,rpcf_minus_madry,1.3671875
seediv,atcnet,rpcf_at,autoattack,subset_n512,25,clean,42,tnp_minus_same_subset_raw,-3.3203125
seediv,atcnet,rpcf_at,autoattack,subset_n512,25,robust,42,rpcf_minus_madry,3.515625
seediv,atcnet,rpcf_at,autoattack,subset_n512,25,robust,42,tnp_minus_same_subset_raw,11.5234375
seediv,atcnet,rpcf_at,autoattack,subset_n512,30,clean,42,rpcf_minus_madry,1.3671875
seediv,atcnet,rpcf_at,autoattack,subset_n512,30,clean,42,tnp_minus_same_subset_raw,-2.1484375
seediv,atcnet,rpcf_at,autoattack,subset_n512,30,robust,42,rpcf_minus_madry,2.34375
seediv,atcnet,rpcf_at,autoattack,subset_n512,30,robust,42,tnp_minus_same_subset_raw,10.7421875
seediv,atcnet,rpcf_at,fgsm,subset_n512,raw,clean,42,rpcf_minus_madry,0.390625
seediv,atcnet,rpcf_at,fgsm,subset_n512,raw,robust,42,rpcf_minus_madry,-0.9765625
seediv,atcnet,rpcf_at,fgsm,subset_n512,25,clean,42,rpcf_minus_madry,1.3671875
seediv,atcnet,rpcf_at,fgsm,subset_n512,25,clean,42,tnp_minus_same_subset_raw,-3.3203125
seediv,atcnet,rpcf_at,fgsm,subset_n512,25,robust,42,rpcf_minus_madry,0.78125
seediv,atcnet,rpcf_at,fgsm,subset_n512,25,robust,42,tnp_minus_same_subset_raw,1.171875
seediv,atcnet,rpcf_at,fgsm,subset_n512,30,clean,42,rpcf_minus_madry,1.3671875
seediv,atcnet,rpcf_at,fgsm,subset_n512,30,clean,42,tnp_minus_same_subset_raw,-2.1484375
seediv,atcnet,rpcf_at,fgsm,subset_n512,30,robust,42,rpcf_minus_madry,1.953125
seediv,atcnet,rpcf_at,fgsm,subset_n512,30,robust,42,tnp_minus_same_subset_raw,1.953125
seediv,atcnet,rpcf_at,pgd,subset_n512,raw,clean,42,rpcf_minus_madry,0.390625
seediv,atcnet,rpcf_at,pgd,subset_n512,raw,robust,42,rpcf_minus_madry,-0.9765625
seediv,atcnet,rpcf_at,pgd,subset_n512,25,clean,42,rpcf_minus_madry,1.3671875
seediv,atcnet,rpcf_at,pgd,subset_n512,25,clean,42,tnp_minus_same_subset_raw,-3.3203125
seediv,atcnet,rpcf_at,pgd,subset_n512,25,robust,42,rpcf_minus_madry,0.5859375
seediv,atcnet,rpcf_at,pgd,subset_n512,25,robust,42,tnp_minus_same_subset_raw,1.5625
seediv,atcnet,rpcf_at,pgd,subset_n512,30,clean,42,rpcf_minus_madry,1.3671875
seediv,atcnet,rpcf_at,pgd,subset_n512,30,clean,42,tnp_minus_same_subset_raw,-2.1484375
seediv,atcnet,rpcf_at,pgd,subset_n512,30,robust,42,rpcf_minus_madry,1.171875
seediv,atcnet,rpcf_at,pgd,subset_n512,30,robust,42,tnp_minus_same_subset_raw,1.7578125
seediv,atcnet,rpcf_at,cw,subset_n512,raw,clean,42,rpcf_minus_madry,0.390625
seediv,atcnet,rpcf_at,cw,subset_n512,raw,robust,42,rpcf_minus_madry,0.0
seediv,atcnet,rpcf_at,cw,subset_n512,25,clean,42,rpcf_minus_madry,1.3671875
seediv,atcnet,rpcf_at,cw,subset_n512,25,clean,42,tnp_minus_same_subset_raw,-3.3203125
seediv,atcnet,rpcf_at,cw,subset_n512,25,robust,42,rpcf_minus_madry,0.9765625
seediv,atcnet,rpcf_at,cw,subset_n512,25,robust,42,tnp_minus_same_subset_raw,4.4921875
seediv,atcnet,rpcf_at,cw,subset_n512,30,clean,42,rpcf_minus_madry,1.3671875
seediv,atcnet,rpcf_at,cw,subset_n512,30,clean,42,tnp_minus_same_subset_raw,-2.1484375
seediv,atcnet,rpcf_at,cw,subset_n512,30,robust,42,rpcf_minus_madry,0.0
seediv,atcnet,rpcf_at,cw,subset_n512,30,robust,42,tnp_minus_same_subset_raw,0.9765625
seediv,atcnet,madry,autoattack,subset_n512,25,clean,43,tnp_minus_same_subset_raw,-1.3671875
seediv,atcnet,madry,autoattack,subset_n512,25,robust,43,tnp_minus_same_subset_raw,8.984375
seediv,atcnet,madry,autoattack,subset_n512,30,clean,43,tnp_minus_same_subset_raw,-0.78125
seediv,atcnet,madry,autoattack,subset_n512,30,robust,43,tnp_minus_same_subset_raw,8.203125
seediv,atcnet,madry,fgsm,subset_n512,25,clean,43,tnp_minus_same_subset_raw,-1.3671875
seediv,atcnet,madry,fgsm,subset_n512,25,robust,43,tnp_minus_same_subset_raw,0.0
seediv,atcnet,madry,fgsm,subset_n512,30,clean,43,tnp_minus_same_subset_raw,-0.78125
seediv,atcnet,madry,fgsm,subset_n512,30,robust,43,tnp_minus_same_subset_raw,0.390625
seediv,atcnet,madry,pgd,subset_n512,25,clean,43,tnp_minus_same_subset_raw,-1.3671875
seediv,atcnet,madry,pgd,subset_n512,25,robust,43,tnp_minus_same_subset_raw,1.171875
seediv,atcnet,madry,pgd,subset_n512,30,clean,43,tnp_minus_same_subset_raw,-0.78125
seediv,atcnet,madry,pgd,subset_n512,30,robust,43,tnp_minus_same_subset_raw,0.5859375
seediv,atcnet,madry,cw,subset_n512,25,clean,43,tnp_minus_same_subset_raw,-1.3671875
seediv,atcnet,madry,cw,subset_n512,25,robust,43,tnp_minus_same_subset_raw,3.515625
seediv,atcnet,madry,cw,subset_n512,30,clean,43,tnp_minus_same_subset_raw,-0.78125
seediv,atcnet,madry,cw,subset_n512,30,robust,43,tnp_minus_same_subset_raw,0.9765625
seediv,atcnet,rpcf_at,autoattack,subset_n512,raw,clean,43,rpcf_minus_madry,-0.9765625
seediv,atcnet,rpcf_at,autoattack,subset_n512,raw,robust,43,rpcf_minus_madry,-0.78125
seediv,atcnet,rpcf_at,autoattack,subset_n512,25,clean,43,rpcf_minus_madry,-1.171875
seediv,atcnet,rpcf_at,autoattack,subset_n512,25,clean,43,tnp_minus_same_subset_raw,-1.5625
seediv,atcnet,rpcf_at,autoattack,subset_n512,25,robust,43,rpcf_minus_madry,3.125
seediv,atcnet,rpcf_at,autoattack,subset_n512,25,robust,43,tnp_minus_same_subset_raw,12.890625
seediv,atcnet,rpcf_at,autoattack,subset_n512,30,clean,43,rpcf_minus_madry,0.0
seediv,atcnet,rpcf_at,autoattack,subset_n512,30,clean,43,tnp_minus_same_subset_raw,0.1953125
seediv,atcnet,rpcf_at,autoattack,subset_n512,30,robust,43,rpcf_minus_madry,3.125
seediv,atcnet,rpcf_at,autoattack,subset_n512,30,robust,43,tnp_minus_same_subset_raw,12.109375
seediv,atcnet,rpcf_at,fgsm,subset_n512,raw,clean,43,rpcf_minus_madry,-0.9765625
seediv,atcnet,rpcf_at,fgsm,subset_n512,raw,robust,43,rpcf_minus_madry,-1.7578125
seediv,atcnet,rpcf_at,fgsm,subset_n512,25,clean,43,rpcf_minus_madry,-1.171875
seediv,atcnet,rpcf_at,fgsm,subset_n512,25,clean,43,tnp_minus_same_subset_raw,-1.5625
seediv,atcnet,rpcf_at,fgsm,subset_n512,25,robust,43,rpcf_minus_madry,2.34375
seediv,atcnet,rpcf_at,fgsm,subset_n512,25,robust,43,tnp_minus_same_subset_raw,4.1015625
seediv,atcnet,rpcf_at,fgsm,subset_n512,30,clean,43,rpcf_minus_madry,0.0
seediv,atcnet,rpcf_at,fgsm,subset_n512,30,clean,43,tnp_minus_same_subset_raw,0.1953125
seediv,atcnet,rpcf_at,fgsm,subset_n512,30,robust,43,rpcf_minus_madry,1.3671875
seediv,atcnet,rpcf_at,fgsm,subset_n512,30,robust,43,tnp_minus_same_subset_raw,3.515625
seediv,atcnet,rpcf_at,pgd,subset_n512,raw,clean,43,rpcf_minus_madry,-0.9765625
seediv,atcnet,rpcf_at,pgd,subset_n512,raw,robust,43,rpcf_minus_madry,-1.5625
seediv,atcnet,rpcf_at,pgd,subset_n512,25,clean,43,rpcf_minus_madry,-1.171875
seediv,atcnet,rpcf_at,pgd,subset_n512,25,clean,43,tnp_minus_same_subset_raw,-1.5625
seediv,atcnet,rpcf_at,pgd,subset_n512,25,robust,43,rpcf_minus_madry,1.3671875
seediv,atcnet,rpcf_at,pgd,subset_n512,25,robust,43,tnp_minus_same_subset_raw,4.1015625
seediv,atcnet,rpcf_at,pgd,subset_n512,30,clean,43,rpcf_minus_madry,0.0
seediv,atcnet,rpcf_at,pgd,subset_n512,30,clean,43,tnp_minus_same_subset_raw,0.1953125
seediv,atcnet,rpcf_at,pgd,subset_n512,30,robust,43,rpcf_minus_madry,0.78125
seediv,atcnet,rpcf_at,pgd,subset_n512,30,robust,43,tnp_minus_same_subset_raw,2.9296875
bciciv2a,eegnet,madry,autoattack,subset_n512,25,clean,42,tnp_minus_same_subset_raw,-1.953125
bciciv2a,eegnet,madry,autoattack,subset_n512,25,robust,42,tnp_minus_same_subset_raw,4.1015625
bciciv2a,eegnet,madry,autoattack,subset_n512,30,clean,42,tnp_minus_same_subset_raw,-1.171875
bciciv2a,eegnet,madry,autoattack,subset_n512,30,robust,42,tnp_minus_same_subset_raw,3.3203125
bciciv2a,eegnet,madry,autoattack,subset_n512,25,clean,43,tnp_minus_same_subset_raw,-1.171875
bciciv2a,eegnet,madry,autoattack,subset_n512,25,robust,43,tnp_minus_same_subset_raw,2.734375
bciciv2a,eegnet,madry,autoattack,subset_n512,30,clean,43,tnp_minus_same_subset_raw,-0.5859375
bciciv2a,eegnet,madry,autoattack,subset_n512,30,robust,43,tnp_minus_same_subset_raw,2.5390625
bciciv2a,tcnet,madry,autoattack,subset_n512,25,clean,43,tnp_minus_same_subset_raw,0.390625
bciciv2a,tcnet,madry,autoattack,subset_n512,25,robust,43,tnp_minus_same_subset_raw,1.953125
bciciv2a,tcnet,madry,autoattack,subset_n512,30,clean,43,tnp_minus_same_subset_raw,0.78125
bciciv2a,tcnet,madry,autoattack,subset_n512,30,robust,43,tnp_minus_same_subset_raw,1.3671875
