task_id,kind,dataset,model,seed,method,attack,returncode,elapsed_seconds,physical_gpu,actual_batch_size,actual_cache_attack_batch_size,actual_rpcf_batch_size,actual_rpcf_eval_batch_size,status,output_exists,artifact
prepare_data_thubenchmark,prepare_data,thubenchmark,,-1,,,0,180.53060865402222,0,128,,,,completed,True,logs/exp031/exp031_full_20260729_174215/data/thubenchmark.json
prepare_data_seediv,prepare_data,seediv,,-1,,,0,549.4719579219818,0,128,,,,completed,True,logs/exp031/exp031_full_20260729_174215/data/seediv.json
prepare_data_bciciv2a,prepare_data,bciciv2a,,-1,,,0,34.04793405532837,0,128,,,,completed,True,logs/exp031/exp031_full_20260729_174215/data/bciciv2a.json
train_standard_thubenchmark_eegnet_seed42_madry,train_standard,thubenchmark,eegnet,42,madry,,0,14171.994806289673,1,128,,,,completed,True,checkpoints/thubenchmark_eegnet_train_only_subject_no_ea_subject_split_madry_eps0.03_42_fold0_exp031_full_20260729_174215_madry_best.pth
train_standard_thubenchmark_eegnet_seed42_trades,train_standard,thubenchmark,eegnet,42,trades,,0,18807.978881835938,1,128,,,,completed,True,checkpoints/thubenchmark_eegnet_train_only_subject_no_ea_subject_split_trades_eps0.03_42_fold0_exp031_full_20260729_174215_trades_best.pth
train_standard_thubenchmark_eegnet_seed42_fbf,train_standard,thubenchmark,eegnet,42,fbf,,0,8256.095712900162,1,128,,,,completed,True,checkpoints/thubenchmark_eegnet_train_only_subject_no_ea_subject_split_fbf_eps0.03_42_fold0_exp031_full_20260729_174215_fbf_best.pth
train_ea_thubenchmark_eegnet_seed42_ea_forward,train_ea,thubenchmark,eegnet,42,ea_forward,,0,19187.610330581665,1,128,,,,completed,True,checkpoints/thubenchmark_eegnet_ea_forward_train_only_subject_no_ea_subject_split_madry_eps0.03_42_fold0_exp031_full_20260729_174215_ea_forward_best.pth
rpcf_cache_thubenchmark_eegnet_seed42_madry,rpcf_cache,thubenchmark,eegnet,42,madry,,0,62848.95532202721,0,128,16,,,completed,True,purified_data/exp031/exp031_full_20260729_174215/cache/thubenchmark_eegnet_seed42.pth
rpcf_at_thubenchmark_eegnet_seed42_rpcf_at,rpcf_at,thubenchmark,eegnet,42,rpcf_at,,0,5933.417353391647,0,128,16,,,completed,True,checkpoints/thubenchmark_eegnet_train_only_subject_no_ea_subject_split_madry_eps0.03_42_fold0_exp031_full_20260729_174215_rpcf_at_best.pth
train_standard_thubenchmark_eegnet_seed43_madry,train_standard,thubenchmark,eegnet,43,madry,,0,11296.199762821198,2,128,,,,completed,True,checkpoints/thubenchmark_eegnet_train_only_subject_no_ea_subject_split_madry_eps0.03_43_fold0_exp031_full_20260729_174215_madry_best.pth
train_standard_thubenchmark_eegnet_seed43_trades,train_standard,thubenchmark,eegnet,43,trades,,0,13388.580236911774,2,128,,,,completed,True,checkpoints/thubenchmark_eegnet_train_only_subject_no_ea_subject_split_trades_eps0.03_43_fold0_exp031_full_20260729_174215_trades_best.pth
train_standard_thubenchmark_eegnet_seed43_fbf,train_standard,thubenchmark,eegnet,43,fbf,,0,9585.374117612839,2,128,,,,completed,True,checkpoints/thubenchmark_eegnet_train_only_subject_no_ea_subject_split_fbf_eps0.03_43_fold0_exp031_full_20260729_174215_fbf_best.pth
train_ea_thubenchmark_eegnet_seed43_ea_forward,train_ea,thubenchmark,eegnet,43,ea_forward,,0,24091.26578950882,2,128,,,,completed,True,checkpoints/thubenchmark_eegnet_ea_forward_train_only_subject_no_ea_subject_split_madry_eps0.03_43_fold0_exp031_full_20260729_174215_ea_forward_best.pth
rpcf_cache_thubenchmark_eegnet_seed43_madry,rpcf_cache,thubenchmark,eegnet,43,madry,,0,63147.04560518265,1,128,16,,,completed,True,purified_data/exp031/exp031_full_20260729_174215/cache/thubenchmark_eegnet_seed43.pth
rpcf_at_thubenchmark_eegnet_seed43_rpcf_at,rpcf_at,thubenchmark,eegnet,43,rpcf_at,,0,6251.348106384277,1,128,16,,,completed,True,checkpoints/thubenchmark_eegnet_train_only_subject_no_ea_subject_split_madry_eps0.03_43_fold0_exp031_full_20260729_174215_rpcf_at_best.pth
train_standard_thubenchmark_eegnet_seed44_madry,train_standard,thubenchmark,eegnet,44,madry,,0,12340.174011230469,3,128,,,,completed,True,checkpoints/thubenchmark_eegnet_train_only_subject_no_ea_subject_split_madry_eps0.03_44_fold0_exp031_full_20260729_174215_madry_best.pth
train_standard_thubenchmark_eegnet_seed44_trades,train_standard,thubenchmark,eegnet,44,trades,,0,25712.199017763138,3,128,,,,completed,True,checkpoints/thubenchmark_eegnet_train_only_subject_no_ea_subject_split_trades_eps0.03_44_fold0_exp031_full_20260729_174215_trades_best.pth
train_standard_thubenchmark_eegnet_seed44_fbf,train_standard,thubenchmark,eegnet,44,fbf,,0,6358.657790899277,3,128,,,,completed,True,checkpoints/thubenchmark_eegnet_train_only_subject_no_ea_subject_split_fbf_eps0.03_44_fold0_exp031_full_20260729_174215_fbf_best.pth
train_ea_thubenchmark_eegnet_seed44_ea_forward,train_ea,thubenchmark,eegnet,44,ea_forward,,0,16592.487604618073,3,128,,,,completed,True,checkpoints/thubenchmark_eegnet_ea_forward_train_only_subject_no_ea_subject_split_madry_eps0.03_44_fold0_exp031_full_20260729_174215_ea_forward_best.pth
rpcf_cache_thubenchmark_eegnet_seed44_madry,rpcf_cache,thubenchmark,eegnet,44,madry,,0,63090.954506635666,2,128,16,,,completed,True,purified_data/exp031/exp031_full_20260729_174215/cache/thubenchmark_eegnet_seed44.pth
rpcf_at_thubenchmark_eegnet_seed44_rpcf_at,rpcf_at,thubenchmark,eegnet,44,rpcf_at,,0,6231.2592034339905,2,128,16,,,completed,True,checkpoints/thubenchmark_eegnet_train_only_subject_no_ea_subject_split_madry_eps0.03_44_fold0_exp031_full_20260729_174215_rpcf_at_best.pth
train_standard_thubenchmark_eegnet_seed45_madry,train_standard,thubenchmark,eegnet,45,madry,,0,18491.667308330536,4,128,,,,completed,True,checkpoints/thubenchmark_eegnet_train_only_subject_no_ea_subject_split_madry_eps0.03_45_fold0_exp031_full_20260729_174215_madry_best.pth
train_standard_thubenchmark_eegnet_seed45_trades,train_standard,thubenchmark,eegnet,45,trades,,0,29617.48460459709,4,128,,,,completed,True,checkpoints/thubenchmark_eegnet_train_only_subject_no_ea_subject_split_trades_eps0.03_45_fold0_exp031_full_20260729_174215_trades_best.pth
train_standard_thubenchmark_eegnet_seed45_fbf,train_standard,thubenchmark,eegnet,45,fbf,,0,6050.6777403354645,4,128,,,,completed,True,checkpoints/thubenchmark_eegnet_train_only_subject_no_ea_subject_split_fbf_eps0.03_45_fold0_exp031_full_20260729_174215_fbf_best.pth
train_ea_thubenchmark_eegnet_seed45_ea_forward,train_ea,thubenchmark,eegnet,45,ea_forward,,0,15057.942223072052,4,128,,,,completed,True,checkpoints/thubenchmark_eegnet_ea_forward_train_only_subject_no_ea_subject_split_madry_eps0.03_45_fold0_exp031_full_20260729_174215_ea_forward_best.pth
rpcf_cache_thubenchmark_eegnet_seed45_madry,rpcf_cache,thubenchmark,eegnet,45,madry,,0,63576.8831512928,3,128,16,,,completed,True,purified_data/exp031/exp031_full_20260729_174215/cache/thubenchmark_eegnet_seed45.pth
rpcf_at_thubenchmark_eegnet_seed45_rpcf_at,rpcf_at,thubenchmark,eegnet,45,rpcf_at,,0,6189.1687026023865,3,128,16,,,completed,True,checkpoints/thubenchmark_eegnet_train_only_subject_no_ea_subject_split_madry_eps0.03_45_fold0_exp031_full_20260729_174215_rpcf_at_best.pth
train_standard_thubenchmark_eegnet_seed46_madry,train_standard,thubenchmark,eegnet,46,madry,,0,17119.53926563263,5,128,,,,completed,True,checkpoints/thubenchmark_eegnet_train_only_subject_no_ea_subject_split_madry_eps0.03_46_fold0_exp031_full_20260729_174215_madry_best.pth
train_standard_thubenchmark_eegnet_seed46_trades,train_standard,thubenchmark,eegnet,46,trades,,0,21744.008434534073,5,128,,,,completed,True,checkpoints/thubenchmark_eegnet_train_only_subject_no_ea_subject_split_trades_eps0.03_46_fold0_exp031_full_20260729_174215_trades_best.pth
train_standard_thubenchmark_eegnet_seed46_fbf,train_standard,thubenchmark,eegnet,46,fbf,,0,5202.8413825035095,5,128,,,,completed,True,checkpoints/thubenchmark_eegnet_train_only_subject_no_ea_subject_split_fbf_eps0.03_46_fold0_exp031_full_20260729_174215_fbf_best.pth
train_ea_thubenchmark_eegnet_seed46_ea_forward,train_ea,thubenchmark,eegnet,46,ea_forward,,0,12158.29981803894,5,128,,,,completed,True,checkpoints/thubenchmark_eegnet_ea_forward_train_only_subject_no_ea_subject_split_madry_eps0.03_46_fold0_exp031_full_20260729_174215_ea_forward_best.pth
rpcf_cache_thubenchmark_eegnet_seed46_madry,rpcf_cache,thubenchmark,eegnet,46,madry,,0,62892.60126852989,4,128,16,,,completed,True,purified_data/exp031/exp031_full_20260729_174215/cache/thubenchmark_eegnet_seed46.pth
rpcf_at_thubenchmark_eegnet_seed46_rpcf_at,rpcf_at,thubenchmark,eegnet,46,rpcf_at,,0,6213.083073139191,4,128,16,,,completed,True,checkpoints/thubenchmark_eegnet_train_only_subject_no_ea_subject_split_madry_eps0.03_46_fold0_exp031_full_20260729_174215_rpcf_at_best.pth
train_standard_thubenchmark_deepconvnet_seed42_madry,train_standard,thubenchmark,deepconvnet,42,madry,,0,8194.647580862045,6,128,,,,completed,True,checkpoints/thubenchmark_deepconvnet_train_only_subject_no_ea_subject_split_madry_eps0.03_42_fold0_exp031_full_20260729_174215_madry_best.pth
train_standard_thubenchmark_deepconvnet_seed42_trades,train_standard,thubenchmark,deepconvnet,42,trades,,0,15062.595127105713,6,128,,,,completed,True,checkpoints/thubenchmark_deepconvnet_train_only_subject_no_ea_subject_split_trades_eps0.03_42_fold0_exp031_full_20260729_174215_trades_best.pth
train_standard_thubenchmark_deepconvnet_seed42_fbf,train_standard,thubenchmark,deepconvnet,42,fbf,,0,5261.297661066055,6,128,,,,completed,True,checkpoints/thubenchmark_deepconvnet_train_only_subject_no_ea_subject_split_fbf_eps0.03_42_fold0_exp031_full_20260729_174215_fbf_best.pth
train_ea_thubenchmark_deepconvnet_seed42_ea_forward,train_ea,thubenchmark,deepconvnet,42,ea_forward,,0,22073.021289110184,6,128,,,,completed,True,checkpoints/thubenchmark_deepconvnet_ea_forward_train_only_subject_no_ea_subject_split_madry_eps0.03_42_fold0_exp031_full_20260729_174215_ea_forward_best.pth
rpcf_cache_thubenchmark_deepconvnet_seed42_madry,rpcf_cache,thubenchmark,deepconvnet,42,madry,,0,35088.93172264099,0,128,8,,,completed,True,purified_data/exp031/exp031_full_20260729_174215/cache/thubenchmark_deepconvnet_seed42.pth
rpcf_at_thubenchmark_deepconvnet_seed42_rpcf_at,rpcf_at,thubenchmark,deepconvnet,42,rpcf_at,,0,14546.376643180847,0,128,8,32,64,completed,True,checkpoints/thubenchmark_deepconvnet_train_only_subject_no_ea_subject_split_madry_eps0.03_42_fold0_exp031_full_20260729_174215_rpcf_at_best.pth
train_standard_thubenchmark_deepconvnet_seed43_madry,train_standard,thubenchmark,deepconvnet,43,madry,,0,15259.776411771774,0,128,,,,completed,True,checkpoints/thubenchmark_deepconvnet_train_only_subject_no_ea_subject_split_madry_eps0.03_43_fold0_exp031_full_20260729_174215_madry_best.pth
train_standard_thubenchmark_deepconvnet_seed43_trades,train_standard,thubenchmark,deepconvnet,43,trades,,0,10404.810418605804,0,128,,,,completed,True,checkpoints/thubenchmark_deepconvnet_train_only_subject_no_ea_subject_split_trades_eps0.03_43_fold0_exp031_full_20260729_174215_trades_best.pth
train_standard_thubenchmark_deepconvnet_seed43_fbf,train_standard,thubenchmark,deepconvnet,43,fbf,,0,5048.688232183456,0,128,,,,completed,True,checkpoints/thubenchmark_deepconvnet_train_only_subject_no_ea_subject_split_fbf_eps0.03_43_fold0_exp031_full_20260729_174215_fbf_best.pth
train_ea_thubenchmark_deepconvnet_seed43_ea_forward,train_ea,thubenchmark,deepconvnet,43,ea_forward,,0,18928.502953767776,0,128,,,,completed,True,checkpoints/thubenchmark_deepconvnet_ea_forward_train_only_subject_no_ea_subject_split_madry_eps0.03_43_fold0_exp031_full_20260729_174215_ea_forward_best.pth
rpcf_cache_thubenchmark_deepconvnet_seed43_madry,rpcf_cache,thubenchmark,deepconvnet,43,madry,,0,34732.82249546051,1,128,8,,,completed,True,purified_data/exp031/exp031_full_20260729_174215/cache/thubenchmark_deepconvnet_seed43.pth
rpcf_at_thubenchmark_deepconvnet_seed43_rpcf_at,rpcf_at,thubenchmark,deepconvnet,43,rpcf_at,,0,15122.319498538971,1,128,8,32,64,completed,True,checkpoints/thubenchmark_deepconvnet_train_only_subject_no_ea_subject_split_madry_eps0.03_43_fold0_exp031_full_20260729_174215_rpcf_at_best.pth
train_standard_thubenchmark_deepconvnet_seed44_madry,train_standard,thubenchmark,deepconvnet,44,madry,,0,9436.132906675339,0,128,,,,completed,True,checkpoints/thubenchmark_deepconvnet_train_only_subject_no_ea_subject_split_madry_eps0.03_44_fold0_exp031_full_20260729_174215_madry_best.pth
train_standard_thubenchmark_deepconvnet_seed44_trades,train_standard,thubenchmark,deepconvnet,44,trades,,0,9840.89395070076,5,128,32,,,completed,True,checkpoints/thubenchmark_deepconvnet_train_only_subject_no_ea_subject_split_trades_eps0.03_44_fold0_exp031_full_20260729_174215_trades_best.pth
train_standard_thubenchmark_deepconvnet_seed44_fbf,train_standard,thubenchmark,deepconvnet,44,fbf,,0,2582.36483669281,5,128,32,,,completed,True,checkpoints/thubenchmark_deepconvnet_train_only_subject_no_ea_subject_split_fbf_eps0.03_44_fold0_exp031_full_20260729_174215_fbf_best.pth
train_ea_thubenchmark_deepconvnet_seed44_ea_forward,train_ea,thubenchmark,deepconvnet,44,ea_forward,,0,14138.731460809708,5,128,32,,,completed,True,checkpoints/thubenchmark_deepconvnet_ea_forward_train_only_subject_no_ea_subject_split_madry_eps0.03_44_fold0_exp031_full_20260729_174215_ea_forward_best.pth
rpcf_cache_thubenchmark_deepconvnet_seed44_madry,rpcf_cache,thubenchmark,deepconvnet,44,madry,,0,34726.73257422447,2,128,8,,,completed,True,purified_data/exp031/exp031_full_20260729_174215/cache/thubenchmark_deepconvnet_seed44.pth
rpcf_at_thubenchmark_deepconvnet_seed44_rpcf_at,rpcf_at,thubenchmark,deepconvnet,44,rpcf_at,,0,15186.234889745712,2,128,8,32,64,completed,True,checkpoints/thubenchmark_deepconvnet_train_only_subject_no_ea_subject_split_madry_eps0.03_44_fold0_exp031_full_20260729_174215_rpcf_at_best.pth
train_standard_thubenchmark_deepconvnet_seed45_madry,train_standard,thubenchmark,deepconvnet,45,madry,,0,9135.414971590042,6,128,,,,completed,True,checkpoints/thubenchmark_deepconvnet_train_only_subject_no_ea_subject_split_madry_eps0.03_45_fold0_exp031_full_20260729_174215_madry_best.pth
train_standard_thubenchmark_deepconvnet_seed45_trades,train_standard,thubenchmark,deepconvnet,45,trades,,0,9188.24855017662,6,128,32,,,completed,True,checkpoints/thubenchmark_deepconvnet_train_only_subject_no_ea_subject_split_trades_eps0.03_45_fold0_exp031_full_20260729_174215_trades_best.pth
train_standard_thubenchmark_deepconvnet_seed45_fbf,train_standard,thubenchmark,deepconvnet,45,fbf,,0,1967.7863280773163,6,128,32,,,completed,True,checkpoints/thubenchmark_deepconvnet_train_only_subject_no_ea_subject_split_fbf_eps0.03_45_fold0_exp031_full_20260729_174215_fbf_best.pth
train_ea_thubenchmark_deepconvnet_seed45_ea_forward,train_ea,thubenchmark,deepconvnet,45,ea_forward,,0,11774.286207199097,6,128,32,,,completed,True,checkpoints/thubenchmark_deepconvnet_ea_forward_train_only_subject_no_ea_subject_split_madry_eps0.03_45_fold0_exp031_full_20260729_174215_ea_forward_best.pth
rpcf_cache_thubenchmark_deepconvnet_seed45_madry,rpcf_cache,thubenchmark,deepconvnet,45,madry,,0,35070.66639637947,3,128,8,,,completed,True,purified_data/exp031/exp031_full_20260729_174215/cache/thubenchmark_deepconvnet_seed45.pth
rpcf_at_thubenchmark_deepconvnet_seed45_rpcf_at,rpcf_at,thubenchmark,deepconvnet,45,rpcf_at,,0,15226.149688959122,3,128,8,32,64,completed,True,checkpoints/thubenchmark_deepconvnet_train_only_subject_no_ea_subject_split_madry_eps0.03_45_fold0_exp031_full_20260729_174215_rpcf_at_best.pth
train_standard_thubenchmark_deepconvnet_seed46_madry,train_standard,thubenchmark,deepconvnet,46,madry,,0,10703.243999004364,6,128,32,,,completed,True,checkpoints/thubenchmark_deepconvnet_train_only_subject_no_ea_subject_split_madry_eps0.03_46_fold0_exp031_full_20260729_174215_madry_best.pth
train_standard_thubenchmark_deepconvnet_seed46_trades,train_standard,thubenchmark,deepconvnet,46,trades,,0,7187.728413820267,6,128,32,,,completed,True,checkpoints/thubenchmark_deepconvnet_train_only_subject_no_ea_subject_split_trades_eps0.03_46_fold0_exp031_full_20260729_174215_trades_best.pth
train_standard_thubenchmark_deepconvnet_seed46_fbf,train_standard,thubenchmark,deepconvnet,46,fbf,,0,1787.8294336795807,6,128,32,,,completed,True,checkpoints/thubenchmark_deepconvnet_train_only_subject_no_ea_subject_split_fbf_eps0.03_46_fold0_exp031_full_20260729_174215_fbf_best.pth
train_ea_thubenchmark_deepconvnet_seed46_ea_forward,train_ea,thubenchmark,deepconvnet,46,ea_forward,,0,23003.091772794724,6,128,32,,,completed,True,checkpoints/thubenchmark_deepconvnet_ea_forward_train_only_subject_no_ea_subject_split_madry_eps0.03_46_fold0_exp031_full_20260729_174215_ea_forward_best.pth
rpcf_cache_thubenchmark_deepconvnet_seed46_madry,rpcf_cache,thubenchmark,deepconvnet,46,madry,,0,34516.36493730545,4,128,8,,,completed,True,purified_data/exp031/exp031_full_20260729_174215/cache/thubenchmark_deepconvnet_seed46.pth
rpcf_at_thubenchmark_deepconvnet_seed46_rpcf_at,rpcf_at,thubenchmark,deepconvnet,46,rpcf_at,,0,14904.046019077301,4,128,8,32,64,completed,True,checkpoints/thubenchmark_deepconvnet_train_only_subject_no_ea_subject_split_madry_eps0.03_46_fold0_exp031_full_20260729_174215_rpcf_at_best.pth
train_standard_thubenchmark_tsception_seed42_madry,train_standard,thubenchmark,tsception,42,madry,,0,27922.49003982544,5,32,32,,,completed,True,checkpoints/thubenchmark_tsception_train_only_subject_no_ea_subject_split_madry_eps0.03_42_fold0_exp031_full_20260729_174215_madry_best.pth
train_standard_thubenchmark_tsception_seed42_trades,train_standard,thubenchmark,tsception,42,trades,,0,22984.587874650955,5,32,32,,,completed,True,checkpoints/thubenchmark_tsception_train_only_subject_no_ea_subject_split_trades_eps0.03_42_fold0_exp031_full_20260729_174215_trades_best.pth
train_standard_thubenchmark_tsception_seed42_fbf,train_standard,thubenchmark,tsception,42,fbf,,0,10507.009312152863,5,32,32,64,128,completed,True,checkpoints/thubenchmark_tsception_train_only_subject_no_ea_subject_split_fbf_eps0.03_42_fold0_exp031_full_20260729_174215_fbf_best.pth
train_ea_thubenchmark_tsception_seed42_ea_forward,train_ea,thubenchmark,tsception,42,ea_forward,,0,3748.829231262207,5,32,32,64,128,completed,True,checkpoints/thubenchmark_tsception_ea_forward_train_only_subject_no_ea_subject_split_madry_eps0.03_42_fold0_exp031_full_20260729_174215_ea_forward_best.pth
rpcf_cache_thubenchmark_tsception_seed42_madry,rpcf_cache,thubenchmark,tsception,42,madry,,0,31780.27014374733,0,32,16,64,128,completed,True,purified_data/exp031/exp031_full_20260729_174215/cache/thubenchmark_tsception_seed42.pth
rpcf_at_thubenchmark_tsception_seed42_rpcf_at,rpcf_at,thubenchmark,tsception,42,rpcf_at,,0,20446.61320734024,0,32,16,8,16,completed,True,checkpoints/thubenchmark_tsception_train_only_subject_no_ea_subject_split_madry_eps0.03_42_fold0_exp031_full_20260729_174215_rpcf_at_best.pth
train_standard_thubenchmark_tsception_seed43_madry,train_standard,thubenchmark,tsception,43,madry,,0,29792.03773713112,6,32,32,,,completed,True,checkpoints/thubenchmark_tsception_train_only_subject_no_ea_subject_split_madry_eps0.03_43_fold0_exp031_full_20260729_174215_madry_best.pth
train_standard_thubenchmark_tsception_seed43_trades,train_standard,thubenchmark,tsception,43,trades,,0,26393.127477884293,6,32,32,,,completed,True,checkpoints/thubenchmark_tsception_train_only_subject_no_ea_subject_split_trades_eps0.03_43_fold0_exp031_full_20260729_174215_trades_best.pth
train_standard_thubenchmark_tsception_seed43_fbf,train_standard,thubenchmark,tsception,43,fbf,,0,7513.071242809296,6,32,32,64,128,completed,True,checkpoints/thubenchmark_tsception_train_only_subject_no_ea_subject_split_fbf_eps0.03_43_fold0_exp031_full_20260729_174215_fbf_best.pth
train_ea_thubenchmark_tsception_seed43_ea_forward,train_ea,thubenchmark,tsception,43,ea_forward,,0,4795.7869963645935,6,32,32,64,128,completed,True,checkpoints/thubenchmark_tsception_ea_forward_train_only_subject_no_ea_subject_split_madry_eps0.03_43_fold0_exp031_full_20260729_174215_ea_forward_best.pth
rpcf_cache_thubenchmark_tsception_seed43_madry,rpcf_cache,thubenchmark,tsception,43,madry,,0,32196.314312934875,1,32,16,64,128,completed,True,purified_data/exp031/exp031_full_20260729_174215/cache/thubenchmark_tsception_seed43.pth
rpcf_at_thubenchmark_tsception_seed43_rpcf_at,rpcf_at,thubenchmark,tsception,43,rpcf_at,,0,21501.434556007385,1,32,16,8,16,completed,True,checkpoints/thubenchmark_tsception_train_only_subject_no_ea_subject_split_madry_eps0.03_43_fold0_exp031_full_20260729_174215_rpcf_at_best.pth
train_standard_thubenchmark_tsception_seed44_madry,train_standard,thubenchmark,tsception,44,madry,,0,33042.27126169205,2,32,16,64,128,completed,True,checkpoints/thubenchmark_tsception_train_only_subject_no_ea_subject_split_madry_eps0.03_44_fold0_exp031_full_20260729_174215_madry_best.pth
train_standard_thubenchmark_tsception_seed44_trades,train_standard,thubenchmark,tsception,44,trades,,0,22153.650685310364,2,32,16,32,64,completed,True,checkpoints/thubenchmark_tsception_train_only_subject_no_ea_subject_split_trades_eps0.03_44_fold0_exp031_full_20260729_174215_trades_best.pth
train_standard_thubenchmark_tsception_seed44_fbf,train_standard,thubenchmark,tsception,44,fbf,,0,8657.229105234146,2,32,16,16,32,completed,True,checkpoints/thubenchmark_tsception_train_only_subject_no_ea_subject_split_fbf_eps0.03_44_fold0_exp031_full_20260729_174215_fbf_best.pth
train_ea_thubenchmark_tsception_seed44_ea_forward,train_ea,thubenchmark,tsception,44,ea_forward,,0,3826.649365901947,2,32,16,8,16,completed,True,checkpoints/thubenchmark_tsception_ea_forward_train_only_subject_no_ea_subject_split_madry_eps0.03_44_fold0_exp031_full_20260729_174215_ea_forward_best.pth
rpcf_cache_thubenchmark_tsception_seed44_madry,rpcf_cache,thubenchmark,tsception,44,madry,,0,32311.33838391304,2,32,16,8,16,completed,True,purified_data/exp031/exp031_full_20260729_174215/cache/thubenchmark_tsception_seed44.pth
rpcf_at_thubenchmark_tsception_seed44_rpcf_at,rpcf_at,thubenchmark,tsception,44,rpcf_at,,0,19951.121078014374,2,32,16,8,16,completed,True,checkpoints/thubenchmark_tsception_train_only_subject_no_ea_subject_split_madry_eps0.03_44_fold0_exp031_full_20260729_174215_rpcf_at_best.pth
train_standard_thubenchmark_tsception_seed45_madry,train_standard,thubenchmark,tsception,45,madry,,0,35584.29775094986,3,32,16,64,128,completed,True,checkpoints/thubenchmark_tsception_train_only_subject_no_ea_subject_split_madry_eps0.03_45_fold0_exp031_full_20260729_174215_madry_best.pth
train_standard_thubenchmark_tsception_seed45_trades,train_standard,thubenchmark,tsception,45,trades,,0,19009.434970855713,3,32,16,32,64,completed,True,checkpoints/thubenchmark_tsception_train_only_subject_no_ea_subject_split_trades_eps0.03_45_fold0_exp031_full_20260729_174215_trades_best.pth
train_standard_thubenchmark_tsception_seed45_fbf,train_standard,thubenchmark,tsception,45,fbf,,0,8257.124343395233,3,32,16,16,32,completed,True,checkpoints/thubenchmark_tsception_train_only_subject_no_ea_subject_split_fbf_eps0.03_45_fold0_exp031_full_20260729_174215_fbf_best.pth
train_ea_thubenchmark_tsception_seed45_ea_forward,train_ea,thubenchmark,tsception,45,ea_forward,,0,3804.2819607257843,3,32,16,8,16,completed,True,checkpoints/thubenchmark_tsception_ea_forward_train_only_subject_no_ea_subject_split_madry_eps0.03_45_fold0_exp031_full_20260729_174215_ea_forward_best.pth
rpcf_cache_thubenchmark_tsception_seed45_madry,rpcf_cache,thubenchmark,tsception,45,madry,,0,32483.798457622528,3,32,16,8,16,completed,True,purified_data/exp031/exp031_full_20260729_174215/cache/thubenchmark_tsception_seed45.pth
rpcf_at_thubenchmark_tsception_seed45_rpcf_at,rpcf_at,thubenchmark,tsception,45,rpcf_at,,0,19666.93663263321,3,32,16,8,16,completed,True,checkpoints/thubenchmark_tsception_train_only_subject_no_ea_subject_split_madry_eps0.03_45_fold0_exp031_full_20260729_174215_rpcf_at_best.pth
train_standard_thubenchmark_tsception_seed46_madry,train_standard,thubenchmark,tsception,46,madry,,0,33378.11032319069,4,32,16,64,128,completed,True,checkpoints/thubenchmark_tsception_train_only_subject_no_ea_subject_split_madry_eps0.03_46_fold0_exp031_full_20260729_174215_madry_best.pth
train_standard_thubenchmark_tsception_seed46_trades,train_standard,thubenchmark,tsception,46,trades,,0,20937.427419424057,4,32,16,32,64,completed,True,checkpoints/thubenchmark_tsception_train_only_subject_no_ea_subject_split_trades_eps0.03_46_fold0_exp031_full_20260729_174215_trades_best.pth
train_standard_thubenchmark_tsception_seed46_fbf,train_standard,thubenchmark,tsception,46,fbf,,0,7901.016263961792,4,32,16,16,32,completed,True,checkpoints/thubenchmark_tsception_train_only_subject_no_ea_subject_split_fbf_eps0.03_46_fold0_exp031_full_20260729_174215_fbf_best.pth
train_ea_thubenchmark_tsception_seed46_ea_forward,train_ea,thubenchmark,tsception,46,ea_forward,,0,4058.8359537124634,4,32,16,8,16,completed,True,checkpoints/thubenchmark_tsception_ea_forward_train_only_subject_no_ea_subject_split_madry_eps0.03_46_fold0_exp031_full_20260729_174215_ea_forward_best.pth
rpcf_cache_thubenchmark_tsception_seed46_madry,rpcf_cache,thubenchmark,tsception,46,madry,,0,32505.238668203354,4,32,16,8,16,completed,True,purified_data/exp031/exp031_full_20260729_174215/cache/thubenchmark_tsception_seed46.pth
rpcf_at_thubenchmark_tsception_seed46_rpcf_at,rpcf_at,thubenchmark,tsception,46,rpcf_at,,0,20163.076763391495,0,32,16,8,16,completed,True,checkpoints/thubenchmark_tsception_train_only_subject_no_ea_subject_split_madry_eps0.03_46_fold0_exp031_full_20260729_174215_rpcf_at_best.pth
train_standard_thubenchmark_atcnet_seed42_madry,train_standard,thubenchmark,atcnet,42,madry,,0,12814.911583185196,5,128,32,64,128,completed,True,checkpoints/thubenchmark_atcnet_train_only_subject_no_ea_subject_split_madry_eps0.03_42_fold0_exp031_full_20260729_174215_madry_best.pth
train_standard_thubenchmark_atcnet_seed42_trades,train_standard,thubenchmark,atcnet,42,trades,,0,17168.86290860176,5,128,32,64,128,completed,True,checkpoints/thubenchmark_atcnet_train_only_subject_no_ea_subject_split_trades_eps0.03_42_fold0_exp031_full_20260729_174215_trades_best.pth
train_standard_thubenchmark_atcnet_seed42_fbf,train_standard,thubenchmark,atcnet,42,fbf,,0,3656.096274614334,5,128,32,64,128,completed,True,checkpoints/thubenchmark_atcnet_train_only_subject_no_ea_subject_split_fbf_eps0.03_42_fold0_exp031_full_20260729_174215_fbf_best.pth
train_ea_thubenchmark_atcnet_seed42_ea_forward,train_ea,thubenchmark,atcnet,42,ea_forward,,0,35063.8953101635,5,128,32,64,128,completed,True,checkpoints/thubenchmark_atcnet_ea_forward_train_only_subject_no_ea_subject_split_madry_eps0.03_42_fold0_exp031_full_20260729_174215_ea_forward_best.pth
rpcf_cache_thubenchmark_atcnet_seed42_madry,rpcf_cache,thubenchmark,atcnet,42,madry,,0,36073.68956017494,5,128,16,64,128,completed,True,purified_data/exp031/exp031_full_20260729_174215/cache/thubenchmark_atcnet_seed42.pth
rpcf_at_thubenchmark_atcnet_seed42_rpcf_at,rpcf_at,thubenchmark,atcnet,42,rpcf_at,,0,24615.257576227188,1,128,16,32,64,completed,True,checkpoints/thubenchmark_atcnet_train_only_subject_no_ea_subject_split_madry_eps0.03_42_fold0_exp031_full_20260729_174215_rpcf_at_best.pth
train_standard_thubenchmark_atcnet_seed43_madry,train_standard,thubenchmark,atcnet,43,madry,,0,20431.21215415001,6,128,32,64,128,completed,True,checkpoints/thubenchmark_atcnet_train_only_subject_no_ea_subject_split_madry_eps0.03_43_fold0_exp031_full_20260729_174215_madry_best.pth
train_standard_thubenchmark_atcnet_seed43_trades,train_standard,thubenchmark,atcnet,43,trades,,0,17034.820608854294,6,128,32,64,128,completed,True,checkpoints/thubenchmark_atcnet_train_only_subject_no_ea_subject_split_trades_eps0.03_43_fold0_exp031_full_20260729_174215_trades_best.pth
train_standard_thubenchmark_atcnet_seed43_fbf,train_standard,thubenchmark,atcnet,43,fbf,,0,3512.349184513092,6,128,32,64,128,completed,True,checkpoints/thubenchmark_atcnet_train_only_subject_no_ea_subject_split_fbf_eps0.03_43_fold0_exp031_full_20260729_174215_fbf_best.pth
train_ea_thubenchmark_atcnet_seed43_ea_forward,train_ea,thubenchmark,atcnet,43,ea_forward,,0,41728.158301115036,6,128,32,64,128,completed,True,checkpoints/thubenchmark_atcnet_ea_forward_train_only_subject_no_ea_subject_split_madry_eps0.03_43_fold0_exp031_full_20260729_174215_ea_forward_best.pth
rpcf_cache_thubenchmark_atcnet_seed43_madry,rpcf_cache,thubenchmark,atcnet,43,madry,,0,36558.02424311638,6,128,16,64,128,completed,True,purified_data/exp031/exp031_full_20260729_174215/cache/thubenchmark_atcnet_seed43.pth
rpcf_at_thubenchmark_atcnet_seed43_rpcf_at,rpcf_at,thubenchmark,atcnet,43,rpcf_at,,0,25844.361193418503,2,128,16,32,64,completed,True,checkpoints/thubenchmark_atcnet_train_only_subject_no_ea_subject_split_madry_eps0.03_43_fold0_exp031_full_20260729_174215_rpcf_at_best.pth
train_standard_thubenchmark_atcnet_seed44_madry,train_standard,thubenchmark,atcnet,44,madry,,0,14436.206137418747,0,128,16,64,128,completed,True,checkpoints/thubenchmark_atcnet_train_only_subject_no_ea_subject_split_madry_eps0.03_44_fold0_exp031_full_20260729_174215_madry_best.pth
train_standard_thubenchmark_atcnet_seed44_trades,train_standard,thubenchmark,atcnet,44,trades,,0,14486.113526582718,0,128,16,64,128,completed,True,checkpoints/thubenchmark_atcnet_train_only_subject_no_ea_subject_split_trades_eps0.03_44_fold0_exp031_full_20260729_174215_trades_best.pth
train_standard_thubenchmark_atcnet_seed44_fbf,train_standard,thubenchmark,atcnet,44,fbf,,0,3682.103976249695,3,128,16,32,64,completed,True,checkpoints/thubenchmark_atcnet_train_only_subject_no_ea_subject_split_fbf_eps0.03_44_fold0_exp031_full_20260729_174215_fbf_best.pth
train_ea_thubenchmark_atcnet_seed44_ea_forward,train_ea,thubenchmark,atcnet,44,ea_forward,,0,60427.789576768875,3,128,16,32,64,completed,True,checkpoints/thubenchmark_atcnet_ea_forward_train_only_subject_no_ea_subject_split_madry_eps0.03_44_fold0_exp031_full_20260729_174215_ea_forward_best.pth
rpcf_cache_thubenchmark_atcnet_seed44_madry,rpcf_cache,thubenchmark,atcnet,44,madry,,0,34914.54148077965,3,128,16,32,64,completed,True,purified_data/exp031/exp031_full_20260729_174215/cache/thubenchmark_atcnet_seed44.pth
rpcf_at_thubenchmark_atcnet_seed44_rpcf_at,rpcf_at,thubenchmark,atcnet,44,rpcf_at,,0,26660.797214746475,0,128,16,32,64,completed,True,checkpoints/thubenchmark_atcnet_train_only_subject_no_ea_subject_split_madry_eps0.03_44_fold0_exp031_full_20260729_174215_rpcf_at_best.pth
train_standard_thubenchmark_atcnet_seed45_madry,train_standard,thubenchmark,atcnet,45,madry,,0,13253.205302000046,1,128,16,64,128,completed,True,checkpoints/thubenchmark_atcnet_train_only_subject_no_ea_subject_split_madry_eps0.03_45_fold0_exp031_full_20260729_174215_madry_best.pth
train_standard_thubenchmark_atcnet_seed45_trades,train_standard,thubenchmark,atcnet,45,trades,,0,13780.230319738388,1,128,16,64,128,completed,True,checkpoints/thubenchmark_atcnet_train_only_subject_no_ea_subject_split_trades_eps0.03_45_fold0_exp031_full_20260729_174215_trades_best.pth
train_standard_thubenchmark_atcnet_seed45_fbf,train_standard,thubenchmark,atcnet,45,fbf,,0,4566.922207832336,4,128,16,32,64,completed,True,checkpoints/thubenchmark_atcnet_train_only_subject_no_ea_subject_split_fbf_eps0.03_45_fold0_exp031_full_20260729_174215_fbf_best.pth
train_ea_thubenchmark_atcnet_seed45_ea_forward,train_ea,thubenchmark,atcnet,45,ea_forward,,0,4768.407417297363,4,128,16,32,64,completed,True,checkpoints/thubenchmark_atcnet_ea_forward_train_only_subject_no_ea_subject_split_madry_eps0.03_45_fold0_exp031_full_20260729_174215_ea_forward_best.pth
rpcf_cache_thubenchmark_atcnet_seed45_madry,rpcf_cache,thubenchmark,atcnet,45,madry,,0,35715.10694408417,4,128,16,32,64,completed,True,purified_data/exp031/exp031_full_20260729_174215/cache/thubenchmark_atcnet_seed45.pth
rpcf_at_thubenchmark_atcnet_seed45_rpcf_at,rpcf_at,thubenchmark,atcnet,45,rpcf_at,,0,25810.264196395874,4,128,16,32,64,completed,True,checkpoints/thubenchmark_atcnet_train_only_subject_no_ea_subject_split_madry_eps0.03_45_fold0_exp031_full_20260729_174215_rpcf_at_best.pth
train_standard_thubenchmark_atcnet_seed46_madry,train_standard,thubenchmark,atcnet,46,madry,,0,16661.821416139603,5,128,16,32,64,completed,True,checkpoints/thubenchmark_atcnet_train_only_subject_no_ea_subject_split_madry_eps0.03_46_fold0_exp031_full_20260729_174215_madry_best.pth
train_standard_thubenchmark_atcnet_seed46_trades,train_standard,thubenchmark,atcnet,46,trades,,0,12239.500403881073,5,128,16,32,64,completed,True,checkpoints/thubenchmark_atcnet_train_only_subject_no_ea_subject_split_trades_eps0.03_46_fold0_exp031_full_20260729_174215_trades_best.pth
train_standard_thubenchmark_atcnet_seed46_fbf,train_standard,thubenchmark,atcnet,46,fbf,,0,3509.675572872162,5,128,16,32,64,completed,True,checkpoints/thubenchmark_atcnet_train_only_subject_no_ea_subject_split_fbf_eps0.03_46_fold0_exp031_full_20260729_174215_fbf_best.pth
train_ea_thubenchmark_atcnet_seed46_ea_forward,train_ea,thubenchmark,atcnet,46,ea_forward,,0,60792.661880493164,5,128,16,32,64,completed,True,checkpoints/thubenchmark_atcnet_ea_forward_train_only_subject_no_ea_subject_split_madry_eps0.03_46_fold0_exp031_full_20260729_174215_ea_forward_best.pth
rpcf_cache_thubenchmark_atcnet_seed46_madry,rpcf_cache,thubenchmark,atcnet,46,madry,,0,36767.444791316986,1,128,16,32,64,completed,True,purified_data/exp031/exp031_full_20260729_174215/cache/thubenchmark_atcnet_seed46.pth
rpcf_at_thubenchmark_atcnet_seed46_rpcf_at,rpcf_at,thubenchmark,atcnet,46,rpcf_at,,0,25516.00067949295,0,128,16,32,64,completed,True,checkpoints/thubenchmark_atcnet_train_only_subject_no_ea_subject_split_madry_eps0.03_46_fold0_exp031_full_20260729_174215_rpcf_at_best.pth
train_standard_thubenchmark_conformer_seed42_madry,train_standard,thubenchmark,conformer,42,madry,,0,14634.034623622894,6,128,32,64,128,completed,True,checkpoints/thubenchmark_conformer_train_only_subject_no_ea_subject_split_madry_eps0.03_42_fold0_exp031_full_20260729_174215_madry_best.pth
train_standard_thubenchmark_conformer_seed42_trades,train_standard,thubenchmark,conformer,42,trades,,0,19621.141803503036,6,128,32,64,128,completed,True,checkpoints/thubenchmark_conformer_train_only_subject_no_ea_subject_split_trades_eps0.03_42_fold0_exp031_full_20260729_174215_trades_best.pth
train_standard_thubenchmark_conformer_seed42_fbf,train_standard,thubenchmark,conformer,42,fbf,,0,3273.48029088974,6,128,32,64,128,completed,True,checkpoints/thubenchmark_conformer_train_only_subject_no_ea_subject_split_fbf_eps0.03_42_fold0_exp031_full_20260729_174215_fbf_best.pth
train_ea_thubenchmark_conformer_seed42_ea_forward,train_ea,thubenchmark,conformer,42,ea_forward,,0,44442.487557411194,6,128,32,64,128,completed,True,checkpoints/thubenchmark_conformer_ea_forward_train_only_subject_no_ea_subject_split_madry_eps0.03_42_fold0_exp031_full_20260729_174215_ea_forward_best.pth
rpcf_cache_thubenchmark_conformer_seed42_madry,rpcf_cache,thubenchmark,conformer,42,madry,,0,35118.152611255646,2,128,16,64,128,completed,True,purified_data/exp031/exp031_full_20260729_174215/cache/thubenchmark_conformer_seed42.pth
rpcf_at_thubenchmark_conformer_seed42_rpcf_at,rpcf_at,thubenchmark,conformer,42,rpcf_at,,0,21512.468599557877,0,128,16,16,32,completed,True,checkpoints/thubenchmark_conformer_train_only_subject_no_ea_subject_split_madry_eps0.03_42_fold0_exp031_full_20260729_174215_rpcf_at_best.pth
train_standard_thubenchmark_conformer_seed43_madry,train_standard,thubenchmark,conformer,43,madry,,0,17238.01618719101,0,128,32,64,128,completed,True,checkpoints/thubenchmark_conformer_train_only_subject_no_ea_subject_split_madry_eps0.03_43_fold0_exp031_full_20260729_174215_madry_best.pth
train_standard_thubenchmark_conformer_seed43_trades,train_standard,thubenchmark,conformer,43,trades,,0,16545.881361722946,0,128,32,64,128,completed,True,checkpoints/thubenchmark_conformer_train_only_subject_no_ea_subject_split_trades_eps0.03_43_fold0_exp031_full_20260729_174215_trades_best.pth
train_standard_thubenchmark_conformer_seed43_fbf,train_standard,thubenchmark,conformer,43,fbf,,0,5238.645903348923,0,128,32,64,128,completed,True,checkpoints/thubenchmark_conformer_train_only_subject_no_ea_subject_split_fbf_eps0.03_43_fold0_exp031_full_20260729_174215_fbf_best.pth
train_ea_thubenchmark_conformer_seed43_ea_forward,train_ea,thubenchmark,conformer,43,ea_forward,,0,53815.65702748299,0,128,32,64,128,completed,True,checkpoints/thubenchmark_conformer_ea_forward_train_only_subject_no_ea_subject_split_madry_eps0.03_43_fold0_exp031_full_20260729_174215_ea_forward_best.pth
rpcf_cache_thubenchmark_conformer_seed43_madry,rpcf_cache,thubenchmark,conformer,43,madry,,0,35160.94026517868,3,128,16,64,128,completed,True,purified_data/exp031/exp031_full_20260729_174215/cache/thubenchmark_conformer_seed43.pth
rpcf_at_thubenchmark_conformer_seed43_rpcf_at,rpcf_at,thubenchmark,conformer,43,rpcf_at,,0,22489.546828508377,1,128,16,16,32,completed,True,checkpoints/thubenchmark_conformer_train_only_subject_no_ea_subject_split_madry_eps0.03_43_fold0_exp031_full_20260729_174215_rpcf_at_best.pth
train_standard_thubenchmark_conformer_seed44_madry,train_standard,thubenchmark,conformer,44,madry,,0,17466.504720687866,1,128,32,64,128,completed,True,checkpoints/thubenchmark_conformer_train_only_subject_no_ea_subject_split_madry_eps0.03_44_fold0_exp031_full_20260729_174215_madry_best.pth
train_standard_thubenchmark_conformer_seed44_trades,train_standard,thubenchmark,conformer,44,trades,,0,15028.035474300385,1,128,32,64,128,completed,True,checkpoints/thubenchmark_conformer_train_only_subject_no_ea_subject_split_trades_eps0.03_44_fold0_exp031_full_20260729_174215_trades_best.pth
train_standard_thubenchmark_conformer_seed44_fbf,train_standard,thubenchmark,conformer,44,fbf,,0,2810.4044530391693,1,128,32,64,128,completed,True,checkpoints/thubenchmark_conformer_train_only_subject_no_ea_subject_split_fbf_eps0.03_44_fold0_exp031_full_20260729_174215_fbf_best.pth
train_ea_thubenchmark_conformer_seed44_ea_forward,train_ea,thubenchmark,conformer,44,ea_forward,,0,6670.097624063492,1,128,32,64,128,completed,True,checkpoints/thubenchmark_conformer_ea_forward_train_only_subject_no_ea_subject_split_madry_eps0.03_44_fold0_exp031_full_20260729_174215_ea_forward_best.pth
rpcf_cache_thubenchmark_conformer_seed44_madry,rpcf_cache,thubenchmark,conformer,44,madry,,0,35140.72633934021,4,128,16,64,128,completed,True,purified_data/exp031/exp031_full_20260729_174215/cache/thubenchmark_conformer_seed44.pth
rpcf_at_thubenchmark_conformer_seed44_rpcf_at,rpcf_at,thubenchmark,conformer,44,rpcf_at,,0,22643.741939544678,2,128,16,16,32,completed,True,checkpoints/thubenchmark_conformer_train_only_subject_no_ea_subject_split_madry_eps0.03_44_fold0_exp031_full_20260729_174215_rpcf_at_best.pth
train_standard_thubenchmark_conformer_seed45_madry,train_standard,thubenchmark,conformer,45,madry,,0,18924.04516005516,2,128,32,64,128,completed,True,checkpoints/thubenchmark_conformer_train_only_subject_no_ea_subject_split_madry_eps0.03_45_fold0_exp031_full_20260729_174215_madry_best.pth
train_standard_thubenchmark_conformer_seed45_trades,train_standard,thubenchmark,conformer,45,trades,,0,24834.48090696335,2,128,32,64,128,completed,True,checkpoints/thubenchmark_conformer_train_only_subject_no_ea_subject_split_trades_eps0.03_45_fold0_exp031_full_20260729_174215_trades_best.pth
train_standard_thubenchmark_conformer_seed45_fbf,train_standard,thubenchmark,conformer,45,fbf,,0,4426.1735990047455,5,128,16,64,128,completed,True,checkpoints/thubenchmark_conformer_train_only_subject_no_ea_subject_split_fbf_eps0.03_45_fold0_exp031_full_20260729_174215_fbf_best.pth
train_ea_thubenchmark_conformer_seed45_ea_forward,train_ea,thubenchmark,conformer,45,ea_forward,,0,6951.631548166275,5,128,16,64,128,completed,True,checkpoints/thubenchmark_conformer_ea_forward_train_only_subject_no_ea_subject_split_madry_eps0.03_45_fold0_exp031_full_20260729_174215_ea_forward_best.pth
rpcf_cache_thubenchmark_conformer_seed45_madry,rpcf_cache,thubenchmark,conformer,45,madry,,0,32393.487998247147,5,128,16,64,128,completed,True,purified_data/exp031/exp031_full_20260729_174215/cache/thubenchmark_conformer_seed45.pth
rpcf_at_thubenchmark_conformer_seed45_rpcf_at,rpcf_at,thubenchmark,conformer,45,rpcf_at,,0,22297.09640097618,3,128,16,16,32,completed,True,checkpoints/thubenchmark_conformer_train_only_subject_no_ea_subject_split_madry_eps0.03_45_fold0_exp031_full_20260729_174215_rpcf_at_best.pth
train_standard_thubenchmark_conformer_seed46_madry,train_standard,thubenchmark,conformer,46,madry,,0,14002.226917266846,6,128,16,64,128,completed,True,checkpoints/thubenchmark_conformer_train_only_subject_no_ea_subject_split_madry_eps0.03_46_fold0_exp031_full_20260729_174215_madry_best.pth
train_standard_thubenchmark_conformer_seed46_trades,train_standard,thubenchmark,conformer,46,trades,,0,24992.820504426956,6,128,16,64,128,completed,True,checkpoints/thubenchmark_conformer_train_only_subject_no_ea_subject_split_trades_eps0.03_46_fold0_exp031_full_20260729_174215_trades_best.pth
train_standard_thubenchmark_conformer_seed46_fbf,train_standard,thubenchmark,conformer,46,fbf,,0,4158.485796451569,5,128,16,32,64,completed,True,checkpoints/thubenchmark_conformer_train_only_subject_no_ea_subject_split_fbf_eps0.03_46_fold0_exp031_full_20260729_174215_fbf_best.pth
train_ea_thubenchmark_conformer_seed46_ea_forward,train_ea,thubenchmark,conformer,46,ea_forward,,0,38085.562905073166,4,128,16,16,32,completed,True,checkpoints/thubenchmark_conformer_ea_forward_train_only_subject_no_ea_subject_split_madry_eps0.03_46_fold0_exp031_full_20260729_174215_ea_forward_best.pth
rpcf_cache_thubenchmark_conformer_seed46_madry,rpcf_cache,thubenchmark,conformer,46,madry,,0,38640.00417804718,4,128,16,16,32,completed,True,purified_data/exp031/exp031_full_20260729_174215/cache/thubenchmark_conformer_seed46.pth
rpcf_at_thubenchmark_conformer_seed46_rpcf_at,rpcf_at,thubenchmark,conformer,46,rpcf_at,,0,30744.97271156311,4,128,16,16,32,completed,True,checkpoints/thubenchmark_conformer_train_only_subject_no_ea_subject_split_madry_eps0.03_46_fold0_exp031_full_20260729_174215_rpcf_at_best.pth
train_standard_thubenchmark_tcnet_seed42_madry,train_standard,thubenchmark,tcnet,42,madry,,0,26795.511347532272,0,128,32,64,128,completed,True,checkpoints/thubenchmark_tcnet_train_only_subject_no_ea_subject_split_madry_eps0.03_42_fold0_exp031_full_20260729_174215_madry_best.pth
train_standard_thubenchmark_tcnet_seed42_trades,train_standard,thubenchmark,tcnet,42,trades,,0,26361.492623329163,6,128,32,64,128,completed,True,checkpoints/thubenchmark_tcnet_train_only_subject_no_ea_subject_split_trades_eps0.03_42_fold0_exp031_full_20260729_174215_trades_best.pth
train_standard_thubenchmark_tcnet_seed42_fbf,train_standard,thubenchmark,tcnet,42,fbf,,0,10539.124143600464,5,128,32,64,128,completed,True,checkpoints/thubenchmark_tcnet_train_only_subject_no_ea_subject_split_fbf_eps0.03_42_fold0_exp031_full_20260729_174215_fbf_best.pth
train_ea_thubenchmark_tcnet_seed42_ea_forward,train_ea,thubenchmark,tcnet,42,ea_forward,,0,1465.793046951294,5,128,32,64,128,completed,True,checkpoints/thubenchmark_tcnet_ea_forward_train_only_subject_no_ea_subject_split_madry_eps0.03_42_fold0_exp031_full_20260729_174215_ea_forward_best.pth
rpcf_cache_thubenchmark_tcnet_seed42_madry,rpcf_cache,thubenchmark,tcnet,42,madry,,0,34854.118477106094,5,128,32,64,128,completed,True,purified_data/exp031/exp031_full_20260729_174215/cache/thubenchmark_tcnet_seed42.pth
rpcf_at_thubenchmark_tcnet_seed42_rpcf_at,rpcf_at,thubenchmark,tcnet,42,rpcf_at,,0,9330.613743305206,5,128,32,64,128,completed,True,checkpoints/thubenchmark_tcnet_train_only_subject_no_ea_subject_split_madry_eps0.03_42_fold0_exp031_full_20260729_174215_rpcf_at_best.pth
train_standard_thubenchmark_tcnet_seed43_madry,train_standard,thubenchmark,tcnet,43,madry,,0,32438.17595887184,6,128,32,64,128,completed,True,checkpoints/thubenchmark_tcnet_train_only_subject_no_ea_subject_split_madry_eps0.03_43_fold0_exp031_full_20260729_174215_madry_best.pth
train_standard_thubenchmark_tcnet_seed43_trades,train_standard,thubenchmark,tcnet,43,trades,,0,38282.139867305756,6,128,32,64,128,completed,True,checkpoints/thubenchmark_tcnet_train_only_subject_no_ea_subject_split_trades_eps0.03_43_fold0_exp031_full_20260729_174215_trades_best.pth
train_standard_thubenchmark_tcnet_seed43_fbf,train_standard,thubenchmark,tcnet,43,fbf,,0,13898.217740297318,6,128,32,64,128,completed,True,checkpoints/thubenchmark_tcnet_train_only_subject_no_ea_subject_split_fbf_eps0.03_43_fold0_exp031_full_20260729_174215_fbf_best.pth
train_ea_thubenchmark_tcnet_seed43_ea_forward,train_ea,thubenchmark,tcnet,43,ea_forward,,0,2055.89591050148,6,128,32,64,128,completed,True,checkpoints/thubenchmark_tcnet_ea_forward_train_only_subject_no_ea_subject_split_madry_eps0.03_43_fold0_exp031_full_20260729_174215_ea_forward_best.pth
rpcf_cache_thubenchmark_tcnet_seed43_madry,rpcf_cache,thubenchmark,tcnet,43,madry,,0,40430.59812283516,6,128,32,64,128,completed,True,purified_data/exp031/exp031_full_20260729_174215/cache/thubenchmark_tcnet_seed43.pth
rpcf_at_thubenchmark_tcnet_seed43_rpcf_at,rpcf_at,thubenchmark,tcnet,43,rpcf_at,,0,8167.956818819046,6,128,32,64,128,completed,True,checkpoints/thubenchmark_tcnet_train_only_subject_no_ea_subject_split_madry_eps0.03_43_fold0_exp031_full_20260729_174215_rpcf_at_best.pth
train_standard_thubenchmark_tcnet_seed44_madry,train_standard,thubenchmark,tcnet,44,madry,,0,31714.04788184166,0,128,32,64,128,completed,True,checkpoints/thubenchmark_tcnet_train_only_subject_no_ea_subject_split_madry_eps0.03_44_fold0_exp031_full_20260729_174215_madry_best.pth
train_standard_thubenchmark_tcnet_seed44_trades,train_standard,thubenchmark,tcnet,44,trades,,0,37203.239690065384,0,128,32,64,128,completed,True,checkpoints/thubenchmark_tcnet_train_only_subject_no_ea_subject_split_trades_eps0.03_44_fold0_exp031_full_20260729_174215_trades_best.pth
train_standard_thubenchmark_tcnet_seed44_fbf,train_standard,thubenchmark,tcnet,44,fbf,,0,24424.90340089798,0,128,32,64,128,completed,True,checkpoints/thubenchmark_tcnet_train_only_subject_no_ea_subject_split_fbf_eps0.03_44_fold0_exp031_full_20260729_174215_fbf_best.pth
train_ea_thubenchmark_tcnet_seed44_ea_forward,train_ea,thubenchmark,tcnet,44,ea_forward,,0,1954.991730928421,0,128,32,64,128,completed,True,checkpoints/thubenchmark_tcnet_ea_forward_train_only_subject_no_ea_subject_split_madry_eps0.03_44_fold0_exp031_full_20260729_174215_ea_forward_best.pth
rpcf_cache_thubenchmark_tcnet_seed44_madry,rpcf_cache,thubenchmark,tcnet,44,madry,,0,35323.66182923317,0,128,32,64,128,completed,True,purified_data/exp031/exp031_full_20260729_174215/cache/thubenchmark_tcnet_seed44.pth
rpcf_at_thubenchmark_tcnet_seed44_rpcf_at,rpcf_at,thubenchmark,tcnet,44,rpcf_at,,0,7542.200745344162,0,128,32,64,128,completed,True,checkpoints/thubenchmark_tcnet_train_only_subject_no_ea_subject_split_madry_eps0.03_44_fold0_exp031_full_20260729_174215_rpcf_at_best.pth
train_standard_thubenchmark_tcnet_seed45_madry,train_standard,thubenchmark,tcnet,45,madry,,0,31460.13300037384,3,128,32,64,128,completed,True,checkpoints/thubenchmark_tcnet_train_only_subject_no_ea_subject_split_madry_eps0.03_45_fold0_exp031_full_20260729_174215_madry_best.pth
train_standard_thubenchmark_tcnet_seed45_trades,train_standard,thubenchmark,tcnet,45,trades,,0,44381.04038858414,3,128,32,64,128,completed,True,checkpoints/thubenchmark_tcnet_train_only_subject_no_ea_subject_split_trades_eps0.03_45_fold0_exp031_full_20260729_174215_trades_best.pth
train_standard_thubenchmark_tcnet_seed45_fbf,train_standard,thubenchmark,tcnet,45,fbf,,0,22021.966760396957,3,128,32,64,128,completed,True,checkpoints/thubenchmark_tcnet_train_only_subject_no_ea_subject_split_fbf_eps0.03_45_fold0_exp031_full_20260729_174215_fbf_best.pth
train_ea_thubenchmark_tcnet_seed45_ea_forward,train_ea,thubenchmark,tcnet,45,ea_forward,,0,1566.3695085048676,3,128,32,64,128,completed,True,checkpoints/thubenchmark_tcnet_ea_forward_train_only_subject_no_ea_subject_split_madry_eps0.03_45_fold0_exp031_full_20260729_174215_ea_forward_best.pth
rpcf_cache_thubenchmark_tcnet_seed45_madry,rpcf_cache,thubenchmark,tcnet,45,madry,,0,34281.92931461334,3,128,32,64,128,completed,True,purified_data/exp031/exp031_full_20260729_174215/cache/thubenchmark_tcnet_seed45.pth
rpcf_at_thubenchmark_tcnet_seed45_rpcf_at,rpcf_at,thubenchmark,tcnet,45,rpcf_at,,0,7614.7532658576965,3,128,32,64,128,completed,True,checkpoints/thubenchmark_tcnet_train_only_subject_no_ea_subject_split_madry_eps0.03_45_fold0_exp031_full_20260729_174215_rpcf_at_best.pth
train_standard_thubenchmark_tcnet_seed46_madry,train_standard,thubenchmark,tcnet,46,madry,,0,34993.07719349861,1,128,32,64,128,completed,True,checkpoints/thubenchmark_tcnet_train_only_subject_no_ea_subject_split_madry_eps0.03_46_fold0_exp031_full_20260729_174215_madry_best.pth
train_standard_thubenchmark_tcnet_seed46_trades,train_standard,thubenchmark,tcnet,46,trades,,0,45834.36443376541,1,128,32,64,128,completed,True,checkpoints/thubenchmark_tcnet_train_only_subject_no_ea_subject_split_trades_eps0.03_46_fold0_exp031_full_20260729_174215_trades_best.pth
train_standard_thubenchmark_tcnet_seed46_fbf,train_standard,thubenchmark,tcnet,46,fbf,,0,21892.174666404724,1,128,32,64,128,completed,True,checkpoints/thubenchmark_tcnet_train_only_subject_no_ea_subject_split_fbf_eps0.03_46_fold0_exp031_full_20260729_174215_fbf_best.pth
train_ea_thubenchmark_tcnet_seed46_ea_forward,train_ea,thubenchmark,tcnet,46,ea_forward,,0,1740.0117530822754,1,128,32,64,128,completed,True,checkpoints/thubenchmark_tcnet_ea_forward_train_only_subject_no_ea_subject_split_madry_eps0.03_46_fold0_exp031_full_20260729_174215_ea_forward_best.pth
rpcf_cache_thubenchmark_tcnet_seed46_madry,rpcf_cache,thubenchmark,tcnet,46,madry,,0,34067.78645634651,1,128,32,64,128,completed,True,purified_data/exp031/exp031_full_20260729_174215/cache/thubenchmark_tcnet_seed46.pth
rpcf_at_thubenchmark_tcnet_seed46_rpcf_at,rpcf_at,thubenchmark,tcnet,46,rpcf_at,,0,7944.275195121765,1,128,32,64,128,completed,True,checkpoints/thubenchmark_tcnet_train_only_subject_no_ea_subject_split_madry_eps0.03_46_fold0_exp031_full_20260729_174215_rpcf_at_best.pth
train_standard_seediv_eegnet_seed42_madry,train_standard,seediv,eegnet,42,madry,,0,20031.583903074265,2,128,32,64,128,completed,True,checkpoints/seediv_eegnet_train_only_subject_no_ea_subject_split_madry_eps0.03_42_fold0_exp031_full_20260729_174215_madry_best.pth
train_standard_seediv_eegnet_seed42_trades,train_standard,seediv,eegnet,42,trades,,0,42577.228977680206,2,128,32,64,128,completed,True,checkpoints/seediv_eegnet_train_only_subject_no_ea_subject_split_trades_eps0.03_42_fold0_exp031_full_20260729_174215_trades_best.pth
train_standard_seediv_eegnet_seed42_fbf,train_standard,seediv,eegnet,42,fbf,,0,19492.10058116913,2,128,32,64,128,completed,True,checkpoints/seediv_eegnet_train_only_subject_no_ea_subject_split_fbf_eps0.03_42_fold0_exp031_full_20260729_174215_fbf_best.pth
train_ea_seediv_eegnet_seed42_ea_forward,train_ea,seediv,eegnet,42,ea_forward,,0,7440.819718122482,2,128,32,64,128,completed,True,checkpoints/seediv_eegnet_ea_forward_train_only_subject_no_ea_subject_split_madry_eps0.03_42_fold0_exp031_full_20260729_174215_ea_forward_best.pth
rpcf_cache_seediv_eegnet_seed42_madry,rpcf_cache,seediv,eegnet,42,madry,,0,58297.5646173954,2,128,32,64,128,completed,True,purified_data/exp031/exp031_full_20260729_174215/cache/seediv_eegnet_seed42.pth
rpcf_at_seediv_eegnet_seed42_rpcf_at,rpcf_at,seediv,eegnet,42,rpcf_at,,0,25952.43773150444,2,128,32,64,128,completed,True,checkpoints/seediv_eegnet_train_only_subject_no_ea_subject_split_madry_eps0.03_42_fold0_exp031_full_20260729_174215_rpcf_at_best.pth
train_standard_seediv_eegnet_seed43_madry,train_standard,seediv,eegnet,43,madry,,0,20354.50297999382,5,128,32,64,128,completed,True,checkpoints/seediv_eegnet_train_only_subject_no_ea_subject_split_madry_eps0.03_43_fold0_exp031_full_20260729_174215_madry_best.pth
train_standard_seediv_eegnet_seed43_trades,train_standard,seediv,eegnet,43,trades,,0,48051.88763022423,5,128,32,64,128,completed,True,checkpoints/seediv_eegnet_train_only_subject_no_ea_subject_split_trades_eps0.03_43_fold0_exp031_full_20260729_174215_trades_best.pth
train_standard_seediv_eegnet_seed43_fbf,train_standard,seediv,eegnet,43,fbf,,0,16381.524562358856,5,128,32,64,128,completed,True,checkpoints/seediv_eegnet_train_only_subject_no_ea_subject_split_fbf_eps0.03_43_fold0_exp031_full_20260729_174215_fbf_best.pth
train_ea_seediv_eegnet_seed43_ea_forward,train_ea,seediv,eegnet,43,ea_forward,,0,4747.128538370132,5,128,32,64,128,completed,True,checkpoints/seediv_eegnet_ea_forward_train_only_subject_no_ea_subject_split_madry_eps0.03_43_fold0_exp031_full_20260729_174215_ea_forward_best.pth
rpcf_cache_seediv_eegnet_seed43_madry,rpcf_cache,seediv,eegnet,43,madry,,0,60581.646221876144,5,128,32,64,128,completed,True,purified_data/exp031/exp031_full_20260729_174215/cache/seediv_eegnet_seed43.pth
rpcf_at_seediv_eegnet_seed43_rpcf_at,rpcf_at,seediv,eegnet,43,rpcf_at,,0,38278.79473733902,5,128,32,64,128,completed,True,checkpoints/seediv_eegnet_train_only_subject_no_ea_subject_split_madry_eps0.03_43_fold0_exp031_full_20260729_174215_rpcf_at_best.pth
train_standard_seediv_eegnet_seed44_madry,train_standard,seediv,eegnet,44,madry,,0,10258.429769039154,4,128,32,64,128,completed,True,checkpoints/seediv_eegnet_train_only_subject_no_ea_subject_split_madry_eps0.03_44_fold0_exp031_full_20260729_174215_madry_best.pth
train_standard_seediv_eegnet_seed44_trades,train_standard,seediv,eegnet,44,trades,,0,19266.07043337822,4,128,32,64,128,completed,True,checkpoints/seediv_eegnet_train_only_subject_no_ea_subject_split_trades_eps0.03_44_fold0_exp031_full_20260729_174215_trades_best.pth
train_standard_seediv_eegnet_seed44_fbf,train_standard,seediv,eegnet,44,fbf,,0,11740.810286998749,4,128,32,64,128,completed,True,checkpoints/seediv_eegnet_train_only_subject_no_ea_subject_split_fbf_eps0.03_44_fold0_exp031_full_20260729_174215_fbf_best.pth
train_ea_seediv_eegnet_seed44_ea_forward,train_ea,seediv,eegnet,44,ea_forward,,0,3401.0422303676605,4,128,32,64,128,completed,True,checkpoints/seediv_eegnet_ea_forward_train_only_subject_no_ea_subject_split_madry_eps0.03_44_fold0_exp031_full_20260729_174215_ea_forward_best.pth
rpcf_cache_seediv_eegnet_seed44_madry,rpcf_cache,seediv,eegnet,44,madry,,0,61210.047315597534,4,128,32,64,128,completed,True,purified_data/exp031/exp031_full_20260729_174215/cache/seediv_eegnet_seed44.pth
rpcf_at_seediv_eegnet_seed44_rpcf_at,rpcf_at,seediv,eegnet,44,rpcf_at,,0,39921.62814998627,4,128,32,64,128,completed,True,checkpoints/seediv_eegnet_train_only_subject_no_ea_subject_split_madry_eps0.03_44_fold0_exp031_full_20260729_174215_rpcf_at_best.pth
train_standard_seediv_eegnet_seed45_madry,train_standard,seediv,eegnet,45,madry,,0,4821.3347227573395,6,128,32,64,128,completed,True,checkpoints/seediv_eegnet_train_only_subject_no_ea_subject_split_madry_eps0.03_45_fold0_exp031_full_20260729_174215_madry_best.pth
train_standard_seediv_eegnet_seed45_trades,train_standard,seediv,eegnet,45,trades,,0,35190.76454973221,6,128,32,64,128,completed,True,checkpoints/seediv_eegnet_train_only_subject_no_ea_subject_split_trades_eps0.03_45_fold0_exp031_full_20260729_174215_trades_best.pth
train_standard_seediv_eegnet_seed45_fbf,train_standard,seediv,eegnet,45,fbf,,0,21598.53254675865,6,128,32,64,128,completed,True,checkpoints/seediv_eegnet_train_only_subject_no_ea_subject_split_fbf_eps0.03_45_fold0_exp031_full_20260729_174215_fbf_best.pth
train_ea_seediv_eegnet_seed45_ea_forward,train_ea,seediv,eegnet,45,ea_forward,,0,5603.216777801514,6,128,32,64,128,completed,True,checkpoints/seediv_eegnet_ea_forward_train_only_subject_no_ea_subject_split_madry_eps0.03_45_fold0_exp031_full_20260729_174215_ea_forward_best.pth
rpcf_cache_seediv_eegnet_seed45_madry,rpcf_cache,seediv,eegnet,45,madry,,0,75621.32615637779,6,128,32,64,128,completed,True,purified_data/exp031/exp031_full_20260729_174215/cache/seediv_eegnet_seed45.pth
rpcf_at_seediv_eegnet_seed45_rpcf_at,rpcf_at,seediv,eegnet,45,rpcf_at,,0,20635.914531230927,5,128,32,64,128,completed,True,checkpoints/seediv_eegnet_train_only_subject_no_ea_subject_split_madry_eps0.03_45_fold0_exp031_full_20260729_174215_rpcf_at_best.pth
train_standard_seediv_eegnet_seed46_madry,train_standard,seediv,eegnet,46,madry,,0,4356.385632753372,0,128,32,64,128,completed,True,checkpoints/seediv_eegnet_train_only_subject_no_ea_subject_split_madry_eps0.03_46_fold0_exp031_full_20260729_174215_madry_best.pth
train_standard_seediv_eegnet_seed46_trades,train_standard,seediv,eegnet,46,trades,,0,58619.06829762459,0,128,32,64,128,completed,True,checkpoints/seediv_eegnet_train_only_subject_no_ea_subject_split_trades_eps0.03_46_fold0_exp031_full_20260729_174215_trades_best.pth
train_standard_seediv_eegnet_seed46_fbf,train_standard,seediv,eegnet,46,fbf,,0,39932.281692266464,0,128,32,64,128,completed,True,checkpoints/seediv_eegnet_train_only_subject_no_ea_subject_split_fbf_eps0.03_46_fold0_exp031_full_20260729_174215_fbf_best.pth
train_ea_seediv_eegnet_seed46_ea_forward,train_ea,seediv,eegnet,46,ea_forward,,0,7911.64337182045,0,128,32,64,128,completed,True,checkpoints/seediv_eegnet_ea_forward_train_only_subject_no_ea_subject_split_madry_eps0.03_46_fold0_exp031_full_20260729_174215_ea_forward_best.pth
rpcf_cache_seediv_eegnet_seed46_madry,rpcf_cache,seediv,eegnet,46,madry,,0,74135.56689333916,0,128,32,64,128,completed,True,purified_data/exp031/exp031_full_20260729_174215/cache/seediv_eegnet_seed46.pth
rpcf_at_seediv_eegnet_seed46_rpcf_at,rpcf_at,seediv,eegnet,46,rpcf_at,,0,135557.77866721153,0,128,32,64,128,completed,True,checkpoints/seediv_eegnet_train_only_subject_no_ea_subject_split_madry_eps0.03_46_fold0_exp031_full_20260729_174215_rpcf_at_best.pth
train_standard_seediv_deepconvnet_seed42_madry,train_standard,seediv,deepconvnet,42,madry,,0,19648.543179512024,3,128,32,64,128,completed,True,checkpoints/seediv_deepconvnet_train_only_subject_no_ea_subject_split_madry_eps0.03_42_fold0_exp031_full_20260729_174215_madry_best.pth
train_standard_seediv_deepconvnet_seed42_trades,train_standard,seediv,deepconvnet,42,trades,,0,21422.603367567062,3,128,32,64,128,completed,True,checkpoints/seediv_deepconvnet_train_only_subject_no_ea_subject_split_trades_eps0.03_42_fold0_exp031_full_20260729_174215_trades_best.pth
train_standard_seediv_deepconvnet_seed42_fbf,train_standard,seediv,deepconvnet,42,fbf,,0,5365.695028066635,3,128,32,64,128,completed,True,checkpoints/seediv_deepconvnet_train_only_subject_no_ea_subject_split_fbf_eps0.03_42_fold0_exp031_full_20260729_174215_fbf_best.pth
train_ea_seediv_deepconvnet_seed42_ea_forward,train_ea,seediv,deepconvnet,42,ea_forward,,0,6646.1997747421265,3,128,32,64,128,completed,True,checkpoints/seediv_deepconvnet_ea_forward_train_only_subject_no_ea_subject_split_madry_eps0.03_42_fold0_exp031_full_20260729_174215_ea_forward_best.pth
rpcf_cache_seediv_deepconvnet_seed42_madry,rpcf_cache,seediv,deepconvnet,42,madry,,0,38947.54681301117,3,128,32,64,128,completed,True,purified_data/exp031/exp031_full_20260729_174215/cache/seediv_deepconvnet_seed42.pth
rpcf_at_seediv_deepconvnet_seed42_rpcf_at,rpcf_at,seediv,deepconvnet,42,rpcf_at,,0,29229.730572462082,2,128,32,64,128,completed,True,checkpoints/seediv_deepconvnet_train_only_subject_no_ea_subject_split_madry_eps0.03_42_fold0_exp031_full_20260729_174215_rpcf_at_best.pth
train_standard_seediv_deepconvnet_seed43_madry,train_standard,seediv,deepconvnet,43,madry,,0,21137.15635561943,1,128,32,64,128,completed,True,checkpoints/seediv_deepconvnet_train_only_subject_no_ea_subject_split_madry_eps0.03_43_fold0_exp031_full_20260729_174215_madry_best.pth
train_standard_seediv_deepconvnet_seed43_trades,train_standard,seediv,deepconvnet,43,trades,,0,22309.488939523697,1,128,32,64,128,completed,True,checkpoints/seediv_deepconvnet_train_only_subject_no_ea_subject_split_trades_eps0.03_43_fold0_exp031_full_20260729_174215_trades_best.pth
train_standard_seediv_deepconvnet_seed43_fbf,train_standard,seediv,deepconvnet,43,fbf,,0,10549.673859119415,1,128,32,64,128,completed,True,checkpoints/seediv_deepconvnet_train_only_subject_no_ea_subject_split_fbf_eps0.03_43_fold0_exp031_full_20260729_174215_fbf_best.pth
train_ea_seediv_deepconvnet_seed43_ea_forward,train_ea,seediv,deepconvnet,43,ea_forward,,0,51733.432649850845,1,128,32,64,128,completed,True,checkpoints/seediv_deepconvnet_ea_forward_train_only_subject_no_ea_subject_split_madry_eps0.03_43_fold0_exp031_full_20260729_174215_ea_forward_best.pth
rpcf_cache_seediv_deepconvnet_seed43_madry,rpcf_cache,seediv,deepconvnet,43,madry,,0,32305.288782835007,1,128,32,64,128,completed,True,purified_data/exp031/exp031_full_20260729_174215/cache/seediv_deepconvnet_seed43.pth
rpcf_at_seediv_deepconvnet_seed43_rpcf_at,rpcf_at,seediv,deepconvnet,43,rpcf_at,,0,78121.24132728577,1,128,32,64,128,completed,True,checkpoints/seediv_deepconvnet_train_only_subject_no_ea_subject_split_madry_eps0.03_43_fold0_exp031_full_20260729_174215_rpcf_at_best.pth
train_standard_seediv_deepconvnet_seed44_madry,train_standard,seediv,deepconvnet,44,madry,,0,33637.9874920845,2,128,32,64,128,completed,True,checkpoints/seediv_deepconvnet_train_only_subject_no_ea_subject_split_madry_eps0.03_44_fold0_exp031_full_20260729_174215_madry_best.pth
train_standard_seediv_deepconvnet_seed44_trades,train_standard,seediv,deepconvnet,44,trades,,0,34053.22189760208,2,128,32,64,128,completed,True,checkpoints/seediv_deepconvnet_train_only_subject_no_ea_subject_split_trades_eps0.03_44_fold0_exp031_full_20260729_174215_trades_best.pth
train_standard_seediv_deepconvnet_seed44_fbf,train_standard,seediv,deepconvnet,44,fbf,,0,13026.564201831818,3,128,32,64,128,completed,True,checkpoints/seediv_deepconvnet_train_only_subject_no_ea_subject_split_fbf_eps0.03_44_fold0_exp031_full_20260729_174215_fbf_best.pth
train_ea_seediv_deepconvnet_seed44_ea_forward,train_ea,seediv,deepconvnet,44,ea_forward,,0,57477.36926317215,3,128,32,64,128,completed,True,checkpoints/seediv_deepconvnet_ea_forward_train_only_subject_no_ea_subject_split_madry_eps0.03_44_fold0_exp031_full_20260729_174215_ea_forward_best.pth
rpcf_cache_seediv_deepconvnet_seed44_madry,rpcf_cache,seediv,deepconvnet,44,madry,,0,77420.46347379684,3,128,32,64,128,completed,True,purified_data/exp031/exp031_full_20260729_174215/cache/seediv_deepconvnet_seed44.pth
rpcf_at_seediv_deepconvnet_seed44_rpcf_at,rpcf_at,seediv,deepconvnet,44,rpcf_at,,0,84706.79944944382,3,128,32,64,128,completed,True,checkpoints/seediv_deepconvnet_train_only_subject_no_ea_subject_split_madry_eps0.03_44_fold0_exp031_full_20260729_174215_rpcf_at_best.pth
train_standard_seediv_deepconvnet_seed45_madry,train_standard,seediv,deepconvnet,45,madry,,0,36615.40960144997,5,128,32,64,128,completed,True,checkpoints/seediv_deepconvnet_train_only_subject_no_ea_subject_split_madry_eps0.03_45_fold0_exp031_full_20260729_174215_madry_best.pth
train_standard_seediv_deepconvnet_seed45_trades,train_standard,seediv,deepconvnet,45,trades,,0,20195.084010839462,4,128,32,64,128,completed,True,checkpoints/seediv_deepconvnet_train_only_subject_no_ea_subject_split_trades_eps0.03_45_fold0_exp031_full_20260729_174215_trades_best.pth
train_standard_seediv_deepconvnet_seed45_fbf,train_standard,seediv,deepconvnet,45,fbf,,0,4463.020907640457,4,128,32,64,128,completed,True,checkpoints/seediv_deepconvnet_train_only_subject_no_ea_subject_split_fbf_eps0.03_45_fold0_exp031_full_20260729_174215_fbf_best.pth
train_ea_seediv_deepconvnet_seed45_ea_forward,train_ea,seediv,deepconvnet,45,ea_forward,,0,57947.0610473156,4,128,32,64,128,completed,True,checkpoints/seediv_deepconvnet_ea_forward_train_only_subject_no_ea_subject_split_madry_eps0.03_45_fold0_exp031_full_20260729_174215_ea_forward_best.pth
rpcf_cache_seediv_deepconvnet_seed45_madry,rpcf_cache,seediv,deepconvnet,45,madry,,0,73151.93340706825,4,128,32,64,128,completed,True,purified_data/exp031/exp031_full_20260729_174215/cache/seediv_deepconvnet_seed45.pth
rpcf_at_seediv_deepconvnet_seed45_rpcf_at,rpcf_at,seediv,deepconvnet,45,rpcf_at,,0,44035.879244327545,5,128,32,64,128,completed,True,checkpoints/seediv_deepconvnet_train_only_subject_no_ea_subject_split_madry_eps0.03_45_fold0_exp031_full_20260729_174215_rpcf_at_best.pth
train_standard_seediv_deepconvnet_seed46_madry,train_standard,seediv,deepconvnet,46,madry,,0,29006.27162361145,4,128,32,64,128,completed,True,checkpoints/seediv_deepconvnet_train_only_subject_no_ea_subject_split_madry_eps0.03_46_fold0_exp031_full_20260729_174215_madry_best.pth
train_standard_seediv_deepconvnet_seed46_trades,train_standard,seediv,deepconvnet,46,trades,,0,12876.519541025162,2,128,32,64,128,completed,True,checkpoints/seediv_deepconvnet_train_only_subject_no_ea_subject_split_trades_eps0.03_46_fold0_exp031_full_20260729_174215_trades_best.pth
train_standard_seediv_deepconvnet_seed46_fbf,train_standard,seediv,deepconvnet,46,fbf,,0,9556.324221611023,2,128,32,64,128,completed,True,checkpoints/seediv_deepconvnet_train_only_subject_no_ea_subject_split_fbf_eps0.03_46_fold0_exp031_full_20260729_174215_fbf_best.pth
train_ea_seediv_deepconvnet_seed46_ea_forward,train_ea,seediv,deepconvnet,46,ea_forward,,0,5699.5435173511505,2,128,32,64,128,completed,True,checkpoints/seediv_deepconvnet_ea_forward_train_only_subject_no_ea_subject_split_madry_eps0.03_46_fold0_exp031_full_20260729_174215_ea_forward_best.pth
rpcf_cache_seediv_deepconvnet_seed46_madry,rpcf_cache,seediv,deepconvnet,46,madry,,0,71918.46692037582,1,128,32,64,128,completed,True,purified_data/exp031/exp031_full_20260729_174215/cache/seediv_deepconvnet_seed46.pth
rpcf_at_seediv_deepconvnet_seed46_rpcf_at,rpcf_at,seediv,deepconvnet,46,rpcf_at,,0,38787.82853627205,1,128,32,64,128,completed,True,checkpoints/seediv_deepconvnet_train_only_subject_no_ea_subject_split_madry_eps0.03_46_fold0_exp031_full_20260729_174215_rpcf_at_best.pth
train_standard_seediv_tsception_seed42_madry,train_standard,seediv,tsception,42,madry,,0,164428.83686065674,5,128,32,64,128,completed,True,checkpoints/seediv_tsception_train_only_subject_no_ea_subject_split_madry_eps0.03_42_fold0_exp031_full_20260729_174215_madry_best.pth
train_standard_seediv_tsception_seed42_trades,train_standard,seediv,tsception,42,trades,,0,59422.12192487717,4,128,32,64,128,completed,True,checkpoints/seediv_tsception_train_only_subject_no_ea_subject_split_trades_eps0.03_42_fold0_exp031_full_20260729_174215_trades_best.pth
train_standard_seediv_tsception_seed42_fbf,train_standard,seediv,tsception,42,fbf,,0,33858.34117484093,4,128,32,64,128,completed,True,checkpoints/seediv_tsception_train_only_subject_no_ea_subject_split_fbf_eps0.03_42_fold0_exp031_full_20260729_174215_fbf_best.pth
train_ea_seediv_tsception_seed42_ea_forward,train_ea,seediv,tsception,42,ea_forward,,0,9023.803398370743,4,128,32,64,128,completed,True,checkpoints/seediv_tsception_ea_forward_train_only_subject_no_ea_subject_split_madry_eps0.03_42_fold0_exp031_full_20260729_174215_ea_forward_best.pth
rpcf_cache_seediv_tsception_seed42_madry,rpcf_cache,seediv,tsception,42,madry,,0,32934.56100034714,4,128,32,64,128,completed,True,purified_data/exp031/exp031_full_20260729_174215/cache/seediv_tsception_seed42.pth
rpcf_at_seediv_tsception_seed42_rpcf_at,rpcf_at,seediv,tsception,42,rpcf_at,,0,35529.33349823952,0,128,32,16,32,completed,True,checkpoints/seediv_tsception_train_only_subject_no_ea_subject_split_madry_eps0.03_42_fold0_exp031_full_20260729_174215_rpcf_at_best.pth
train_standard_seediv_tsception_seed43_madry,train_standard,seediv,tsception,43,madry,,0,217092.39704942703,6,128,32,64,128,completed,True,checkpoints/seediv_tsception_train_only_subject_no_ea_subject_split_madry_eps0.03_43_fold0_exp031_full_20260729_174215_madry_best.pth
train_standard_seediv_tsception_seed43_trades,train_standard,seediv,tsception,43,trades,,0,42106.9560918808,6,128,32,64,128,completed,True,checkpoints/seediv_tsception_train_only_subject_no_ea_subject_split_trades_eps0.03_43_fold0_exp031_full_20260729_174215_trades_best.pth
train_standard_seediv_tsception_seed43_fbf,train_standard,seediv,tsception,43,fbf,,0,39103.32960796356,6,128,32,64,128,completed,True,checkpoints/seediv_tsception_train_only_subject_no_ea_subject_split_fbf_eps0.03_43_fold0_exp031_full_20260729_174215_fbf_best.pth
train_ea_seediv_tsception_seed43_ea_forward,train_ea,seediv,tsception,43,ea_forward,,0,9696.466931581497,6,128,32,64,128,completed,True,checkpoints/seediv_tsception_ea_forward_train_only_subject_no_ea_subject_split_madry_eps0.03_43_fold0_exp031_full_20260729_174215_ea_forward_best.pth
rpcf_cache_seediv_tsception_seed43_madry,rpcf_cache,seediv,tsception,43,madry,,0,28609.19820022583,1,128,32,32,64,completed,True,purified_data/exp031/exp031_full_20260729_174215/cache/seediv_tsception_seed43.pth
rpcf_at_seediv_tsception_seed43_rpcf_at,rpcf_at,seediv,tsception,43,rpcf_at,,0,36382.04671525955,1,128,32,16,32,completed,True,checkpoints/seediv_tsception_train_only_subject_no_ea_subject_split_madry_eps0.03_43_fold0_exp031_full_20260729_174215_rpcf_at_best.pth
train_standard_seediv_tsception_seed44_madry,train_standard,seediv,tsception,44,madry,,0,194397.87348008156,2,128,32,64,128,completed,True,checkpoints/seediv_tsception_train_only_subject_no_ea_subject_split_madry_eps0.03_44_fold0_exp031_full_20260729_174215_madry_best.pth
train_standard_seediv_tsception_seed44_trades,train_standard,seediv,tsception,44,trades,,0,73674.61190629005,2,128,32,64,128,completed,True,checkpoints/seediv_tsception_train_only_subject_no_ea_subject_split_trades_eps0.03_44_fold0_exp031_full_20260729_174215_trades_best.pth
train_standard_seediv_tsception_seed44_fbf,train_standard,seediv,tsception,44,fbf,,0,41044.90787768364,2,128,32,64,128,completed,True,checkpoints/seediv_tsception_train_only_subject_no_ea_subject_split_fbf_eps0.03_44_fold0_exp031_full_20260729_174215_fbf_best.pth
train_ea_seediv_tsception_seed44_ea_forward,train_ea,seediv,tsception,44,ea_forward,,0,7740.049159526825,2,128,32,32,64,completed,True,checkpoints/seediv_tsception_ea_forward_train_only_subject_no_ea_subject_split_madry_eps0.03_44_fold0_exp031_full_20260729_174215_ea_forward_best.pth
rpcf_cache_seediv_tsception_seed44_madry,rpcf_cache,seediv,tsception,44,madry,,0,29528.36917948723,2,128,32,16,32,completed,True,purified_data/exp031/exp031_full_20260729_174215/cache/seediv_tsception_seed44.pth
rpcf_at_seediv_tsception_seed44_rpcf_at,rpcf_at,seediv,tsception,44,rpcf_at,,0,35217.80892753601,2,128,32,16,32,completed,True,checkpoints/seediv_tsception_train_only_subject_no_ea_subject_split_madry_eps0.03_44_fold0_exp031_full_20260729_174215_rpcf_at_best.pth
train_standard_seediv_tsception_seed45_madry,train_standard,seediv,tsception,45,madry,,0,64341.61049771309,0,128,32,64,128,completed,True,checkpoints/seediv_tsception_train_only_subject_no_ea_subject_split_madry_eps0.03_45_fold0_exp031_full_20260729_174215_madry_best.pth
train_standard_seediv_tsception_seed45_trades,train_standard,seediv,tsception,45,trades,,0,81674.01186609268,0,128,32,64,128,completed,True,checkpoints/seediv_tsception_train_only_subject_no_ea_subject_split_trades_eps0.03_45_fold0_exp031_full_20260729_174215_trades_best.pth
train_standard_seediv_tsception_seed45_fbf,train_standard,seediv,tsception,45,fbf,,0,29355.16066622734,3,128,32,32,64,completed,True,checkpoints/seediv_tsception_train_only_subject_no_ea_subject_split_fbf_eps0.03_45_fold0_exp031_full_20260729_174215_fbf_best.pth
train_ea_seediv_tsception_seed45_ea_forward,train_ea,seediv,tsception,45,ea_forward,,0,9707.183676481247,3,128,32,16,32,completed,True,checkpoints/seediv_tsception_ea_forward_train_only_subject_no_ea_subject_split_madry_eps0.03_45_fold0_exp031_full_20260729_174215_ea_forward_best.pth
rpcf_cache_seediv_tsception_seed45_madry,rpcf_cache,seediv,tsception,45,madry,,0,27795.76908302307,3,128,32,16,32,completed,True,purified_data/exp031/exp031_full_20260729_174215/cache/seediv_tsception_seed45.pth
rpcf_at_seediv_tsception_seed45_rpcf_at,rpcf_at,seediv,tsception,45,rpcf_at,,0,35011.45387148857,3,128,32,16,32,completed,True,checkpoints/seediv_tsception_train_only_subject_no_ea_subject_split_madry_eps0.03_45_fold0_exp031_full_20260729_174215_rpcf_at_best.pth
train_standard_seediv_tsception_seed46_madry,train_standard,seediv,tsception,46,madry,,0,49329.75002217293,3,128,32,64,128,completed,True,checkpoints/seediv_tsception_train_only_subject_no_ea_subject_split_madry_eps0.03_46_fold0_exp031_full_20260729_174215_madry_best.pth
train_standard_seediv_tsception_seed46_trades,train_standard,seediv,tsception,46,trades,,0,69419.7947165966,3,128,32,64,128,completed,True,checkpoints/seediv_tsception_train_only_subject_no_ea_subject_split_trades_eps0.03_46_fold0_exp031_full_20260729_174215_trades_best.pth
train_standard_seediv_tsception_seed46_fbf,train_standard,seediv,tsception,46,fbf,,0,30979.1739153862,4,128,32,32,64,completed,True,checkpoints/seediv_tsception_train_only_subject_no_ea_subject_split_fbf_eps0.03_46_fold0_exp031_full_20260729_174215_fbf_best.pth
train_ea_seediv_tsception_seed46_ea_forward,train_ea,seediv,tsception,46,ea_forward,,0,12120.303311824799,4,128,32,16,32,completed,True,checkpoints/seediv_tsception_ea_forward_train_only_subject_no_ea_subject_split_madry_eps0.03_46_fold0_exp031_full_20260729_174215_ea_forward_best.pth
rpcf_cache_seediv_tsception_seed46_madry,rpcf_cache,seediv,tsception,46,madry,,0,27736.93522119522,4,128,32,16,32,completed,True,purified_data/exp031/exp031_full_20260729_174215/cache/seediv_tsception_seed46.pth
rpcf_at_seediv_tsception_seed46_rpcf_at,rpcf_at,seediv,tsception,46,rpcf_at,,0,34563.3028588295,4,128,32,16,32,completed,True,checkpoints/seediv_tsception_train_only_subject_no_ea_subject_split_madry_eps0.03_46_fold0_exp031_full_20260729_174215_rpcf_at_best.pth
train_standard_seediv_atcnet_seed42_madry,train_standard,seediv,atcnet,42,madry,,0,173550.74036312103,5,128,32,64,128,completed,True,checkpoints/seediv_atcnet_train_only_subject_no_ea_subject_split_madry_eps0.03_42_fold0_exp031_full_20260729_174215_madry_best.pth
train_standard_seediv_atcnet_seed42_trades,train_standard,seediv,atcnet,42,trades,,0,80349.1132118702,5,128,32,64,128,completed,True,checkpoints/seediv_atcnet_train_only_subject_no_ea_subject_split_trades_eps0.03_42_fold0_exp031_full_20260729_174215_trades_best.pth
train_standard_seediv_atcnet_seed42_fbf,train_standard,seediv,atcnet,42,fbf,,0,34347.99345970154,5,128,32,64,128,completed,True,checkpoints/seediv_atcnet_train_only_subject_no_ea_subject_split_fbf_eps0.03_42_fold0_exp031_full_20260729_174215_fbf_best.pth
train_ea_seediv_atcnet_seed42_ea_forward,train_ea,seediv,atcnet,42,ea_forward,,0,10553.281942605972,5,128,32,64,128,completed,True,checkpoints/seediv_atcnet_ea_forward_train_only_subject_no_ea_subject_split_madry_eps0.03_42_fold0_exp031_full_20260729_174215_ea_forward_best.pth
rpcf_cache_seediv_atcnet_seed42_madry,rpcf_cache,seediv,atcnet,42,madry,,0,34517.963253974915,5,128,32,64,128,completed,True,purified_data/exp031/exp031_full_20260729_174215/cache/seediv_atcnet_seed42.pth
rpcf_at_seediv_atcnet_seed42_rpcf_at,rpcf_at,seediv,atcnet,42,rpcf_at,,0,58333.30780816078,5,128,32,64,128,completed,True,checkpoints/seediv_atcnet_train_only_subject_no_ea_subject_split_madry_eps0.03_42_fold0_exp031_full_20260729_174215_rpcf_at_best.pth
train_standard_seediv_atcnet_seed43_madry,train_standard,seediv,atcnet,43,madry,,0,146134.88087940216,1,128,32,64,128,completed,True,checkpoints/seediv_atcnet_train_only_subject_no_ea_subject_split_madry_eps0.03_43_fold0_exp031_full_20260729_174215_madry_best.pth
train_standard_seediv_atcnet_seed43_trades,train_standard,seediv,atcnet,43,trades,,0,87093.29338645935,6,128,32,64,128,completed,True,checkpoints/seediv_atcnet_train_only_subject_no_ea_subject_split_trades_eps0.03_43_fold0_exp031_full_20260729_174215_trades_best.pth
train_standard_seediv_atcnet_seed43_fbf,train_standard,seediv,atcnet,43,fbf,,0,36651.88144350052,6,128,32,64,128,completed,True,checkpoints/seediv_atcnet_train_only_subject_no_ea_subject_split_fbf_eps0.03_43_fold0_exp031_full_20260729_174215_fbf_best.pth
train_ea_seediv_atcnet_seed43_ea_forward,train_ea,seediv,atcnet,43,ea_forward,,0,41301.43157482147,6,128,32,64,128,completed,True,checkpoints/seediv_atcnet_ea_forward_train_only_subject_no_ea_subject_split_madry_eps0.03_43_fold0_exp031_full_20260729_174215_ea_forward_best.pth
rpcf_cache_seediv_atcnet_seed43_madry,rpcf_cache,seediv,atcnet,43,madry,,0,33691.61629152298,6,128,32,64,128,completed,True,purified_data/exp031/exp031_full_20260729_174215/cache/seediv_atcnet_seed43.pth
rpcf_at_seediv_atcnet_seed43_rpcf_at,rpcf_at,seediv,atcnet,43,rpcf_at,,0,63942.26974415779,6,128,32,64,128,completed,True,checkpoints/seediv_atcnet_train_only_subject_no_ea_subject_split_madry_eps0.03_43_fold0_exp031_full_20260729_174215_rpcf_at_best.pth
train_standard_seediv_atcnet_seed44_madry,train_standard,seediv,atcnet,44,madry,,0,153969.13955807686,0,128,32,64,128,completed,True,checkpoints/seediv_atcnet_train_only_subject_no_ea_subject_split_madry_eps0.03_44_fold0_exp031_full_20260729_174215_madry_best.pth
train_standard_seediv_atcnet_seed44_trades,train_standard,seediv,atcnet,44,trades,,0,103071.40435123444,0,128,32,64,128,completed,True,checkpoints/seediv_atcnet_train_only_subject_no_ea_subject_split_trades_eps0.03_44_fold0_exp031_full_20260729_174215_trades_best.pth
train_standard_seediv_atcnet_seed44_fbf,train_standard,seediv,atcnet,44,fbf,,0,64823.53003740311,0,128,32,64,128,completed,True,checkpoints/seediv_atcnet_train_only_subject_no_ea_subject_split_fbf_eps0.03_44_fold0_exp031_full_20260729_174215_fbf_best.pth
train_ea_seediv_atcnet_seed44_ea_forward,train_ea,seediv,atcnet,44,ea_forward,,0,10462.802889823914,0,128,32,64,128,completed,True,checkpoints/seediv_atcnet_ea_forward_train_only_subject_no_ea_subject_split_madry_eps0.03_44_fold0_exp031_full_20260729_174215_ea_forward_best.pth
rpcf_cache_seediv_atcnet_seed44_madry,rpcf_cache,seediv,atcnet,44,madry,,0,36201.28565788269,0,128,32,64,128,completed,True,purified_data/exp031/exp031_full_20260729_174215/cache/seediv_atcnet_seed44.pth
rpcf_at_seediv_atcnet_seed44_rpcf_at,rpcf_at,seediv,atcnet,44,rpcf_at,,0,65738.9912610054,0,128,32,64,128,completed,True,checkpoints/seediv_atcnet_train_only_subject_no_ea_subject_split_madry_eps0.03_44_fold0_exp031_full_20260729_174215_rpcf_at_best.pth
train_standard_seediv_atcnet_seed45_madry,train_standard,seediv,atcnet,45,madry,,0,125408.91420769691,1,128,32,64,128,completed,True,checkpoints/seediv_atcnet_train_only_subject_no_ea_subject_split_madry_eps0.03_45_fold0_exp031_full_20260729_174215_madry_best.pth
train_standard_seediv_atcnet_seed45_trades,train_standard,seediv,atcnet,45,trades,,0,69630.30310487747,1,128,32,64,128,completed,True,checkpoints/seediv_atcnet_train_only_subject_no_ea_subject_split_trades_eps0.03_45_fold0_exp031_full_20260729_174215_trades_best.pth
train_standard_seediv_atcnet_seed45_fbf,train_standard,seediv,atcnet,45,fbf,,0,38695.36236166954,1,128,32,64,128,completed,True,checkpoints/seediv_atcnet_train_only_subject_no_ea_subject_split_fbf_eps0.03_45_fold0_exp031_full_20260729_174215_fbf_best.pth
train_ea_seediv_atcnet_seed45_ea_forward,train_ea,seediv,atcnet,45,ea_forward,,0,60060.30483984947,1,128,32,64,128,completed,True,checkpoints/seediv_atcnet_ea_forward_train_only_subject_no_ea_subject_split_madry_eps0.03_45_fold0_exp031_full_20260729_174215_ea_forward_best.pth
rpcf_cache_seediv_atcnet_seed45_madry,rpcf_cache,seediv,atcnet,45,madry,,0,39639.28548812866,1,128,32,64,128,completed,True,purified_data/exp031/exp031_full_20260729_174215/cache/seediv_atcnet_seed45.pth
rpcf_at_seediv_atcnet_seed45_rpcf_at,rpcf_at,seediv,atcnet,45,rpcf_at,,0,56060.221168756485,1,128,32,64,128,completed,True,checkpoints/seediv_atcnet_train_only_subject_no_ea_subject_split_madry_eps0.03_45_fold0_exp031_full_20260729_174215_rpcf_at_best.pth
train_standard_seediv_atcnet_seed46_madry,train_standard,seediv,atcnet,46,madry,,0,123592.46780657768,2,128,32,64,128,completed,True,checkpoints/seediv_atcnet_train_only_subject_no_ea_subject_split_madry_eps0.03_46_fold0_exp031_full_20260729_174215_madry_best.pth
train_standard_seediv_atcnet_seed46_trades,train_standard,seediv,atcnet,46,trades,,0,87370.86987018585,2,128,32,64,128,completed,True,checkpoints/seediv_atcnet_train_only_subject_no_ea_subject_split_trades_eps0.03_46_fold0_exp031_full_20260729_174215_trades_best.pth
train_standard_seediv_atcnet_seed46_fbf,train_standard,seediv,atcnet,46,fbf,,0,71558.05247116089,2,128,32,64,128,completed,True,checkpoints/seediv_atcnet_train_only_subject_no_ea_subject_split_fbf_eps0.03_46_fold0_exp031_full_20260729_174215_fbf_best.pth
train_ea_seediv_atcnet_seed46_ea_forward,train_ea,seediv,atcnet,46,ea_forward,,0,38959.66823196411,2,128,32,64,128,completed,True,checkpoints/seediv_atcnet_ea_forward_train_only_subject_no_ea_subject_split_madry_eps0.03_46_fold0_exp031_full_20260729_174215_ea_forward_best.pth
rpcf_cache_seediv_atcnet_seed46_madry,rpcf_cache,seediv,atcnet,46,madry,,0,33850.86961936951,2,128,32,64,128,completed,True,purified_data/exp031/exp031_full_20260729_174215/cache/seediv_atcnet_seed46.pth
rpcf_at_seediv_atcnet_seed46_rpcf_at,rpcf_at,seediv,atcnet,46,rpcf_at,,0,66035.50361061096,1,128,32,64,128,completed,True,checkpoints/seediv_atcnet_train_only_subject_no_ea_subject_split_madry_eps0.03_46_fold0_exp031_full_20260729_174215_rpcf_at_best.pth
train_standard_seediv_conformer_seed42_madry,train_standard,seediv,conformer,42,madry,,0,147903.87777662277,3,128,32,64,128,completed,True,checkpoints/seediv_conformer_train_only_subject_no_ea_subject_split_madry_eps0.03_42_fold0_exp031_full_20260729_174215_madry_best.pth
train_standard_seediv_conformer_seed42_trades,train_standard,seediv,conformer,42,trades,,0,54196.42119026184,3,128,32,64,128,completed,True,checkpoints/seediv_conformer_train_only_subject_no_ea_subject_split_trades_eps0.03_42_fold0_exp031_full_20260729_174215_trades_best.pth
train_standard_seediv_conformer_seed42_fbf,train_standard,seediv,conformer,42,fbf,,0,31407.72118830681,3,128,32,64,128,completed,True,checkpoints/seediv_conformer_train_only_subject_no_ea_subject_split_fbf_eps0.03_42_fold0_exp031_full_20260729_174215_fbf_best.pth
train_ea_seediv_conformer_seed42_ea_forward,train_ea,seediv,conformer,42,ea_forward,,0,58037.22819495201,3,128,32,64,128,completed,True,checkpoints/seediv_conformer_ea_forward_train_only_subject_no_ea_subject_split_madry_eps0.03_42_fold0_exp031_full_20260729_174215_ea_forward_best.pth
rpcf_cache_seediv_conformer_seed42_madry,rpcf_cache,seediv,conformer,42,madry,,0,30160.424769878387,3,128,32,64,128,completed,True,purified_data/exp031/exp031_full_20260729_174215/cache/seediv_conformer_seed42.pth
rpcf_at_seediv_conformer_seed42_rpcf_at,rpcf_at,seediv,conformer,42,rpcf_at,,0,65756.91400194168,2,128,32,32,64,completed,True,checkpoints/seediv_conformer_train_only_subject_no_ea_subject_split_madry_eps0.03_42_fold0_exp031_full_20260729_174215_rpcf_at_best.pth
train_standard_seediv_conformer_seed43_madry,train_standard,seediv,conformer,43,madry,,0,126232.60773038864,4,128,32,64,128,completed,True,checkpoints/seediv_conformer_train_only_subject_no_ea_subject_split_madry_eps0.03_43_fold0_exp031_full_20260729_174215_madry_best.pth
train_standard_seediv_conformer_seed43_trades,train_standard,seediv,conformer,43,trades,,0,76237.26596260071,4,128,32,64,128,completed,True,checkpoints/seediv_conformer_train_only_subject_no_ea_subject_split_trades_eps0.03_43_fold0_exp031_full_20260729_174215_trades_best.pth
train_standard_seediv_conformer_seed43_fbf,train_standard,seediv,conformer,43,fbf,,0,52763.2803735733,4,128,32,64,128,completed,True,checkpoints/seediv_conformer_train_only_subject_no_ea_subject_split_fbf_eps0.03_43_fold0_exp031_full_20260729_174215_fbf_best.pth
train_ea_seediv_conformer_seed43_ea_forward,train_ea,seediv,conformer,43,ea_forward,,0,57266.040678977966,4,128,32,64,128,completed,True,checkpoints/seediv_conformer_ea_forward_train_only_subject_no_ea_subject_split_madry_eps0.03_43_fold0_exp031_full_20260729_174215_ea_forward_best.pth
rpcf_cache_seediv_conformer_seed43_madry,rpcf_cache,seediv,conformer,43,madry,,0,27295.872968435287,4,128,32,64,128,completed,True,purified_data/exp031/exp031_full_20260729_174215/cache/seediv_conformer_seed43.pth
rpcf_at_seediv_conformer_seed43_rpcf_at,rpcf_at,seediv,conformer,43,rpcf_at,,0,64841.48595023155,3,128,32,32,64,completed,True,checkpoints/seediv_conformer_train_only_subject_no_ea_subject_split_madry_eps0.03_43_fold0_exp031_full_20260729_174215_rpcf_at_best.pth
train_standard_seediv_conformer_seed44_madry,train_standard,seediv,conformer,44,madry,,0,102520.59413981438,5,128,32,64,128,completed,True,checkpoints/seediv_conformer_train_only_subject_no_ea_subject_split_madry_eps0.03_44_fold0_exp031_full_20260729_174215_madry_best.pth
train_standard_seediv_conformer_seed44_trades,train_standard,seediv,conformer,44,trades,,0,65612.67395067215,5,128,32,64,128,completed,True,checkpoints/seediv_conformer_train_only_subject_no_ea_subject_split_trades_eps0.03_44_fold0_exp031_full_20260729_174215_trades_best.pth
train_standard_seediv_conformer_seed44_fbf,train_standard,seediv,conformer,44,fbf,,0,39378.600209236145,5,128,32,64,128,completed,True,checkpoints/seediv_conformer_train_only_subject_no_ea_subject_split_fbf_eps0.03_44_fold0_exp031_full_20260729_174215_fbf_best.pth
train_ea_seediv_conformer_seed44_ea_forward,train_ea,seediv,conformer,44,ea_forward,,0,23930.59247279167,5,128,32,64,128,completed,True,checkpoints/seediv_conformer_ea_forward_train_only_subject_no_ea_subject_split_madry_eps0.03_44_fold0_exp031_full_20260729_174215_ea_forward_best.pth
rpcf_cache_seediv_conformer_seed44_madry,rpcf_cache,seediv,conformer,44,madry,,0,29445.49265909195,5,128,32,64,128,completed,True,purified_data/exp031/exp031_full_20260729_174215/cache/seediv_conformer_seed44.pth
rpcf_at_seediv_conformer_seed44_rpcf_at,rpcf_at,seediv,conformer,44,rpcf_at,,0,64913.533724308014,4,128,32,32,64,completed,True,checkpoints/seediv_conformer_train_only_subject_no_ea_subject_split_madry_eps0.03_44_fold0_exp031_full_20260729_174215_rpcf_at_best.pth
train_standard_seediv_conformer_seed45_madry,train_standard,seediv,conformer,45,madry,,0,146808.4857366085,6,128,32,64,128,completed,True,checkpoints/seediv_conformer_train_only_subject_no_ea_subject_split_madry_eps0.03_45_fold0_exp031_full_20260729_174215_madry_best.pth
train_standard_seediv_conformer_seed45_trades,train_standard,seediv,conformer,45,trades,,0,67949.12081241608,6,128,32,64,128,completed,True,checkpoints/seediv_conformer_train_only_subject_no_ea_subject_split_trades_eps0.03_45_fold0_exp031_full_20260729_174215_trades_best.pth
train_standard_seediv_conformer_seed45_fbf,train_standard,seediv,conformer,45,fbf,,0,17436.32394361496,6,128,32,64,128,completed,True,checkpoints/seediv_conformer_train_only_subject_no_ea_subject_split_fbf_eps0.03_45_fold0_exp031_full_20260729_174215_fbf_best.pth
train_ea_seediv_conformer_seed45_ea_forward,train_ea,seediv,conformer,45,ea_forward,,0,103779.94349169731,5,128,32,32,64,completed,True,checkpoints/seediv_conformer_ea_forward_train_only_subject_no_ea_subject_split_madry_eps0.03_45_fold0_exp031_full_20260729_174215_ea_forward_best.pth
rpcf_cache_seediv_conformer_seed45_madry,rpcf_cache,seediv,conformer,45,madry,,0,29276.193084716797,5,128,32,32,64,completed,True,purified_data/exp031/exp031_full_20260729_174215/cache/seediv_conformer_seed45.pth
rpcf_at_seediv_conformer_seed45_rpcf_at,rpcf_at,seediv,conformer,45,rpcf_at,,0,61509.00385117531,5,128,32,32,64,completed,True,checkpoints/seediv_conformer_train_only_subject_no_ea_subject_split_madry_eps0.03_45_fold0_exp031_full_20260729_174215_rpcf_at_best.pth
train_standard_seediv_conformer_seed46_madry,train_standard,seediv,conformer,46,madry,,0,153525.80859923363,6,128,32,32,64,completed,True,checkpoints/seediv_conformer_train_only_subject_no_ea_subject_split_madry_eps0.03_46_fold0_exp031_full_20260729_174215_madry_best.pth
train_standard_seediv_conformer_seed46_trades,train_standard,seediv,conformer,46,trades,,0,236146.2313168049,6,128,32,32,64,completed,True,checkpoints/seediv_conformer_train_only_subject_no_ea_subject_split_trades_eps0.03_46_fold0_exp031_full_20260729_174215_trades_best.pth
train_standard_seediv_conformer_seed46_fbf,train_standard,seediv,conformer,46,fbf,,0,46849.82651257515,0,128,32,32,64,completed,True,checkpoints/seediv_conformer_train_only_subject_no_ea_subject_split_fbf_eps0.03_46_fold0_exp031_full_20260729_174215_fbf_best.pth
train_ea_seediv_conformer_seed46_ea_forward,train_ea,seediv,conformer,46,ea_forward,,0,57017.925805568695,0,128,32,32,64,completed,True,checkpoints/seediv_conformer_ea_forward_train_only_subject_no_ea_subject_split_madry_eps0.03_46_fold0_exp031_full_20260729_174215_ea_forward_best.pth
rpcf_cache_seediv_conformer_seed46_madry,rpcf_cache,seediv,conformer,46,madry,,0,53893.85071730614,0,128,32,32,64,completed,True,purified_data/exp031/exp031_full_20260729_174215/cache/seediv_conformer_seed46.pth
rpcf_at_seediv_conformer_seed46_rpcf_at,rpcf_at,seediv,conformer,46,rpcf_at,,0,66813.55113220215,0,128,32,32,64,completed,True,checkpoints/seediv_conformer_train_only_subject_no_ea_subject_split_madry_eps0.03_46_fold0_exp031_full_20260729_174215_rpcf_at_best.pth
train_standard_seediv_tcnet_seed42_madry,train_standard,seediv,tcnet,42,madry,,0,77820.92025208473,3,128,32,64,128,completed,True,checkpoints/seediv_tcnet_train_only_subject_no_ea_subject_split_madry_eps0.03_42_fold0_exp031_full_20260729_174215_madry_best.pth
train_standard_seediv_tcnet_seed42_trades,train_standard,seediv,tcnet,42,trades,,0,247009.82258057594,3,128,32,64,128,completed,True,checkpoints/seediv_tcnet_train_only_subject_no_ea_subject_split_trades_eps0.03_42_fold0_exp031_full_20260729_174215_trades_best.pth
train_standard_seediv_tcnet_seed42_fbf,train_standard,seediv,tcnet,42,fbf,,0,63381.30195951462,1,128,32,64,128,completed,True,checkpoints/seediv_tcnet_train_only_subject_no_ea_subject_split_fbf_eps0.03_42_fold0_exp031_full_20260729_174215_fbf_best.pth
train_ea_seediv_tcnet_seed42_ea_forward,train_ea,seediv,tcnet,42,ea_forward,,0,88519.54084444046,1,128,32,64,128,completed,True,checkpoints/seediv_tcnet_ea_forward_train_only_subject_no_ea_subject_split_madry_eps0.03_42_fold0_exp031_full_20260729_174215_ea_forward_best.pth
rpcf_cache_seediv_tcnet_seed42_madry,rpcf_cache,seediv,tcnet,42,madry,,0,41716.24949789047,1,128,32,64,128,completed,True,purified_data/exp031/exp031_full_20260729_174215/cache/seediv_tcnet_seed42.pth
rpcf_at_seediv_tcnet_seed42_rpcf_at,rpcf_at,seediv,tcnet,42,rpcf_at,,0,23369.88252067566,1,128,32,64,128,completed,True,checkpoints/seediv_tcnet_train_only_subject_no_ea_subject_split_madry_eps0.03_42_fold0_exp031_full_20260729_174215_rpcf_at_best.pth
train_standard_seediv_tcnet_seed43_madry,train_standard,seediv,tcnet,43,madry,,0,60717.8991560936,4,128,32,64,128,completed,True,checkpoints/seediv_tcnet_train_only_subject_no_ea_subject_split_madry_eps0.03_43_fold0_exp031_full_20260729_174215_madry_best.pth
train_standard_seediv_tcnet_seed43_trades,train_standard,seediv,tcnet,43,trades,,0,62965.50477528572,4,128,32,64,128,completed,True,checkpoints/seediv_tcnet_train_only_subject_no_ea_subject_split_trades_eps0.03_43_fold0_exp031_full_20260729_174215_trades_best.pth
train_standard_seediv_tcnet_seed43_fbf,train_standard,seediv,tcnet,43,fbf,,0,201075.02199602127,4,128,32,64,128,completed,True,checkpoints/seediv_tcnet_train_only_subject_no_ea_subject_split_fbf_eps0.03_43_fold0_exp031_full_20260729_174215_fbf_best.pth
train_ea_seediv_tcnet_seed43_ea_forward,train_ea,seediv,tcnet,43,ea_forward,,0,50533.744146585464,2,128,32,64,128,completed,True,checkpoints/seediv_tcnet_ea_forward_train_only_subject_no_ea_subject_split_madry_eps0.03_43_fold0_exp031_full_20260729_174215_ea_forward_best.pth
rpcf_cache_seediv_tcnet_seed43_madry,rpcf_cache,seediv,tcnet,43,madry,,0,43721.70659303665,2,128,32,64,128,completed,True,purified_data/exp031/exp031_full_20260729_174215/cache/seediv_tcnet_seed43.pth
rpcf_at_seediv_tcnet_seed43_rpcf_at,rpcf_at,seediv,tcnet,43,rpcf_at,,0,90160.34945249557,2,128,32,64,128,completed,True,checkpoints/seediv_tcnet_train_only_subject_no_ea_subject_split_madry_eps0.03_43_fold0_exp031_full_20260729_174215_rpcf_at_best.pth
train_standard_seediv_tcnet_seed44_madry,train_standard,seediv,tcnet,44,madry,,0,54306.694326639175,0,128,32,64,128,completed,True,checkpoints/seediv_tcnet_train_only_subject_no_ea_subject_split_madry_eps0.03_44_fold0_exp031_full_20260729_174215_madry_best.pth
train_standard_seediv_tcnet_seed44_trades,train_standard,seediv,tcnet,44,trades,,0,75497.19335579872,0,128,32,64,128,completed,True,checkpoints/seediv_tcnet_train_only_subject_no_ea_subject_split_trades_eps0.03_44_fold0_exp031_full_20260729_174215_trades_best.pth
train_standard_seediv_tcnet_seed44_fbf,train_standard,seediv,tcnet,44,fbf,,0,194129.5289413929,0,128,32,64,128,completed,True,checkpoints/seediv_tcnet_train_only_subject_no_ea_subject_split_fbf_eps0.03_44_fold0_exp031_full_20260729_174215_fbf_best.pth
train_ea_seediv_tcnet_seed44_ea_forward,train_ea,seediv,tcnet,44,ea_forward,,0,37829.614538908005,3,128,32,64,128,completed,True,checkpoints/seediv_tcnet_ea_forward_train_only_subject_no_ea_subject_split_madry_eps0.03_44_fold0_exp031_full_20260729_174215_ea_forward_best.pth
rpcf_cache_seediv_tcnet_seed44_madry,rpcf_cache,seediv,tcnet,44,madry,,0,39195.69436001778,3,128,32,64,128,completed,True,purified_data/exp031/exp031_full_20260729_174215/cache/seediv_tcnet_seed44.pth
rpcf_at_seediv_tcnet_seed44_rpcf_at,rpcf_at,seediv,tcnet,44,rpcf_at,,0,94622.54928946495,3,128,32,64,128,completed,True,checkpoints/seediv_tcnet_train_only_subject_no_ea_subject_split_madry_eps0.03_44_fold0_exp031_full_20260729_174215_rpcf_at_best.pth
train_standard_seediv_tcnet_seed45_madry,train_standard,seediv,tcnet,45,madry,,0,101638.99020910263,2,128,32,64,128,completed,True,checkpoints/seediv_tcnet_train_only_subject_no_ea_subject_split_madry_eps0.03_45_fold0_exp031_full_20260729_174215_madry_best.pth
train_standard_seediv_tcnet_seed45_trades,train_standard,seediv,tcnet,45,trades,,0,222276.41162657738,2,128,32,64,128,completed,True,checkpoints/seediv_tcnet_train_only_subject_no_ea_subject_split_trades_eps0.03_45_fold0_exp031_full_20260729_174215_trades_best.pth
train_standard_seediv_tcnet_seed45_fbf,train_standard,seediv,tcnet,45,fbf,,0,84055.42826247215,4,128,32,64,128,completed,True,checkpoints/seediv_tcnet_train_only_subject_no_ea_subject_split_fbf_eps0.03_45_fold0_exp031_full_20260729_174215_fbf_best.pth
train_ea_seediv_tcnet_seed45_ea_forward,train_ea,seediv,tcnet,45,ea_forward,,0,34218.76512384415,4,128,32,64,128,completed,True,checkpoints/seediv_tcnet_ea_forward_train_only_subject_no_ea_subject_split_madry_eps0.03_45_fold0_exp031_full_20260729_174215_ea_forward_best.pth
rpcf_cache_seediv_tcnet_seed45_madry,rpcf_cache,seediv,tcnet,45,madry,,0,53472.522334337234,4,128,32,64,128,completed,True,purified_data/exp031/exp031_full_20260729_174215/cache/seediv_tcnet_seed45.pth
rpcf_at_seediv_tcnet_seed45_rpcf_at,rpcf_at,seediv,tcnet,45,rpcf_at,,0,29817.050013780594,4,128,32,64,128,completed,True,checkpoints/seediv_tcnet_train_only_subject_no_ea_subject_split_madry_eps0.03_45_fold0_exp031_full_20260729_174215_rpcf_at_best.pth
train_standard_seediv_tcnet_seed46_madry,train_standard,seediv,tcnet,46,madry,,0,78219.23182344437,1,128,32,64,128,completed,True,checkpoints/seediv_tcnet_train_only_subject_no_ea_subject_split_madry_eps0.03_46_fold0_exp031_full_20260729_174215_madry_best.pth
train_standard_seediv_tcnet_seed46_trades,train_standard,seediv,tcnet,46,trades,,0,44729.02037978172,1,128,32,64,128,completed,True,checkpoints/seediv_tcnet_train_only_subject_no_ea_subject_split_trades_eps0.03_46_fold0_exp031_full_20260729_174215_trades_best.pth
train_standard_seediv_tcnet_seed46_fbf,train_standard,seediv,tcnet,46,fbf,,0,200688.54524040222,1,128,32,64,128,completed,True,checkpoints/seediv_tcnet_train_only_subject_no_ea_subject_split_fbf_eps0.03_46_fold0_exp031_full_20260729_174215_fbf_best.pth
train_ea_seediv_tcnet_seed46_ea_forward,train_ea,seediv,tcnet,46,ea_forward,,0,11641.953330755234,5,128,32,64,128,completed,True,checkpoints/seediv_tcnet_ea_forward_train_only_subject_no_ea_subject_split_madry_eps0.03_46_fold0_exp031_full_20260729_174215_ea_forward_best.pth
rpcf_cache_seediv_tcnet_seed46_madry,rpcf_cache,seediv,tcnet,46,madry,,0,40163.11084485054,5,128,32,64,128,completed,True,purified_data/exp031/exp031_full_20260729_174215/cache/seediv_tcnet_seed46.pth
rpcf_at_seediv_tcnet_seed46_rpcf_at,rpcf_at,seediv,tcnet,46,rpcf_at,,0,70050.54786324501,5,128,32,64,128,completed,True,checkpoints/seediv_tcnet_train_only_subject_no_ea_subject_split_madry_eps0.03_46_fold0_exp031_full_20260729_174215_rpcf_at_best.pth
train_standard_bciciv2a_eegnet_seed42_madry,train_standard,bciciv2a,eegnet,42,madry,,0,6196.7526025772095,5,128,32,64,128,completed,True,checkpoints/bciciv2a_eegnet_train_only_subject_no_ea_subject_split_madry_eps0.03_42_fold0_exp031_full_20260729_174215_madry_best.pth
train_standard_bciciv2a_eegnet_seed42_trades,train_standard,bciciv2a,eegnet,42,trades,,0,8755.686755418777,5,128,32,64,128,completed,True,checkpoints/bciciv2a_eegnet_train_only_subject_no_ea_subject_split_trades_eps0.03_42_fold0_exp031_full_20260729_174215_trades_best.pth
train_standard_bciciv2a_eegnet_seed42_fbf,train_standard,bciciv2a,eegnet,42,fbf,,0,7710.930788993835,5,128,32,64,128,completed,True,checkpoints/bciciv2a_eegnet_train_only_subject_no_ea_subject_split_fbf_eps0.03_42_fold0_exp031_full_20260729_174215_fbf_best.pth
train_ea_bciciv2a_eegnet_seed42_ea_forward,train_ea,bciciv2a,eegnet,42,ea_forward,,0,854.3665986061096,5,128,32,64,128,completed,True,checkpoints/bciciv2a_eegnet_ea_forward_train_only_subject_no_ea_subject_split_madry_eps0.03_42_fold0_exp031_full_20260729_174215_ea_forward_best.pth
rpcf_cache_bciciv2a_eegnet_seed42_madry,rpcf_cache,bciciv2a,eegnet,42,madry,,0,171588.67085313797,5,128,32,64,128,completed,True,purified_data/exp031/exp031_full_20260729_174215/cache/bciciv2a_eegnet_seed42.pth
rpcf_at_bciciv2a_eegnet_seed42_rpcf_at,rpcf_at,bciciv2a,eegnet,42,rpcf_at,,0,7918.8281416893005,6,128,32,64,128,completed,True,checkpoints/bciciv2a_eegnet_train_only_subject_no_ea_subject_split_madry_eps0.03_42_fold0_exp031_full_20260729_174215_rpcf_at_best.pth
train_standard_bciciv2a_eegnet_seed43_madry,train_standard,bciciv2a,eegnet,43,madry,,0,13933.101334095001,6,128,32,64,128,completed,True,checkpoints/bciciv2a_eegnet_train_only_subject_no_ea_subject_split_madry_eps0.03_43_fold0_exp031_full_20260729_174215_madry_best.pth
train_standard_bciciv2a_eegnet_seed43_trades,train_standard,bciciv2a,eegnet,43,trades,,0,10137.927728891373,6,128,32,64,128,completed,True,checkpoints/bciciv2a_eegnet_train_only_subject_no_ea_subject_split_trades_eps0.03_43_fold0_exp031_full_20260729_174215_trades_best.pth
train_standard_bciciv2a_eegnet_seed43_fbf,train_standard,bciciv2a,eegnet,43,fbf,,0,6492.664620876312,6,128,32,64,128,completed,True,checkpoints/bciciv2a_eegnet_train_only_subject_no_ea_subject_split_fbf_eps0.03_43_fold0_exp031_full_20260729_174215_fbf_best.pth
train_ea_bciciv2a_eegnet_seed43_ea_forward,train_ea,bciciv2a,eegnet,43,ea_forward,,0,935.2578518390656,6,128,32,64,128,completed,True,checkpoints/bciciv2a_eegnet_ea_forward_train_only_subject_no_ea_subject_split_madry_eps0.03_43_fold0_exp031_full_20260729_174215_ea_forward_best.pth
rpcf_cache_bciciv2a_eegnet_seed43_madry,rpcf_cache,bciciv2a,eegnet,43,madry,,0,86025.57405567169,6,128,32,64,128,completed,True,purified_data/exp031/exp031_full_20260729_174215/cache/bciciv2a_eegnet_seed43.pth
rpcf_at_bciciv2a_eegnet_seed43_rpcf_at,rpcf_at,bciciv2a,eegnet,43,rpcf_at,,0,15421.1305103302,6,128,32,64,128,completed,True,checkpoints/bciciv2a_eegnet_train_only_subject_no_ea_subject_split_madry_eps0.03_43_fold0_exp031_full_20260729_174215_rpcf_at_best.pth
train_standard_bciciv2a_eegnet_seed44_madry,train_standard,bciciv2a,eegnet,44,madry,,0,13820.859704494476,5,128,32,64,128,completed,True,checkpoints/bciciv2a_eegnet_train_only_subject_no_ea_subject_split_madry_eps0.03_44_fold0_exp031_full_20260729_174215_madry_best.pth
train_standard_bciciv2a_eegnet_seed44_trades,train_standard,bciciv2a,eegnet,44,trades,,0,24286.14417028427,5,128,32,64,128,completed,True,checkpoints/bciciv2a_eegnet_train_only_subject_no_ea_subject_split_trades_eps0.03_44_fold0_exp031_full_20260729_174215_trades_best.pth
train_standard_bciciv2a_eegnet_seed44_fbf,train_standard,bciciv2a,eegnet,44,fbf,,0,7069.441208362579,5,128,32,64,128,completed,True,checkpoints/bciciv2a_eegnet_train_only_subject_no_ea_subject_split_fbf_eps0.03_44_fold0_exp031_full_20260729_174215_fbf_best.pth
train_ea_bciciv2a_eegnet_seed44_ea_forward,train_ea,bciciv2a,eegnet,44,ea_forward,,0,878.5371918678284,5,128,32,64,128,completed,True,checkpoints/bciciv2a_eegnet_ea_forward_train_only_subject_no_ea_subject_split_madry_eps0.03_44_fold0_exp031_full_20260729_174215_ea_forward_best.pth
rpcf_cache_bciciv2a_eegnet_seed44_madry,rpcf_cache,bciciv2a,eegnet,44,madry,,0,60641.56374835968,5,128,32,64,128,completed,True,purified_data/exp031/exp031_full_20260729_174215/cache/bciciv2a_eegnet_seed44.pth
rpcf_at_bciciv2a_eegnet_seed44_rpcf_at,rpcf_at,bciciv2a,eegnet,44,rpcf_at,,0,1991.7362031936646,5,128,32,64,128,completed,True,checkpoints/bciciv2a_eegnet_train_only_subject_no_ea_subject_split_madry_eps0.03_44_fold0_exp031_full_20260729_174215_rpcf_at_best.pth
train_standard_bciciv2a_eegnet_seed45_madry,train_standard,bciciv2a,eegnet,45,madry,,0,14264.096006393433,6,128,32,64,128,completed,True,checkpoints/bciciv2a_eegnet_train_only_subject_no_ea_subject_split_madry_eps0.03_45_fold0_exp031_full_20260729_174215_madry_best.pth
train_standard_bciciv2a_eegnet_seed45_trades,train_standard,bciciv2a,eegnet,45,trades,,0,14101.356390237808,6,128,32,64,128,completed,True,checkpoints/bciciv2a_eegnet_train_only_subject_no_ea_subject_split_trades_eps0.03_45_fold0_exp031_full_20260729_174215_trades_best.pth
train_standard_bciciv2a_eegnet_seed45_fbf,train_standard,bciciv2a,eegnet,45,fbf,,0,3230.2192764282227,6,128,32,64,128,completed,True,checkpoints/bciciv2a_eegnet_train_only_subject_no_ea_subject_split_fbf_eps0.03_45_fold0_exp031_full_20260729_174215_fbf_best.pth
train_ea_bciciv2a_eegnet_seed45_ea_forward,train_ea,bciciv2a,eegnet,45,ea_forward,,0,954.6575212478638,6,128,32,64,128,completed,True,checkpoints/bciciv2a_eegnet_ea_forward_train_only_subject_no_ea_subject_split_madry_eps0.03_45_fold0_exp031_full_20260729_174215_ea_forward_best.pth
rpcf_cache_bciciv2a_eegnet_seed45_madry,rpcf_cache,bciciv2a,eegnet,45,madry,,0,58838.613597393036,6,128,32,64,128,completed,True,purified_data/exp031/exp031_full_20260729_174215/cache/bciciv2a_eegnet_seed45.pth
rpcf_at_bciciv2a_eegnet_seed45_rpcf_at,rpcf_at,bciciv2a,eegnet,45,rpcf_at,,0,1634.9599223136902,6,128,32,64,128,completed,True,checkpoints/bciciv2a_eegnet_train_only_subject_no_ea_subject_split_madry_eps0.03_45_fold0_exp031_full_20260729_174215_rpcf_at_best.pth
train_standard_bciciv2a_eegnet_seed46_madry,train_standard,bciciv2a,eegnet,46,madry,,0,5555.815386772156,3,128,32,64,128,completed,True,checkpoints/bciciv2a_eegnet_train_only_subject_no_ea_subject_split_madry_eps0.03_46_fold0_exp031_full_20260729_174215_madry_best.pth
train_standard_bciciv2a_eegnet_seed46_trades,train_standard,bciciv2a,eegnet,46,trades,,0,1860.7626705169678,3,128,32,64,128,completed,True,checkpoints/bciciv2a_eegnet_train_only_subject_no_ea_subject_split_trades_eps0.03_46_fold0_exp031_full_20260729_174215_trades_best.pth
train_standard_bciciv2a_eegnet_seed46_fbf,train_standard,bciciv2a,eegnet,46,fbf,,0,2459.9791667461395,3,128,32,64,128,completed,True,checkpoints/bciciv2a_eegnet_train_only_subject_no_ea_subject_split_fbf_eps0.03_46_fold0_exp031_full_20260729_174215_fbf_best.pth
train_ea_bciciv2a_eegnet_seed46_ea_forward,train_ea,bciciv2a,eegnet,46,ea_forward,,0,460.56568908691406,3,128,32,64,128,completed,True,checkpoints/bciciv2a_eegnet_ea_forward_train_only_subject_no_ea_subject_split_madry_eps0.03_46_fold0_exp031_full_20260729_174215_ea_forward_best.pth
rpcf_cache_bciciv2a_eegnet_seed46_madry,rpcf_cache,bciciv2a,eegnet,46,madry,,0,56720.889345407486,3,128,32,64,128,completed,True,purified_data/exp031/exp031_full_20260729_174215/cache/bciciv2a_eegnet_seed46.pth
rpcf_at_bciciv2a_eegnet_seed46_rpcf_at,rpcf_at,bciciv2a,eegnet,46,rpcf_at,,0,1578.937701702118,3,128,32,64,128,completed,True,checkpoints/bciciv2a_eegnet_train_only_subject_no_ea_subject_split_madry_eps0.03_46_fold0_exp031_full_20260729_174215_rpcf_at_best.pth
train_standard_bciciv2a_deepconvnet_seed42_madry,train_standard,bciciv2a,deepconvnet,42,madry,,0,1857.2059836387634,2,128,32,64,128,completed,True,checkpoints/bciciv2a_deepconvnet_train_only_subject_no_ea_subject_split_madry_eps0.03_42_fold0_exp031_full_20260729_174215_madry_best.pth
train_standard_bciciv2a_deepconvnet_seed42_trades,train_standard,bciciv2a,deepconvnet,42,trades,,0,1056.6001901626587,2,128,32,64,128,completed,True,checkpoints/bciciv2a_deepconvnet_train_only_subject_no_ea_subject_split_trades_eps0.03_42_fold0_exp031_full_20260729_174215_trades_best.pth
train_standard_bciciv2a_deepconvnet_seed42_fbf,train_standard,bciciv2a,deepconvnet,42,fbf,,0,452.2516314983368,2,128,32,64,128,completed,True,checkpoints/bciciv2a_deepconvnet_train_only_subject_no_ea_subject_split_fbf_eps0.03_42_fold0_exp031_full_20260729_174215_fbf_best.pth
train_ea_bciciv2a_deepconvnet_seed42_ea_forward,train_ea,bciciv2a,deepconvnet,42,ea_forward,,0,596.3058443069458,2,128,32,64,128,completed,True,checkpoints/bciciv2a_deepconvnet_ea_forward_train_only_subject_no_ea_subject_split_madry_eps0.03_42_fold0_exp031_full_20260729_174215_ea_forward_best.pth
rpcf_cache_bciciv2a_deepconvnet_seed42_madry,rpcf_cache,bciciv2a,deepconvnet,42,madry,,0,28266.187742948532,2,128,32,64,128,completed,True,purified_data/exp031/exp031_full_20260729_174215/cache/bciciv2a_deepconvnet_seed42.pth
rpcf_at_bciciv2a_deepconvnet_seed42_rpcf_at,rpcf_at,bciciv2a,deepconvnet,42,rpcf_at,,0,1789.0158886909485,2,128,32,64,128,completed,True,checkpoints/bciciv2a_deepconvnet_train_only_subject_no_ea_subject_split_madry_eps0.03_42_fold0_exp031_full_20260729_174215_rpcf_at_best.pth
train_standard_bciciv2a_deepconvnet_seed43_madry,train_standard,bciciv2a,deepconvnet,43,madry,,0,1722.8655633926392,4,128,32,64,128,completed,True,checkpoints/bciciv2a_deepconvnet_train_only_subject_no_ea_subject_split_madry_eps0.03_43_fold0_exp031_full_20260729_174215_madry_best.pth
train_standard_bciciv2a_deepconvnet_seed43_trades,train_standard,bciciv2a,deepconvnet,43,trades,,0,1134.543520450592,4,128,32,64,128,completed,True,checkpoints/bciciv2a_deepconvnet_train_only_subject_no_ea_subject_split_trades_eps0.03_43_fold0_exp031_full_20260729_174215_trades_best.pth
train_standard_bciciv2a_deepconvnet_seed43_fbf,train_standard,bciciv2a,deepconvnet,43,fbf,,0,356.1598792076111,4,128,32,64,128,completed,True,checkpoints/bciciv2a_deepconvnet_train_only_subject_no_ea_subject_split_fbf_eps0.03_43_fold0_exp031_full_20260729_174215_fbf_best.pth
train_ea_bciciv2a_deepconvnet_seed43_ea_forward,train_ea,bciciv2a,deepconvnet,43,ea_forward,,0,478.2378342151642,4,128,32,64,128,completed,True,checkpoints/bciciv2a_deepconvnet_ea_forward_train_only_subject_no_ea_subject_split_madry_eps0.03_43_fold0_exp031_full_20260729_174215_ea_forward_best.pth
rpcf_cache_bciciv2a_deepconvnet_seed43_madry,rpcf_cache,bciciv2a,deepconvnet,43,madry,,0,28358.6092813015,4,128,32,64,128,completed,True,purified_data/exp031/exp031_full_20260729_174215/cache/bciciv2a_deepconvnet_seed43.pth
rpcf_at_bciciv2a_deepconvnet_seed43_rpcf_at,rpcf_at,bciciv2a,deepconvnet,43,rpcf_at,,0,2231.689404964447,4,128,32,64,128,completed,True,checkpoints/bciciv2a_deepconvnet_train_only_subject_no_ea_subject_split_madry_eps0.03_43_fold0_exp031_full_20260729_174215_rpcf_at_best.pth
train_standard_bciciv2a_deepconvnet_seed44_madry,train_standard,bciciv2a,deepconvnet,44,madry,,0,1180.5961546897888,1,128,32,64,128,completed,True,checkpoints/bciciv2a_deepconvnet_train_only_subject_no_ea_subject_split_madry_eps0.03_44_fold0_exp031_full_20260729_174215_madry_best.pth
train_standard_bciciv2a_deepconvnet_seed44_trades,train_standard,bciciv2a,deepconvnet,44,trades,,0,968.6311309337616,1,128,32,64,128,completed,True,checkpoints/bciciv2a_deepconvnet_train_only_subject_no_ea_subject_split_trades_eps0.03_44_fold0_exp031_full_20260729_174215_trades_best.pth
train_standard_bciciv2a_deepconvnet_seed44_fbf,train_standard,bciciv2a,deepconvnet,44,fbf,,0,342.1995806694031,1,128,32,64,128,completed,True,checkpoints/bciciv2a_deepconvnet_train_only_subject_no_ea_subject_split_fbf_eps0.03_44_fold0_exp031_full_20260729_174215_fbf_best.pth
train_ea_bciciv2a_deepconvnet_seed44_ea_forward,train_ea,bciciv2a,deepconvnet,44,ea_forward,,0,480.3755204677582,1,128,32,64,128,completed,True,checkpoints/bciciv2a_deepconvnet_ea_forward_train_only_subject_no_ea_subject_split_madry_eps0.03_44_fold0_exp031_full_20260729_174215_ea_forward_best.pth
rpcf_cache_bciciv2a_deepconvnet_seed44_madry,rpcf_cache,bciciv2a,deepconvnet,44,madry,,0,27512.286756277084,0,128,32,64,128,completed,True,purified_data/exp031/exp031_full_20260729_174215/cache/bciciv2a_deepconvnet_seed44.pth
rpcf_at_bciciv2a_deepconvnet_seed44_rpcf_at,rpcf_at,bciciv2a,deepconvnet,44,rpcf_at,,0,11325.200610160828,0,128,32,64,128,completed,True,checkpoints/bciciv2a_deepconvnet_train_only_subject_no_ea_subject_split_madry_eps0.03_44_fold0_exp031_full_20260729_174215_rpcf_at_best.pth
train_standard_bciciv2a_deepconvnet_seed45_madry,train_standard,bciciv2a,deepconvnet,45,madry,,0,1208.8910946846008,2,128,32,64,128,completed,True,checkpoints/bciciv2a_deepconvnet_train_only_subject_no_ea_subject_split_madry_eps0.03_45_fold0_exp031_full_20260729_174215_madry_best.pth
train_standard_bciciv2a_deepconvnet_seed45_trades,train_standard,bciciv2a,deepconvnet,45,trades,,0,1228.8838901519775,2,128,32,64,128,completed,True,checkpoints/bciciv2a_deepconvnet_train_only_subject_no_ea_subject_split_trades_eps0.03_45_fold0_exp031_full_20260729_174215_trades_best.pth
train_standard_bciciv2a_deepconvnet_seed45_fbf,train_standard,bciciv2a,deepconvnet,45,fbf,,0,366.23525071144104,2,128,32,64,128,completed,True,checkpoints/bciciv2a_deepconvnet_train_only_subject_no_ea_subject_split_fbf_eps0.03_45_fold0_exp031_full_20260729_174215_fbf_best.pth
train_ea_bciciv2a_deepconvnet_seed45_ea_forward,train_ea,bciciv2a,deepconvnet,45,ea_forward,,0,424.397159576416,2,128,32,64,128,completed,True,checkpoints/bciciv2a_deepconvnet_ea_forward_train_only_subject_no_ea_subject_split_madry_eps0.03_45_fold0_exp031_full_20260729_174215_ea_forward_best.pth
rpcf_cache_bciciv2a_deepconvnet_seed45_madry,rpcf_cache,bciciv2a,deepconvnet,45,madry,,0,27065.62331342697,6,128,32,64,128,completed,True,purified_data/exp031/exp031_full_20260729_174215/cache/bciciv2a_deepconvnet_seed45.pth
rpcf_at_bciciv2a_deepconvnet_seed45_rpcf_at,rpcf_at,bciciv2a,deepconvnet,45,rpcf_at,,0,10129.096160888672,1,128,32,64,128,completed,True,checkpoints/bciciv2a_deepconvnet_train_only_subject_no_ea_subject_split_madry_eps0.03_45_fold0_exp031_full_20260729_174215_rpcf_at_best.pth
train_standard_bciciv2a_deepconvnet_seed46_madry,train_standard,bciciv2a,deepconvnet,46,madry,,0,1533.2031195163727,1,128,32,64,128,completed,True,checkpoints/bciciv2a_deepconvnet_train_only_subject_no_ea_subject_split_madry_eps0.03_46_fold0_exp031_full_20260729_174215_madry_best.pth
train_standard_bciciv2a_deepconvnet_seed46_trades,train_standard,bciciv2a,deepconvnet,46,trades,,0,1060.9182195663452,1,128,32,64,128,completed,True,checkpoints/bciciv2a_deepconvnet_train_only_subject_no_ea_subject_split_trades_eps0.03_46_fold0_exp031_full_20260729_174215_trades_best.pth
train_standard_bciciv2a_deepconvnet_seed46_fbf,train_standard,bciciv2a,deepconvnet,46,fbf,,0,290.1956424713135,1,128,32,64,128,completed,True,checkpoints/bciciv2a_deepconvnet_train_only_subject_no_ea_subject_split_fbf_eps0.03_46_fold0_exp031_full_20260729_174215_fbf_best.pth
train_ea_bciciv2a_deepconvnet_seed46_ea_forward,train_ea,bciciv2a,deepconvnet,46,ea_forward,,0,2960.663659095764,1,128,32,64,128,completed,True,checkpoints/bciciv2a_deepconvnet_ea_forward_train_only_subject_no_ea_subject_split_madry_eps0.03_46_fold0_exp031_full_20260729_174215_ea_forward_best.pth
rpcf_cache_bciciv2a_deepconvnet_seed46_madry,rpcf_cache,bciciv2a,deepconvnet,46,madry,,0,26844.818063735962,4,128,32,64,128,completed,True,purified_data/exp031/exp031_full_20260729_174215/cache/bciciv2a_deepconvnet_seed46.pth
rpcf_at_bciciv2a_deepconvnet_seed46_rpcf_at,rpcf_at,bciciv2a,deepconvnet,46,rpcf_at,,0,11335.192911863327,2,128,32,64,128,completed,True,checkpoints/bciciv2a_deepconvnet_train_only_subject_no_ea_subject_split_madry_eps0.03_46_fold0_exp031_full_20260729_174215_rpcf_at_best.pth
train_standard_bciciv2a_tsception_seed42_madry,train_standard,bciciv2a,tsception,42,madry,,0,656.4703712463379,2,128,32,64,128,completed,True,checkpoints/bciciv2a_tsception_train_only_subject_no_ea_subject_split_madry_eps0.03_42_fold0_exp031_full_20260729_174215_madry_best.pth
train_standard_bciciv2a_tsception_seed42_trades,train_standard,bciciv2a,tsception,42,trades,,0,2065.6686635017395,2,128,32,64,128,completed,True,checkpoints/bciciv2a_tsception_train_only_subject_no_ea_subject_split_trades_eps0.03_42_fold0_exp031_full_20260729_174215_trades_best.pth
train_standard_bciciv2a_tsception_seed42_fbf,train_standard,bciciv2a,tsception,42,fbf,,0,958.9102509021759,2,128,32,64,128,completed,True,checkpoints/bciciv2a_tsception_train_only_subject_no_ea_subject_split_fbf_eps0.03_42_fold0_exp031_full_20260729_174215_fbf_best.pth
train_ea_bciciv2a_tsception_seed42_ea_forward,train_ea,bciciv2a,tsception,42,ea_forward,,0,606.6401014328003,2,128,32,64,128,completed,True,checkpoints/bciciv2a_tsception_ea_forward_train_only_subject_no_ea_subject_split_madry_eps0.03_42_fold0_exp031_full_20260729_174215_ea_forward_best.pth
rpcf_cache_bciciv2a_tsception_seed42_madry,rpcf_cache,bciciv2a,tsception,42,madry,,0,28068.892292499542,2,128,32,64,128,completed,True,purified_data/exp031/exp031_full_20260729_174215/cache/bciciv2a_tsception_seed42.pth
rpcf_at_bciciv2a_tsception_seed42_rpcf_at,rpcf_at,bciciv2a,tsception,42,rpcf_at,,0,12150.167315244675,3,128,32,32,64,completed,True,checkpoints/bciciv2a_tsception_train_only_subject_no_ea_subject_split_madry_eps0.03_42_fold0_exp031_full_20260729_174215_rpcf_at_best.pth
train_standard_bciciv2a_tsception_seed43_madry,train_standard,bciciv2a,tsception,43,madry,,0,806.7691679000854,0,128,32,64,128,completed,True,checkpoints/bciciv2a_tsception_train_only_subject_no_ea_subject_split_madry_eps0.03_43_fold0_exp031_full_20260729_174215_madry_best.pth
train_standard_bciciv2a_tsception_seed43_trades,train_standard,bciciv2a,tsception,43,trades,,0,2352.1913075447083,0,128,32,64,128,completed,True,checkpoints/bciciv2a_tsception_train_only_subject_no_ea_subject_split_trades_eps0.03_43_fold0_exp031_full_20260729_174215_trades_best.pth
train_standard_bciciv2a_tsception_seed43_fbf,train_standard,bciciv2a,tsception,43,fbf,,0,780.5769608020782,0,128,32,64,128,completed,True,checkpoints/bciciv2a_tsception_train_only_subject_no_ea_subject_split_fbf_eps0.03_43_fold0_exp031_full_20260729_174215_fbf_best.pth
train_ea_bciciv2a_tsception_seed43_ea_forward,train_ea,bciciv2a,tsception,43,ea_forward,,0,652.4410121440887,0,128,32,64,128,completed,True,checkpoints/bciciv2a_tsception_ea_forward_train_only_subject_no_ea_subject_split_madry_eps0.03_43_fold0_exp031_full_20260729_174215_ea_forward_best.pth
rpcf_cache_bciciv2a_tsception_seed43_madry,rpcf_cache,bciciv2a,tsception,43,madry,,0,27951.6648979187,1,128,32,64,128,completed,True,purified_data/exp031/exp031_full_20260729_174215/cache/bciciv2a_tsception_seed43.pth
rpcf_at_bciciv2a_tsception_seed43_rpcf_at,rpcf_at,bciciv2a,tsception,43,rpcf_at,,0,11903.780780553818,4,128,32,32,64,completed,True,checkpoints/bciciv2a_tsception_train_only_subject_no_ea_subject_split_madry_eps0.03_43_fold0_exp031_full_20260729_174215_rpcf_at_best.pth
train_standard_bciciv2a_tsception_seed44_madry,train_standard,bciciv2a,tsception,44,madry,,0,3871.6415934562683,1,128,32,64,128,completed,True,checkpoints/bciciv2a_tsception_train_only_subject_no_ea_subject_split_madry_eps0.03_44_fold0_exp031_full_20260729_174215_madry_best.pth
train_standard_bciciv2a_tsception_seed44_trades,train_standard,bciciv2a,tsception,44,trades,,0,1560.9459402561188,5,128,32,64,128,completed,True,checkpoints/bciciv2a_tsception_train_only_subject_no_ea_subject_split_trades_eps0.03_44_fold0_exp031_full_20260729_174215_trades_best.pth
train_standard_bciciv2a_tsception_seed44_fbf,train_standard,bciciv2a,tsception,44,fbf,,0,882.4953782558441,5,128,32,64,128,completed,True,checkpoints/bciciv2a_tsception_train_only_subject_no_ea_subject_split_fbf_eps0.03_44_fold0_exp031_full_20260729_174215_fbf_best.pth
train_ea_bciciv2a_tsception_seed44_ea_forward,train_ea,bciciv2a,tsception,44,ea_forward,,0,862.5790765285492,5,128,32,64,128,completed,True,checkpoints/bciciv2a_tsception_ea_forward_train_only_subject_no_ea_subject_split_madry_eps0.03_44_fold0_exp031_full_20260729_174215_ea_forward_best.pth
rpcf_cache_bciciv2a_tsception_seed44_madry,rpcf_cache,bciciv2a,tsception,44,madry,,0,27640.847688674927,5,128,32,64,128,completed,True,purified_data/exp031/exp031_full_20260729_174215/cache/bciciv2a_tsception_seed44.pth
rpcf_at_bciciv2a_tsception_seed44_rpcf_at,rpcf_at,bciciv2a,tsception,44,rpcf_at,,0,11885.595432519913,5,128,32,32,64,completed,True,checkpoints/bciciv2a_tsception_train_only_subject_no_ea_subject_split_madry_eps0.03_44_fold0_exp031_full_20260729_174215_rpcf_at_best.pth
train_standard_bciciv2a_tsception_seed45_madry,train_standard,bciciv2a,tsception,45,madry,,0,4436.611891031265,4,128,32,64,128,completed,True,checkpoints/bciciv2a_tsception_train_only_subject_no_ea_subject_split_madry_eps0.03_45_fold0_exp031_full_20260729_174215_madry_best.pth
train_standard_bciciv2a_tsception_seed45_trades,train_standard,bciciv2a,tsception,45,trades,,0,1658.785637140274,3,128,32,64,128,completed,True,checkpoints/bciciv2a_tsception_train_only_subject_no_ea_subject_split_trades_eps0.03_45_fold0_exp031_full_20260729_174215_trades_best.pth
train_standard_bciciv2a_tsception_seed45_fbf,train_standard,bciciv2a,tsception,45,fbf,,0,948.4210314750671,3,128,32,64,128,completed,True,checkpoints/bciciv2a_tsception_train_only_subject_no_ea_subject_split_fbf_eps0.03_45_fold0_exp031_full_20260729_174215_fbf_best.pth
train_ea_bciciv2a_tsception_seed45_ea_forward,train_ea,bciciv2a,tsception,45,ea_forward,,0,642.2750663757324,3,128,32,64,128,completed,True,checkpoints/bciciv2a_tsception_ea_forward_train_only_subject_no_ea_subject_split_madry_eps0.03_45_fold0_exp031_full_20260729_174215_ea_forward_best.pth
rpcf_cache_bciciv2a_tsception_seed45_madry,rpcf_cache,bciciv2a,tsception,45,madry,,0,27068.717355012894,3,128,32,64,128,completed,True,purified_data/exp031/exp031_full_20260729_174215/cache/bciciv2a_tsception_seed45.pth
rpcf_at_bciciv2a_tsception_seed45_rpcf_at,rpcf_at,bciciv2a,tsception,45,rpcf_at,,0,12159.9867978096,6,128,32,32,64,completed,True,checkpoints/bciciv2a_tsception_train_only_subject_no_ea_subject_split_madry_eps0.03_45_fold0_exp031_full_20260729_174215_rpcf_at_best.pth
train_standard_bciciv2a_tsception_seed46_madry,train_standard,bciciv2a,tsception,46,madry,,0,5402.786170005798,1,128,32,32,64,completed,True,checkpoints/bciciv2a_tsception_train_only_subject_no_ea_subject_split_madry_eps0.03_46_fold0_exp031_full_20260729_174215_madry_best.pth
train_standard_bciciv2a_tsception_seed46_trades,train_standard,bciciv2a,tsception,46,trades,,0,1473.6274967193604,1,128,32,32,64,completed,True,checkpoints/bciciv2a_tsception_train_only_subject_no_ea_subject_split_trades_eps0.03_46_fold0_exp031_full_20260729_174215_trades_best.pth
train_standard_bciciv2a_tsception_seed46_fbf,train_standard,bciciv2a,tsception,46,fbf,,0,870.825386762619,1,128,32,32,64,completed,True,checkpoints/bciciv2a_tsception_train_only_subject_no_ea_subject_split_fbf_eps0.03_46_fold0_exp031_full_20260729_174215_fbf_best.pth
train_ea_bciciv2a_tsception_seed46_ea_forward,train_ea,bciciv2a,tsception,46,ea_forward,,0,1687.5782055854797,1,128,32,32,64,completed,True,checkpoints/bciciv2a_tsception_ea_forward_train_only_subject_no_ea_subject_split_madry_eps0.03_46_fold0_exp031_full_20260729_174215_ea_forward_best.pth
rpcf_cache_bciciv2a_tsception_seed46_madry,rpcf_cache,bciciv2a,tsception,46,madry,,0,26733.149271965027,1,128,32,32,64,completed,True,purified_data/exp031/exp031_full_20260729_174215/cache/bciciv2a_tsception_seed46.pth
rpcf_at_bciciv2a_tsception_seed46_rpcf_at,rpcf_at,bciciv2a,tsception,46,rpcf_at,,0,3700.6584391593933,0,128,32,32,64,completed,True,checkpoints/bciciv2a_tsception_train_only_subject_no_ea_subject_split_madry_eps0.03_46_fold0_exp031_full_20260729_174215_rpcf_at_best.pth
train_standard_bciciv2a_atcnet_seed42_madry,train_standard,bciciv2a,atcnet,42,madry,,0,15268.865872383118,0,128,32,64,128,completed,True,checkpoints/bciciv2a_atcnet_train_only_subject_no_ea_subject_split_madry_eps0.03_42_fold0_exp031_full_20260729_174215_madry_best.pth
train_standard_bciciv2a_atcnet_seed42_trades,train_standard,bciciv2a,atcnet,42,trades,,0,10910.465310811996,0,128,32,64,128,completed,True,checkpoints/bciciv2a_atcnet_train_only_subject_no_ea_subject_split_trades_eps0.03_42_fold0_exp031_full_20260729_174215_trades_best.pth
train_standard_bciciv2a_atcnet_seed42_fbf,train_standard,bciciv2a,atcnet,42,fbf,,0,8064.756477594376,0,128,32,64,128,completed,True,checkpoints/bciciv2a_atcnet_train_only_subject_no_ea_subject_split_fbf_eps0.03_42_fold0_exp031_full_20260729_174215_fbf_best.pth
train_ea_bciciv2a_atcnet_seed42_ea_forward,train_ea,bciciv2a,atcnet,42,ea_forward,,0,1389.3389444351196,1,128,32,64,128,completed,True,checkpoints/bciciv2a_atcnet_ea_forward_train_only_subject_no_ea_subject_split_madry_eps0.03_42_fold0_exp031_full_20260729_174215_ea_forward_best.pth
rpcf_cache_bciciv2a_atcnet_seed42_madry,rpcf_cache,bciciv2a,atcnet,42,madry,,0,45378.86653518677,1,128,32,64,128,completed,True,purified_data/exp031/exp031_full_20260729_174215/cache/bciciv2a_atcnet_seed42.pth
rpcf_at_bciciv2a_atcnet_seed42_rpcf_at,rpcf_at,bciciv2a,atcnet,42,rpcf_at,,0,26599.59864473343,1,128,32,64,128,completed,True,checkpoints/bciciv2a_atcnet_train_only_subject_no_ea_subject_split_madry_eps0.03_42_fold0_exp031_full_20260729_174215_rpcf_at_best.pth
train_standard_bciciv2a_atcnet_seed43_madry,train_standard,bciciv2a,atcnet,43,madry,,0,18129.242693185806,2,128,32,64,128,completed,True,checkpoints/bciciv2a_atcnet_train_only_subject_no_ea_subject_split_madry_eps0.03_43_fold0_exp031_full_20260729_174215_madry_best.pth
train_standard_bciciv2a_atcnet_seed43_trades,train_standard,bciciv2a,atcnet,43,trades,,0,10893.878167629242,2,128,32,64,128,completed,True,checkpoints/bciciv2a_atcnet_train_only_subject_no_ea_subject_split_trades_eps0.03_43_fold0_exp031_full_20260729_174215_trades_best.pth
train_standard_bciciv2a_atcnet_seed43_fbf,train_standard,bciciv2a,atcnet,43,fbf,,0,7408.92621922493,2,128,32,64,128,completed,True,checkpoints/bciciv2a_atcnet_train_only_subject_no_ea_subject_split_fbf_eps0.03_43_fold0_exp031_full_20260729_174215_fbf_best.pth
train_ea_bciciv2a_atcnet_seed43_ea_forward,train_ea,bciciv2a,atcnet,43,ea_forward,,0,1387.1715774536133,2,128,32,64,128,completed,True,checkpoints/bciciv2a_atcnet_ea_forward_train_only_subject_no_ea_subject_split_madry_eps0.03_43_fold0_exp031_full_20260729_174215_ea_forward_best.pth
rpcf_cache_bciciv2a_atcnet_seed43_madry,rpcf_cache,bciciv2a,atcnet,43,madry,,0,48222.049558877945,2,128,32,64,128,completed,True,purified_data/exp031/exp031_full_20260729_174215/cache/bciciv2a_atcnet_seed43.pth
rpcf_at_bciciv2a_atcnet_seed43_rpcf_at,rpcf_at,bciciv2a,atcnet,43,rpcf_at,,0,26708.714235782623,2,128,32,64,128,completed,True,checkpoints/bciciv2a_atcnet_train_only_subject_no_ea_subject_split_madry_eps0.03_43_fold0_exp031_full_20260729_174215_rpcf_at_best.pth
train_standard_bciciv2a_atcnet_seed44_madry,train_standard,bciciv2a,atcnet,44,madry,,0,17402.394153356552,5,128,32,64,128,completed,True,checkpoints/bciciv2a_atcnet_train_only_subject_no_ea_subject_split_madry_eps0.03_44_fold0_exp031_full_20260729_174215_madry_best.pth
train_standard_bciciv2a_atcnet_seed44_trades,train_standard,bciciv2a,atcnet,44,trades,,0,11344.35502910614,5,128,32,64,128,completed,True,checkpoints/bciciv2a_atcnet_train_only_subject_no_ea_subject_split_trades_eps0.03_44_fold0_exp031_full_20260729_174215_trades_best.pth
train_standard_bciciv2a_atcnet_seed44_fbf,train_standard,bciciv2a,atcnet,44,fbf,,0,7788.689255237579,5,128,32,64,128,completed,True,checkpoints/bciciv2a_atcnet_train_only_subject_no_ea_subject_split_fbf_eps0.03_44_fold0_exp031_full_20260729_174215_fbf_best.pth
train_ea_bciciv2a_atcnet_seed44_ea_forward,train_ea,bciciv2a,atcnet,44,ea_forward,,0,1829.5452811717987,3,128,32,64,128,completed,True,checkpoints/bciciv2a_atcnet_ea_forward_train_only_subject_no_ea_subject_split_madry_eps0.03_44_fold0_exp031_full_20260729_174215_ea_forward_best.pth
rpcf_cache_bciciv2a_atcnet_seed44_madry,rpcf_cache,bciciv2a,atcnet,44,madry,,0,49446.21705389023,3,128,32,64,128,completed,True,purified_data/exp031/exp031_full_20260729_174215/cache/bciciv2a_atcnet_seed44.pth
rpcf_at_bciciv2a_atcnet_seed44_rpcf_at,rpcf_at,bciciv2a,atcnet,44,rpcf_at,,0,26477.784207820892,3,128,32,64,128,completed,True,checkpoints/bciciv2a_atcnet_train_only_subject_no_ea_subject_split_madry_eps0.03_44_fold0_exp031_full_20260729_174215_rpcf_at_best.pth
train_standard_bciciv2a_atcnet_seed45_madry,train_standard,bciciv2a,atcnet,45,madry,,0,21677.88968372345,4,128,32,64,128,completed,True,checkpoints/bciciv2a_atcnet_train_only_subject_no_ea_subject_split_madry_eps0.03_45_fold0_exp031_full_20260729_174215_madry_best.pth
train_standard_bciciv2a_atcnet_seed45_trades,train_standard,bciciv2a,atcnet,45,trades,,0,9176.315808534622,4,128,32,64,128,completed,True,checkpoints/bciciv2a_atcnet_train_only_subject_no_ea_subject_split_trades_eps0.03_45_fold0_exp031_full_20260729_174215_trades_best.pth
train_standard_bciciv2a_atcnet_seed45_fbf,train_standard,bciciv2a,atcnet,45,fbf,,0,6981.179656505585,4,128,32,64,128,completed,True,checkpoints/bciciv2a_atcnet_train_only_subject_no_ea_subject_split_fbf_eps0.03_45_fold0_exp031_full_20260729_174215_fbf_best.pth
train_ea_bciciv2a_atcnet_seed45_ea_forward,train_ea,bciciv2a,atcnet,45,ea_forward,,0,1613.2776577472687,4,128,32,64,128,completed,True,checkpoints/bciciv2a_atcnet_ea_forward_train_only_subject_no_ea_subject_split_madry_eps0.03_45_fold0_exp031_full_20260729_174215_ea_forward_best.pth
rpcf_cache_bciciv2a_atcnet_seed45_madry,rpcf_cache,bciciv2a,atcnet,45,madry,,0,46089.06251358986,4,128,32,64,128,completed,True,purified_data/exp031/exp031_full_20260729_174215/cache/bciciv2a_atcnet_seed45.pth
rpcf_at_bciciv2a_atcnet_seed45_rpcf_at,rpcf_at,bciciv2a,atcnet,45,rpcf_at,,0,26133.50590276718,4,128,32,64,128,completed,True,checkpoints/bciciv2a_atcnet_train_only_subject_no_ea_subject_split_madry_eps0.03_45_fold0_exp031_full_20260729_174215_rpcf_at_best.pth
train_standard_bciciv2a_atcnet_seed46_madry,train_standard,bciciv2a,atcnet,46,madry,,0,19341.85695552826,3,128,32,64,128,completed,True,checkpoints/bciciv2a_atcnet_train_only_subject_no_ea_subject_split_madry_eps0.03_46_fold0_exp031_full_20260729_174215_madry_best.pth
train_standard_bciciv2a_atcnet_seed46_trades,train_standard,bciciv2a,atcnet,46,trades,,0,14139.150885820389,3,128,32,64,128,completed,True,checkpoints/bciciv2a_atcnet_train_only_subject_no_ea_subject_split_trades_eps0.03_46_fold0_exp031_full_20260729_174215_trades_best.pth
train_standard_bciciv2a_atcnet_seed46_fbf,train_standard,bciciv2a,atcnet,46,fbf,,0,6976.568332910538,5,128,32,64,128,completed,True,checkpoints/bciciv2a_atcnet_train_only_subject_no_ea_subject_split_fbf_eps0.03_46_fold0_exp031_full_20260729_174215_fbf_best.pth
train_ea_bciciv2a_atcnet_seed46_ea_forward,train_ea,bciciv2a,atcnet,46,ea_forward,,0,1489.0753440856934,5,128,32,64,128,completed,True,checkpoints/bciciv2a_atcnet_ea_forward_train_only_subject_no_ea_subject_split_madry_eps0.03_46_fold0_exp031_full_20260729_174215_ea_forward_best.pth
rpcf_cache_bciciv2a_atcnet_seed46_madry,rpcf_cache,bciciv2a,atcnet,46,madry,,0,44934.70995545387,5,128,32,64,128,completed,True,purified_data/exp031/exp031_full_20260729_174215/cache/bciciv2a_atcnet_seed46.pth
rpcf_at_bciciv2a_atcnet_seed46_rpcf_at,rpcf_at,bciciv2a,atcnet,46,rpcf_at,,0,27320.71388220787,5,128,32,64,128,completed,True,checkpoints/bciciv2a_atcnet_train_only_subject_no_ea_subject_split_madry_eps0.03_46_fold0_exp031_full_20260729_174215_rpcf_at_best.pth
train_standard_bciciv2a_conformer_seed42_madry,train_standard,bciciv2a,conformer,42,madry,,0,1511.4965271949768,6,128,32,64,128,completed,True,checkpoints/bciciv2a_conformer_train_only_subject_no_ea_subject_split_madry_eps0.03_42_fold0_exp031_full_20260729_174215_madry_best.pth
train_standard_bciciv2a_conformer_seed42_trades,train_standard,bciciv2a,conformer,42,trades,,0,1515.5307240486145,6,128,32,64,128,completed,True,checkpoints/bciciv2a_conformer_train_only_subject_no_ea_subject_split_trades_eps0.03_42_fold0_exp031_full_20260729_174215_trades_best.pth
train_standard_bciciv2a_conformer_seed42_fbf,train_standard,bciciv2a,conformer,42,fbf,,0,508.5744502544403,6,128,32,64,128,completed,True,checkpoints/bciciv2a_conformer_train_only_subject_no_ea_subject_split_fbf_eps0.03_42_fold0_exp031_full_20260729_174215_fbf_best.pth
train_ea_bciciv2a_conformer_seed42_ea_forward,train_ea,bciciv2a,conformer,42,ea_forward,,0,928.9279131889343,6,128,32,64,128,completed,True,checkpoints/bciciv2a_conformer_ea_forward_train_only_subject_no_ea_subject_split_madry_eps0.03_42_fold0_exp031_full_20260729_174215_ea_forward_best.pth
rpcf_cache_bciciv2a_conformer_seed42_madry,rpcf_cache,bciciv2a,conformer,42,madry,,0,27397.946554660797,6,128,32,64,128,completed,True,purified_data/exp031/exp031_full_20260729_174215/cache/bciciv2a_conformer_seed42.pth
rpcf_at_bciciv2a_conformer_seed42_rpcf_at,rpcf_at,bciciv2a,conformer,42,rpcf_at,,0,3748.2319180965424,6,128,32,32,64,completed,True,checkpoints/bciciv2a_conformer_train_only_subject_no_ea_subject_split_madry_eps0.03_42_fold0_exp031_full_20260729_174215_rpcf_at_best.pth
train_standard_bciciv2a_conformer_seed43_madry,train_standard,bciciv2a,conformer,43,madry,,0,1593.008108139038,0,128,32,32,64,completed,True,checkpoints/bciciv2a_conformer_train_only_subject_no_ea_subject_split_madry_eps0.03_43_fold0_exp031_full_20260729_174215_madry_best.pth
train_standard_bciciv2a_conformer_seed43_trades,train_standard,bciciv2a,conformer,43,trades,,0,1316.8217124938965,0,128,32,32,64,completed,True,checkpoints/bciciv2a_conformer_train_only_subject_no_ea_subject_split_trades_eps0.03_43_fold0_exp031_full_20260729_174215_trades_best.pth
train_standard_bciciv2a_conformer_seed43_fbf,train_standard,bciciv2a,conformer,43,fbf,,0,486.4234023094177,0,128,32,32,64,completed,True,checkpoints/bciciv2a_conformer_train_only_subject_no_ea_subject_split_fbf_eps0.03_43_fold0_exp031_full_20260729_174215_fbf_best.pth
train_ea_bciciv2a_conformer_seed43_ea_forward,train_ea,bciciv2a,conformer,43,ea_forward,,0,800.4513721466064,0,128,32,32,64,completed,True,checkpoints/bciciv2a_conformer_ea_forward_train_only_subject_no_ea_subject_split_madry_eps0.03_43_fold0_exp031_full_20260729_174215_ea_forward_best.pth
rpcf_cache_bciciv2a_conformer_seed43_madry,rpcf_cache,bciciv2a,conformer,43,madry,,0,27508.67786359787,0,128,32,32,64,completed,True,purified_data/exp031/exp031_full_20260729_174215/cache/bciciv2a_conformer_seed43.pth
rpcf_at_bciciv2a_conformer_seed43_rpcf_at,rpcf_at,bciciv2a,conformer,43,rpcf_at,,0,3369.2449774742126,0,128,32,32,64,completed,True,checkpoints/bciciv2a_conformer_train_only_subject_no_ea_subject_split_madry_eps0.03_43_fold0_exp031_full_20260729_174215_rpcf_at_best.pth
train_standard_bciciv2a_conformer_seed44_madry,train_standard,bciciv2a,conformer,44,madry,,0,1599.0152933597565,6,128,32,32,64,completed,True,checkpoints/bciciv2a_conformer_train_only_subject_no_ea_subject_split_madry_eps0.03_44_fold0_exp031_full_20260729_174215_madry_best.pth
train_standard_bciciv2a_conformer_seed44_trades,train_standard,bciciv2a,conformer,44,trades,,0,1624.9859356880188,6,128,32,32,64,completed,True,checkpoints/bciciv2a_conformer_train_only_subject_no_ea_subject_split_trades_eps0.03_44_fold0_exp031_full_20260729_174215_trades_best.pth
train_standard_bciciv2a_conformer_seed44_fbf,train_standard,bciciv2a,conformer,44,fbf,,0,486.3992221355438,6,128,32,32,64,completed,True,checkpoints/bciciv2a_conformer_train_only_subject_no_ea_subject_split_fbf_eps0.03_44_fold0_exp031_full_20260729_174215_fbf_best.pth
train_ea_bciciv2a_conformer_seed44_ea_forward,train_ea,bciciv2a,conformer,44,ea_forward,,0,934.5512430667877,6,128,32,32,64,completed,True,checkpoints/bciciv2a_conformer_ea_forward_train_only_subject_no_ea_subject_split_madry_eps0.03_44_fold0_exp031_full_20260729_174215_ea_forward_best.pth
rpcf_cache_bciciv2a_conformer_seed44_madry,rpcf_cache,bciciv2a,conformer,44,madry,,0,27670.63029360771,6,128,32,32,64,completed,True,purified_data/exp031/exp031_full_20260729_174215/cache/bciciv2a_conformer_seed44.pth
rpcf_at_bciciv2a_conformer_seed44_rpcf_at,rpcf_at,bciciv2a,conformer,44,rpcf_at,,0,3389.326125383377,6,128,32,32,64,completed,True,checkpoints/bciciv2a_conformer_train_only_subject_no_ea_subject_split_madry_eps0.03_44_fold0_exp031_full_20260729_174215_rpcf_at_best.pth
train_standard_bciciv2a_conformer_seed45_madry,train_standard,bciciv2a,conformer,45,madry,,0,1574.9137120246887,0,128,32,32,64,completed,True,checkpoints/bciciv2a_conformer_train_only_subject_no_ea_subject_split_madry_eps0.03_45_fold0_exp031_full_20260729_174215_madry_best.pth
train_standard_bciciv2a_conformer_seed45_trades,train_standard,bciciv2a,conformer,45,trades,,0,1314.771371126175,0,128,32,32,64,completed,True,checkpoints/bciciv2a_conformer_train_only_subject_no_ea_subject_split_trades_eps0.03_45_fold0_exp031_full_20260729_174215_trades_best.pth
train_standard_bciciv2a_conformer_seed45_fbf,train_standard,bciciv2a,conformer,45,fbf,,0,482.225129365921,0,128,32,32,64,completed,True,checkpoints/bciciv2a_conformer_train_only_subject_no_ea_subject_split_fbf_eps0.03_45_fold0_exp031_full_20260729_174215_fbf_best.pth
train_ea_bciciv2a_conformer_seed45_ea_forward,train_ea,bciciv2a,conformer,45,ea_forward,,0,2853.551959991455,0,128,32,32,64,completed,True,checkpoints/bciciv2a_conformer_ea_forward_train_only_subject_no_ea_subject_split_madry_eps0.03_45_fold0_exp031_full_20260729_174215_ea_forward_best.pth
rpcf_cache_bciciv2a_conformer_seed45_madry,rpcf_cache,bciciv2a,conformer,45,madry,,0,27632.105851888657,0,128,32,32,64,completed,True,purified_data/exp031/exp031_full_20260729_174215/cache/bciciv2a_conformer_seed45.pth
rpcf_at_bciciv2a_conformer_seed45_rpcf_at,rpcf_at,bciciv2a,conformer,45,rpcf_at,,0,3502.2212953567505,0,128,32,32,64,completed,True,checkpoints/bciciv2a_conformer_train_only_subject_no_ea_subject_split_madry_eps0.03_45_fold0_exp031_full_20260729_174215_rpcf_at_best.pth
train_standard_bciciv2a_conformer_seed46_madry,train_standard,bciciv2a,conformer,46,madry,,0,1554.960215330124,6,128,32,32,64,completed,True,checkpoints/bciciv2a_conformer_train_only_subject_no_ea_subject_split_madry_eps0.03_46_fold0_exp031_full_20260729_174215_madry_best.pth
train_standard_bciciv2a_conformer_seed46_trades,train_standard,bciciv2a,conformer,46,trades,,0,1396.8479399681091,6,128,32,32,64,completed,True,checkpoints/bciciv2a_conformer_train_only_subject_no_ea_subject_split_trades_eps0.03_46_fold0_exp031_full_20260729_174215_trades_best.pth
train_standard_bciciv2a_conformer_seed46_fbf,train_standard,bciciv2a,conformer,46,fbf,,0,558.2646834850311,6,128,32,32,64,completed,True,checkpoints/bciciv2a_conformer_train_only_subject_no_ea_subject_split_fbf_eps0.03_46_fold0_exp031_full_20260729_174215_fbf_best.pth
train_ea_bciciv2a_conformer_seed46_ea_forward,train_ea,bciciv2a,conformer,46,ea_forward,,0,1568.6533031463623,6,128,32,32,64,completed,True,checkpoints/bciciv2a_conformer_ea_forward_train_only_subject_no_ea_subject_split_madry_eps0.03_46_fold0_exp031_full_20260729_174215_ea_forward_best.pth
rpcf_cache_bciciv2a_conformer_seed46_madry,rpcf_cache,bciciv2a,conformer,46,madry,,0,27762.239037036896,6,128,32,32,64,completed,True,purified_data/exp031/exp031_full_20260729_174215/cache/bciciv2a_conformer_seed46.pth
rpcf_at_bciciv2a_conformer_seed46_rpcf_at,rpcf_at,bciciv2a,conformer,46,rpcf_at,,0,3500.104623556137,6,128,32,32,64,completed,True,checkpoints/bciciv2a_conformer_train_only_subject_no_ea_subject_split_madry_eps0.03_46_fold0_exp031_full_20260729_174215_rpcf_at_best.pth
train_standard_bciciv2a_tcnet_seed42_madry,train_standard,bciciv2a,tcnet,42,madry,,0,682.4419023990631,1,128,32,64,128,completed,True,checkpoints/bciciv2a_tcnet_train_only_subject_no_ea_subject_split_madry_eps0.03_42_fold0_exp031_full_20260729_174215_madry_best.pth
train_standard_bciciv2a_tcnet_seed42_trades,train_standard,bciciv2a,tcnet,42,trades,,0,18683.338968753815,1,128,32,64,128,completed,True,checkpoints/bciciv2a_tcnet_train_only_subject_no_ea_subject_split_trades_eps0.03_42_fold0_exp031_full_20260729_174215_trades_best.pth
train_standard_bciciv2a_tcnet_seed42_fbf,train_standard,bciciv2a,tcnet,42,fbf,,0,10306.585625886917,1,128,32,64,128,completed,True,checkpoints/bciciv2a_tcnet_train_only_subject_no_ea_subject_split_fbf_eps0.03_42_fold0_exp031_full_20260729_174215_fbf_best.pth
train_ea_bciciv2a_tcnet_seed42_ea_forward,train_ea,bciciv2a,tcnet,42,ea_forward,,0,2064.4381544589996,1,128,32,64,128,completed,True,checkpoints/bciciv2a_tcnet_ea_forward_train_only_subject_no_ea_subject_split_madry_eps0.03_42_fold0_exp031_full_20260729_174215_ea_forward_best.pth
rpcf_cache_bciciv2a_tcnet_seed42_madry,rpcf_cache,bciciv2a,tcnet,42,madry,,0,38381.49606871605,1,128,32,64,128,completed,True,purified_data/exp031/exp031_full_20260729_174215/cache/bciciv2a_tcnet_seed42.pth
rpcf_at_bciciv2a_tcnet_seed42_rpcf_at,rpcf_at,bciciv2a,tcnet,42,rpcf_at,,0,7525.881640911102,1,128,32,64,128,completed,True,checkpoints/bciciv2a_tcnet_train_only_subject_no_ea_subject_split_madry_eps0.03_42_fold0_exp031_full_20260729_174215_rpcf_at_best.pth
train_standard_bciciv2a_tcnet_seed43_madry,train_standard,bciciv2a,tcnet,43,madry,,0,11443.555561065674,4,128,32,64,128,completed,True,checkpoints/bciciv2a_tcnet_train_only_subject_no_ea_subject_split_madry_eps0.03_43_fold0_exp031_full_20260729_174215_madry_best.pth
train_standard_bciciv2a_tcnet_seed43_trades,train_standard,bciciv2a,tcnet,43,trades,,0,24160.175150871277,4,128,32,64,128,completed,True,checkpoints/bciciv2a_tcnet_train_only_subject_no_ea_subject_split_trades_eps0.03_43_fold0_exp031_full_20260729_174215_trades_best.pth
train_standard_bciciv2a_tcnet_seed43_fbf,train_standard,bciciv2a,tcnet,43,fbf,,0,9696.588427782059,4,128,32,64,128,completed,True,checkpoints/bciciv2a_tcnet_train_only_subject_no_ea_subject_split_fbf_eps0.03_43_fold0_exp031_full_20260729_174215_fbf_best.pth
train_ea_bciciv2a_tcnet_seed43_ea_forward,train_ea,bciciv2a,tcnet,43,ea_forward,,0,844.9488844871521,4,128,32,64,128,completed,True,checkpoints/bciciv2a_tcnet_ea_forward_train_only_subject_no_ea_subject_split_madry_eps0.03_43_fold0_exp031_full_20260729_174215_ea_forward_best.pth
rpcf_cache_bciciv2a_tcnet_seed43_madry,rpcf_cache,bciciv2a,tcnet,43,madry,,0,37936.09783887863,4,128,32,64,128,completed,True,purified_data/exp031/exp031_full_20260729_174215/cache/bciciv2a_tcnet_seed43.pth
rpcf_at_bciciv2a_tcnet_seed43_rpcf_at,rpcf_at,bciciv2a,tcnet,43,rpcf_at,,0,11291.39813876152,4,128,32,64,128,completed,True,checkpoints/bciciv2a_tcnet_train_only_subject_no_ea_subject_split_madry_eps0.03_43_fold0_exp031_full_20260729_174215_rpcf_at_best.pth
train_standard_bciciv2a_tcnet_seed44_madry,train_standard,bciciv2a,tcnet,44,madry,,0,552.557719707489,6,128,32,64,128,completed,True,checkpoints/bciciv2a_tcnet_train_only_subject_no_ea_subject_split_madry_eps0.03_44_fold0_exp031_full_20260729_174215_madry_best.pth
train_standard_bciciv2a_tcnet_seed44_trades,train_standard,bciciv2a,tcnet,44,trades,,0,25338.96355652809,6,128,32,64,128,completed,True,checkpoints/bciciv2a_tcnet_train_only_subject_no_ea_subject_split_trades_eps0.03_44_fold0_exp031_full_20260729_174215_trades_best.pth
train_standard_bciciv2a_tcnet_seed44_fbf,train_standard,bciciv2a,tcnet,44,fbf,,0,7969.307141542435,6,128,32,64,128,completed,True,checkpoints/bciciv2a_tcnet_train_only_subject_no_ea_subject_split_fbf_eps0.03_44_fold0_exp031_full_20260729_174215_fbf_best.pth
train_ea_bciciv2a_tcnet_seed44_ea_forward,train_ea,bciciv2a,tcnet,44,ea_forward,,0,1384.569094657898,6,128,32,64,128,completed,True,checkpoints/bciciv2a_tcnet_ea_forward_train_only_subject_no_ea_subject_split_madry_eps0.03_44_fold0_exp031_full_20260729_174215_ea_forward_best.pth
rpcf_cache_bciciv2a_tcnet_seed44_madry,rpcf_cache,bciciv2a,tcnet,44,madry,,0,37103.43378543854,6,128,32,64,128,completed,True,purified_data/exp031/exp031_full_20260729_174215/cache/bciciv2a_tcnet_seed44.pth
rpcf_at_bciciv2a_tcnet_seed44_rpcf_at,rpcf_at,bciciv2a,tcnet,44,rpcf_at,,0,8431.862624168396,6,128,32,64,128,completed,True,checkpoints/bciciv2a_tcnet_train_only_subject_no_ea_subject_split_madry_eps0.03_44_fold0_exp031_full_20260729_174215_rpcf_at_best.pth
train_standard_bciciv2a_tcnet_seed45_madry,train_standard,bciciv2a,tcnet,45,madry,,0,556.7058701515198,0,128,32,64,128,completed,True,checkpoints/bciciv2a_tcnet_train_only_subject_no_ea_subject_split_madry_eps0.03_45_fold0_exp031_full_20260729_174215_madry_best.pth
train_standard_bciciv2a_tcnet_seed45_trades,train_standard,bciciv2a,tcnet,45,trades,,0,17616.963310956955,0,128,32,64,128,completed,True,checkpoints/bciciv2a_tcnet_train_only_subject_no_ea_subject_split_trades_eps0.03_45_fold0_exp031_full_20260729_174215_trades_best.pth
train_standard_bciciv2a_tcnet_seed45_fbf,train_standard,bciciv2a,tcnet,45,fbf,,0,21806.5770175457,0,128,32,64,128,completed,True,checkpoints/bciciv2a_tcnet_train_only_subject_no_ea_subject_split_fbf_eps0.03_45_fold0_exp031_full_20260729_174215_fbf_best.pth
train_ea_bciciv2a_tcnet_seed45_ea_forward,train_ea,bciciv2a,tcnet,45,ea_forward,,0,1662.2471454143524,0,128,32,64,128,completed,True,checkpoints/bciciv2a_tcnet_ea_forward_train_only_subject_no_ea_subject_split_madry_eps0.03_45_fold0_exp031_full_20260729_174215_ea_forward_best.pth
rpcf_cache_bciciv2a_tcnet_seed45_madry,rpcf_cache,bciciv2a,tcnet,45,madry,,0,37028.15941786766,0,128,32,64,128,completed,True,purified_data/exp031/exp031_full_20260729_174215/cache/bciciv2a_tcnet_seed45.pth
rpcf_at_bciciv2a_tcnet_seed45_rpcf_at,rpcf_at,bciciv2a,tcnet,45,rpcf_at,,0,9543.092904090881,0,128,32,64,128,completed,True,checkpoints/bciciv2a_tcnet_train_only_subject_no_ea_subject_split_madry_eps0.03_45_fold0_exp031_full_20260729_174215_rpcf_at_best.pth
train_standard_bciciv2a_tcnet_seed46_madry,train_standard,bciciv2a,tcnet,46,madry,,0,19112.583676576614,2,128,32,64,128,completed,True,checkpoints/bciciv2a_tcnet_train_only_subject_no_ea_subject_split_madry_eps0.03_46_fold0_exp031_full_20260729_174215_madry_best.pth
train_standard_bciciv2a_tcnet_seed46_trades,train_standard,bciciv2a,tcnet,46,trades,,0,26099.229148864746,2,128,32,64,128,completed,True,checkpoints/bciciv2a_tcnet_train_only_subject_no_ea_subject_split_trades_eps0.03_46_fold0_exp031_full_20260729_174215_trades_best.pth
train_standard_bciciv2a_tcnet_seed46_fbf,train_standard,bciciv2a,tcnet,46,fbf,,0,4698.965487718582,2,128,32,64,128,completed,True,checkpoints/bciciv2a_tcnet_train_only_subject_no_ea_subject_split_fbf_eps0.03_46_fold0_exp031_full_20260729_174215_fbf_best.pth
train_ea_bciciv2a_tcnet_seed46_ea_forward,train_ea,bciciv2a,tcnet,46,ea_forward,,0,869.2484362125397,2,128,32,64,128,completed,True,checkpoints/bciciv2a_tcnet_ea_forward_train_only_subject_no_ea_subject_split_madry_eps0.03_46_fold0_exp031_full_20260729_174215_ea_forward_best.pth
rpcf_cache_bciciv2a_tcnet_seed46_madry,rpcf_cache,bciciv2a,tcnet,46,madry,,0,38869.122074604034,2,128,32,64,128,completed,True,purified_data/exp031/exp031_full_20260729_174215/cache/bciciv2a_tcnet_seed46.pth
rpcf_at_bciciv2a_tcnet_seed46_rpcf_at,rpcf_at,bciciv2a,tcnet,46,rpcf_at,,0,8849.70929646492,2,128,32,64,128,completed,True,checkpoints/bciciv2a_tcnet_train_only_subject_no_ea_subject_split_madry_eps0.03_46_fold0_exp031_full_20260729_174215_rpcf_at_best.pth
attack_thubenchmark_eegnet_seed42_madry_autoattack,attack,thubenchmark,eegnet,42,madry,autoattack,0,1522.853503227234,3,128,16,64,128,completed,True,ad_data/exp031/exp031_full_20260729_174215/thubenchmark_eegnet_seed42_madry_autoattack.pth
attack_thubenchmark_eegnet_seed42_madry_fgsm,attack,thubenchmark,eegnet,42,madry,fgsm,0,18.00704598426819,3,128,16,64,128,completed,True,ad_data/exp031/exp031_full_20260729_174215/thubenchmark_eegnet_seed42_madry_fgsm.pth
attack_thubenchmark_eegnet_seed42_madry_pgd,attack,thubenchmark,eegnet,42,madry,pgd,0,104.03687143325806,3,128,16,64,128,completed,True,ad_data/exp031/exp031_full_20260729_174215/thubenchmark_eegnet_seed42_madry_pgd.pth
attack_thubenchmark_eegnet_seed42_madry_cw,attack,thubenchmark,eegnet,42,madry,cw,0,108.03842997550964,3,128,16,64,128,completed,True,ad_data/exp031/exp031_full_20260729_174215/thubenchmark_eegnet_seed42_madry_cw.pth
attack_thubenchmark_eegnet_seed42_trades_autoattack,attack,thubenchmark,eegnet,42,trades,autoattack,0,1565.450611114502,3,128,16,64,128,completed,True,ad_data/exp031/exp031_full_20260729_174215/thubenchmark_eegnet_seed42_trades_autoattack.pth
attack_thubenchmark_eegnet_seed42_trades_fgsm,attack,thubenchmark,eegnet,42,trades,fgsm,0,40.021339893341064,4,128,16,64,128,completed,True,ad_data/exp031/exp031_full_20260729_174215/thubenchmark_eegnet_seed42_trades_fgsm.pth
attack_thubenchmark_eegnet_seed42_trades_pgd,attack,thubenchmark,eegnet,42,trades,pgd,0,122.10019731521606,4,128,16,64,128,completed,True,ad_data/exp031/exp031_full_20260729_174215/thubenchmark_eegnet_seed42_trades_pgd.pth
attack_thubenchmark_eegnet_seed42_trades_cw,attack,thubenchmark,eegnet,42,trades,cw,0,122.05976414680481,4,128,16,64,128,completed,True,ad_data/exp031/exp031_full_20260729_174215/thubenchmark_eegnet_seed42_trades_cw.pth
attack_thubenchmark_eegnet_seed42_fbf_autoattack,attack,thubenchmark,eegnet,42,fbf,autoattack,0,2140.8651247024536,4,128,16,64,128,completed,True,ad_data/exp031/exp031_full_20260729_174215/thubenchmark_eegnet_seed42_fbf_autoattack.pth
attack_thubenchmark_eegnet_seed42_fbf_fgsm,attack,thubenchmark,eegnet,42,fbf,fgsm,0,40.03117275238037,3,128,16,64,128,completed,True,ad_data/exp031/exp031_full_20260729_174215/thubenchmark_eegnet_seed42_fbf_fgsm.pth
attack_thubenchmark_eegnet_seed42_fbf_pgd,attack,thubenchmark,eegnet,42,fbf,pgd,0,120.06555104255676,3,128,16,64,128,completed,True,ad_data/exp031/exp031_full_20260729_174215/thubenchmark_eegnet_seed42_fbf_pgd.pth
attack_thubenchmark_eegnet_seed42_fbf_cw,attack,thubenchmark,eegnet,42,fbf,cw,0,132.07812309265137,3,128,16,64,128,completed,True,ad_data/exp031/exp031_full_20260729_174215/thubenchmark_eegnet_seed42_fbf_cw.pth
attack_thubenchmark_eegnet_seed42_ea_forward_autoattack,attack,thubenchmark,eegnet,42,ea_forward,autoattack,0,1628.0671286582947,3,128,16,64,128,completed,True,ad_data/exp031/exp031_full_20260729_174215/thubenchmark_eegnet_seed42_ea_forward_autoattack.pth
attack_thubenchmark_eegnet_seed42_ea_forward_fgsm,attack,thubenchmark,eegnet,42,ea_forward,fgsm,0,66.02828192710876,4,128,16,64,128,completed,True,ad_data/exp031/exp031_full_20260729_174215/thubenchmark_eegnet_seed42_ea_forward_fgsm.pth
attack_thubenchmark_eegnet_seed42_ea_forward_pgd,attack,thubenchmark,eegnet,42,ea_forward,pgd,0,156.20633387565613,4,128,16,64,128,completed,True,ad_data/exp031/exp031_full_20260729_174215/thubenchmark_eegnet_seed42_ea_forward_pgd.pth
attack_thubenchmark_eegnet_seed42_ea_forward_cw,attack,thubenchmark,eegnet,42,ea_forward,cw,0,136.31515169143677,3,128,16,64,128,completed,True,ad_data/exp031/exp031_full_20260729_174215/thubenchmark_eegnet_seed42_ea_forward_cw.pth
attack_thubenchmark_eegnet_seed42_rpcf_at_autoattack,attack,thubenchmark,eegnet,42,rpcf_at,autoattack,0,4717.73206281662,4,128,16,64,128,completed,True,ad_data/exp031/exp031_full_20260729_174215/thubenchmark_eegnet_seed42_rpcf_at_autoattack.pth
attack_thubenchmark_eegnet_seed42_rpcf_at_fgsm,attack,thubenchmark,eegnet,42,rpcf_at,fgsm,0,20.009262323379517,2,128,16,64,128,completed,True,ad_data/exp031/exp031_full_20260729_174215/thubenchmark_eegnet_seed42_rpcf_at_fgsm.pth
attack_thubenchmark_eegnet_seed42_rpcf_at_pgd,attack,thubenchmark,eegnet,42,rpcf_at,pgd,0,120.25268793106079,2,128,16,64,128,completed,True,ad_data/exp031/exp031_full_20260729_174215/thubenchmark_eegnet_seed42_rpcf_at_pgd.pth
attack_thubenchmark_eegnet_seed42_rpcf_at_cw,attack,thubenchmark,eegnet,42,rpcf_at,cw,0,150.3177671432495,3,128,16,64,128,completed,True,ad_data/exp031/exp031_full_20260729_174215/thubenchmark_eegnet_seed42_rpcf_at_cw.pth
attack_thubenchmark_eegnet_seed43_madry_autoattack,attack,thubenchmark,eegnet,43,madry,autoattack,0,5426.2921578884125,2,128,16,64,128,completed,True,ad_data/exp031/exp031_full_20260729_174215/thubenchmark_eegnet_seed43_madry_autoattack.pth
attack_thubenchmark_eegnet_seed43_madry_fgsm,attack,thubenchmark,eegnet,43,madry,fgsm,0,72.12955379486084,3,128,16,64,128,completed,True,ad_data/exp031/exp031_full_20260729_174215/thubenchmark_eegnet_seed43_madry_fgsm.pth
attack_thubenchmark_eegnet_seed43_madry_pgd,attack,thubenchmark,eegnet,43,madry,pgd,0,162.2870409488678,3,128,16,64,128,completed,True,ad_data/exp031/exp031_full_20260729_174215/thubenchmark_eegnet_seed43_madry_pgd.pth
attack_thubenchmark_eegnet_seed43_madry_cw,attack,thubenchmark,eegnet,43,madry,cw,0,136.13886642456055,3,128,16,64,128,completed,True,ad_data/exp031/exp031_full_20260729_174215/thubenchmark_eegnet_seed43_madry_cw.pth
attack_thubenchmark_eegnet_seed43_trades_autoattack,attack,thubenchmark,eegnet,43,trades,autoattack,0,3187.6146337985992,3,128,16,64,128,completed,True,ad_data/exp031/exp031_full_20260729_174215/thubenchmark_eegnet_seed43_trades_autoattack.pth
attack_thubenchmark_eegnet_seed43_trades_fgsm,attack,thubenchmark,eegnet,43,trades,fgsm,0,98.20714402198792,6,128,16,64,128,completed,True,ad_data/exp031/exp031_full_20260729_174215/thubenchmark_eegnet_seed43_trades_fgsm.pth
attack_thubenchmark_eegnet_seed43_trades_pgd,attack,thubenchmark,eegnet,43,trades,pgd,0,198.70834279060364,6,128,16,64,128,completed,True,ad_data/exp031/exp031_full_20260729_174215/thubenchmark_eegnet_seed43_trades_pgd.pth
attack_thubenchmark_eegnet_seed43_trades_cw,attack,thubenchmark,eegnet,43,trades,cw,0,180.36481070518494,6,128,16,64,128,completed,True,ad_data/exp031/exp031_full_20260729_174215/thubenchmark_eegnet_seed43_trades_cw.pth
attack_thubenchmark_eegnet_seed43_fbf_autoattack,attack,thubenchmark,eegnet,43,fbf,autoattack,0,3831.1642394065857,6,128,16,64,128,completed,True,ad_data/exp031/exp031_full_20260729_174215/thubenchmark_eegnet_seed43_fbf_autoattack.pth
attack_thubenchmark_eegnet_seed43_fbf_fgsm,attack,thubenchmark,eegnet,43,fbf,fgsm,0,90.25070691108704,3,128,16,64,128,completed,True,ad_data/exp031/exp031_full_20260729_174215/thubenchmark_eegnet_seed43_fbf_fgsm.pth
attack_thubenchmark_eegnet_seed43_fbf_pgd,attack,thubenchmark,eegnet,43,fbf,pgd,0,168.50644326210022,3,128,16,64,128,completed,True,ad_data/exp031/exp031_full_20260729_174215/thubenchmark_eegnet_seed43_fbf_pgd.pth
attack_thubenchmark_eegnet_seed43_fbf_cw,attack,thubenchmark,eegnet,43,fbf,cw,0,206.85432529449463,3,128,16,64,128,completed,True,ad_data/exp031/exp031_full_20260729_174215/thubenchmark_eegnet_seed43_fbf_cw.pth
attack_thubenchmark_eegnet_seed43_ea_forward_autoattack,attack,thubenchmark,eegnet,43,ea_forward,autoattack,0,3505.1458303928375,3,128,16,64,128,completed,True,ad_data/exp031/exp031_full_20260729_174215/thubenchmark_eegnet_seed43_ea_forward_autoattack.pth
attack_thubenchmark_eegnet_seed43_ea_forward_fgsm,attack,thubenchmark,eegnet,43,ea_forward,fgsm,0,84.23068332672119,4,128,16,64,128,completed,True,ad_data/exp031/exp031_full_20260729_174215/thubenchmark_eegnet_seed43_ea_forward_fgsm.pth
attack_thubenchmark_eegnet_seed43_ea_forward_pgd,attack,thubenchmark,eegnet,43,ea_forward,pgd,0,200.49782276153564,4,128,16,64,128,completed,True,ad_data/exp031/exp031_full_20260729_174215/thubenchmark_eegnet_seed43_ea_forward_pgd.pth
attack_thubenchmark_eegnet_seed43_ea_forward_cw,attack,thubenchmark,eegnet,43,ea_forward,cw,0,172.67606139183044,4,128,16,64,128,completed,True,ad_data/exp031/exp031_full_20260729_174215/thubenchmark_eegnet_seed43_ea_forward_cw.pth
attack_thubenchmark_eegnet_seed43_rpcf_at_autoattack,attack,thubenchmark,eegnet,43,rpcf_at,autoattack,0,7002.676300764084,4,128,16,64,128,completed,True,ad_data/exp031/exp031_full_20260729_174215/thubenchmark_eegnet_seed43_rpcf_at_autoattack.pth
attack_thubenchmark_eegnet_seed43_rpcf_at_fgsm,attack,thubenchmark,eegnet,43,rpcf_at,fgsm,0,84.10171175003052,2,128,16,64,128,completed,True,ad_data/exp031/exp031_full_20260729_174215/thubenchmark_eegnet_seed43_rpcf_at_fgsm.pth
attack_thubenchmark_eegnet_seed43_rpcf_at_pgd,attack,thubenchmark,eegnet,43,rpcf_at,pgd,0,218.46762490272522,2,128,16,64,128,completed,True,ad_data/exp031/exp031_full_20260729_174215/thubenchmark_eegnet_seed43_rpcf_at_pgd.pth
attack_thubenchmark_eegnet_seed43_rpcf_at_cw,attack,thubenchmark,eegnet,43,rpcf_at,cw,0,220.6501030921936,2,128,16,64,128,completed,True,ad_data/exp031/exp031_full_20260729_174215/thubenchmark_eegnet_seed43_rpcf_at_cw.pth
attack_thubenchmark_eegnet_seed44_madry_autoattack,attack,thubenchmark,eegnet,44,madry,autoattack,0,7318.611563205719,2,128,16,64,128,completed,True,ad_data/exp031/exp031_full_20260729_174215/thubenchmark_eegnet_seed44_madry_autoattack.pth
attack_thubenchmark_eegnet_seed44_madry_fgsm,attack,thubenchmark,eegnet,44,madry,fgsm,0,130.2682158946991,6,128,16,64,128,completed,True,ad_data/exp031/exp031_full_20260729_174215/thubenchmark_eegnet_seed44_madry_fgsm.pth
attack_thubenchmark_eegnet_seed44_madry_pgd,attack,thubenchmark,eegnet,44,madry,pgd,0,152.81097388267517,6,128,16,64,128,completed,True,ad_data/exp031/exp031_full_20260729_174215/thubenchmark_eegnet_seed44_madry_pgd.pth
attack_thubenchmark_eegnet_seed44_madry_cw,attack,thubenchmark,eegnet,44,madry,cw,0,184.87130284309387,6,128,16,64,128,completed,True,ad_data/exp031/exp031_full_20260729_174215/thubenchmark_eegnet_seed44_madry_cw.pth
attack_thubenchmark_eegnet_seed44_trades_autoattack,attack,thubenchmark,eegnet,44,trades,autoattack,0,2506.953916311264,6,128,16,64,128,completed,True,ad_data/exp031/exp031_full_20260729_174215/thubenchmark_eegnet_seed44_trades_autoattack.pth
attack_thubenchmark_eegnet_seed44_trades_fgsm,attack,thubenchmark,eegnet,44,trades,fgsm,0,116.83014392852783,3,128,16,64,128,completed,True,ad_data/exp031/exp031_full_20260729_174215/thubenchmark_eegnet_seed44_trades_fgsm.pth
attack_thubenchmark_eegnet_seed44_trades_pgd,attack,thubenchmark,eegnet,44,trades,pgd,0,167.45685529708862,3,128,16,64,128,completed,True,ad_data/exp031/exp031_full_20260729_174215/thubenchmark_eegnet_seed44_trades_pgd.pth
attack_thubenchmark_eegnet_seed44_trades_cw,attack,thubenchmark,eegnet,44,trades,cw,0,154.87069988250732,3,128,16,64,128,completed,True,ad_data/exp031/exp031_full_20260729_174215/thubenchmark_eegnet_seed44_trades_cw.pth
attack_thubenchmark_eegnet_seed44_fbf_autoattack,attack,thubenchmark,eegnet,44,fbf,autoattack,0,5749.510591268539,3,128,16,64,128,completed,True,ad_data/exp031/exp031_full_20260729_174215/thubenchmark_eegnet_seed44_fbf_autoattack.pth
attack_thubenchmark_eegnet_seed44_fbf_fgsm,attack,thubenchmark,eegnet,44,fbf,fgsm,0,54.12749242782593,0,128,16,64,128,completed,True,ad_data/exp031/exp031_full_20260729_174215/thubenchmark_eegnet_seed44_fbf_fgsm.pth
attack_thubenchmark_eegnet_seed44_fbf_pgd,attack,thubenchmark,eegnet,44,fbf,pgd,0,200.37015008926392,0,128,16,64,128,completed,True,ad_data/exp031/exp031_full_20260729_174215/thubenchmark_eegnet_seed44_fbf_pgd.pth
attack_thubenchmark_eegnet_seed44_fbf_cw,attack,thubenchmark,eegnet,44,fbf,cw,0,154.3468623161316,0,128,16,64,128,completed,True,ad_data/exp031/exp031_full_20260729_174215/thubenchmark_eegnet_seed44_fbf_cw.pth
attack_thubenchmark_eegnet_seed44_ea_forward_autoattack,attack,thubenchmark,eegnet,44,ea_forward,autoattack,0,1997.5334675312042,6,128,16,64,128,completed,True,ad_data/exp031/exp031_full_20260729_174215/thubenchmark_eegnet_seed44_ea_forward_autoattack.pth
attack_thubenchmark_eegnet_seed44_ea_forward_fgsm,attack,thubenchmark,eegnet,44,ea_forward,fgsm,0,70.14949750900269,0,128,16,64,128,completed,True,ad_data/exp031/exp031_full_20260729_174215/thubenchmark_eegnet_seed44_ea_forward_fgsm.pth
attack_thubenchmark_eegnet_seed44_ea_forward_pgd,attack,thubenchmark,eegnet,44,ea_forward,pgd,0,174.40995693206787,0,128,16,64,128,completed,True,ad_data/exp031/exp031_full_20260729_174215/thubenchmark_eegnet_seed44_ea_forward_pgd.pth
attack_thubenchmark_eegnet_seed44_ea_forward_cw,attack,thubenchmark,eegnet,44,ea_forward,cw,0,232.9361617565155,0,128,16,64,128,completed,True,ad_data/exp031/exp031_full_20260729_174215/thubenchmark_eegnet_seed44_ea_forward_cw.pth
attack_thubenchmark_eegnet_seed44_rpcf_at_autoattack,attack,thubenchmark,eegnet,44,rpcf_at,autoattack,0,5402.37865114212,0,128,16,64,128,completed,True,ad_data/exp031/exp031_full_20260729_174215/thubenchmark_eegnet_seed44_rpcf_at_autoattack.pth
attack_thubenchmark_eegnet_seed44_rpcf_at_fgsm,attack,thubenchmark,eegnet,44,rpcf_at,fgsm,0,46.10291767120361,6,128,16,64,128,completed,True,ad_data/exp031/exp031_full_20260729_174215/thubenchmark_eegnet_seed44_rpcf_at_fgsm.pth
attack_thubenchmark_eegnet_seed44_rpcf_at_pgd,attack,thubenchmark,eegnet,44,rpcf_at,pgd,0,196.2476303577423,6,128,16,64,128,completed,True,ad_data/exp031/exp031_full_20260729_174215/thubenchmark_eegnet_seed44_rpcf_at_pgd.pth
attack_thubenchmark_eegnet_seed44_rpcf_at_cw,attack,thubenchmark,eegnet,44,rpcf_at,cw,0,142.43084907531738,6,128,16,64,128,completed,True,ad_data/exp031/exp031_full_20260729_174215/thubenchmark_eegnet_seed44_rpcf_at_cw.pth
attack_thubenchmark_eegnet_seed45_madry_autoattack,attack,thubenchmark,eegnet,45,madry,autoattack,0,4573.683001279831,6,128,16,64,128,completed,True,ad_data/exp031/exp031_full_20260729_174215/thubenchmark_eegnet_seed45_madry_autoattack.pth
attack_thubenchmark_eegnet_seed45_madry_fgsm,attack,thubenchmark,eegnet,45,madry,fgsm,0,76.31609416007996,4,128,16,64,128,completed,True,ad_data/exp031/exp031_full_20260729_174215/thubenchmark_eegnet_seed45_madry_fgsm.pth
attack_thubenchmark_eegnet_seed45_madry_pgd,attack,thubenchmark,eegnet,45,madry,pgd,0,166.2738058567047,4,128,16,64,128,completed,True,ad_data/exp031/exp031_full_20260729_174215/thubenchmark_eegnet_seed45_madry_pgd.pth
attack_thubenchmark_eegnet_seed45_madry_cw,attack,thubenchmark,eegnet,45,madry,cw,0,194.3468508720398,4,128,16,64,128,completed,True,ad_data/exp031/exp031_full_20260729_174215/thubenchmark_eegnet_seed45_madry_cw.pth
attack_thubenchmark_eegnet_seed45_trades_autoattack,attack,thubenchmark,eegnet,45,trades,autoattack,0,4566.436713218689,4,128,16,64,128,completed,True,ad_data/exp031/exp031_full_20260729_174215/thubenchmark_eegnet_seed45_trades_autoattack.pth
attack_thubenchmark_eegnet_seed45_trades_fgsm,attack,thubenchmark,eegnet,45,trades,fgsm,0,76.20714807510376,2,128,16,64,128,completed,True,ad_data/exp031/exp031_full_20260729_174215/thubenchmark_eegnet_seed45_trades_fgsm.pth
attack_thubenchmark_eegnet_seed45_trades_pgd,attack,thubenchmark,eegnet,45,trades,pgd,0,168.54131865501404,2,128,16,64,128,completed,True,ad_data/exp031/exp031_full_20260729_174215/thubenchmark_eegnet_seed45_trades_pgd.pth
attack_thubenchmark_eegnet_seed45_trades_cw,attack,thubenchmark,eegnet,45,trades,cw,0,192.8810818195343,2,128,16,64,128,completed,True,ad_data/exp031/exp031_full_20260729_174215/thubenchmark_eegnet_seed45_trades_cw.pth
attack_thubenchmark_eegnet_seed45_fbf_autoattack,attack,thubenchmark,eegnet,45,fbf,autoattack,0,6213.138974428177,2,128,16,64,128,completed,True,ad_data/exp031/exp031_full_20260729_174215/thubenchmark_eegnet_seed45_fbf_autoattack.pth
attack_thubenchmark_eegnet_seed45_fbf_fgsm,attack,thubenchmark,eegnet,45,fbf,fgsm,0,106.57317852973938,3,128,16,64,128,completed,True,ad_data/exp031/exp031_full_20260729_174215/thubenchmark_eegnet_seed45_fbf_fgsm.pth
attack_thubenchmark_eegnet_seed45_fbf_pgd,attack,thubenchmark,eegnet,45,fbf,pgd,0,140.2091462612152,3,128,16,64,128,completed,True,ad_data/exp031/exp031_full_20260729_174215/thubenchmark_eegnet_seed45_fbf_pgd.pth
attack_thubenchmark_eegnet_seed45_fbf_cw,attack,thubenchmark,eegnet,45,fbf,cw,0,244.62213397026062,3,128,16,64,128,completed,True,ad_data/exp031/exp031_full_20260729_174215/thubenchmark_eegnet_seed45_fbf_cw.pth
attack_thubenchmark_eegnet_seed45_ea_forward_autoattack,attack,thubenchmark,eegnet,45,ea_forward,autoattack,0,1794.0490291118622,3,128,16,64,128,completed,True,ad_data/exp031/exp031_full_20260729_174215/thubenchmark_eegnet_seed45_ea_forward_autoattack.pth
attack_thubenchmark_eegnet_seed45_ea_forward_fgsm,attack,thubenchmark,eegnet,45,ea_forward,fgsm,0,70.22110724449158,0,128,16,64,128,completed,True,ad_data/exp031/exp031_full_20260729_174215/thubenchmark_eegnet_seed45_ea_forward_fgsm.pth
attack_thubenchmark_eegnet_seed45_ea_forward_pgd,attack,thubenchmark,eegnet,45,ea_forward,pgd,0,173.33452582359314,0,128,16,64,128,completed,True,ad_data/exp031/exp031_full_20260729_174215/thubenchmark_eegnet_seed45_ea_forward_pgd.pth
attack_thubenchmark_eegnet_seed45_ea_forward_cw,attack,thubenchmark,eegnet,45,ea_forward,cw,0,140.6109263896942,0,128,16,64,128,completed,True,ad_data/exp031/exp031_full_20260729_174215/thubenchmark_eegnet_seed45_ea_forward_cw.pth
attack_thubenchmark_eegnet_seed45_rpcf_at_autoattack,attack,thubenchmark,eegnet,45,rpcf_at,autoattack,0,6276.397997140884,0,128,16,64,128,completed,True,ad_data/exp031/exp031_full_20260729_174215/thubenchmark_eegnet_seed45_rpcf_at_autoattack.pth
attack_thubenchmark_eegnet_seed45_rpcf_at_fgsm,attack,thubenchmark,eegnet,45,rpcf_at,fgsm,0,46.15926504135132,3,128,16,64,128,completed,True,ad_data/exp031/exp031_full_20260729_174215/thubenchmark_eegnet_seed45_rpcf_at_fgsm.pth
attack_thubenchmark_eegnet_seed45_rpcf_at_pgd,attack,thubenchmark,eegnet,45,rpcf_at,pgd,0,222.67290687561035,3,128,16,64,128,completed,True,ad_data/exp031/exp031_full_20260729_174215/thubenchmark_eegnet_seed45_rpcf_at_pgd.pth
attack_thubenchmark_eegnet_seed45_rpcf_at_cw,attack,thubenchmark,eegnet,45,rpcf_at,cw,0,205.1190481185913,3,128,16,64,128,completed,True,ad_data/exp031/exp031_full_20260729_174215/thubenchmark_eegnet_seed45_rpcf_at_cw.pth
attack_thubenchmark_eegnet_seed46_madry_autoattack,attack,thubenchmark,eegnet,46,madry,autoattack,0,5836.354640245438,6,128,16,64,128,completed,True,ad_data/exp031/exp031_full_20260729_174215/thubenchmark_eegnet_seed46_madry_autoattack.pth
attack_thubenchmark_eegnet_seed46_madry_fgsm,attack,thubenchmark,eegnet,46,madry,fgsm,0,86.10612225532532,3,128,16,64,128,completed,True,ad_data/exp031/exp031_full_20260729_174215/thubenchmark_eegnet_seed46_madry_fgsm.pth
attack_thubenchmark_eegnet_seed46_madry_pgd,attack,thubenchmark,eegnet,46,madry,pgd,0,160.77311325073242,3,128,16,64,128,completed,True,ad_data/exp031/exp031_full_20260729_174215/thubenchmark_eegnet_seed46_madry_pgd.pth
attack_thubenchmark_eegnet_seed46_madry_cw,attack,thubenchmark,eegnet,46,madry,cw,0,234.87628746032715,3,128,16,64,128,completed,True,ad_data/exp031/exp031_full_20260729_174215/thubenchmark_eegnet_seed46_madry_cw.pth
attack_thubenchmark_eegnet_seed46_trades_autoattack,attack,thubenchmark,eegnet,46,trades,autoattack,0,4280.838282108307,4,128,16,64,128,completed,True,ad_data/exp031/exp031_full_20260729_174215/thubenchmark_eegnet_seed46_trades_autoattack.pth
attack_thubenchmark_eegnet_seed46_trades_fgsm,attack,thubenchmark,eegnet,46,trades,fgsm,0,36.04563093185425,3,128,16,64,128,completed,True,ad_data/exp031/exp031_full_20260729_174215/thubenchmark_eegnet_seed46_trades_fgsm.pth
attack_thubenchmark_eegnet_seed46_trades_pgd,attack,thubenchmark,eegnet,46,trades,pgd,0,130.2364890575409,3,128,16,64,128,completed,True,ad_data/exp031/exp031_full_20260729_174215/thubenchmark_eegnet_seed46_trades_pgd.pth
attack_thubenchmark_eegnet_seed46_trades_cw,attack,thubenchmark,eegnet,46,trades,cw,0,152.27302765846252,3,128,16,64,128,completed,True,ad_data/exp031/exp031_full_20260729_174215/thubenchmark_eegnet_seed46_trades_cw.pth
attack_thubenchmark_eegnet_seed46_fbf_autoattack,attack,thubenchmark,eegnet,46,fbf,autoattack,0,5163.435386657715,3,128,16,64,128,completed,True,ad_data/exp031/exp031_full_20260729_174215/thubenchmark_eegnet_seed46_fbf_autoattack.pth
attack_thubenchmark_eegnet_seed46_fbf_fgsm,attack,thubenchmark,eegnet,46,fbf,fgsm,0,40.06049609184265,1,128,16,64,128,completed,True,ad_data/exp031/exp031_full_20260729_174215/thubenchmark_eegnet_seed46_fbf_fgsm.pth
attack_thubenchmark_eegnet_seed46_fbf_pgd,attack,thubenchmark,eegnet,46,fbf,pgd,0,132.2141649723053,1,128,16,64,128,completed,True,ad_data/exp031/exp031_full_20260729_174215/thubenchmark_eegnet_seed46_fbf_pgd.pth
attack_thubenchmark_eegnet_seed46_fbf_cw,attack,thubenchmark,eegnet,46,fbf,cw,0,142.2283239364624,1,128,16,64,128,completed,True,ad_data/exp031/exp031_full_20260729_174215/thubenchmark_eegnet_seed46_fbf_cw.pth
attack_thubenchmark_eegnet_seed46_ea_forward_autoattack,attack,thubenchmark,eegnet,46,ea_forward,autoattack,0,1690.804036140442,1,128,16,64,128,completed,True,ad_data/exp031/exp031_full_20260729_174215/thubenchmark_eegnet_seed46_ea_forward_autoattack.pth
attack_thubenchmark_eegnet_seed46_ea_forward_fgsm,attack,thubenchmark,eegnet,46,ea_forward,fgsm,0,62.0636043548584,1,128,16,64,128,completed,True,ad_data/exp031/exp031_full_20260729_174215/thubenchmark_eegnet_seed46_ea_forward_fgsm.pth
attack_thubenchmark_eegnet_seed46_ea_forward_pgd,attack,thubenchmark,eegnet,46,ea_forward,pgd,0,170.18974947929382,1,128,16,64,128,completed,True,ad_data/exp031/exp031_full_20260729_174215/thubenchmark_eegnet_seed46_ea_forward_pgd.pth
attack_thubenchmark_eegnet_seed46_ea_forward_cw,attack,thubenchmark,eegnet,46,ea_forward,cw,0,150.4610698223114,1,128,16,64,128,completed,True,ad_data/exp031/exp031_full_20260729_174215/thubenchmark_eegnet_seed46_ea_forward_cw.pth
attack_thubenchmark_eegnet_seed46_rpcf_at_autoattack,attack,thubenchmark,eegnet,46,rpcf_at,autoattack,0,3125.380115032196,2,128,16,64,128,completed,True,ad_data/exp031/exp031_full_20260729_174215/thubenchmark_eegnet_seed46_rpcf_at_autoattack.pth
attack_thubenchmark_eegnet_seed46_rpcf_at_fgsm,attack,thubenchmark,eegnet,46,rpcf_at,fgsm,0,90.12476587295532,1,128,16,64,128,completed,True,ad_data/exp031/exp031_full_20260729_174215/thubenchmark_eegnet_seed46_rpcf_at_fgsm.pth
attack_thubenchmark_eegnet_seed46_rpcf_at_pgd,attack,thubenchmark,eegnet,46,rpcf_at,pgd,0,132.20593738555908,1,128,16,64,128,completed,True,ad_data/exp031/exp031_full_20260729_174215/thubenchmark_eegnet_seed46_rpcf_at_pgd.pth
attack_thubenchmark_eegnet_seed46_rpcf_at_cw,attack,thubenchmark,eegnet,46,rpcf_at,cw,0,178.30711889266968,1,128,16,64,128,completed,True,ad_data/exp031/exp031_full_20260729_174215/thubenchmark_eegnet_seed46_rpcf_at_cw.pth
attack_thubenchmark_deepconvnet_seed42_madry_autoattack,attack,thubenchmark,deepconvnet,42,madry,autoattack,0,6512.5492169857025,3,128,8,32,64,completed,True,ad_data/exp031/exp031_full_20260729_174215/thubenchmark_deepconvnet_seed42_madry_autoattack.pth
attack_thubenchmark_deepconvnet_seed42_madry_fgsm,attack,thubenchmark,deepconvnet,42,madry,fgsm,0,42.05596876144409,5,128,8,32,64,completed,True,ad_data/exp031/exp031_full_20260729_174215/thubenchmark_deepconvnet_seed42_madry_fgsm.pth
attack_thubenchmark_deepconvnet_seed42_madry_pgd,attack,thubenchmark,deepconvnet,42,madry,pgd,0,316.5478501319885,5,128,8,32,64,completed,True,ad_data/exp031/exp031_full_20260729_174215/thubenchmark_deepconvnet_seed42_madry_pgd.pth
attack_thubenchmark_deepconvnet_seed42_madry_cw,attack,thubenchmark,deepconvnet,42,madry,cw,0,392.64327335357666,5,128,8,32,64,completed,True,ad_data/exp031/exp031_full_20260729_174215/thubenchmark_deepconvnet_seed42_madry_cw.pth
attack_thubenchmark_deepconvnet_seed42_trades_autoattack,attack,thubenchmark,deepconvnet,42,trades,autoattack,0,8886.681507825851,5,128,8,32,64,completed,True,ad_data/exp031/exp031_full_20260729_174215/thubenchmark_deepconvnet_seed42_trades_autoattack.pth
attack_thubenchmark_deepconvnet_seed42_trades_fgsm,attack,thubenchmark,deepconvnet,42,trades,fgsm,0,52.485204458236694,3,128,8,32,64,completed,True,ad_data/exp031/exp031_full_20260729_174215/thubenchmark_deepconvnet_seed42_trades_fgsm.pth
attack_thubenchmark_deepconvnet_seed42_trades_pgd,attack,thubenchmark,deepconvnet,42,trades,pgd,0,383.7352693080902,3,128,8,32,64,completed,True,ad_data/exp031/exp031_full_20260729_174215/thubenchmark_deepconvnet_seed42_trades_pgd.pth
attack_thubenchmark_deepconvnet_seed42_trades_cw,attack,thubenchmark,deepconvnet,42,trades,cw,0,391.51643085479736,3,128,8,32,64,completed,True,ad_data/exp031/exp031_full_20260729_174215/thubenchmark_deepconvnet_seed42_trades_cw.pth
attack_thubenchmark_deepconvnet_seed42_fbf_autoattack,attack,thubenchmark,deepconvnet,42,fbf,autoattack,0,7266.169164180756,3,128,8,32,64,completed,True,ad_data/exp031/exp031_full_20260729_174215/thubenchmark_deepconvnet_seed42_fbf_autoattack.pth
attack_thubenchmark_deepconvnet_seed42_fbf_fgsm,attack,thubenchmark,deepconvnet,42,fbf,fgsm,0,56.12616777420044,5,128,8,32,64,completed,True,ad_data/exp031/exp031_full_20260729_174215/thubenchmark_deepconvnet_seed42_fbf_fgsm.pth
attack_thubenchmark_deepconvnet_seed42_fbf_pgd,attack,thubenchmark,deepconvnet,42,fbf,pgd,0,336.6651360988617,5,128,8,32,64,completed,True,ad_data/exp031/exp031_full_20260729_174215/thubenchmark_deepconvnet_seed42_fbf_pgd.pth
attack_thubenchmark_deepconvnet_seed42_fbf_cw,attack,thubenchmark,deepconvnet,42,fbf,cw,0,388.72414350509644,5,128,8,32,64,completed,True,ad_data/exp031/exp031_full_20260729_174215/thubenchmark_deepconvnet_seed42_fbf_cw.pth
attack_thubenchmark_deepconvnet_seed42_ea_forward_autoattack,attack,thubenchmark,deepconvnet,42,ea_forward,autoattack,0,3392.3198211193085,5,128,8,32,64,completed,True,ad_data/exp031/exp031_full_20260729_174215/thubenchmark_deepconvnet_seed42_ea_forward_autoattack.pth
attack_thubenchmark_deepconvnet_seed42_ea_forward_fgsm,attack,thubenchmark,deepconvnet,42,ea_forward,fgsm,0,96.19285035133362,3,128,8,32,64,completed,True,ad_data/exp031/exp031_full_20260729_174215/thubenchmark_deepconvnet_seed42_ea_forward_fgsm.pth
attack_thubenchmark_deepconvnet_seed42_ea_forward_pgd,attack,thubenchmark,deepconvnet,42,ea_forward,pgd,0,433.0081009864807,3,128,8,32,64,completed,True,ad_data/exp031/exp031_full_20260729_174215/thubenchmark_deepconvnet_seed42_ea_forward_pgd.pth
attack_thubenchmark_deepconvnet_seed42_ea_forward_cw,attack,thubenchmark,deepconvnet,42,ea_forward,cw,0,468.95075249671936,3,128,8,32,64,completed,True,ad_data/exp031/exp031_full_20260729_174215/thubenchmark_deepconvnet_seed42_ea_forward_cw.pth
attack_thubenchmark_deepconvnet_seed42_rpcf_at_autoattack,attack,thubenchmark,deepconvnet,42,rpcf_at,autoattack,0,8829.09993815422,3,128,8,32,64,completed,True,ad_data/exp031/exp031_full_20260729_174215/thubenchmark_deepconvnet_seed42_rpcf_at_autoattack.pth
attack_thubenchmark_deepconvnet_seed42_rpcf_at_fgsm,attack,thubenchmark,deepconvnet,42,rpcf_at,fgsm,0,58.129154205322266,5,128,8,32,64,completed,True,ad_data/exp031/exp031_full_20260729_174215/thubenchmark_deepconvnet_seed42_rpcf_at_fgsm.pth
attack_thubenchmark_deepconvnet_seed42_rpcf_at_pgd,attack,thubenchmark,deepconvnet,42,rpcf_at,pgd,0,336.66168189048767,5,128,8,32,64,completed,True,ad_data/exp031/exp031_full_20260729_174215/thubenchmark_deepconvnet_seed42_rpcf_at_pgd.pth
attack_thubenchmark_deepconvnet_seed42_rpcf_at_cw,attack,thubenchmark,deepconvnet,42,rpcf_at,cw,0,380.80662274360657,5,128,8,32,64,completed,True,ad_data/exp031/exp031_full_20260729_174215/thubenchmark_deepconvnet_seed42_rpcf_at_cw.pth
attack_thubenchmark_deepconvnet_seed43_madry_autoattack,attack,thubenchmark,deepconvnet,43,madry,autoattack,0,8668.064897060394,5,128,8,32,64,completed,True,ad_data/exp031/exp031_full_20260729_174215/thubenchmark_deepconvnet_seed43_madry_autoattack.pth
attack_thubenchmark_deepconvnet_seed43_madry_fgsm,attack,thubenchmark,deepconvnet,43,madry,fgsm,0,86.21052837371826,3,128,8,32,64,completed,True,ad_data/exp031/exp031_full_20260729_174215/thubenchmark_deepconvnet_seed43_madry_fgsm.pth
attack_thubenchmark_deepconvnet_seed43_madry_pgd,attack,thubenchmark,deepconvnet,43,madry,pgd,0,354.7047154903412,3,128,8,32,64,completed,True,ad_data/exp031/exp031_full_20260729_174215/thubenchmark_deepconvnet_seed43_madry_pgd.pth
attack_thubenchmark_deepconvnet_seed43_madry_cw,attack,thubenchmark,deepconvnet,43,madry,cw,0,420.9462802410126,3,128,8,32,64,completed,True,ad_data/exp031/exp031_full_20260729_174215/thubenchmark_deepconvnet_seed43_madry_cw.pth
attack_thubenchmark_deepconvnet_seed43_trades_autoattack,attack,thubenchmark,deepconvnet,43,trades,autoattack,0,8189.251298666,3,128,8,32,64,completed,True,ad_data/exp031/exp031_full_20260729_174215/thubenchmark_deepconvnet_seed43_trades_autoattack.pth
attack_thubenchmark_deepconvnet_seed43_trades_fgsm,attack,thubenchmark,deepconvnet,43,trades,fgsm,0,78.1381585597992,5,128,8,32,64,completed,True,ad_data/exp031/exp031_full_20260729_174215/thubenchmark_deepconvnet_seed43_trades_fgsm.pth
attack_thubenchmark_deepconvnet_seed43_trades_pgd,attack,thubenchmark,deepconvnet,43,trades,pgd,0,360.5888822078705,5,128,8,32,64,completed,True,ad_data/exp031/exp031_full_20260729_174215/thubenchmark_deepconvnet_seed43_trades_pgd.pth
attack_thubenchmark_deepconvnet_seed43_trades_cw,attack,thubenchmark,deepconvnet,43,trades,cw,0,408.70117115974426,5,128,8,32,64,completed,True,ad_data/exp031/exp031_full_20260729_174215/thubenchmark_deepconvnet_seed43_trades_cw.pth
attack_thubenchmark_deepconvnet_seed43_fbf_autoattack,attack,thubenchmark,deepconvnet,43,fbf,autoattack,0,7189.20489192009,5,128,8,32,64,completed,True,ad_data/exp031/exp031_full_20260729_174215/thubenchmark_deepconvnet_seed43_fbf_autoattack.pth
attack_thubenchmark_deepconvnet_seed43_fbf_fgsm,attack,thubenchmark,deepconvnet,43,fbf,fgsm,0,74.12913656234741,3,128,8,32,64,completed,True,ad_data/exp031/exp031_full_20260729_174215/thubenchmark_deepconvnet_seed43_fbf_fgsm.pth
attack_thubenchmark_deepconvnet_seed43_fbf_pgd,attack,thubenchmark,deepconvnet,43,fbf,pgd,0,362.66233921051025,3,128,8,32,64,completed,True,ad_data/exp031/exp031_full_20260729_174215/thubenchmark_deepconvnet_seed43_fbf_pgd.pth
attack_thubenchmark_deepconvnet_seed43_fbf_cw,attack,thubenchmark,deepconvnet,43,fbf,cw,0,372.65124464035034,3,128,8,32,64,completed,True,ad_data/exp031/exp031_full_20260729_174215/thubenchmark_deepconvnet_seed43_fbf_cw.pth
attack_thubenchmark_deepconvnet_seed43_ea_forward_autoattack,attack,thubenchmark,deepconvnet,43,ea_forward,autoattack,0,2842.382034301758,5,128,8,32,64,completed,True,ad_data/exp031/exp031_full_20260729_174215/thubenchmark_deepconvnet_seed43_ea_forward_autoattack.pth
attack_thubenchmark_deepconvnet_seed43_ea_forward_fgsm,attack,thubenchmark,deepconvnet,43,ea_forward,fgsm,0,74.08906316757202,3,128,8,32,64,completed,True,ad_data/exp031/exp031_full_20260729_174215/thubenchmark_deepconvnet_seed43_ea_forward_fgsm.pth
attack_thubenchmark_deepconvnet_seed43_ea_forward_pgd,attack,thubenchmark,deepconvnet,43,ea_forward,pgd,0,406.50983905792236,3,128,8,32,64,completed,True,ad_data/exp031/exp031_full_20260729_174215/thubenchmark_deepconvnet_seed43_ea_forward_pgd.pth
attack_thubenchmark_deepconvnet_seed43_ea_forward_cw,attack,thubenchmark,deepconvnet,43,ea_forward,cw,0,436.5501699447632,3,128,8,32,64,completed,True,ad_data/exp031/exp031_full_20260729_174215/thubenchmark_deepconvnet_seed43_ea_forward_cw.pth
attack_thubenchmark_deepconvnet_seed43_rpcf_at_autoattack,attack,thubenchmark,deepconvnet,43,rpcf_at,autoattack,0,6369.685190677643,3,128,8,32,64,completed,True,ad_data/exp031/exp031_full_20260729_174215/thubenchmark_deepconvnet_seed43_rpcf_at_autoattack.pth
attack_thubenchmark_deepconvnet_seed43_rpcf_at_fgsm,attack,thubenchmark,deepconvnet,43,rpcf_at,fgsm,0,56.086766958236694,5,128,8,32,64,completed,True,ad_data/exp031/exp031_full_20260729_174215/thubenchmark_deepconvnet_seed43_rpcf_at_fgsm.pth
attack_thubenchmark_deepconvnet_seed43_rpcf_at_pgd,attack,thubenchmark,deepconvnet,43,rpcf_at,pgd,0,346.4491357803345,5,128,8,32,64,completed,True,ad_data/exp031/exp031_full_20260729_174215/thubenchmark_deepconvnet_seed43_rpcf_at_pgd.pth
attack_thubenchmark_deepconvnet_seed43_rpcf_at_cw,attack,thubenchmark,deepconvnet,43,rpcf_at,cw,0,372.4731628894806,5,128,8,32,64,completed,True,ad_data/exp031/exp031_full_20260729_174215/thubenchmark_deepconvnet_seed43_rpcf_at_cw.pth
attack_thubenchmark_deepconvnet_seed44_madry_autoattack,attack,thubenchmark,deepconvnet,44,madry,autoattack,0,5499.867217063904,5,128,8,32,64,completed,True,ad_data/exp031/exp031_full_20260729_174215/thubenchmark_deepconvnet_seed44_madry_autoattack.pth
attack_thubenchmark_deepconvnet_seed44_madry_fgsm,attack,thubenchmark,deepconvnet,44,madry,fgsm,0,22.011013507843018,3,128,8,32,64,completed,True,ad_data/exp031/exp031_full_20260729_174215/thubenchmark_deepconvnet_seed44_madry_fgsm.pth
attack_thubenchmark_deepconvnet_seed44_madry_pgd,attack,thubenchmark,deepconvnet,44,madry,pgd,0,332.24711894989014,3,128,8,32,64,completed,True,ad_data/exp031/exp031_full_20260729_174215/thubenchmark_deepconvnet_seed44_madry_pgd.pth
attack_thubenchmark_deepconvnet_seed44_madry_cw,attack,thubenchmark,deepconvnet,44,madry,cw,0,340.3750944137573,3,128,8,32,64,completed,True,ad_data/exp031/exp031_full_20260729_174215/thubenchmark_deepconvnet_seed44_madry_cw.pth
attack_thubenchmark_deepconvnet_seed44_trades_autoattack,attack,thubenchmark,deepconvnet,44,trades,autoattack,0,4102.537194490433,3,128,8,32,64,completed,True,ad_data/exp031/exp031_full_20260729_174215/thubenchmark_deepconvnet_seed44_trades_autoattack.pth
attack_thubenchmark_deepconvnet_seed44_trades_fgsm,attack,thubenchmark,deepconvnet,44,trades,fgsm,0,46.046783447265625,5,128,8,32,64,completed,True,ad_data/exp031/exp031_full_20260729_174215/thubenchmark_deepconvnet_seed44_trades_fgsm.pth
attack_thubenchmark_deepconvnet_seed44_trades_pgd,attack,thubenchmark,deepconvnet,44,trades,pgd,0,326.24804973602295,5,128,8,32,64,completed,True,ad_data/exp031/exp031_full_20260729_174215/thubenchmark_deepconvnet_seed44_trades_pgd.pth
attack_thubenchmark_deepconvnet_seed44_trades_cw,attack,thubenchmark,deepconvnet,44,trades,cw,0,348.3202955722809,5,128,8,32,64,completed,True,ad_data/exp031/exp031_full_20260729_174215/thubenchmark_deepconvnet_seed44_trades_cw.pth
attack_thubenchmark_deepconvnet_seed44_fbf_autoattack,attack,thubenchmark,deepconvnet,44,fbf,autoattack,0,3950.076902627945,5,128,8,32,64,completed,True,ad_data/exp031/exp031_full_20260729_174215/thubenchmark_deepconvnet_seed44_fbf_autoattack.pth
attack_thubenchmark_deepconvnet_seed44_fbf_fgsm,attack,thubenchmark,deepconvnet,44,fbf,fgsm,0,20.0133535861969,3,128,8,32,64,completed,True,ad_data/exp031/exp031_full_20260729_174215/thubenchmark_deepconvnet_seed44_fbf_fgsm.pth
attack_thubenchmark_deepconvnet_seed44_fbf_pgd,attack,thubenchmark,deepconvnet,44,fbf,pgd,0,320.2364957332611,3,128,8,32,64,completed,True,ad_data/exp031/exp031_full_20260729_174215/thubenchmark_deepconvnet_seed44_fbf_pgd.pth
attack_thubenchmark_deepconvnet_seed44_fbf_cw,attack,thubenchmark,deepconvnet,44,fbf,cw,0,342.2379262447357,3,128,8,32,64,completed,True,ad_data/exp031/exp031_full_20260729_174215/thubenchmark_deepconvnet_seed44_fbf_cw.pth
attack_thubenchmark_deepconvnet_seed44_ea_forward_autoattack,attack,thubenchmark,deepconvnet,44,ea_forward,autoattack,0,1846.0772976875305,3,128,8,32,64,completed,True,ad_data/exp031/exp031_full_20260729_174215/thubenchmark_deepconvnet_seed44_ea_forward_autoattack.pth
attack_thubenchmark_deepconvnet_seed44_ea_forward_fgsm,attack,thubenchmark,deepconvnet,44,ea_forward,fgsm,0,78.0690426826477,5,128,8,32,64,completed,True,ad_data/exp031/exp031_full_20260729_174215/thubenchmark_deepconvnet_seed44_ea_forward_fgsm.pth
attack_thubenchmark_deepconvnet_seed44_ea_forward_pgd,attack,thubenchmark,deepconvnet,44,ea_forward,pgd,0,394.4503242969513,5,128,8,32,64,completed,True,ad_data/exp031/exp031_full_20260729_174215/thubenchmark_deepconvnet_seed44_ea_forward_pgd.pth
attack_thubenchmark_deepconvnet_seed44_ea_forward_cw,attack,thubenchmark,deepconvnet,44,ea_forward,cw,0,402.3515508174896,5,128,8,32,64,completed,True,ad_data/exp031/exp031_full_20260729_174215/thubenchmark_deepconvnet_seed44_ea_forward_cw.pth
attack_thubenchmark_deepconvnet_seed44_rpcf_at_autoattack,attack,thubenchmark,deepconvnet,44,rpcf_at,autoattack,0,4507.141247987747,3,128,8,32,64,completed,True,ad_data/exp031/exp031_full_20260729_174215/thubenchmark_deepconvnet_seed44_rpcf_at_autoattack.pth
attack_thubenchmark_deepconvnet_seed44_rpcf_at_fgsm,attack,thubenchmark,deepconvnet,44,rpcf_at,fgsm,0,42.04611539840698,5,128,8,32,64,completed,True,ad_data/exp031/exp031_full_20260729_174215/thubenchmark_deepconvnet_seed44_rpcf_at_fgsm.pth
attack_thubenchmark_deepconvnet_seed44_rpcf_at_pgd,attack,thubenchmark,deepconvnet,44,rpcf_at,pgd,0,342.42752289772034,5,128,8,32,64,completed,True,ad_data/exp031/exp031_full_20260729_174215/thubenchmark_deepconvnet_seed44_rpcf_at_pgd.pth
attack_thubenchmark_deepconvnet_seed44_rpcf_at_cw,attack,thubenchmark,deepconvnet,44,rpcf_at,cw,0,385.3330626487732,5,128,8,32,64,completed,True,ad_data/exp031/exp031_full_20260729_174215/thubenchmark_deepconvnet_seed44_rpcf_at_cw.pth
attack_thubenchmark_deepconvnet_seed45_madry_autoattack,attack,thubenchmark,deepconvnet,45,madry,autoattack,0,4287.620581865311,5,128,8,32,64,completed,True,ad_data/exp031/exp031_full_20260729_174215/thubenchmark_deepconvnet_seed45_madry_autoattack.pth
attack_thubenchmark_deepconvnet_seed45_madry_fgsm,attack,thubenchmark,deepconvnet,45,madry,fgsm,0,24.015763998031616,3,128,8,32,64,completed,True,ad_data/exp031/exp031_full_20260729_174215/thubenchmark_deepconvnet_seed45_madry_fgsm.pth
attack_thubenchmark_deepconvnet_seed45_madry_pgd,attack,thubenchmark,deepconvnet,45,madry,pgd,0,318.2236227989197,3,128,8,32,64,completed,True,ad_data/exp031/exp031_full_20260729_174215/thubenchmark_deepconvnet_seed45_madry_pgd.pth
attack_thubenchmark_deepconvnet_seed45_madry_cw,attack,thubenchmark,deepconvnet,45,madry,cw,0,330.233345746994,3,128,8,32,64,completed,True,ad_data/exp031/exp031_full_20260729_174215/thubenchmark_deepconvnet_seed45_madry_cw.pth
attack_thubenchmark_deepconvnet_seed45_trades_autoattack,attack,thubenchmark,deepconvnet,45,trades,autoattack,0,3916.711861848831,5,128,8,32,64,completed,True,ad_data/exp031/exp031_full_20260729_174215/thubenchmark_deepconvnet_seed45_trades_autoattack.pth
attack_thubenchmark_deepconvnet_seed45_trades_fgsm,attack,thubenchmark,deepconvnet,45,trades,fgsm,0,24.019149780273438,3,128,8,32,64,completed,True,ad_data/exp031/exp031_full_20260729_174215/thubenchmark_deepconvnet_seed45_trades_fgsm.pth
attack_thubenchmark_deepconvnet_seed45_trades_pgd,attack,thubenchmark,deepconvnet,45,trades,pgd,0,308.14498805999756,3,128,8,32,64,completed,True,ad_data/exp031/exp031_full_20260729_174215/thubenchmark_deepconvnet_seed45_trades_pgd.pth
attack_thubenchmark_deepconvnet_seed45_trades_cw,attack,thubenchmark,deepconvnet,45,trades,cw,0,354.2634391784668,3,128,8,32,64,completed,True,ad_data/exp031/exp031_full_20260729_174215/thubenchmark_deepconvnet_seed45_trades_cw.pth
attack_thubenchmark_deepconvnet_seed45_fbf_autoattack,attack,thubenchmark,deepconvnet,45,fbf,autoattack,0,3820.7410719394684,3,128,8,32,64,completed,True,ad_data/exp031/exp031_full_20260729_174215/thubenchmark_deepconvnet_seed45_fbf_autoattack.pth
attack_thubenchmark_deepconvnet_seed45_fbf_fgsm,attack,thubenchmark,deepconvnet,45,fbf,fgsm,0,30.020763874053955,5,128,8,32,64,completed,True,ad_data/exp031/exp031_full_20260729_174215/thubenchmark_deepconvnet_seed45_fbf_fgsm.pth
attack_thubenchmark_deepconvnet_seed45_fbf_pgd,attack,thubenchmark,deepconvnet,45,fbf,pgd,0,322.27881121635437,5,128,8,32,64,completed,True,ad_data/exp031/exp031_full_20260729_174215/thubenchmark_deepconvnet_seed45_fbf_pgd.pth
attack_thubenchmark_deepconvnet_seed45_fbf_cw,attack,thubenchmark,deepconvnet,45,fbf,cw,0,350.3568603992462,5,128,8,32,64,completed,True,ad_data/exp031/exp031_full_20260729_174215/thubenchmark_deepconvnet_seed45_fbf_cw.pth
attack_thubenchmark_deepconvnet_seed45_ea_forward_autoattack,attack,thubenchmark,deepconvnet,45,ea_forward,autoattack,0,1471.1798329353333,3,128,8,32,64,completed,True,ad_data/exp031/exp031_full_20260729_174215/thubenchmark_deepconvnet_seed45_ea_forward_autoattack.pth
attack_thubenchmark_deepconvnet_seed45_ea_forward_fgsm,attack,thubenchmark,deepconvnet,45,ea_forward,fgsm,0,54.02040410041809,5,128,8,32,64,completed,True,ad_data/exp031/exp031_full_20260729_174215/thubenchmark_deepconvnet_seed45_ea_forward_fgsm.pth
attack_thubenchmark_deepconvnet_seed45_ea_forward_pgd,attack,thubenchmark,deepconvnet,45,ea_forward,pgd,0,376.17018818855286,5,128,8,32,64,completed,True,ad_data/exp031/exp031_full_20260729_174215/thubenchmark_deepconvnet_seed45_ea_forward_pgd.pth
attack_thubenchmark_deepconvnet_seed45_ea_forward_cw,attack,thubenchmark,deepconvnet,45,ea_forward,cw,0,402.2570767402649,5,128,8,32,64,completed,True,ad_data/exp031/exp031_full_20260729_174215/thubenchmark_deepconvnet_seed45_ea_forward_cw.pth
attack_thubenchmark_deepconvnet_seed45_rpcf_at_autoattack,attack,thubenchmark,deepconvnet,45,rpcf_at,autoattack,0,3931.6680133342743,5,128,8,32,64,completed,True,ad_data/exp031/exp031_full_20260729_174215/thubenchmark_deepconvnet_seed45_rpcf_at_autoattack.pth
attack_thubenchmark_deepconvnet_seed45_rpcf_at_fgsm,attack,thubenchmark,deepconvnet,45,rpcf_at,fgsm,0,28.014885663986206,3,128,8,32,64,completed,True,ad_data/exp031/exp031_full_20260729_174215/thubenchmark_deepconvnet_seed45_rpcf_at_fgsm.pth
attack_thubenchmark_deepconvnet_seed45_rpcf_at_pgd,attack,thubenchmark,deepconvnet,45,rpcf_at,pgd,0,302.1478898525238,3,128,8,32,64,completed,True,ad_data/exp031/exp031_full_20260729_174215/thubenchmark_deepconvnet_seed45_rpcf_at_pgd.pth
attack_thubenchmark_deepconvnet_seed45_rpcf_at_cw,attack,thubenchmark,deepconvnet,45,rpcf_at,cw,0,352.30743861198425,3,128,8,32,64,completed,True,ad_data/exp031/exp031_full_20260729_174215/thubenchmark_deepconvnet_seed45_rpcf_at_cw.pth
attack_thubenchmark_deepconvnet_seed46_madry_autoattack,attack,thubenchmark,deepconvnet,46,madry,autoattack,0,4212.213806390762,3,128,8,32,64,completed,True,ad_data/exp031/exp031_full_20260729_174215/thubenchmark_deepconvnet_seed46_madry_autoattack.pth
attack_thubenchmark_deepconvnet_seed46_madry_fgsm,attack,thubenchmark,deepconvnet,46,madry,fgsm,0,38.02290415763855,5,128,8,32,64,completed,True,ad_data/exp031/exp031_full_20260729_174215/thubenchmark_deepconvnet_seed46_madry_fgsm.pth
attack_thubenchmark_deepconvnet_seed46_madry_pgd,attack,thubenchmark,deepconvnet,46,madry,pgd,0,308.3233070373535,5,128,8,32,64,completed,True,ad_data/exp031/exp031_full_20260729_174215/thubenchmark_deepconvnet_seed46_madry_pgd.pth
attack_thubenchmark_deepconvnet_seed46_madry_cw,attack,thubenchmark,deepconvnet,46,madry,cw,0,346.23283863067627,5,128,8,32,64,completed,True,ad_data/exp031/exp031_full_20260729_174215/thubenchmark_deepconvnet_seed46_madry_cw.pth
attack_thubenchmark_deepconvnet_seed46_trades_autoattack,attack,thubenchmark,deepconvnet,46,trades,autoattack,0,4755.738825798035,5,128,8,32,64,completed,True,ad_data/exp031/exp031_full_20260729_174215/thubenchmark_deepconvnet_seed46_trades_autoattack.pth
attack_thubenchmark_deepconvnet_seed46_trades_fgsm,attack,thubenchmark,deepconvnet,46,trades,fgsm,0,30.057359218597412,3,128,8,32,64,completed,True,ad_data/exp031/exp031_full_20260729_174215/thubenchmark_deepconvnet_seed46_trades_fgsm.pth
attack_thubenchmark_deepconvnet_seed46_trades_pgd,attack,thubenchmark,deepconvnet,46,trades,pgd,0,322.25824785232544,3,128,8,32,64,completed,True,ad_data/exp031/exp031_full_20260729_174215/thubenchmark_deepconvnet_seed46_trades_pgd.pth
attack_thubenchmark_deepconvnet_seed46_trades_cw,attack,thubenchmark,deepconvnet,46,trades,cw,0,342.47352147102356,3,128,8,32,64,completed,True,ad_data/exp031/exp031_full_20260729_174215/thubenchmark_deepconvnet_seed46_trades_cw.pth
attack_thubenchmark_deepconvnet_seed46_fbf_autoattack,attack,thubenchmark,deepconvnet,46,fbf,autoattack,0,4381.376724720001,3,128,8,32,64,completed,True,ad_data/exp031/exp031_full_20260729_174215/thubenchmark_deepconvnet_seed46_fbf_autoattack.pth
attack_thubenchmark_deepconvnet_seed46_fbf_fgsm,attack,thubenchmark,deepconvnet,46,fbf,fgsm,0,44.05242204666138,5,128,8,32,64,completed,True,ad_data/exp031/exp031_full_20260729_174215/thubenchmark_deepconvnet_seed46_fbf_fgsm.pth
attack_thubenchmark_deepconvnet_seed46_fbf_pgd,attack,thubenchmark,deepconvnet,46,fbf,pgd,0,332.240159034729,5,128,8,32,64,completed,True,ad_data/exp031/exp031_full_20260729_174215/thubenchmark_deepconvnet_seed46_fbf_pgd.pth
attack_thubenchmark_deepconvnet_seed46_fbf_cw,attack,thubenchmark,deepconvnet,46,fbf,cw,0,358.3173954486847,5,128,8,32,64,completed,True,ad_data/exp031/exp031_full_20260729_174215/thubenchmark_deepconvnet_seed46_fbf_cw.pth
attack_thubenchmark_deepconvnet_seed46_ea_forward_autoattack,attack,thubenchmark,deepconvnet,46,ea_forward,autoattack,0,2228.064128637314,5,128,8,32,64,completed,True,ad_data/exp031/exp031_full_20260729_174215/thubenchmark_deepconvnet_seed46_ea_forward_autoattack.pth
attack_thubenchmark_deepconvnet_seed46_ea_forward_fgsm,attack,thubenchmark,deepconvnet,46,ea_forward,fgsm,0,82.12494158744812,3,128,8,32,64,completed,True,ad_data/exp031/exp031_full_20260729_174215/thubenchmark_deepconvnet_seed46_ea_forward_fgsm.pth
attack_thubenchmark_deepconvnet_seed46_ea_forward_pgd,attack,thubenchmark,deepconvnet,46,ea_forward,pgd,0,416.88972187042236,3,128,8,32,64,completed,True,ad_data/exp031/exp031_full_20260729_174215/thubenchmark_deepconvnet_seed46_ea_forward_pgd.pth
attack_thubenchmark_deepconvnet_seed46_ea_forward_cw,attack,thubenchmark,deepconvnet,46,ea_forward,cw,0,456.82437109947205,3,128,8,32,64,completed,True,ad_data/exp031/exp031_full_20260729_174215/thubenchmark_deepconvnet_seed46_ea_forward_cw.pth
attack_thubenchmark_deepconvnet_seed46_rpcf_at_autoattack,attack,thubenchmark,deepconvnet,46,rpcf_at,autoattack,0,6798.6706635952,3,128,8,32,64,completed,True,ad_data/exp031/exp031_full_20260729_174215/thubenchmark_deepconvnet_seed46_rpcf_at_autoattack.pth
attack_thubenchmark_deepconvnet_seed46_rpcf_at_fgsm,attack,thubenchmark,deepconvnet,46,rpcf_at,fgsm,0,66.13851165771484,5,128,8,32,64,completed,True,ad_data/exp031/exp031_full_20260729_174215/thubenchmark_deepconvnet_seed46_rpcf_at_fgsm.pth
attack_thubenchmark_deepconvnet_seed46_rpcf_at_pgd,attack,thubenchmark,deepconvnet,46,rpcf_at,pgd,0,334.64753222465515,5,128,8,32,64,completed,True,ad_data/exp031/exp031_full_20260729_174215/thubenchmark_deepconvnet_seed46_rpcf_at_pgd.pth
attack_thubenchmark_deepconvnet_seed46_rpcf_at_cw,attack,thubenchmark,deepconvnet,46,rpcf_at,cw,0,380.79083776474,5,128,8,32,64,completed,True,ad_data/exp031/exp031_full_20260729_174215/thubenchmark_deepconvnet_seed46_rpcf_at_cw.pth
attack_thubenchmark_tsception_seed42_madry_autoattack,attack,thubenchmark,tsception,42,madry,autoattack,0,4057.782055616379,5,32,16,8,16,completed,True,ad_data/exp031/exp031_full_20260729_174215/thubenchmark_tsception_seed42_madry_autoattack.pth
attack_thubenchmark_tsception_seed42_madry_fgsm,attack,thubenchmark,tsception,42,madry,fgsm,0,62.08535075187683,1,32,16,8,16,completed,True,ad_data/exp031/exp031_full_20260729_174215/thubenchmark_tsception_seed42_madry_fgsm.pth
attack_thubenchmark_tsception_seed42_madry_pgd,attack,thubenchmark,tsception,42,madry,pgd,0,468.6035330295563,1,32,16,8,16,completed,True,ad_data/exp031/exp031_full_20260729_174215/thubenchmark_tsception_seed42_madry_pgd.pth
attack_thubenchmark_tsception_seed42_madry_cw,attack,thubenchmark,tsception,42,madry,cw,0,272.4521541595459,1,32,16,8,16,completed,True,ad_data/exp031/exp031_full_20260729_174215/thubenchmark_tsception_seed42_madry_cw.pth
attack_thubenchmark_tsception_seed42_trades_autoattack,attack,thubenchmark,tsception,42,trades,autoattack,0,1649.9034597873688,1,32,16,8,16,completed,True,ad_data/exp031/exp031_full_20260729_174215/thubenchmark_tsception_seed42_trades_autoattack.pth
attack_thubenchmark_tsception_seed42_trades_fgsm,attack,thubenchmark,tsception,42,trades,fgsm,0,60.07014870643616,1,32,16,8,16,completed,True,ad_data/exp031/exp031_full_20260729_174215/thubenchmark_tsception_seed42_trades_fgsm.pth
attack_thubenchmark_tsception_seed42_trades_pgd,attack,thubenchmark,tsception,42,trades,pgd,0,474.88681960105896,1,32,16,8,16,completed,True,ad_data/exp031/exp031_full_20260729_174215/thubenchmark_tsception_seed42_trades_pgd.pth
attack_thubenchmark_tsception_seed42_trades_cw,attack,thubenchmark,tsception,42,trades,cw,0,378.04212164878845,1,32,16,8,16,completed,True,ad_data/exp031/exp031_full_20260729_174215/thubenchmark_tsception_seed42_trades_cw.pth
attack_thubenchmark_tsception_seed42_fbf_autoattack,attack,thubenchmark,tsception,42,fbf,autoattack,0,902.9891512393951,5,32,16,8,16,completed,True,ad_data/exp031/exp031_full_20260729_174215/thubenchmark_tsception_seed42_fbf_autoattack.pth
attack_thubenchmark_tsception_seed42_fbf_fgsm,attack,thubenchmark,tsception,42,fbf,fgsm,0,78.19095611572266,1,32,16,8,16,completed,True,ad_data/exp031/exp031_full_20260729_174215/thubenchmark_tsception_seed42_fbf_fgsm.pth
attack_thubenchmark_tsception_seed42_fbf_pgd,attack,thubenchmark,tsception,42,fbf,pgd,0,475.68600153923035,1,32,16,8,16,completed,True,ad_data/exp031/exp031_full_20260729_174215/thubenchmark_tsception_seed42_fbf_pgd.pth
attack_thubenchmark_tsception_seed42_fbf_cw,attack,thubenchmark,tsception,42,fbf,cw,0,316.452107667923,1,32,16,8,16,completed,True,ad_data/exp031/exp031_full_20260729_174215/thubenchmark_tsception_seed42_fbf_cw.pth
attack_thubenchmark_tsception_seed42_ea_forward_autoattack,attack,thubenchmark,tsception,42,ea_forward,autoattack,0,587.042441368103,1,32,16,8,16,completed,True,ad_data/exp031/exp031_full_20260729_174215/thubenchmark_tsception_seed42_ea_forward_autoattack.pth
attack_thubenchmark_tsception_seed42_ea_forward_fgsm,attack,thubenchmark,tsception,42,ea_forward,fgsm,0,96.15747618675232,5,32,16,8,16,completed,True,ad_data/exp031/exp031_full_20260729_174215/thubenchmark_tsception_seed42_ea_forward_fgsm.pth
attack_thubenchmark_tsception_seed42_ea_forward_pgd,attack,thubenchmark,tsception,42,ea_forward,pgd,0,490.7090926170349,5,32,16,8,16,completed,True,ad_data/exp031/exp031_full_20260729_174215/thubenchmark_tsception_seed42_ea_forward_pgd.pth
attack_thubenchmark_tsception_seed42_ea_forward_cw,attack,thubenchmark,tsception,42,ea_forward,cw,0,122.10952305793762,3,32,16,8,16,completed,True,ad_data/exp031/exp031_full_20260729_174215/thubenchmark_tsception_seed42_ea_forward_cw.pth
attack_thubenchmark_tsception_seed42_rpcf_at_autoattack,attack,thubenchmark,tsception,42,rpcf_at,autoattack,0,4032.3506009578705,3,32,16,8,16,completed,True,ad_data/exp031/exp031_full_20260729_174215/thubenchmark_tsception_seed42_rpcf_at_autoattack.pth
attack_thubenchmark_tsception_seed42_rpcf_at_fgsm,attack,thubenchmark,tsception,42,rpcf_at,fgsm,0,30.100103616714478,1,32,16,8,16,completed,True,ad_data/exp031/exp031_full_20260729_174215/thubenchmark_tsception_seed42_rpcf_at_fgsm.pth
attack_thubenchmark_tsception_seed42_rpcf_at_pgd,attack,thubenchmark,tsception,42,rpcf_at,pgd,0,438.591108083725,5,32,16,8,16,completed,True,ad_data/exp031/exp031_full_20260729_174215/thubenchmark_tsception_seed42_rpcf_at_pgd.pth
attack_thubenchmark_tsception_seed42_rpcf_at_cw,attack,thubenchmark,tsception,42,rpcf_at,cw,0,258.20217657089233,1,32,16,8,16,completed,True,ad_data/exp031/exp031_full_20260729_174215/thubenchmark_tsception_seed42_rpcf_at_cw.pth
attack_thubenchmark_tsception_seed43_madry_autoattack,attack,thubenchmark,tsception,43,madry,autoattack,0,3960.787214279175,1,32,16,8,16,completed,True,ad_data/exp031/exp031_full_20260729_174215/thubenchmark_tsception_seed43_madry_autoattack.pth
attack_thubenchmark_tsception_seed43_madry_fgsm,attack,thubenchmark,tsception,43,madry,fgsm,0,86.12295603752136,5,32,16,8,16,completed,True,ad_data/exp031/exp031_full_20260729_174215/thubenchmark_tsception_seed43_madry_fgsm.pth
attack_thubenchmark_tsception_seed43_madry_pgd,attack,thubenchmark,tsception,43,madry,pgd,0,474.97056245803833,5,32,16,8,16,completed,True,ad_data/exp031/exp031_full_20260729_174215/thubenchmark_tsception_seed43_madry_pgd.pth
attack_thubenchmark_tsception_seed43_madry_cw,attack,thubenchmark,tsception,43,madry,cw,0,268.402948141098,6,32,16,8,16,completed,True,ad_data/exp031/exp031_full_20260729_174215/thubenchmark_tsception_seed43_madry_cw.pth
attack_thubenchmark_tsception_seed43_trades_autoattack,attack,thubenchmark,tsception,43,trades,autoattack,0,2437.3350863456726,6,32,16,8,16,completed,True,ad_data/exp031/exp031_full_20260729_174215/thubenchmark_tsception_seed43_trades_autoattack.pth
attack_thubenchmark_tsception_seed43_trades_fgsm,attack,thubenchmark,tsception,43,trades,fgsm,0,58.07714056968689,5,32,16,8,16,completed,True,ad_data/exp031/exp031_full_20260729_174215/thubenchmark_tsception_seed43_trades_fgsm.pth
attack_thubenchmark_tsception_seed43_trades_pgd,attack,thubenchmark,tsception,43,trades,pgd,0,495.0972490310669,5,32,16,8,16,completed,True,ad_data/exp031/exp031_full_20260729_174215/thubenchmark_tsception_seed43_trades_pgd.pth
attack_thubenchmark_tsception_seed43_trades_cw,attack,thubenchmark,tsception,43,trades,cw,0,318.54015254974365,5,32,16,8,16,completed,True,ad_data/exp031/exp031_full_20260729_174215/thubenchmark_tsception_seed43_trades_cw.pth
attack_thubenchmark_tsception_seed43_fbf_autoattack,attack,thubenchmark,tsception,43,fbf,autoattack,0,1891.652126789093,5,32,16,8,16,completed,True,ad_data/exp031/exp031_full_20260729_174215/thubenchmark_tsception_seed43_fbf_autoattack.pth
attack_thubenchmark_tsception_seed43_fbf_fgsm,attack,thubenchmark,tsception,43,fbf,fgsm,0,94.14315629005432,6,32,16,8,16,completed,True,ad_data/exp031/exp031_full_20260729_174215/thubenchmark_tsception_seed43_fbf_fgsm.pth
attack_thubenchmark_tsception_seed43_fbf_pgd,attack,thubenchmark,tsception,43,fbf,pgd,0,484.9069068431854,6,32,16,8,16,completed,True,ad_data/exp031/exp031_full_20260729_174215/thubenchmark_tsception_seed43_fbf_pgd.pth
attack_thubenchmark_tsception_seed43_fbf_cw,attack,thubenchmark,tsception,43,fbf,cw,0,336.7611999511719,5,32,16,8,16,completed,True,ad_data/exp031/exp031_full_20260729_174215/thubenchmark_tsception_seed43_fbf_cw.pth
attack_thubenchmark_tsception_seed43_ea_forward_autoattack,attack,thubenchmark,tsception,43,ea_forward,autoattack,0,76.06461501121521,3,32,16,8,16,completed,True,ad_data/exp031/exp031_full_20260729_174215/thubenchmark_tsception_seed43_ea_forward_autoattack.pth
attack_thubenchmark_tsception_seed43_ea_forward_fgsm,attack,thubenchmark,tsception,43,ea_forward,fgsm,0,78.07876706123352,3,32,16,8,16,completed,True,ad_data/exp031/exp031_full_20260729_174215/thubenchmark_tsception_seed43_ea_forward_fgsm.pth
attack_thubenchmark_tsception_seed43_ea_forward_pgd,attack,thubenchmark,tsception,43,ea_forward,pgd,0,505.09106278419495,3,32,16,8,16,completed,True,ad_data/exp031/exp031_full_20260729_174215/thubenchmark_tsception_seed43_ea_forward_pgd.pth
attack_thubenchmark_tsception_seed43_ea_forward_cw,attack,thubenchmark,tsception,43,ea_forward,cw,0,126.33636045455933,6,32,16,8,16,completed,True,ad_data/exp031/exp031_full_20260729_174215/thubenchmark_tsception_seed43_ea_forward_cw.pth
attack_thubenchmark_tsception_seed43_rpcf_at_autoattack,attack,thubenchmark,tsception,43,rpcf_at,autoattack,0,3783.9412713050842,5,32,16,8,16,completed,True,ad_data/exp031/exp031_full_20260729_174215/thubenchmark_tsception_seed43_rpcf_at_autoattack.pth
attack_thubenchmark_tsception_seed43_rpcf_at_fgsm,attack,thubenchmark,tsception,43,rpcf_at,fgsm,0,56.06619691848755,6,32,16,8,16,completed,True,ad_data/exp031/exp031_full_20260729_174215/thubenchmark_tsception_seed43_rpcf_at_fgsm.pth
attack_thubenchmark_tsception_seed43_rpcf_at_pgd,attack,thubenchmark,tsception,43,rpcf_at,pgd,0,464.7640209197998,6,32,16,8,16,completed,True,ad_data/exp031/exp031_full_20260729_174215/thubenchmark_tsception_seed43_rpcf_at_pgd.pth
attack_thubenchmark_tsception_seed43_rpcf_at_cw,attack,thubenchmark,tsception,43,rpcf_at,cw,0,226.16027855873108,1,32,16,8,16,completed,True,ad_data/exp031/exp031_full_20260729_174215/thubenchmark_tsception_seed43_rpcf_at_cw.pth
attack_thubenchmark_tsception_seed44_madry_autoattack,attack,thubenchmark,tsception,44,madry,autoattack,0,4014.9193608760834,1,32,16,8,16,completed,True,ad_data/exp031/exp031_full_20260729_174215/thubenchmark_tsception_seed44_madry_autoattack.pth
attack_thubenchmark_tsception_seed44_madry_fgsm,attack,thubenchmark,tsception,44,madry,fgsm,0,66.0850510597229,3,32,16,8,16,completed,True,ad_data/exp031/exp031_full_20260729_174215/thubenchmark_tsception_seed44_madry_fgsm.pth
attack_thubenchmark_tsception_seed44_madry_pgd,attack,thubenchmark,tsception,44,madry,pgd,0,450.6232223510742,3,32,16,8,16,completed,True,ad_data/exp031/exp031_full_20260729_174215/thubenchmark_tsception_seed44_madry_pgd.pth
attack_thubenchmark_tsception_seed44_madry_cw,attack,thubenchmark,tsception,44,madry,cw,0,254.25708436965942,6,32,16,8,16,completed,True,ad_data/exp031/exp031_full_20260729_174215/thubenchmark_tsception_seed44_madry_cw.pth
attack_thubenchmark_tsception_seed44_trades_autoattack,attack,thubenchmark,tsception,44,trades,autoattack,0,2265.1506469249725,6,32,16,8,16,completed,True,ad_data/exp031/exp031_full_20260729_174215/thubenchmark_tsception_seed44_trades_autoattack.pth
attack_thubenchmark_tsception_seed44_trades_fgsm,attack,thubenchmark,tsception,44,trades,fgsm,0,72.10415315628052,3,32,16,8,16,completed,True,ad_data/exp031/exp031_full_20260729_174215/thubenchmark_tsception_seed44_trades_fgsm.pth
attack_thubenchmark_tsception_seed44_trades_pgd,attack,thubenchmark,tsception,44,trades,pgd,0,474.4956865310669,3,32,16,8,16,completed,True,ad_data/exp031/exp031_full_20260729_174215/thubenchmark_tsception_seed44_trades_pgd.pth
attack_thubenchmark_tsception_seed44_trades_cw,attack,thubenchmark,tsception,44,trades,cw,0,312.32816553115845,3,32,16,8,16,completed,True,ad_data/exp031/exp031_full_20260729_174215/thubenchmark_tsception_seed44_trades_cw.pth
attack_thubenchmark_tsception_seed44_fbf_autoattack,attack,thubenchmark,tsception,44,fbf,autoattack,0,2077.190941810608,3,32,16,8,16,completed,True,ad_data/exp031/exp031_full_20260729_174215/thubenchmark_tsception_seed44_fbf_autoattack.pth
attack_thubenchmark_tsception_seed44_fbf_fgsm,attack,thubenchmark,tsception,44,fbf,fgsm,0,70.07717299461365,6,32,16,8,16,completed,True,ad_data/exp031/exp031_full_20260729_174215/thubenchmark_tsception_seed44_fbf_fgsm.pth
attack_thubenchmark_tsception_seed44_fbf_pgd,attack,thubenchmark,tsception,44,fbf,pgd,0,512.6649341583252,6,32,16,8,16,completed,True,ad_data/exp031/exp031_full_20260729_174215/thubenchmark_tsception_seed44_fbf_pgd.pth
attack_thubenchmark_tsception_seed44_fbf_cw,attack,thubenchmark,tsception,44,fbf,cw,0,332.92200541496277,6,32,16,8,16,completed,True,ad_data/exp031/exp031_full_20260729_174215/thubenchmark_tsception_seed44_fbf_cw.pth
attack_thubenchmark_tsception_seed44_ea_forward_autoattack,attack,thubenchmark,tsception,44,ea_forward,autoattack,0,134.3395175933838,5,32,16,8,16,completed,True,ad_data/exp031/exp031_full_20260729_174215/thubenchmark_tsception_seed44_ea_forward_autoattack.pth
attack_thubenchmark_tsception_seed44_ea_forward_fgsm,attack,thubenchmark,tsception,44,ea_forward,fgsm,0,88.23443245887756,3,32,16,8,16,completed,True,ad_data/exp031/exp031_full_20260729_174215/thubenchmark_tsception_seed44_ea_forward_fgsm.pth
attack_thubenchmark_tsception_seed44_ea_forward_pgd,attack,thubenchmark,tsception,44,ea_forward,pgd,0,531.3809366226196,5,32,16,8,16,completed,True,ad_data/exp031/exp031_full_20260729_174215/thubenchmark_tsception_seed44_ea_forward_pgd.pth
attack_thubenchmark_tsception_seed44_ea_forward_cw,attack,thubenchmark,tsception,44,ea_forward,cw,0,140.25328087806702,3,32,16,8,16,completed,True,ad_data/exp031/exp031_full_20260729_174215/thubenchmark_tsception_seed44_ea_forward_cw.pth
attack_thubenchmark_tsception_seed44_rpcf_at_autoattack,attack,thubenchmark,tsception,44,rpcf_at,autoattack,0,4377.786221265793,6,32,16,8,16,completed,True,ad_data/exp031/exp031_full_20260729_174215/thubenchmark_tsception_seed44_rpcf_at_autoattack.pth
attack_thubenchmark_tsception_seed44_rpcf_at_fgsm,attack,thubenchmark,tsception,44,rpcf_at,fgsm,0,64.08488178253174,3,32,16,8,16,completed,True,ad_data/exp031/exp031_full_20260729_174215/thubenchmark_tsception_seed44_rpcf_at_fgsm.pth
attack_thubenchmark_tsception_seed44_rpcf_at_pgd,attack,thubenchmark,tsception,44,rpcf_at,pgd,0,487.19723653793335,3,32,16,8,16,completed,True,ad_data/exp031/exp031_full_20260729_174215/thubenchmark_tsception_seed44_rpcf_at_pgd.pth
attack_thubenchmark_tsception_seed44_rpcf_at_cw,attack,thubenchmark,tsception,44,rpcf_at,cw,0,266.67486453056335,1,32,16,8,16,completed,True,ad_data/exp031/exp031_full_20260729_174215/thubenchmark_tsception_seed44_rpcf_at_cw.pth
attack_thubenchmark_tsception_seed45_madry_autoattack,attack,thubenchmark,tsception,45,madry,autoattack,0,6092.352875709534,0,32,16,8,16,completed,True,ad_data/exp031/exp031_full_20260729_174215/thubenchmark_tsception_seed45_madry_autoattack.pth
attack_thubenchmark_tsception_seed45_madry_fgsm,attack,thubenchmark,tsception,45,madry,fgsm,0,42.03347563743591,5,32,16,8,16,completed,True,ad_data/exp031/exp031_full_20260729_174215/thubenchmark_tsception_seed45_madry_fgsm.pth
attack_thubenchmark_tsception_seed45_madry_pgd,attack,thubenchmark,tsception,45,madry,pgd,0,482.93869185447693,5,32,16,8,16,completed,True,ad_data/exp031/exp031_full_20260729_174215/thubenchmark_tsception_seed45_madry_pgd.pth
attack_thubenchmark_tsception_seed45_madry_cw,attack,thubenchmark,tsception,45,madry,cw,0,276.4226086139679,1,32,16,8,16,completed,True,ad_data/exp031/exp031_full_20260729_174215/thubenchmark_tsception_seed45_madry_cw.pth
attack_thubenchmark_tsception_seed45_trades_autoattack,attack,thubenchmark,tsception,45,trades,autoattack,0,2355.301265478134,3,32,16,8,16,completed,True,ad_data/exp031/exp031_full_20260729_174215/thubenchmark_tsception_seed45_trades_autoattack.pth
attack_thubenchmark_tsception_seed45_trades_fgsm,attack,thubenchmark,tsception,45,trades,fgsm,0,78.26500225067139,1,32,16,8,16,completed,True,ad_data/exp031/exp031_full_20260729_174215/thubenchmark_tsception_seed45_trades_fgsm.pth
attack_thubenchmark_tsception_seed45_trades_pgd,attack,thubenchmark,tsception,45,trades,pgd,0,486.9269847869873,5,32,16,8,16,completed,True,ad_data/exp031/exp031_full_20260729_174215/thubenchmark_tsception_seed45_trades_pgd.pth
attack_thubenchmark_tsception_seed45_trades_cw,attack,thubenchmark,tsception,45,trades,cw,0,316.374183177948,1,32,16,8,16,completed,True,ad_data/exp031/exp031_full_20260729_174215/thubenchmark_tsception_seed45_trades_cw.pth
attack_thubenchmark_tsception_seed45_fbf_autoattack,attack,thubenchmark,tsception,45,fbf,autoattack,0,1475.2519176006317,1,32,16,8,16,completed,True,ad_data/exp031/exp031_full_20260729_174215/thubenchmark_tsception_seed45_fbf_autoattack.pth
attack_thubenchmark_tsception_seed45_fbf_fgsm,attack,thubenchmark,tsception,45,fbf,fgsm,0,72.11598348617554,5,32,16,8,16,completed,True,ad_data/exp031/exp031_full_20260729_174215/thubenchmark_tsception_seed45_fbf_fgsm.pth
attack_thubenchmark_tsception_seed45_fbf_pgd,attack,thubenchmark,tsception,45,fbf,pgd,0,480.77827763557434,5,32,16,8,16,completed,True,ad_data/exp031/exp031_full_20260729_174215/thubenchmark_tsception_seed45_fbf_pgd.pth
attack_thubenchmark_tsception_seed45_fbf_cw,attack,thubenchmark,tsception,45,fbf,cw,0,442.9148986339569,5,32,16,8,16,completed,True,ad_data/exp031/exp031_full_20260729_174215/thubenchmark_tsception_seed45_fbf_cw.pth
attack_thubenchmark_tsception_seed45_ea_forward_autoattack,attack,thubenchmark,tsception,45,ea_forward,autoattack,0,90.1371202468872,5,32,16,8,16,completed,True,ad_data/exp031/exp031_full_20260729_174215/thubenchmark_tsception_seed45_ea_forward_autoattack.pth
attack_thubenchmark_tsception_seed45_ea_forward_fgsm,attack,thubenchmark,tsception,45,ea_forward,fgsm,0,74.09386014938354,5,32,16,8,16,completed,True,ad_data/exp031/exp031_full_20260729_174215/thubenchmark_tsception_seed45_ea_forward_fgsm.pth
attack_thubenchmark_tsception_seed45_ea_forward_pgd,attack,thubenchmark,tsception,45,ea_forward,pgd,0,519.2766313552856,5,32,16,8,16,completed,True,ad_data/exp031/exp031_full_20260729_174215/thubenchmark_tsception_seed45_ea_forward_pgd.pth
attack_thubenchmark_tsception_seed45_ea_forward_cw,attack,thubenchmark,tsception,45,ea_forward,cw,0,138.20794939994812,1,32,16,8,16,completed,True,ad_data/exp031/exp031_full_20260729_174215/thubenchmark_tsception_seed45_ea_forward_cw.pth
attack_thubenchmark_tsception_seed45_rpcf_at_autoattack,attack,thubenchmark,tsception,45,rpcf_at,autoattack,0,5069.251138448715,1,32,16,8,16,completed,True,ad_data/exp031/exp031_full_20260729_174215/thubenchmark_tsception_seed45_rpcf_at_autoattack.pth
attack_thubenchmark_tsception_seed45_rpcf_at_fgsm,attack,thubenchmark,tsception,45,rpcf_at,fgsm,0,38.04078459739685,3,32,16,8,16,completed,True,ad_data/exp031/exp031_full_20260729_174215/thubenchmark_tsception_seed45_rpcf_at_fgsm.pth
attack_thubenchmark_tsception_seed45_rpcf_at_pgd,attack,thubenchmark,tsception,45,rpcf_at,pgd,0,506.9180371761322,3,32,16,8,16,completed,True,ad_data/exp031/exp031_full_20260729_174215/thubenchmark_tsception_seed45_rpcf_at_pgd.pth
attack_thubenchmark_tsception_seed45_rpcf_at_cw,attack,thubenchmark,tsception,45,rpcf_at,cw,0,272.332355260849,5,32,16,8,16,completed,True,ad_data/exp031/exp031_full_20260729_174215/thubenchmark_tsception_seed45_rpcf_at_cw.pth
attack_thubenchmark_tsception_seed46_madry_autoattack,attack,thubenchmark,tsception,46,madry,autoattack,0,5119.2319531440735,5,32,16,8,16,completed,True,ad_data/exp031/exp031_full_20260729_174215/thubenchmark_tsception_seed46_madry_autoattack.pth
attack_thubenchmark_tsception_seed46_madry_fgsm,attack,thubenchmark,tsception,46,madry,fgsm,0,80.12712836265564,3,32,16,8,16,completed,True,ad_data/exp031/exp031_full_20260729_174215/thubenchmark_tsception_seed46_madry_fgsm.pth
attack_thubenchmark_tsception_seed46_madry_pgd,attack,thubenchmark,tsception,46,madry,pgd,0,512.7211139202118,3,32,16,8,16,completed,True,ad_data/exp031/exp031_full_20260729_174215/thubenchmark_tsception_seed46_madry_pgd.pth
attack_thubenchmark_tsception_seed46_madry_cw,attack,thubenchmark,tsception,46,madry,cw,0,262.57384967803955,3,32,16,8,16,completed,True,ad_data/exp031/exp031_full_20260729_174215/thubenchmark_tsception_seed46_madry_cw.pth
attack_thubenchmark_tsception_seed46_trades_autoattack,attack,thubenchmark,tsception,46,trades,autoattack,0,1626.0805537700653,6,32,16,8,16,completed,True,ad_data/exp031/exp031_full_20260729_174215/thubenchmark_tsception_seed46_trades_autoattack.pth
attack_thubenchmark_tsception_seed46_trades_fgsm,attack,thubenchmark,tsception,46,trades,fgsm,0,118.20857119560242,3,32,16,8,16,completed,True,ad_data/exp031/exp031_full_20260729_174215/thubenchmark_tsception_seed46_trades_fgsm.pth
attack_thubenchmark_tsception_seed46_trades_pgd,attack,thubenchmark,tsception,46,trades,pgd,0,487.0881562232971,3,32,16,8,16,completed,True,ad_data/exp031/exp031_full_20260729_174215/thubenchmark_tsception_seed46_trades_pgd.pth
attack_thubenchmark_tsception_seed46_trades_cw,attack,thubenchmark,tsception,46,trades,cw,0,328.84894490242004,3,32,16,8,16,completed,True,ad_data/exp031/exp031_full_20260729_174215/thubenchmark_tsception_seed46_trades_cw.pth
attack_thubenchmark_tsception_seed46_fbf_autoattack,attack,thubenchmark,tsception,46,fbf,autoattack,0,1942.7339978218079,4,32,16,8,16,completed,True,ad_data/exp031/exp031_full_20260729_174215/thubenchmark_tsception_seed46_fbf_autoattack.pth
attack_thubenchmark_tsception_seed46_fbf_fgsm,attack,thubenchmark,tsception,46,fbf,fgsm,0,136.29187488555908,3,32,16,8,16,completed,True,ad_data/exp031/exp031_full_20260729_174215/thubenchmark_tsception_seed46_fbf_fgsm.pth
attack_thubenchmark_tsception_seed46_fbf_pgd,attack,thubenchmark,tsception,46,fbf,pgd,0,462.65289783477783,3,32,16,8,16,completed,True,ad_data/exp031/exp031_full_20260729_174215/thubenchmark_tsception_seed46_fbf_pgd.pth
attack_thubenchmark_tsception_seed46_fbf_cw,attack,thubenchmark,tsception,46,fbf,cw,0,380.9811282157898,3,32,16,8,16,completed,True,ad_data/exp031/exp031_full_20260729_174215/thubenchmark_tsception_seed46_fbf_cw.pth
attack_thubenchmark_tsception_seed46_ea_forward_autoattack,attack,thubenchmark,tsception,46,ea_forward,autoattack,0,86.07433748245239,6,32,16,8,16,completed,True,ad_data/exp031/exp031_full_20260729_174215/thubenchmark_tsception_seed46_ea_forward_autoattack.pth
attack_thubenchmark_tsception_seed46_ea_forward_fgsm,attack,thubenchmark,tsception,46,ea_forward,fgsm,0,72.09420871734619,6,32,16,8,16,completed,True,ad_data/exp031/exp031_full_20260729_174215/thubenchmark_tsception_seed46_ea_forward_fgsm.pth
attack_thubenchmark_tsception_seed46_ea_forward_pgd,attack,thubenchmark,tsception,46,ea_forward,pgd,0,573.3526167869568,6,32,16,8,16,completed,True,ad_data/exp031/exp031_full_20260729_174215/thubenchmark_tsception_seed46_ea_forward_pgd.pth
attack_thubenchmark_tsception_seed46_ea_forward_cw,attack,thubenchmark,tsception,46,ea_forward,cw,0,116.14496421813965,3,32,16,8,16,completed,True,ad_data/exp031/exp031_full_20260729_174215/thubenchmark_tsception_seed46_ea_forward_cw.pth
attack_thubenchmark_tsception_seed46_rpcf_at_autoattack,attack,thubenchmark,tsception,46,rpcf_at,autoattack,0,3273.17885017395,3,32,16,8,16,completed,True,ad_data/exp031/exp031_full_20260729_174215/thubenchmark_tsception_seed46_rpcf_at_autoattack.pth
attack_thubenchmark_tsception_seed46_rpcf_at_fgsm,attack,thubenchmark,tsception,46,rpcf_at,fgsm,0,40.06352663040161,0,32,16,8,16,completed,True,ad_data/exp031/exp031_full_20260729_174215/thubenchmark_tsception_seed46_rpcf_at_fgsm.pth
attack_thubenchmark_tsception_seed46_rpcf_at_pgd,attack,thubenchmark,tsception,46,rpcf_at,pgd,0,488.9629430770874,0,32,16,8,16,completed,True,ad_data/exp031/exp031_full_20260729_174215/thubenchmark_tsception_seed46_rpcf_at_pgd.pth
attack_thubenchmark_tsception_seed46_rpcf_at_cw,attack,thubenchmark,tsception,46,rpcf_at,cw,0,282.3733937740326,6,32,16,8,16,completed,True,ad_data/exp031/exp031_full_20260729_174215/thubenchmark_tsception_seed46_rpcf_at_cw.pth
attack_thubenchmark_atcnet_seed42_madry_autoattack,attack,thubenchmark,atcnet,42,madry,autoattack,0,9538.195136785507,6,128,16,32,64,completed,True,ad_data/exp031/exp031_full_20260729_174215/thubenchmark_atcnet_seed42_madry_autoattack.pth
attack_thubenchmark_atcnet_seed42_madry_fgsm,attack,thubenchmark,atcnet,42,madry,fgsm,0,58.13597536087036,0,128,16,32,64,completed,True,ad_data/exp031/exp031_full_20260729_174215/thubenchmark_atcnet_seed42_madry_fgsm.pth
attack_thubenchmark_atcnet_seed42_madry_pgd,attack,thubenchmark,atcnet,42,madry,pgd,0,1420.0850975513458,0,128,16,32,64,completed,True,ad_data/exp031/exp031_full_20260729_174215/thubenchmark_atcnet_seed42_madry_pgd.pth
attack_thubenchmark_atcnet_seed42_madry_cw,attack,thubenchmark,atcnet,42,madry,cw,0,1231.5434935092926,4,128,16,32,64,completed,True,ad_data/exp031/exp031_full_20260729_174215/thubenchmark_atcnet_seed42_madry_cw.pth
attack_thubenchmark_atcnet_seed42_trades_autoattack,attack,thubenchmark,atcnet,42,trades,autoattack,0,9107.286009073257,1,128,16,32,64,completed,True,ad_data/exp031/exp031_full_20260729_174215/thubenchmark_atcnet_seed42_trades_autoattack.pth
attack_thubenchmark_atcnet_seed42_trades_fgsm,attack,thubenchmark,atcnet,42,trades,fgsm,0,68.17110538482666,4,128,16,32,64,completed,True,ad_data/exp031/exp031_full_20260729_174215/thubenchmark_atcnet_seed42_trades_fgsm.pth
attack_thubenchmark_atcnet_seed42_trades_pgd,attack,thubenchmark,atcnet,42,trades,pgd,0,1393.6952397823334,0,128,16,32,64,completed,True,ad_data/exp031/exp031_full_20260729_174215/thubenchmark_atcnet_seed42_trades_pgd.pth
attack_thubenchmark_atcnet_seed42_trades_cw,attack,thubenchmark,atcnet,42,trades,cw,0,1257.4033448696136,4,128,16,32,64,completed,True,ad_data/exp031/exp031_full_20260729_174215/thubenchmark_atcnet_seed42_trades_cw.pth
attack_thubenchmark_atcnet_seed42_fbf_autoattack,attack,thubenchmark,atcnet,42,fbf,autoattack,0,8504.14912891388,5,128,16,32,64,completed,True,ad_data/exp031/exp031_full_20260729_174215/thubenchmark_atcnet_seed42_fbf_autoattack.pth
attack_thubenchmark_atcnet_seed42_fbf_fgsm,attack,thubenchmark,atcnet,42,fbf,fgsm,0,34.03386569023132,3,128,16,32,64,completed,True,ad_data/exp031/exp031_full_20260729_174215/thubenchmark_atcnet_seed42_fbf_fgsm.pth
attack_thubenchmark_atcnet_seed42_fbf_pgd,attack,thubenchmark,atcnet,42,fbf,pgd,0,1390.0921976566315,3,128,16,32,64,completed,True,ad_data/exp031/exp031_full_20260729_174215/thubenchmark_atcnet_seed42_fbf_pgd.pth
attack_thubenchmark_atcnet_seed42_fbf_cw,attack,thubenchmark,atcnet,42,fbf,cw,0,1077.4367945194244,4,128,16,32,64,completed,True,ad_data/exp031/exp031_full_20260729_174215/thubenchmark_atcnet_seed42_fbf_cw.pth
attack_thubenchmark_atcnet_seed42_ea_forward_autoattack,attack,thubenchmark,atcnet,42,ea_forward,autoattack,0,5067.454120874405,0,128,16,32,64,completed,True,ad_data/exp031/exp031_full_20260729_174215/thubenchmark_atcnet_seed42_ea_forward_autoattack.pth
attack_thubenchmark_atcnet_seed42_ea_forward_fgsm,attack,thubenchmark,atcnet,42,ea_forward,fgsm,0,76.13105392456055,4,128,16,32,64,completed,True,ad_data/exp031/exp031_full_20260729_174215/thubenchmark_atcnet_seed42_ea_forward_fgsm.pth
attack_thubenchmark_atcnet_seed42_ea_forward_pgd,attack,thubenchmark,atcnet,42,ea_forward,pgd,0,1501.9736924171448,2,128,16,32,64,completed,True,ad_data/exp031/exp031_full_20260729_174215/thubenchmark_atcnet_seed42_ea_forward_pgd.pth
attack_thubenchmark_atcnet_seed42_ea_forward_cw,attack,thubenchmark,atcnet,42,ea_forward,cw,0,952.9920461177826,4,128,16,32,64,completed,True,ad_data/exp031/exp031_full_20260729_174215/thubenchmark_atcnet_seed42_ea_forward_cw.pth
attack_thubenchmark_atcnet_seed42_rpcf_at_autoattack,attack,thubenchmark,atcnet,42,rpcf_at,autoattack,0,9304.710982561111,3,128,16,32,64,completed,True,ad_data/exp031/exp031_full_20260729_174215/thubenchmark_atcnet_seed42_rpcf_at_autoattack.pth
attack_thubenchmark_atcnet_seed42_rpcf_at_fgsm,attack,thubenchmark,atcnet,42,rpcf_at,fgsm,0,44.034186601638794,4,128,16,32,64,completed,True,ad_data/exp031/exp031_full_20260729_174215/thubenchmark_atcnet_seed42_rpcf_at_fgsm.pth
attack_thubenchmark_atcnet_seed42_rpcf_at_pgd,attack,thubenchmark,atcnet,42,rpcf_at,pgd,0,1385.6469662189484,4,128,16,32,64,completed,True,ad_data/exp031/exp031_full_20260729_174215/thubenchmark_atcnet_seed42_rpcf_at_pgd.pth
attack_thubenchmark_atcnet_seed42_rpcf_at_cw,attack,thubenchmark,atcnet,42,rpcf_at,cw,0,1434.58278632164,2,128,16,32,64,completed,True,ad_data/exp031/exp031_full_20260729_174215/thubenchmark_atcnet_seed42_rpcf_at_cw.pth
attack_thubenchmark_atcnet_seed43_madry_autoattack,attack,thubenchmark,atcnet,43,madry,autoattack,0,9869.354462385178,4,128,16,32,64,completed,True,ad_data/exp031/exp031_full_20260729_174215/thubenchmark_atcnet_seed43_madry_autoattack.pth
attack_thubenchmark_atcnet_seed43_madry_fgsm,attack,thubenchmark,atcnet,43,madry,fgsm,0,50.05293416976929,2,128,16,32,64,completed,True,ad_data/exp031/exp031_full_20260729_174215/thubenchmark_atcnet_seed43_madry_fgsm.pth
attack_thubenchmark_atcnet_seed43_madry_pgd,attack,thubenchmark,atcnet,43,madry,pgd,0,1455.4512944221497,2,128,16,32,64,completed,True,ad_data/exp031/exp031_full_20260729_174215/thubenchmark_atcnet_seed43_madry_pgd.pth
attack_thubenchmark_atcnet_seed43_madry_cw,attack,thubenchmark,atcnet,43,madry,cw,0,1510.0401842594147,0,128,16,32,64,completed,True,ad_data/exp031/exp031_full_20260729_174215/thubenchmark_atcnet_seed43_madry_cw.pth
attack_thubenchmark_atcnet_seed43_trades_autoattack,attack,thubenchmark,atcnet,43,trades,autoattack,0,9247.632390499115,2,128,16,32,64,completed,True,ad_data/exp031/exp031_full_20260729_174215/thubenchmark_atcnet_seed43_trades_autoattack.pth
attack_thubenchmark_atcnet_seed43_trades_fgsm,attack,thubenchmark,atcnet,43,trades,fgsm,0,30.02012062072754,0,128,16,32,64,completed,True,ad_data/exp031/exp031_full_20260729_174215/thubenchmark_atcnet_seed43_trades_fgsm.pth
attack_thubenchmark_atcnet_seed43_trades_pgd,attack,thubenchmark,atcnet,43,trades,pgd,0,1463.6997141838074,0,128,16,32,64,completed,True,ad_data/exp031/exp031_full_20260729_174215/thubenchmark_atcnet_seed43_trades_pgd.pth
attack_thubenchmark_atcnet_seed43_trades_cw,attack,thubenchmark,atcnet,43,trades,cw,0,1203.3367295265198,6,128,16,32,64,completed,True,ad_data/exp031/exp031_full_20260729_174215/thubenchmark_atcnet_seed43_trades_cw.pth
attack_thubenchmark_atcnet_seed43_fbf_autoattack,attack,thubenchmark,atcnet,43,fbf,autoattack,0,8562.167494058609,5,128,16,32,64,completed,True,ad_data/exp031/exp031_full_20260729_174215/thubenchmark_atcnet_seed43_fbf_autoattack.pth
attack_thubenchmark_atcnet_seed43_fbf_fgsm,attack,thubenchmark,atcnet,43,fbf,fgsm,0,46.056657791137695,1,128,16,32,64,completed,True,ad_data/exp031/exp031_full_20260729_174215/thubenchmark_atcnet_seed43_fbf_fgsm.pth
attack_thubenchmark_atcnet_seed43_fbf_pgd,attack,thubenchmark,atcnet,43,fbf,pgd,0,1461.1572601795197,1,128,16,32,64,completed,True,ad_data/exp031/exp031_full_20260729_174215/thubenchmark_atcnet_seed43_fbf_pgd.pth
attack_thubenchmark_atcnet_seed43_fbf_cw,attack,thubenchmark,atcnet,43,fbf,cw,0,1065.0513887405396,6,128,16,32,64,completed,True,ad_data/exp031/exp031_full_20260729_174215/thubenchmark_atcnet_seed43_fbf_cw.pth
attack_thubenchmark_atcnet_seed43_ea_forward_autoattack,attack,thubenchmark,atcnet,43,ea_forward,autoattack,0,5057.921009302139,0,128,16,32,64,completed,True,ad_data/exp031/exp031_full_20260729_174215/thubenchmark_atcnet_seed43_ea_forward_autoattack.pth
attack_thubenchmark_atcnet_seed43_ea_forward_fgsm,attack,thubenchmark,atcnet,43,ea_forward,fgsm,0,64.02480101585388,1,128,16,32,64,completed,True,ad_data/exp031/exp031_full_20260729_174215/thubenchmark_atcnet_seed43_ea_forward_fgsm.pth
attack_thubenchmark_atcnet_seed43_ea_forward_pgd,attack,thubenchmark,atcnet,43,ea_forward,pgd,0,1549.7247455120087,1,128,16,32,64,completed,True,ad_data/exp031/exp031_full_20260729_174215/thubenchmark_atcnet_seed43_ea_forward_pgd.pth
attack_thubenchmark_atcnet_seed43_ea_forward_cw,attack,thubenchmark,atcnet,43,ea_forward,cw,0,1026.978388786316,6,128,16,32,64,completed,True,ad_data/exp031/exp031_full_20260729_174215/thubenchmark_atcnet_seed43_ea_forward_cw.pth
attack_thubenchmark_atcnet_seed43_rpcf_at_autoattack,attack,thubenchmark,atcnet,43,rpcf_at,autoattack,0,10126.438908100128,6,128,16,32,64,completed,True,ad_data/exp031/exp031_full_20260729_174215/thubenchmark_atcnet_seed43_rpcf_at_autoattack.pth
attack_thubenchmark_atcnet_seed43_rpcf_at_fgsm,attack,thubenchmark,atcnet,43,rpcf_at,fgsm,0,112.29730415344238,1,128,16,32,64,completed,True,ad_data/exp031/exp031_full_20260729_174215/thubenchmark_atcnet_seed43_rpcf_at_fgsm.pth
attack_thubenchmark_atcnet_seed43_rpcf_at_pgd,attack,thubenchmark,atcnet,43,rpcf_at,pgd,0,1473.2789423465729,1,128,16,32,64,completed,True,ad_data/exp031/exp031_full_20260729_174215/thubenchmark_atcnet_seed43_rpcf_at_pgd.pth
attack_thubenchmark_atcnet_seed43_rpcf_at_cw,attack,thubenchmark,atcnet,43,rpcf_at,cw,0,1497.3064303398132,3,128,16,32,64,completed,True,ad_data/exp031/exp031_full_20260729_174215/thubenchmark_atcnet_seed43_rpcf_at_cw.pth
attack_thubenchmark_atcnet_seed44_madry_autoattack,attack,thubenchmark,atcnet,44,madry,autoattack,0,10493.484468221664,1,128,16,32,64,completed,True,ad_data/exp031/exp031_full_20260729_174215/thubenchmark_atcnet_seed44_madry_autoattack.pth
attack_thubenchmark_atcnet_seed44_madry_fgsm,attack,thubenchmark,atcnet,44,madry,fgsm,0,34.02077269554138,3,128,16,32,64,completed,True,ad_data/exp031/exp031_full_20260729_174215/thubenchmark_atcnet_seed44_madry_fgsm.pth
attack_thubenchmark_atcnet_seed44_madry_pgd,attack,thubenchmark,atcnet,44,madry,pgd,0,1459.8737976551056,3,128,16,32,64,completed,True,ad_data/exp031/exp031_full_20260729_174215/thubenchmark_atcnet_seed44_madry_pgd.pth
attack_thubenchmark_atcnet_seed44_madry_cw,attack,thubenchmark,atcnet,44,madry,cw,0,1351.6761920452118,0,128,16,32,64,completed,True,ad_data/exp031/exp031_full_20260729_174215/thubenchmark_atcnet_seed44_madry_cw.pth
attack_thubenchmark_atcnet_seed44_trades_autoattack,attack,thubenchmark,atcnet,44,trades,autoattack,0,9978.737967967987,4,128,16,32,64,completed,True,ad_data/exp031/exp031_full_20260729_174215/thubenchmark_atcnet_seed44_trades_autoattack.pth
attack_thubenchmark_atcnet_seed44_trades_fgsm,attack,thubenchmark,atcnet,44,trades,fgsm,0,64.0521399974823,3,128,16,32,64,completed,True,ad_data/exp031/exp031_full_20260729_174215/thubenchmark_atcnet_seed44_trades_fgsm.pth
attack_thubenchmark_atcnet_seed44_trades_pgd,attack,thubenchmark,atcnet,44,trades,pgd,0,1449.5181348323822,3,128,16,32,64,completed,True,ad_data/exp031/exp031_full_20260729_174215/thubenchmark_atcnet_seed44_trades_pgd.pth
attack_thubenchmark_atcnet_seed44_trades_cw,attack,thubenchmark,atcnet,44,trades,cw,0,1083.242318868637,0,128,16,32,64,completed,True,ad_data/exp031/exp031_full_20260729_174215/thubenchmark_atcnet_seed44_trades_cw.pth
attack_thubenchmark_atcnet_seed44_fbf_autoattack,attack,thubenchmark,atcnet,44,fbf,autoattack,0,9450.271468877792,2,128,16,32,64,completed,True,ad_data/exp031/exp031_full_20260729_174215/thubenchmark_atcnet_seed44_fbf_autoattack.pth
attack_thubenchmark_atcnet_seed44_fbf_fgsm,attack,thubenchmark,atcnet,44,fbf,fgsm,0,34.02009701728821,3,128,16,32,64,completed,True,ad_data/exp031/exp031_full_20260729_174215/thubenchmark_atcnet_seed44_fbf_fgsm.pth
attack_thubenchmark_atcnet_seed44_fbf_pgd,attack,thubenchmark,atcnet,44,fbf,pgd,0,1475.489931344986,3,128,16,32,64,completed,True,ad_data/exp031/exp031_full_20260729_174215/thubenchmark_atcnet_seed44_fbf_pgd.pth
attack_thubenchmark_atcnet_seed44_fbf_cw,attack,thubenchmark,atcnet,44,fbf,cw,0,1213.272765636444,0,128,16,32,64,completed,True,ad_data/exp031/exp031_full_20260729_174215/thubenchmark_atcnet_seed44_fbf_cw.pth
attack_thubenchmark_atcnet_seed44_ea_forward_autoattack,attack,thubenchmark,atcnet,44,ea_forward,autoattack,0,5811.046165704727,5,128,16,32,64,completed,True,ad_data/exp031/exp031_full_20260729_174215/thubenchmark_atcnet_seed44_ea_forward_autoattack.pth
attack_thubenchmark_atcnet_seed44_ea_forward_fgsm,attack,thubenchmark,atcnet,44,ea_forward,fgsm,0,66.04426789283752,3,128,16,32,64,completed,True,ad_data/exp031/exp031_full_20260729_174215/thubenchmark_atcnet_seed44_ea_forward_fgsm.pth
attack_thubenchmark_atcnet_seed44_ea_forward_pgd,attack,thubenchmark,atcnet,44,ea_forward,pgd,0,1559.740310907364,3,128,16,32,64,completed,True,ad_data/exp031/exp031_full_20260729_174215/thubenchmark_atcnet_seed44_ea_forward_pgd.pth
attack_thubenchmark_atcnet_seed44_ea_forward_cw,attack,thubenchmark,atcnet,44,ea_forward,cw,0,1000.8152496814728,0,128,16,32,64,completed,True,ad_data/exp031/exp031_full_20260729_174215/thubenchmark_atcnet_seed44_ea_forward_cw.pth
attack_thubenchmark_atcnet_seed44_rpcf_at_autoattack,attack,thubenchmark,atcnet,44,rpcf_at,autoattack,0,10105.504597187042,0,128,16,32,64,completed,True,ad_data/exp031/exp031_full_20260729_174215/thubenchmark_atcnet_seed44_rpcf_at_autoattack.pth
attack_thubenchmark_atcnet_seed44_rpcf_at_fgsm,attack,thubenchmark,atcnet,44,rpcf_at,fgsm,0,44.09218740463257,3,128,16,32,64,completed,True,ad_data/exp031/exp031_full_20260729_174215/thubenchmark_atcnet_seed44_rpcf_at_fgsm.pth
attack_thubenchmark_atcnet_seed44_rpcf_at_pgd,attack,thubenchmark,atcnet,44,rpcf_at,pgd,0,1459.473510980606,3,128,16,32,64,completed,True,ad_data/exp031/exp031_full_20260729_174215/thubenchmark_atcnet_seed44_rpcf_at_pgd.pth
attack_thubenchmark_atcnet_seed44_rpcf_at_cw,attack,thubenchmark,atcnet,44,rpcf_at,cw,0,1577.9514915943146,3,128,16,32,64,completed,True,ad_data/exp031/exp031_full_20260729_174215/thubenchmark_atcnet_seed44_rpcf_at_cw.pth
attack_thubenchmark_atcnet_seed45_madry_autoattack,attack,thubenchmark,atcnet,45,madry,autoattack,0,9674.399698972702,6,128,16,32,64,completed,True,ad_data/exp031/exp031_full_20260729_174215/thubenchmark_atcnet_seed45_madry_autoattack.pth
attack_thubenchmark_atcnet_seed45_madry_fgsm,attack,thubenchmark,atcnet,45,madry,fgsm,0,86.09590220451355,3,128,16,32,64,completed,True,ad_data/exp031/exp031_full_20260729_174215/thubenchmark_atcnet_seed45_madry_fgsm.pth
attack_thubenchmark_atcnet_seed45_madry_pgd,attack,thubenchmark,atcnet,45,madry,pgd,0,1466.20725274086,3,128,16,32,64,completed,True,ad_data/exp031/exp031_full_20260729_174215/thubenchmark_atcnet_seed45_madry_pgd.pth
attack_thubenchmark_atcnet_seed45_madry_cw,attack,thubenchmark,atcnet,45,madry,cw,0,1314.0332884788513,5,128,16,32,64,completed,True,ad_data/exp031/exp031_full_20260729_174215/thubenchmark_atcnet_seed45_madry_cw.pth
attack_thubenchmark_atcnet_seed45_trades_autoattack,attack,thubenchmark,atcnet,45,trades,autoattack,0,8422.247676372528,1,128,16,32,64,completed,True,ad_data/exp031/exp031_full_20260729_174215/thubenchmark_atcnet_seed45_trades_autoattack.pth
attack_thubenchmark_atcnet_seed45_trades_fgsm,attack,thubenchmark,atcnet,45,trades,fgsm,0,34.10955095291138,3,128,16,32,64,completed,True,ad_data/exp031/exp031_full_20260729_174215/thubenchmark_atcnet_seed45_trades_fgsm.pth
attack_thubenchmark_atcnet_seed45_trades_pgd,attack,thubenchmark,atcnet,45,trades,pgd,0,1431.8169085979462,5,128,16,32,64,completed,True,ad_data/exp031/exp031_full_20260729_174215/thubenchmark_atcnet_seed45_trades_pgd.pth
attack_thubenchmark_atcnet_seed45_trades_cw,attack,thubenchmark,atcnet,45,trades,cw,0,1063.215637922287,3,128,16,32,64,completed,True,ad_data/exp031/exp031_full_20260729_174215/thubenchmark_atcnet_seed45_trades_cw.pth
attack_thubenchmark_atcnet_seed45_fbf_autoattack,attack,thubenchmark,atcnet,45,fbf,autoattack,0,7835.352489471436,4,128,16,32,64,completed,True,ad_data/exp031/exp031_full_20260729_174215/thubenchmark_atcnet_seed45_fbf_autoattack.pth
attack_thubenchmark_atcnet_seed45_fbf_fgsm,attack,thubenchmark,atcnet,45,fbf,fgsm,0,28.012496948242188,3,128,16,32,64,completed,True,ad_data/exp031/exp031_full_20260729_174215/thubenchmark_atcnet_seed45_fbf_fgsm.pth
attack_thubenchmark_atcnet_seed45_fbf_pgd,attack,thubenchmark,atcnet,45,fbf,pgd,0,1437.4236679077148,3,128,16,32,64,completed,True,ad_data/exp031/exp031_full_20260729_174215/thubenchmark_atcnet_seed45_fbf_pgd.pth
attack_thubenchmark_atcnet_seed45_fbf_cw,attack,thubenchmark,atcnet,45,fbf,cw,0,1351.3458518981934,2,128,16,32,64,completed,True,ad_data/exp031/exp031_full_20260729_174215/thubenchmark_atcnet_seed45_fbf_cw.pth
attack_thubenchmark_atcnet_seed45_ea_forward_autoattack,attack,thubenchmark,atcnet,45,ea_forward,autoattack,0,64.04042530059814,5,128,16,32,64,completed,True,ad_data/exp031/exp031_full_20260729_174215/thubenchmark_atcnet_seed45_ea_forward_autoattack.pth
attack_thubenchmark_atcnet_seed45_ea_forward_fgsm,attack,thubenchmark,atcnet,45,ea_forward,fgsm,0,84.09469771385193,5,128,16,32,64,completed,True,ad_data/exp031/exp031_full_20260729_174215/thubenchmark_atcnet_seed45_ea_forward_fgsm.pth
attack_thubenchmark_atcnet_seed45_ea_forward_pgd,attack,thubenchmark,atcnet,45,ea_forward,pgd,0,1519.3076729774475,5,128,16,32,64,completed,True,ad_data/exp031/exp031_full_20260729_174215/thubenchmark_atcnet_seed45_ea_forward_pgd.pth
attack_thubenchmark_atcnet_seed45_ea_forward_cw,attack,thubenchmark,atcnet,45,ea_forward,cw,0,885.5342922210693,3,128,16,32,64,completed,True,ad_data/exp031/exp031_full_20260729_174215/thubenchmark_atcnet_seed45_ea_forward_cw.pth
attack_thubenchmark_atcnet_seed45_rpcf_at_autoattack,attack,thubenchmark,atcnet,45,rpcf_at,autoattack,0,9477.05490732193,2,128,16,32,64,completed,True,ad_data/exp031/exp031_full_20260729_174215/thubenchmark_atcnet_seed45_rpcf_at_autoattack.pth
attack_thubenchmark_atcnet_seed45_rpcf_at_fgsm,attack,thubenchmark,atcnet,45,rpcf_at,fgsm,0,24.010677337646484,5,128,16,32,64,completed,True,ad_data/exp031/exp031_full_20260729_174215/thubenchmark_atcnet_seed45_rpcf_at_fgsm.pth
attack_thubenchmark_atcnet_seed45_rpcf_at_pgd,attack,thubenchmark,atcnet,45,rpcf_at,pgd,0,1437.855084657669,5,128,16,32,64,completed,True,ad_data/exp031/exp031_full_20260729_174215/thubenchmark_atcnet_seed45_rpcf_at_pgd.pth
attack_thubenchmark_atcnet_seed45_rpcf_at_cw,attack,thubenchmark,atcnet,45,rpcf_at,cw,0,1477.335854291916,3,128,16,32,64,completed,True,ad_data/exp031/exp031_full_20260729_174215/thubenchmark_atcnet_seed45_rpcf_at_cw.pth
attack_thubenchmark_atcnet_seed46_madry_autoattack,attack,thubenchmark,atcnet,46,madry,autoattack,0,9808.109583377838,5,128,16,32,64,completed,True,ad_data/exp031/exp031_full_20260729_174215/thubenchmark_atcnet_seed46_madry_autoattack.pth
attack_thubenchmark_atcnet_seed46_madry_fgsm,attack,thubenchmark,atcnet,46,madry,fgsm,0,36.02632689476013,3,128,16,32,64,completed,True,ad_data/exp031/exp031_full_20260729_174215/thubenchmark_atcnet_seed46_madry_fgsm.pth
attack_thubenchmark_atcnet_seed46_madry_pgd,attack,thubenchmark,atcnet,46,madry,pgd,0,1425.3032336235046,3,128,16,32,64,completed,True,ad_data/exp031/exp031_full_20260729_174215/thubenchmark_atcnet_seed46_madry_pgd.pth
attack_thubenchmark_atcnet_seed46_madry_cw,attack,thubenchmark,atcnet,46,madry,cw,0,1419.225432395935,0,128,16,32,64,completed,True,ad_data/exp031/exp031_full_20260729_174215/thubenchmark_atcnet_seed46_madry_cw.pth
attack_thubenchmark_atcnet_seed46_trades_autoattack,attack,thubenchmark,atcnet,46,trades,autoattack,0,9591.355830430984,3,128,16,32,64,completed,True,ad_data/exp031/exp031_full_20260729_174215/thubenchmark_atcnet_seed46_trades_autoattack.pth
attack_thubenchmark_atcnet_seed46_trades_fgsm,attack,thubenchmark,atcnet,46,trades,fgsm,0,72.09418630599976,0,128,16,32,64,completed,True,ad_data/exp031/exp031_full_20260729_174215/thubenchmark_atcnet_seed46_trades_fgsm.pth
attack_thubenchmark_atcnet_seed46_trades_pgd,attack,thubenchmark,atcnet,46,trades,pgd,0,1453.5268776416779,0,128,16,32,64,completed,True,ad_data/exp031/exp031_full_20260729_174215/thubenchmark_atcnet_seed46_trades_pgd.pth
attack_thubenchmark_atcnet_seed46_trades_cw,attack,thubenchmark,atcnet,46,trades,cw,0,1046.8041808605194,6,128,16,32,64,completed,True,ad_data/exp031/exp031_full_20260729_174215/thubenchmark_atcnet_seed46_trades_cw.pth
attack_thubenchmark_atcnet_seed46_fbf_autoattack,attack,thubenchmark,atcnet,46,fbf,autoattack,0,10402.455080986023,6,128,16,32,64,completed,True,ad_data/exp031/exp031_full_20260729_174215/thubenchmark_atcnet_seed46_fbf_autoattack.pth
attack_thubenchmark_atcnet_seed46_fbf_fgsm,attack,thubenchmark,atcnet,46,fbf,fgsm,0,28.093843698501587,0,128,16,32,64,completed,True,ad_data/exp031/exp031_full_20260729_174215/thubenchmark_atcnet_seed46_fbf_fgsm.pth
attack_thubenchmark_atcnet_seed46_fbf_pgd,attack,thubenchmark,atcnet,46,fbf,pgd,0,1451.6149880886078,1,128,16,32,64,completed,True,ad_data/exp031/exp031_full_20260729_174215/thubenchmark_atcnet_seed46_fbf_pgd.pth
attack_thubenchmark_atcnet_seed46_fbf_cw,attack,thubenchmark,atcnet,46,fbf,cw,0,1089.0933828353882,0,128,16,32,64,completed,True,ad_data/exp031/exp031_full_20260729_174215/thubenchmark_atcnet_seed46_fbf_cw.pth
attack_thubenchmark_atcnet_seed46_ea_forward_autoattack,attack,thubenchmark,atcnet,46,ea_forward,autoattack,0,5510.464836597443,4,128,16,32,64,completed,True,ad_data/exp031/exp031_full_20260729_174215/thubenchmark_atcnet_seed46_ea_forward_autoattack.pth
attack_thubenchmark_atcnet_seed46_ea_forward_fgsm,attack,thubenchmark,atcnet,46,ea_forward,fgsm,0,68.04414558410645,0,128,16,32,64,completed,True,ad_data/exp031/exp031_full_20260729_174215/thubenchmark_atcnet_seed46_ea_forward_fgsm.pth
attack_thubenchmark_atcnet_seed46_ea_forward_pgd,attack,thubenchmark,atcnet,46,ea_forward,pgd,0,1561.3718631267548,0,128,16,32,64,completed,True,ad_data/exp031/exp031_full_20260729_174215/thubenchmark_atcnet_seed46_ea_forward_pgd.pth
attack_thubenchmark_atcnet_seed46_ea_forward_cw,attack,thubenchmark,atcnet,46,ea_forward,cw,0,1030.758698940277,1,128,16,32,64,completed,True,ad_data/exp031/exp031_full_20260729_174215/thubenchmark_atcnet_seed46_ea_forward_cw.pth
attack_thubenchmark_atcnet_seed46_rpcf_at_autoattack,attack,thubenchmark,atcnet,46,rpcf_at,autoattack,0,12226.065363407135,1,128,16,32,64,completed,True,ad_data/exp031/exp031_full_20260729_174215/thubenchmark_atcnet_seed46_rpcf_at_autoattack.pth
attack_thubenchmark_atcnet_seed46_rpcf_at_fgsm,attack,thubenchmark,atcnet,46,rpcf_at,fgsm,0,82.09898042678833,0,128,16,32,64,completed,True,ad_data/exp031/exp031_full_20260729_174215/thubenchmark_atcnet_seed46_rpcf_at_fgsm.pth
attack_thubenchmark_atcnet_seed46_rpcf_at_pgd,attack,thubenchmark,atcnet,46,rpcf_at,pgd,0,1467.87389087677,0,128,16,32,64,completed,True,ad_data/exp031/exp031_full_20260729_174215/thubenchmark_atcnet_seed46_rpcf_at_pgd.pth
attack_thubenchmark_atcnet_seed46_rpcf_at_cw,attack,thubenchmark,atcnet,46,rpcf_at,cw,0,1521.8205013275146,2,128,16,32,64,completed,True,ad_data/exp031/exp031_full_20260729_174215/thubenchmark_atcnet_seed46_rpcf_at_cw.pth
attack_thubenchmark_conformer_seed42_madry_autoattack,attack,thubenchmark,conformer,42,madry,autoattack,0,7147.860977172852,0,128,16,16,32,completed,True,ad_data/exp031/exp031_full_20260729_174215/thubenchmark_conformer_seed42_madry_autoattack.pth
attack_thubenchmark_conformer_seed42_madry_fgsm,attack,thubenchmark,conformer,42,madry,fgsm,0,44.04346680641174,2,128,16,16,32,completed,True,ad_data/exp031/exp031_full_20260729_174215/thubenchmark_conformer_seed42_madry_fgsm.pth
attack_thubenchmark_conformer_seed42_madry_pgd,attack,thubenchmark,conformer,42,madry,pgd,0,324.56658411026,2,128,16,16,32,completed,True,ad_data/exp031/exp031_full_20260729_174215/thubenchmark_conformer_seed42_madry_pgd.pth
attack_thubenchmark_conformer_seed42_madry_cw,attack,thubenchmark,conformer,42,madry,cw,0,394.6265218257904,4,128,16,16,32,completed,True,ad_data/exp031/exp031_full_20260729_174215/thubenchmark_conformer_seed42_madry_cw.pth
attack_thubenchmark_conformer_seed42_trades_autoattack,attack,thubenchmark,conformer,42,trades,autoattack,0,6451.992888689041,2,128,16,16,32,completed,True,ad_data/exp031/exp031_full_20260729_174215/thubenchmark_conformer_seed42_trades_autoattack.pth
attack_thubenchmark_conformer_seed42_trades_fgsm,attack,thubenchmark,conformer,42,trades,fgsm,0,78.14105987548828,4,128,16,16,32,completed,True,ad_data/exp031/exp031_full_20260729_174215/thubenchmark_conformer_seed42_trades_fgsm.pth
attack_thubenchmark_conformer_seed42_trades_pgd,attack,thubenchmark,conformer,42,trades,pgd,0,322.5002155303955,4,128,16,16,32,completed,True,ad_data/exp031/exp031_full_20260729_174215/thubenchmark_conformer_seed42_trades_pgd.pth
attack_thubenchmark_conformer_seed42_trades_cw,attack,thubenchmark,conformer,42,trades,cw,0,472.7198135852814,5,128,16,16,32,completed,True,ad_data/exp031/exp031_full_20260729_174215/thubenchmark_conformer_seed42_trades_cw.pth
attack_thubenchmark_conformer_seed42_fbf_autoattack,attack,thubenchmark,conformer,42,fbf,autoattack,0,7384.008010625839,4,128,16,16,32,completed,True,ad_data/exp031/exp031_full_20260729_174215/thubenchmark_conformer_seed42_fbf_autoattack.pth
attack_thubenchmark_conformer_seed42_fbf_fgsm,attack,thubenchmark,conformer,42,fbf,fgsm,0,64.1018590927124,5,128,16,16,32,completed,True,ad_data/exp031/exp031_full_20260729_174215/thubenchmark_conformer_seed42_fbf_fgsm.pth
attack_thubenchmark_conformer_seed42_fbf_pgd,attack,thubenchmark,conformer,42,fbf,pgd,0,330.41798543930054,5,128,16,16,32,completed,True,ad_data/exp031/exp031_full_20260729_174215/thubenchmark_conformer_seed42_fbf_pgd.pth
attack_thubenchmark_conformer_seed42_fbf_cw,attack,thubenchmark,conformer,42,fbf,cw,0,382.492568731308,5,128,16,16,32,completed,True,ad_data/exp031/exp031_full_20260729_174215/thubenchmark_conformer_seed42_fbf_cw.pth
attack_thubenchmark_conformer_seed42_ea_forward_autoattack,attack,thubenchmark,conformer,42,ea_forward,autoattack,0,3882.614891052246,5,128,16,16,32,completed,True,ad_data/exp031/exp031_full_20260729_174215/thubenchmark_conformer_seed42_ea_forward_autoattack.pth
attack_thubenchmark_conformer_seed42_ea_forward_fgsm,attack,thubenchmark,conformer,42,ea_forward,fgsm,0,126.2577953338623,3,128,16,16,32,completed,True,ad_data/exp031/exp031_full_20260729_174215/thubenchmark_conformer_seed42_ea_forward_fgsm.pth
attack_thubenchmark_conformer_seed42_ea_forward_pgd,attack,thubenchmark,conformer,42,ea_forward,pgd,0,632.9854900836945,3,128,16,16,32,completed,True,ad_data/exp031/exp031_full_20260729_174215/thubenchmark_conformer_seed42_ea_forward_pgd.pth
attack_thubenchmark_conformer_seed42_ea_forward_cw,attack,thubenchmark,conformer,42,ea_forward,cw,0,412.97744727134705,3,128,16,16,32,completed,True,ad_data/exp031/exp031_full_20260729_174215/thubenchmark_conformer_seed42_ea_forward_cw.pth
attack_thubenchmark_conformer_seed42_rpcf_at_autoattack,attack,thubenchmark,conformer,42,rpcf_at,autoattack,0,8375.166213035583,3,128,16,16,32,completed,True,ad_data/exp031/exp031_full_20260729_174215/thubenchmark_conformer_seed42_rpcf_at_autoattack.pth
attack_thubenchmark_conformer_seed42_rpcf_at_fgsm,attack,thubenchmark,conformer,42,rpcf_at,fgsm,0,112.25521755218506,6,128,16,16,32,completed,True,ad_data/exp031/exp031_full_20260729_174215/thubenchmark_conformer_seed42_rpcf_at_fgsm.pth
attack_thubenchmark_conformer_seed42_rpcf_at_pgd,attack,thubenchmark,conformer,42,rpcf_at,pgd,0,342.5466275215149,6,128,16,16,32,completed,True,ad_data/exp031/exp031_full_20260729_174215/thubenchmark_conformer_seed42_rpcf_at_pgd.pth
attack_thubenchmark_conformer_seed42_rpcf_at_cw,attack,thubenchmark,conformer,42,rpcf_at,cw,0,314.81643652915955,6,128,16,16,32,completed,True,ad_data/exp031/exp031_full_20260729_174215/thubenchmark_conformer_seed42_rpcf_at_cw.pth
attack_thubenchmark_conformer_seed43_madry_autoattack,attack,thubenchmark,conformer,43,madry,autoattack,0,9063.773829936981,6,128,16,16,32,completed,True,ad_data/exp031/exp031_full_20260729_174215/thubenchmark_conformer_seed43_madry_autoattack.pth
attack_thubenchmark_conformer_seed43_madry_fgsm,attack,thubenchmark,conformer,43,madry,fgsm,0,128.39511966705322,0,128,16,16,32,completed,True,ad_data/exp031/exp031_full_20260729_174215/thubenchmark_conformer_seed43_madry_fgsm.pth
attack_thubenchmark_conformer_seed43_madry_pgd,attack,thubenchmark,conformer,43,madry,pgd,0,338.6071014404297,5,128,16,16,32,completed,True,ad_data/exp031/exp031_full_20260729_174215/thubenchmark_conformer_seed43_madry_pgd.pth
attack_thubenchmark_conformer_seed43_madry_cw,attack,thubenchmark,conformer,43,madry,cw,0,404.5590407848358,0,128,16,16,32,completed,True,ad_data/exp031/exp031_full_20260729_174215/thubenchmark_conformer_seed43_madry_cw.pth
attack_thubenchmark_conformer_seed43_trades_autoattack,attack,thubenchmark,conformer,43,trades,autoattack,0,8410.3583278656,5,128,16,16,32,completed,True,ad_data/exp031/exp031_full_20260729_174215/thubenchmark_conformer_seed43_trades_autoattack.pth
attack_thubenchmark_conformer_seed43_trades_fgsm,attack,thubenchmark,conformer,43,trades,fgsm,0,62.09058499336243,0,128,16,16,32,completed,True,ad_data/exp031/exp031_full_20260729_174215/thubenchmark_conformer_seed43_trades_fgsm.pth
attack_thubenchmark_conformer_seed43_trades_pgd,attack,thubenchmark,conformer,43,trades,pgd,0,423.1309857368469,0,128,16,16,32,completed,True,ad_data/exp031/exp031_full_20260729_174215/thubenchmark_conformer_seed43_trades_pgd.pth
attack_thubenchmark_conformer_seed43_trades_cw,attack,thubenchmark,conformer,43,trades,cw,0,318.586021900177,2,128,16,16,32,completed,True,ad_data/exp031/exp031_full_20260729_174215/thubenchmark_conformer_seed43_trades_cw.pth
attack_thubenchmark_conformer_seed43_fbf_autoattack,attack,thubenchmark,conformer,43,fbf,autoattack,0,8091.28083729744,0,128,16,16,32,completed,True,ad_data/exp031/exp031_full_20260729_174215/thubenchmark_conformer_seed43_fbf_autoattack.pth
attack_thubenchmark_conformer_seed43_fbf_fgsm,attack,thubenchmark,conformer,43,fbf,fgsm,0,70.1092700958252,2,128,16,16,32,completed,True,ad_data/exp031/exp031_full_20260729_174215/thubenchmark_conformer_seed43_fbf_fgsm.pth
attack_thubenchmark_conformer_seed43_fbf_pgd,attack,thubenchmark,conformer,43,fbf,pgd,0,414.6050660610199,2,128,16,16,32,completed,True,ad_data/exp031/exp031_full_20260729_174215/thubenchmark_conformer_seed43_fbf_pgd.pth
attack_thubenchmark_conformer_seed43_fbf_cw,attack,thubenchmark,conformer,43,fbf,cw,0,508.8511326313019,2,128,16,16,32,completed,True,ad_data/exp031/exp031_full_20260729_174215/thubenchmark_conformer_seed43_fbf_cw.pth
attack_thubenchmark_conformer_seed43_ea_forward_autoattack,attack,thubenchmark,conformer,43,ea_forward,autoattack,0,3855.319145679474,2,128,16,16,32,completed,True,ad_data/exp031/exp031_full_20260729_174215/thubenchmark_conformer_seed43_ea_forward_autoattack.pth
attack_thubenchmark_conformer_seed43_ea_forward_fgsm,attack,thubenchmark,conformer,43,ea_forward,fgsm,0,76.08189868927002,4,128,16,16,32,completed,True,ad_data/exp031/exp031_full_20260729_174215/thubenchmark_conformer_seed43_ea_forward_fgsm.pth
attack_thubenchmark_conformer_seed43_ea_forward_pgd,attack,thubenchmark,conformer,43,ea_forward,pgd,0,637.4741923809052,4,128,16,16,32,completed,True,ad_data/exp031/exp031_full_20260729_174215/thubenchmark_conformer_seed43_ea_forward_pgd.pth
attack_thubenchmark_conformer_seed43_ea_forward_cw,attack,thubenchmark,conformer,43,ea_forward,cw,0,597.5429179668427,4,128,16,16,32,completed,True,ad_data/exp031/exp031_full_20260729_174215/thubenchmark_conformer_seed43_ea_forward_cw.pth
attack_thubenchmark_conformer_seed43_rpcf_at_autoattack,attack,thubenchmark,conformer,43,rpcf_at,autoattack,0,8848.024143218994,1,128,16,16,32,completed,True,ad_data/exp031/exp031_full_20260729_174215/thubenchmark_conformer_seed43_rpcf_at_autoattack.pth
attack_thubenchmark_conformer_seed43_rpcf_at_fgsm,attack,thubenchmark,conformer,43,rpcf_at,fgsm,0,96.2135021686554,4,128,16,16,32,completed,True,ad_data/exp031/exp031_full_20260729_174215/thubenchmark_conformer_seed43_rpcf_at_fgsm.pth
attack_thubenchmark_conformer_seed43_rpcf_at_pgd,attack,thubenchmark,conformer,43,rpcf_at,pgd,0,362.6436686515808,4,128,16,16,32,completed,True,ad_data/exp031/exp031_full_20260729_174215/thubenchmark_conformer_seed43_rpcf_at_pgd.pth
attack_thubenchmark_conformer_seed43_rpcf_at_cw,attack,thubenchmark,conformer,43,rpcf_at,cw,0,328.6881580352783,4,128,16,16,32,completed,True,ad_data/exp031/exp031_full_20260729_174215/thubenchmark_conformer_seed43_rpcf_at_cw.pth
attack_thubenchmark_conformer_seed44_madry_autoattack,attack,thubenchmark,conformer,44,madry,autoattack,0,8791.044838666916,4,128,16,16,32,completed,True,ad_data/exp031/exp031_full_20260729_174215/thubenchmark_conformer_seed44_madry_autoattack.pth
attack_thubenchmark_conformer_seed44_madry_fgsm,attack,thubenchmark,conformer,44,madry,fgsm,0,100.21975922584534,3,128,16,16,32,completed,True,ad_data/exp031/exp031_full_20260729_174215/thubenchmark_conformer_seed44_madry_fgsm.pth
attack_thubenchmark_conformer_seed44_madry_pgd,attack,thubenchmark,conformer,44,madry,pgd,0,366.58210587501526,3,128,16,16,32,completed,True,ad_data/exp031/exp031_full_20260729_174215/thubenchmark_conformer_seed44_madry_pgd.pth
attack_thubenchmark_conformer_seed44_madry_cw,attack,thubenchmark,conformer,44,madry,cw,0,442.664662361145,2,128,16,16,32,completed,True,ad_data/exp031/exp031_full_20260729_174215/thubenchmark_conformer_seed44_madry_cw.pth
attack_thubenchmark_conformer_seed44_trades_autoattack,attack,thubenchmark,conformer,44,trades,autoattack,0,7879.146499156952,3,128,16,16,32,completed,True,ad_data/exp031/exp031_full_20260729_174215/thubenchmark_conformer_seed44_trades_autoattack.pth
attack_thubenchmark_conformer_seed44_trades_fgsm,attack,thubenchmark,conformer,44,trades,fgsm,0,90.12326979637146,2,128,16,16,32,completed,True,ad_data/exp031/exp031_full_20260729_174215/thubenchmark_conformer_seed44_trades_fgsm.pth
attack_thubenchmark_conformer_seed44_trades_pgd,attack,thubenchmark,conformer,44,trades,pgd,0,370.4833962917328,2,128,16,16,32,completed,True,ad_data/exp031/exp031_full_20260729_174215/thubenchmark_conformer_seed44_trades_pgd.pth
attack_thubenchmark_conformer_seed44_trades_cw,attack,thubenchmark,conformer,44,trades,cw,0,290.3738079071045,2,128,16,16,32,completed,True,ad_data/exp031/exp031_full_20260729_174215/thubenchmark_conformer_seed44_trades_cw.pth
attack_thubenchmark_conformer_seed44_fbf_autoattack,attack,thubenchmark,conformer,44,fbf,autoattack,0,6327.945884466171,2,128,16,16,32,completed,True,ad_data/exp031/exp031_full_20260729_174215/thubenchmark_conformer_seed44_fbf_autoattack.pth
attack_thubenchmark_conformer_seed44_fbf_fgsm,attack,thubenchmark,conformer,44,fbf,fgsm,0,88.29448056221008,6,128,16,16,32,completed,True,ad_data/exp031/exp031_full_20260729_174215/thubenchmark_conformer_seed44_fbf_fgsm.pth
attack_thubenchmark_conformer_seed44_fbf_pgd,attack,thubenchmark,conformer,44,fbf,pgd,0,344.7011671066284,5,128,16,16,32,completed,True,ad_data/exp031/exp031_full_20260729_174215/thubenchmark_conformer_seed44_fbf_pgd.pth
attack_thubenchmark_conformer_seed44_fbf_cw,attack,thubenchmark,conformer,44,fbf,cw,0,392.78300285339355,6,128,16,16,32,completed,True,ad_data/exp031/exp031_full_20260729_174215/thubenchmark_conformer_seed44_fbf_cw.pth
attack_thubenchmark_conformer_seed44_ea_forward_autoattack,attack,thubenchmark,conformer,44,ea_forward,autoattack,0,76.15815544128418,0,128,16,16,32,completed,True,ad_data/exp031/exp031_full_20260729_174215/thubenchmark_conformer_seed44_ea_forward_autoattack.pth
attack_thubenchmark_conformer_seed44_ea_forward_fgsm,attack,thubenchmark,conformer,44,ea_forward,fgsm,0,96.3729157447815,5,128,16,16,32,completed,True,ad_data/exp031/exp031_full_20260729_174215/thubenchmark_conformer_seed44_ea_forward_fgsm.pth
attack_thubenchmark_conformer_seed44_ea_forward_pgd,attack,thubenchmark,conformer,44,ea_forward,pgd,0,587.3830568790436,0,128,16,16,32,completed,True,ad_data/exp031/exp031_full_20260729_174215/thubenchmark_conformer_seed44_ea_forward_pgd.pth
attack_thubenchmark_conformer_seed44_ea_forward_cw,attack,thubenchmark,conformer,44,ea_forward,cw,0,166.37475514411926,6,128,16,16,32,completed,True,ad_data/exp031/exp031_full_20260729_174215/thubenchmark_conformer_seed44_ea_forward_cw.pth
attack_thubenchmark_conformer_seed44_rpcf_at_autoattack,attack,thubenchmark,conformer,44,rpcf_at,autoattack,0,8458.012541770935,5,128,16,16,32,completed,True,ad_data/exp031/exp031_full_20260729_174215/thubenchmark_conformer_seed44_rpcf_at_autoattack.pth
attack_thubenchmark_conformer_seed44_rpcf_at_fgsm,attack,thubenchmark,conformer,44,rpcf_at,fgsm,0,60.08318758010864,6,128,16,16,32,completed,True,ad_data/exp031/exp031_full_20260729_174215/thubenchmark_conformer_seed44_rpcf_at_fgsm.pth
attack_thubenchmark_conformer_seed44_rpcf_at_pgd,attack,thubenchmark,conformer,44,rpcf_at,pgd,0,348.6570780277252,6,128,16,16,32,completed,True,ad_data/exp031/exp031_full_20260729_174215/thubenchmark_conformer_seed44_rpcf_at_pgd.pth
attack_thubenchmark_conformer_seed44_rpcf_at_cw,attack,thubenchmark,conformer,44,rpcf_at,cw,0,366.56524682044983,0,128,16,16,32,completed,True,ad_data/exp031/exp031_full_20260729_174215/thubenchmark_conformer_seed44_rpcf_at_cw.pth
attack_thubenchmark_conformer_seed45_madry_autoattack,attack,thubenchmark,conformer,45,madry,autoattack,0,8478.023830652237,6,128,16,16,32,completed,True,ad_data/exp031/exp031_full_20260729_174215/thubenchmark_conformer_seed45_madry_autoattack.pth
attack_thubenchmark_conformer_seed45_madry_fgsm,attack,thubenchmark,conformer,45,madry,fgsm,0,54.06909704208374,0,128,16,16,32,completed,True,ad_data/exp031/exp031_full_20260729_174215/thubenchmark_conformer_seed45_madry_fgsm.pth
attack_thubenchmark_conformer_seed45_madry_pgd,attack,thubenchmark,conformer,45,madry,pgd,0,330.42240262031555,0,128,16,16,32,completed,True,ad_data/exp031/exp031_full_20260729_174215/thubenchmark_conformer_seed45_madry_pgd.pth
attack_thubenchmark_conformer_seed45_madry_cw,attack,thubenchmark,conformer,45,madry,cw,0,452.6292703151703,0,128,16,16,32,completed,True,ad_data/exp031/exp031_full_20260729_174215/thubenchmark_conformer_seed45_madry_cw.pth
attack_thubenchmark_conformer_seed45_trades_autoattack,attack,thubenchmark,conformer,45,trades,autoattack,0,7410.308154821396,0,128,16,16,32,completed,True,ad_data/exp031/exp031_full_20260729_174215/thubenchmark_conformer_seed45_trades_autoattack.pth
attack_thubenchmark_conformer_seed45_trades_fgsm,attack,thubenchmark,conformer,45,trades,fgsm,0,68.09801387786865,1,128,16,16,32,completed,True,ad_data/exp031/exp031_full_20260729_174215/thubenchmark_conformer_seed45_trades_fgsm.pth
attack_thubenchmark_conformer_seed45_trades_pgd,attack,thubenchmark,conformer,45,trades,pgd,0,394.473019361496,1,128,16,16,32,completed,True,ad_data/exp031/exp031_full_20260729_174215/thubenchmark_conformer_seed45_trades_pgd.pth
attack_thubenchmark_conformer_seed45_trades_cw,attack,thubenchmark,conformer,45,trades,cw,0,350.5337288379669,1,128,16,16,32,completed,True,ad_data/exp031/exp031_full_20260729_174215/thubenchmark_conformer_seed45_trades_cw.pth
attack_thubenchmark_conformer_seed45_fbf_autoattack,attack,thubenchmark,conformer,45,fbf,autoattack,0,8113.709666728973,1,128,16,16,32,completed,True,ad_data/exp031/exp031_full_20260729_174215/thubenchmark_conformer_seed45_fbf_autoattack.pth
attack_thubenchmark_conformer_seed45_fbf_fgsm,attack,thubenchmark,conformer,45,fbf,fgsm,0,94.13268208503723,4,128,16,16,32,completed,True,ad_data/exp031/exp031_full_20260729_174215/thubenchmark_conformer_seed45_fbf_fgsm.pth
attack_thubenchmark_conformer_seed45_fbf_pgd,attack,thubenchmark,conformer,45,fbf,pgd,0,374.5820097923279,4,128,16,16,32,completed,True,ad_data/exp031/exp031_full_20260729_174215/thubenchmark_conformer_seed45_fbf_pgd.pth
attack_thubenchmark_conformer_seed45_fbf_cw,attack,thubenchmark,conformer,45,fbf,cw,0,386.85755252838135,2,128,16,16,32,completed,True,ad_data/exp031/exp031_full_20260729_174215/thubenchmark_conformer_seed45_fbf_cw.pth
attack_thubenchmark_conformer_seed45_ea_forward_autoattack,attack,thubenchmark,conformer,45,ea_forward,autoattack,0,94.14605212211609,4,128,16,16,32,completed,True,ad_data/exp031/exp031_full_20260729_174215/thubenchmark_conformer_seed45_ea_forward_autoattack.pth
attack_thubenchmark_conformer_seed45_ea_forward_fgsm,attack,thubenchmark,conformer,45,ea_forward,fgsm,0,96.11856031417847,4,128,16,16,32,completed,True,ad_data/exp031/exp031_full_20260729_174215/thubenchmark_conformer_seed45_ea_forward_fgsm.pth
attack_thubenchmark_conformer_seed45_ea_forward_pgd,attack,thubenchmark,conformer,45,ea_forward,pgd,0,557.1957211494446,4,128,16,16,32,completed,True,ad_data/exp031/exp031_full_20260729_174215/thubenchmark_conformer_seed45_ea_forward_pgd.pth
attack_thubenchmark_conformer_seed45_ea_forward_cw,attack,thubenchmark,conformer,45,ea_forward,cw,0,312.3972477912903,2,128,16,16,32,completed,True,ad_data/exp031/exp031_full_20260729_174215/thubenchmark_conformer_seed45_ea_forward_cw.pth
attack_thubenchmark_conformer_seed45_rpcf_at_autoattack,attack,thubenchmark,conformer,45,rpcf_at,autoattack,0,9131.267086982727,2,128,16,16,32,completed,True,ad_data/exp031/exp031_full_20260729_174215/thubenchmark_conformer_seed45_rpcf_at_autoattack.pth
attack_thubenchmark_conformer_seed45_rpcf_at_fgsm,attack,thubenchmark,conformer,45,rpcf_at,fgsm,0,58.08751559257507,3,128,16,16,32,completed,True,ad_data/exp031/exp031_full_20260729_174215/thubenchmark_conformer_seed45_rpcf_at_fgsm.pth
attack_thubenchmark_conformer_seed45_rpcf_at_pgd,attack,thubenchmark,conformer,45,rpcf_at,pgd,0,366.60689902305603,3,128,16,16,32,completed,True,ad_data/exp031/exp031_full_20260729_174215/thubenchmark_conformer_seed45_rpcf_at_pgd.pth
attack_thubenchmark_conformer_seed45_rpcf_at_cw,attack,thubenchmark,conformer,45,rpcf_at,cw,0,348.5493206977844,4,128,16,16,32,completed,True,ad_data/exp031/exp031_full_20260729_174215/thubenchmark_conformer_seed45_rpcf_at_cw.pth
attack_thubenchmark_conformer_seed46_madry_autoattack,attack,thubenchmark,conformer,46,madry,autoattack,0,9259.661796092987,3,128,16,16,32,completed,True,ad_data/exp031/exp031_full_20260729_174215/thubenchmark_conformer_seed46_madry_autoattack.pth
attack_thubenchmark_conformer_seed46_madry_fgsm,attack,thubenchmark,conformer,46,madry,fgsm,0,76.11800789833069,4,128,16,16,32,completed,True,ad_data/exp031/exp031_full_20260729_174215/thubenchmark_conformer_seed46_madry_fgsm.pth
attack_thubenchmark_conformer_seed46_madry_pgd,attack,thubenchmark,conformer,46,madry,pgd,0,385.0727553367615,4,128,16,16,32,completed,True,ad_data/exp031/exp031_full_20260729_174215/thubenchmark_conformer_seed46_madry_pgd.pth
attack_thubenchmark_conformer_seed46_madry_cw,attack,thubenchmark,conformer,46,madry,cw,0,432.5415868759155,4,128,16,16,32,completed,True,ad_data/exp031/exp031_full_20260729_174215/thubenchmark_conformer_seed46_madry_cw.pth
attack_thubenchmark_conformer_seed46_trades_autoattack,attack,thubenchmark,conformer,46,trades,autoattack,0,8851.03816819191,4,128,16,16,32,completed,True,ad_data/exp031/exp031_full_20260729_174215/thubenchmark_conformer_seed46_trades_autoattack.pth
attack_thubenchmark_conformer_seed46_trades_fgsm,attack,thubenchmark,conformer,46,trades,fgsm,0,48.06978726387024,5,128,16,16,32,completed,True,ad_data/exp031/exp031_full_20260729_174215/thubenchmark_conformer_seed46_trades_fgsm.pth
attack_thubenchmark_conformer_seed46_trades_pgd,attack,thubenchmark,conformer,46,trades,pgd,0,370.5435173511505,5,128,16,16,32,completed,True,ad_data/exp031/exp031_full_20260729_174215/thubenchmark_conformer_seed46_trades_pgd.pth
attack_thubenchmark_conformer_seed46_trades_cw,attack,thubenchmark,conformer,46,trades,cw,0,338.9881362915039,5,128,16,16,32,completed,True,ad_data/exp031/exp031_full_20260729_174215/thubenchmark_conformer_seed46_trades_cw.pth
attack_thubenchmark_conformer_seed46_fbf_autoattack,attack,thubenchmark,conformer,46,fbf,autoattack,0,8816.918655872345,6,128,16,16,32,completed,True,ad_data/exp031/exp031_full_20260729_174215/thubenchmark_conformer_seed46_fbf_autoattack.pth
attack_thubenchmark_conformer_seed46_fbf_fgsm,attack,thubenchmark,conformer,46,fbf,fgsm,0,84.1215603351593,0,128,16,16,32,completed,True,ad_data/exp031/exp031_full_20260729_174215/thubenchmark_conformer_seed46_fbf_fgsm.pth
attack_thubenchmark_conformer_seed46_fbf_pgd,attack,thubenchmark,conformer,46,fbf,pgd,0,354.5188488960266,0,128,16,16,32,completed,True,ad_data/exp031/exp031_full_20260729_174215/thubenchmark_conformer_seed46_fbf_pgd.pth
attack_thubenchmark_conformer_seed46_fbf_cw,attack,thubenchmark,conformer,46,fbf,cw,0,378.5402002334595,5,128,16,16,32,completed,True,ad_data/exp031/exp031_full_20260729_174215/thubenchmark_conformer_seed46_fbf_cw.pth
attack_thubenchmark_conformer_seed46_ea_forward_autoattack,attack,thubenchmark,conformer,46,ea_forward,autoattack,0,4445.713684558868,0,128,16,16,32,completed,True,ad_data/exp031/exp031_full_20260729_174215/thubenchmark_conformer_seed46_ea_forward_autoattack.pth
attack_thubenchmark_conformer_seed46_ea_forward_fgsm,attack,thubenchmark,conformer,46,ea_forward,fgsm,0,128.19213604927063,5,128,16,16,32,completed,True,ad_data/exp031/exp031_full_20260729_174215/thubenchmark_conformer_seed46_ea_forward_fgsm.pth
attack_thubenchmark_conformer_seed46_ea_forward_pgd,attack,thubenchmark,conformer,46,ea_forward,pgd,0,674.8826229572296,5,128,16,16,32,completed,True,ad_data/exp031/exp031_full_20260729_174215/thubenchmark_conformer_seed46_ea_forward_pgd.pth
attack_thubenchmark_conformer_seed46_ea_forward_cw,attack,thubenchmark,conformer,46,ea_forward,cw,0,432.59796595573425,5,128,16,16,32,completed,True,ad_data/exp031/exp031_full_20260729_174215/thubenchmark_conformer_seed46_ea_forward_cw.pth
attack_thubenchmark_conformer_seed46_rpcf_at_autoattack,attack,thubenchmark,conformer,46,rpcf_at,autoattack,0,10269.863031864166,5,128,16,16,32,completed,True,ad_data/exp031/exp031_full_20260729_174215/thubenchmark_conformer_seed46_rpcf_at_autoattack.pth
attack_thubenchmark_conformer_seed46_rpcf_at_fgsm,attack,thubenchmark,conformer,46,rpcf_at,fgsm,0,74.19678735733032,1,128,16,16,32,completed,True,ad_data/exp031/exp031_full_20260729_174215/thubenchmark_conformer_seed46_rpcf_at_fgsm.pth
attack_thubenchmark_conformer_seed46_rpcf_at_pgd,attack,thubenchmark,conformer,46,rpcf_at,pgd,0,380.55065631866455,1,128,16,16,32,completed,True,ad_data/exp031/exp031_full_20260729_174215/thubenchmark_conformer_seed46_rpcf_at_pgd.pth
attack_thubenchmark_conformer_seed46_rpcf_at_cw,attack,thubenchmark,conformer,46,rpcf_at,cw,0,390.5696964263916,1,128,16,16,32,completed,True,ad_data/exp031/exp031_full_20260729_174215/thubenchmark_conformer_seed46_rpcf_at_cw.pth
attack_thubenchmark_tcnet_seed42_madry_autoattack,attack,thubenchmark,tcnet,42,madry,autoattack,0,3818.396787405014,1,128,32,64,128,completed,True,ad_data/exp031/exp031_full_20260729_174215/thubenchmark_tcnet_seed42_madry_autoattack.pth
attack_thubenchmark_tcnet_seed42_madry_fgsm,attack,thubenchmark,tcnet,42,madry,fgsm,0,70.11416721343994,0,128,32,64,128,completed,True,ad_data/exp031/exp031_full_20260729_174215/thubenchmark_tcnet_seed42_madry_fgsm.pth
attack_thubenchmark_tcnet_seed42_madry_pgd,attack,thubenchmark,tcnet,42,madry,pgd,0,194.42155003547668,0,128,32,64,128,completed,True,ad_data/exp031/exp031_full_20260729_174215/thubenchmark_tcnet_seed42_madry_pgd.pth
attack_thubenchmark_tcnet_seed42_madry_cw,attack,thubenchmark,tcnet,42,madry,cw,0,138.26188731193542,2,128,32,64,128,completed,True,ad_data/exp031/exp031_full_20260729_174215/thubenchmark_tcnet_seed42_madry_cw.pth
attack_thubenchmark_tcnet_seed42_trades_autoattack,attack,thubenchmark,tcnet,42,trades,autoattack,0,3071.816608428955,0,128,32,64,128,completed,True,ad_data/exp031/exp031_full_20260729_174215/thubenchmark_tcnet_seed42_trades_autoattack.pth
attack_thubenchmark_tcnet_seed42_trades_fgsm,attack,thubenchmark,tcnet,42,trades,fgsm,0,62.08441710472107,2,128,32,64,128,completed,True,ad_data/exp031/exp031_full_20260729_174215/thubenchmark_tcnet_seed42_trades_fgsm.pth
attack_thubenchmark_tcnet_seed42_trades_pgd,attack,thubenchmark,tcnet,42,trades,pgd,0,204.2728409767151,2,128,32,64,128,completed,True,ad_data/exp031/exp031_full_20260729_174215/thubenchmark_tcnet_seed42_trades_pgd.pth
attack_thubenchmark_tcnet_seed42_trades_cw,attack,thubenchmark,tcnet,42,trades,cw,0,158.2271864414215,2,128,32,64,128,completed,True,ad_data/exp031/exp031_full_20260729_174215/thubenchmark_tcnet_seed42_trades_cw.pth
attack_thubenchmark_tcnet_seed42_fbf_autoattack,attack,thubenchmark,tcnet,42,fbf,autoattack,0,3421.131737947464,2,128,32,64,128,completed,True,ad_data/exp031/exp031_full_20260729_174215/thubenchmark_tcnet_seed42_fbf_autoattack.pth
attack_thubenchmark_tcnet_seed42_fbf_fgsm,attack,thubenchmark,tcnet,42,fbf,fgsm,0,56.18724799156189,3,128,32,64,128,completed,True,ad_data/exp031/exp031_full_20260729_174215/thubenchmark_tcnet_seed42_fbf_fgsm.pth
attack_thubenchmark_tcnet_seed42_fbf_pgd,attack,thubenchmark,tcnet,42,fbf,pgd,0,196.32313561439514,3,128,32,64,128,completed,True,ad_data/exp031/exp031_full_20260729_174215/thubenchmark_tcnet_seed42_fbf_pgd.pth
attack_thubenchmark_tcnet_seed42_fbf_cw,attack,thubenchmark,tcnet,42,fbf,cw,0,210.30174660682678,3,128,32,64,128,completed,True,ad_data/exp031/exp031_full_20260729_174215/thubenchmark_tcnet_seed42_fbf_cw.pth
attack_thubenchmark_tcnet_seed42_ea_forward_autoattack,attack,thubenchmark,tcnet,42,ea_forward,autoattack,0,76.09338808059692,3,128,32,64,128,completed,True,ad_data/exp031/exp031_full_20260729_174215/thubenchmark_tcnet_seed42_ea_forward_autoattack.pth
attack_thubenchmark_tcnet_seed42_ea_forward_fgsm,attack,thubenchmark,tcnet,42,ea_forward,fgsm,0,76.27035927772522,3,128,32,64,128,completed,True,ad_data/exp031/exp031_full_20260729_174215/thubenchmark_tcnet_seed42_ea_forward_fgsm.pth
attack_thubenchmark_tcnet_seed42_ea_forward_pgd,attack,thubenchmark,tcnet,42,ea_forward,pgd,0,342.70118594169617,4,128,32,64,128,completed,True,ad_data/exp031/exp031_full_20260729_174215/thubenchmark_tcnet_seed42_ea_forward_pgd.pth
attack_thubenchmark_tcnet_seed42_ea_forward_cw,attack,thubenchmark,tcnet,42,ea_forward,cw,0,156.21015119552612,3,128,32,64,128,completed,True,ad_data/exp031/exp031_full_20260729_174215/thubenchmark_tcnet_seed42_ea_forward_cw.pth
attack_thubenchmark_tcnet_seed42_rpcf_at_autoattack,attack,thubenchmark,tcnet,42,rpcf_at,autoattack,0,3366.938786506653,3,128,32,64,128,completed,True,ad_data/exp031/exp031_full_20260729_174215/thubenchmark_tcnet_seed42_rpcf_at_autoattack.pth
attack_thubenchmark_tcnet_seed42_rpcf_at_fgsm,attack,thubenchmark,tcnet,42,rpcf_at,fgsm,0,70.10092329978943,4,128,32,64,128,completed,True,ad_data/exp031/exp031_full_20260729_174215/thubenchmark_tcnet_seed42_rpcf_at_fgsm.pth
attack_thubenchmark_tcnet_seed42_rpcf_at_pgd,attack,thubenchmark,tcnet,42,rpcf_at,pgd,0,194.26818108558655,4,128,32,64,128,completed,True,ad_data/exp031/exp031_full_20260729_174215/thubenchmark_tcnet_seed42_rpcf_at_pgd.pth
attack_thubenchmark_tcnet_seed42_rpcf_at_cw,attack,thubenchmark,tcnet,42,rpcf_at,cw,0,170.34686183929443,4,128,32,64,128,completed,True,ad_data/exp031/exp031_full_20260729_174215/thubenchmark_tcnet_seed42_rpcf_at_cw.pth
attack_thubenchmark_tcnet_seed43_madry_autoattack,attack,thubenchmark,tcnet,43,madry,autoattack,0,4372.8903131484985,4,128,32,64,128,completed,True,ad_data/exp031/exp031_full_20260729_174215/thubenchmark_tcnet_seed43_madry_autoattack.pth
attack_thubenchmark_tcnet_seed43_madry_fgsm,attack,thubenchmark,tcnet,43,madry,fgsm,0,100.14114046096802,1,128,32,64,128,completed,True,ad_data/exp031/exp031_full_20260729_174215/thubenchmark_tcnet_seed43_madry_fgsm.pth
attack_thubenchmark_tcnet_seed43_madry_pgd,attack,thubenchmark,tcnet,43,madry,pgd,0,226.3201310634613,1,128,32,64,128,completed,True,ad_data/exp031/exp031_full_20260729_174215/thubenchmark_tcnet_seed43_madry_pgd.pth
attack_thubenchmark_tcnet_seed43_madry_cw,attack,thubenchmark,tcnet,43,madry,cw,0,140.18545174598694,1,128,32,64,128,completed,True,ad_data/exp031/exp031_full_20260729_174215/thubenchmark_tcnet_seed43_madry_cw.pth
attack_thubenchmark_tcnet_seed43_trades_autoattack,attack,thubenchmark,tcnet,43,trades,autoattack,0,3510.7732977867126,1,128,32,64,128,completed,True,ad_data/exp031/exp031_full_20260729_174215/thubenchmark_tcnet_seed43_trades_autoattack.pth
attack_thubenchmark_tcnet_seed43_trades_fgsm,attack,thubenchmark,tcnet,43,trades,fgsm,0,80.13115048408508,0,128,32,64,128,completed,True,ad_data/exp031/exp031_full_20260729_174215/thubenchmark_tcnet_seed43_trades_fgsm.pth
attack_thubenchmark_tcnet_seed43_trades_pgd,attack,thubenchmark,tcnet,43,trades,pgd,0,194.408020734787,0,128,32,64,128,completed,True,ad_data/exp031/exp031_full_20260729_174215/thubenchmark_tcnet_seed43_trades_pgd.pth
attack_thubenchmark_tcnet_seed43_trades_cw,attack,thubenchmark,tcnet,43,trades,cw,0,170.24609279632568,0,128,32,64,128,completed,True,ad_data/exp031/exp031_full_20260729_174215/thubenchmark_tcnet_seed43_trades_cw.pth
attack_thubenchmark_tcnet_seed43_fbf_autoattack,attack,thubenchmark,tcnet,43,fbf,autoattack,0,3366.515172958374,0,128,32,64,128,completed,True,ad_data/exp031/exp031_full_20260729_174215/thubenchmark_tcnet_seed43_fbf_autoattack.pth
attack_thubenchmark_tcnet_seed43_fbf_fgsm,attack,thubenchmark,tcnet,43,fbf,fgsm,0,98.15713834762573,6,128,32,64,128,completed,True,ad_data/exp031/exp031_full_20260729_174215/thubenchmark_tcnet_seed43_fbf_fgsm.pth
attack_thubenchmark_tcnet_seed43_fbf_pgd,attack,thubenchmark,tcnet,43,fbf,pgd,0,192.27152395248413,6,128,32,64,128,completed,True,ad_data/exp031/exp031_full_20260729_174215/thubenchmark_tcnet_seed43_fbf_pgd.pth
attack_thubenchmark_tcnet_seed43_fbf_cw,attack,thubenchmark,tcnet,43,fbf,cw,0,134.30574536323547,6,128,32,64,128,completed,True,ad_data/exp031/exp031_full_20260729_174215/thubenchmark_tcnet_seed43_fbf_cw.pth
attack_thubenchmark_tcnet_seed43_ea_forward_autoattack,attack,thubenchmark,tcnet,43,ea_forward,autoattack,0,84.25912475585938,2,128,32,64,128,completed,True,ad_data/exp031/exp031_full_20260729_174215/thubenchmark_tcnet_seed43_ea_forward_autoattack.pth
attack_thubenchmark_tcnet_seed43_ea_forward_fgsm,attack,thubenchmark,tcnet,43,ea_forward,fgsm,0,80.24617600440979,6,128,32,64,128,completed,True,ad_data/exp031/exp031_full_20260729_174215/thubenchmark_tcnet_seed43_ea_forward_fgsm.pth
attack_thubenchmark_tcnet_seed43_ea_forward_pgd,attack,thubenchmark,tcnet,43,ea_forward,pgd,0,276.63714575767517,2,128,32,64,128,completed,True,ad_data/exp031/exp031_full_20260729_174215/thubenchmark_tcnet_seed43_ea_forward_pgd.pth
attack_thubenchmark_tcnet_seed43_ea_forward_cw,attack,thubenchmark,tcnet,43,ea_forward,cw,0,188.25728106498718,6,128,32,64,128,completed,True,ad_data/exp031/exp031_full_20260729_174215/thubenchmark_tcnet_seed43_ea_forward_cw.pth
attack_thubenchmark_tcnet_seed43_rpcf_at_autoattack,attack,thubenchmark,tcnet,43,rpcf_at,autoattack,0,3328.6838088035583,6,128,32,64,128,completed,True,ad_data/exp031/exp031_full_20260729_174215/thubenchmark_tcnet_seed43_rpcf_at_autoattack.pth
attack_thubenchmark_tcnet_seed43_rpcf_at_fgsm,attack,thubenchmark,tcnet,43,rpcf_at,fgsm,0,76.17117357254028,2,128,32,64,128,completed,True,ad_data/exp031/exp031_full_20260729_174215/thubenchmark_tcnet_seed43_rpcf_at_fgsm.pth
attack_thubenchmark_tcnet_seed43_rpcf_at_pgd,attack,thubenchmark,tcnet,43,rpcf_at,pgd,0,200.31474494934082,2,128,32,64,128,completed,True,ad_data/exp031/exp031_full_20260729_174215/thubenchmark_tcnet_seed43_rpcf_at_pgd.pth
attack_thubenchmark_tcnet_seed43_rpcf_at_cw,attack,thubenchmark,tcnet,43,rpcf_at,cw,0,166.3602545261383,2,128,32,64,128,completed,True,ad_data/exp031/exp031_full_20260729_174215/thubenchmark_tcnet_seed43_rpcf_at_cw.pth
attack_thubenchmark_tcnet_seed44_madry_autoattack,attack,thubenchmark,tcnet,44,madry,autoattack,0,4867.827931642532,3,128,32,64,128,completed,True,ad_data/exp031/exp031_full_20260729_174215/thubenchmark_tcnet_seed44_madry_autoattack.pth
attack_thubenchmark_tcnet_seed44_madry_fgsm,attack,thubenchmark,tcnet,44,madry,fgsm,0,62.081701040267944,2,128,32,64,128,completed,True,ad_data/exp031/exp031_full_20260729_174215/thubenchmark_tcnet_seed44_madry_fgsm.pth
attack_thubenchmark_tcnet_seed44_madry_pgd,attack,thubenchmark,tcnet,44,madry,pgd,0,222.38167691230774,2,128,32,64,128,completed,True,ad_data/exp031/exp031_full_20260729_174215/thubenchmark_tcnet_seed44_madry_pgd.pth
attack_thubenchmark_tcnet_seed44_madry_cw,attack,thubenchmark,tcnet,44,madry,cw,0,160.31288695335388,2,128,32,64,128,completed,True,ad_data/exp031/exp031_full_20260729_174215/thubenchmark_tcnet_seed44_madry_cw.pth
attack_thubenchmark_tcnet_seed44_trades_autoattack,attack,thubenchmark,tcnet,44,trades,autoattack,0,3756.985491991043,2,128,32,64,128,completed,True,ad_data/exp031/exp031_full_20260729_174215/thubenchmark_tcnet_seed44_trades_autoattack.pth
attack_thubenchmark_tcnet_seed44_trades_fgsm,attack,thubenchmark,tcnet,44,trades,fgsm,0,94.1506335735321,1,128,32,64,128,completed,True,ad_data/exp031/exp031_full_20260729_174215/thubenchmark_tcnet_seed44_trades_fgsm.pth
attack_thubenchmark_tcnet_seed44_trades_pgd,attack,thubenchmark,tcnet,44,trades,pgd,0,194.423171043396,1,128,32,64,128,completed,True,ad_data/exp031/exp031_full_20260729_174215/thubenchmark_tcnet_seed44_trades_pgd.pth
attack_thubenchmark_tcnet_seed44_trades_cw,attack,thubenchmark,tcnet,44,trades,cw,0,162.36069440841675,4,128,32,64,128,completed,True,ad_data/exp031/exp031_full_20260729_174215/thubenchmark_tcnet_seed44_trades_cw.pth
attack_thubenchmark_tcnet_seed44_fbf_autoattack,attack,thubenchmark,tcnet,44,fbf,autoattack,0,3322.711673259735,1,128,32,64,128,completed,True,ad_data/exp031/exp031_full_20260729_174215/thubenchmark_tcnet_seed44_fbf_autoattack.pth
attack_thubenchmark_tcnet_seed44_fbf_fgsm,attack,thubenchmark,tcnet,44,fbf,fgsm,0,90.1632513999939,4,128,32,64,128,completed,True,ad_data/exp031/exp031_full_20260729_174215/thubenchmark_tcnet_seed44_fbf_fgsm.pth
attack_thubenchmark_tcnet_seed44_fbf_pgd,attack,thubenchmark,tcnet,44,fbf,pgd,0,184.28937005996704,4,128,32,64,128,completed,True,ad_data/exp031/exp031_full_20260729_174215/thubenchmark_tcnet_seed44_fbf_pgd.pth
attack_thubenchmark_tcnet_seed44_fbf_cw,attack,thubenchmark,tcnet,44,fbf,cw,0,134.42765498161316,4,128,32,64,128,completed,True,ad_data/exp031/exp031_full_20260729_174215/thubenchmark_tcnet_seed44_fbf_cw.pth
attack_thubenchmark_tcnet_seed44_ea_forward_autoattack,attack,thubenchmark,tcnet,44,ea_forward,autoattack,0,78.2995376586914,5,128,32,64,128,completed,True,ad_data/exp031/exp031_full_20260729_174215/thubenchmark_tcnet_seed44_ea_forward_autoattack.pth
attack_thubenchmark_tcnet_seed44_ea_forward_fgsm,attack,thubenchmark,tcnet,44,ea_forward,fgsm,0,80.32667803764343,0,128,32,64,128,completed,True,ad_data/exp031/exp031_full_20260729_174215/thubenchmark_tcnet_seed44_ea_forward_fgsm.pth
attack_thubenchmark_tcnet_seed44_ea_forward_pgd,attack,thubenchmark,tcnet,44,ea_forward,pgd,0,325.0354402065277,4,128,32,64,128,completed,True,ad_data/exp031/exp031_full_20260729_174215/thubenchmark_tcnet_seed44_ea_forward_pgd.pth
attack_thubenchmark_tcnet_seed44_ea_forward_cw,attack,thubenchmark,tcnet,44,ea_forward,cw,0,194.49032998085022,5,128,32,64,128,completed,True,ad_data/exp031/exp031_full_20260729_174215/thubenchmark_tcnet_seed44_ea_forward_cw.pth
attack_thubenchmark_tcnet_seed44_rpcf_at_autoattack,attack,thubenchmark,tcnet,44,rpcf_at,autoattack,0,4910.647660970688,0,128,32,64,128,completed,True,ad_data/exp031/exp031_full_20260729_174215/thubenchmark_tcnet_seed44_rpcf_at_autoattack.pth
attack_thubenchmark_tcnet_seed44_rpcf_at_fgsm,attack,thubenchmark,tcnet,44,rpcf_at,fgsm,0,40.04206085205078,5,128,32,64,128,completed,True,ad_data/exp031/exp031_full_20260729_174215/thubenchmark_tcnet_seed44_rpcf_at_fgsm.pth
attack_thubenchmark_tcnet_seed44_rpcf_at_pgd,attack,thubenchmark,tcnet,44,rpcf_at,pgd,0,208.43052339553833,5,128,32,64,128,completed,True,ad_data/exp031/exp031_full_20260729_174215/thubenchmark_tcnet_seed44_rpcf_at_pgd.pth
attack_thubenchmark_tcnet_seed44_rpcf_at_cw,attack,thubenchmark,tcnet,44,rpcf_at,cw,0,148.36686658859253,4,128,32,64,128,completed,True,ad_data/exp031/exp031_full_20260729_174215/thubenchmark_tcnet_seed44_rpcf_at_cw.pth
attack_thubenchmark_tcnet_seed45_madry_autoattack,attack,thubenchmark,tcnet,45,madry,autoattack,0,3376.4898686408997,5,128,32,64,128,completed,True,ad_data/exp031/exp031_full_20260729_174215/thubenchmark_tcnet_seed45_madry_autoattack.pth
attack_thubenchmark_tcnet_seed45_madry_fgsm,attack,thubenchmark,tcnet,45,madry,fgsm,0,98.16416096687317,4,128,32,64,128,completed,True,ad_data/exp031/exp031_full_20260729_174215/thubenchmark_tcnet_seed45_madry_fgsm.pth
attack_thubenchmark_tcnet_seed45_madry_pgd,attack,thubenchmark,tcnet,45,madry,pgd,0,192.41665482521057,4,128,32,64,128,completed,True,ad_data/exp031/exp031_full_20260729_174215/thubenchmark_tcnet_seed45_madry_pgd.pth
attack_thubenchmark_tcnet_seed45_madry_cw,attack,thubenchmark,tcnet,45,madry,cw,0,144.34119200706482,6,128,32,64,128,completed,True,ad_data/exp031/exp031_full_20260729_174215/thubenchmark_tcnet_seed45_madry_cw.pth
attack_thubenchmark_tcnet_seed45_trades_autoattack,attack,thubenchmark,tcnet,45,trades,autoattack,0,4055.6979768276215,4,128,32,64,128,completed,True,ad_data/exp031/exp031_full_20260729_174215/thubenchmark_tcnet_seed45_trades_autoattack.pth
attack_thubenchmark_tcnet_seed45_trades_fgsm,attack,thubenchmark,tcnet,45,trades,fgsm,0,56.080625772476196,6,128,32,64,128,completed,True,ad_data/exp031/exp031_full_20260729_174215/thubenchmark_tcnet_seed45_trades_fgsm.pth
attack_thubenchmark_tcnet_seed45_trades_pgd,attack,thubenchmark,tcnet,45,trades,pgd,0,242.32717108726501,6,128,32,64,128,completed,True,ad_data/exp031/exp031_full_20260729_174215/thubenchmark_tcnet_seed45_trades_pgd.pth
attack_thubenchmark_tcnet_seed45_trades_cw,attack,thubenchmark,tcnet,45,trades,cw,0,166.2878155708313,6,128,32,64,128,completed,True,ad_data/exp031/exp031_full_20260729_174215/thubenchmark_tcnet_seed45_trades_cw.pth
attack_thubenchmark_tcnet_seed45_fbf_autoattack,attack,thubenchmark,tcnet,45,fbf,autoattack,0,3075.3421728610992,6,128,32,64,128,completed,True,ad_data/exp031/exp031_full_20260729_174215/thubenchmark_tcnet_seed45_fbf_autoattack.pth
attack_thubenchmark_tcnet_seed45_fbf_fgsm,attack,thubenchmark,tcnet,45,fbf,fgsm,0,78.13761520385742,2,128,32,64,128,completed,True,ad_data/exp031/exp031_full_20260729_174215/thubenchmark_tcnet_seed45_fbf_fgsm.pth
attack_thubenchmark_tcnet_seed45_fbf_pgd,attack,thubenchmark,tcnet,45,fbf,pgd,0,262.3701732158661,2,128,32,64,128,completed,True,ad_data/exp031/exp031_full_20260729_174215/thubenchmark_tcnet_seed45_fbf_pgd.pth
attack_thubenchmark_tcnet_seed45_fbf_cw,attack,thubenchmark,tcnet,45,fbf,cw,0,224.3338394165039,2,128,32,64,128,completed,True,ad_data/exp031/exp031_full_20260729_174215/thubenchmark_tcnet_seed45_fbf_cw.pth
attack_thubenchmark_tcnet_seed45_ea_forward_autoattack,attack,thubenchmark,tcnet,45,ea_forward,autoattack,0,76.20248413085938,2,128,32,64,128,completed,True,ad_data/exp031/exp031_full_20260729_174215/thubenchmark_tcnet_seed45_ea_forward_autoattack.pth
attack_thubenchmark_tcnet_seed45_ea_forward_fgsm,attack,thubenchmark,tcnet,45,ea_forward,fgsm,0,104.25125360488892,3,128,32,64,128,completed,True,ad_data/exp031/exp031_full_20260729_174215/thubenchmark_tcnet_seed45_ea_forward_fgsm.pth
attack_thubenchmark_tcnet_seed45_ea_forward_pgd,attack,thubenchmark,tcnet,45,ea_forward,pgd,0,344.8981773853302,2,128,32,64,128,completed,True,ad_data/exp031/exp031_full_20260729_174215/thubenchmark_tcnet_seed45_ea_forward_pgd.pth
attack_thubenchmark_tcnet_seed45_ea_forward_cw,attack,thubenchmark,tcnet,45,ea_forward,cw,0,172.32982921600342,3,128,32,64,128,completed,True,ad_data/exp031/exp031_full_20260729_174215/thubenchmark_tcnet_seed45_ea_forward_cw.pth
attack_thubenchmark_tcnet_seed45_rpcf_at_autoattack,attack,thubenchmark,tcnet,45,rpcf_at,autoattack,0,4275.029357910156,1,128,32,64,128,completed,True,ad_data/exp031/exp031_full_20260729_174215/thubenchmark_tcnet_seed45_rpcf_at_autoattack.pth
attack_thubenchmark_tcnet_seed45_rpcf_at_fgsm,attack,thubenchmark,tcnet,45,rpcf_at,fgsm,0,70.08419489860535,3,128,32,64,128,completed,True,ad_data/exp031/exp031_full_20260729_174215/thubenchmark_tcnet_seed45_rpcf_at_fgsm.pth
attack_thubenchmark_tcnet_seed45_rpcf_at_pgd,attack,thubenchmark,tcnet,45,rpcf_at,pgd,0,224.41688799858093,3,128,32,64,128,completed,True,ad_data/exp031/exp031_full_20260729_174215/thubenchmark_tcnet_seed45_rpcf_at_pgd.pth
attack_thubenchmark_tcnet_seed45_rpcf_at_cw,attack,thubenchmark,tcnet,45,rpcf_at,cw,0,180.35616493225098,2,128,32,64,128,completed,True,ad_data/exp031/exp031_full_20260729_174215/thubenchmark_tcnet_seed45_rpcf_at_cw.pth
attack_thubenchmark_tcnet_seed46_madry_autoattack,attack,thubenchmark,tcnet,46,madry,autoattack,0,4686.843316078186,3,128,32,64,128,completed,True,ad_data/exp031/exp031_full_20260729_174215/thubenchmark_tcnet_seed46_madry_autoattack.pth
attack_thubenchmark_tcnet_seed46_madry_fgsm,attack,thubenchmark,tcnet,46,madry,fgsm,0,50.060587644577026,2,128,32,64,128,completed,True,ad_data/exp031/exp031_full_20260729_174215/thubenchmark_tcnet_seed46_madry_fgsm.pth
attack_thubenchmark_tcnet_seed46_madry_pgd,attack,thubenchmark,tcnet,46,madry,pgd,0,222.6345133781433,2,128,32,64,128,completed,True,ad_data/exp031/exp031_full_20260729_174215/thubenchmark_tcnet_seed46_madry_pgd.pth
attack_thubenchmark_tcnet_seed46_madry_cw,attack,thubenchmark,tcnet,46,madry,cw,0,164.29284262657166,2,128,32,64,128,completed,True,ad_data/exp031/exp031_full_20260729_174215/thubenchmark_tcnet_seed46_madry_cw.pth
attack_thubenchmark_tcnet_seed46_trades_autoattack,attack,thubenchmark,tcnet,46,trades,autoattack,0,3355.6343166828156,2,128,32,64,128,completed,True,ad_data/exp031/exp031_full_20260729_174215/thubenchmark_tcnet_seed46_trades_autoattack.pth
attack_thubenchmark_tcnet_seed46_trades_fgsm,attack,thubenchmark,tcnet,46,trades,fgsm,0,92.1506781578064,5,128,32,64,128,completed,True,ad_data/exp031/exp031_full_20260729_174215/thubenchmark_tcnet_seed46_trades_fgsm.pth
attack_thubenchmark_tcnet_seed46_trades_pgd,attack,thubenchmark,tcnet,46,trades,pgd,0,202.30895256996155,5,128,32,64,128,completed,True,ad_data/exp031/exp031_full_20260729_174215/thubenchmark_tcnet_seed46_trades_pgd.pth
attack_thubenchmark_tcnet_seed46_trades_cw,attack,thubenchmark,tcnet,46,trades,cw,0,224.26784443855286,5,128,32,64,128,completed,True,ad_data/exp031/exp031_full_20260729_174215/thubenchmark_tcnet_seed46_trades_cw.pth
attack_thubenchmark_tcnet_seed46_fbf_autoattack,attack,thubenchmark,tcnet,46,fbf,autoattack,0,3009.9949293136597,5,128,32,64,128,completed,True,ad_data/exp031/exp031_full_20260729_174215/thubenchmark_tcnet_seed46_fbf_autoattack.pth
attack_thubenchmark_tcnet_seed46_fbf_fgsm,attack,thubenchmark,tcnet,46,fbf,fgsm,0,94.14058995246887,6,128,32,64,128,completed,True,ad_data/exp031/exp031_full_20260729_174215/thubenchmark_tcnet_seed46_fbf_fgsm.pth
attack_thubenchmark_tcnet_seed46_fbf_pgd,attack,thubenchmark,tcnet,46,fbf,pgd,0,280.41560101509094,6,128,32,64,128,completed,True,ad_data/exp031/exp031_full_20260729_174215/thubenchmark_tcnet_seed46_fbf_pgd.pth
attack_thubenchmark_tcnet_seed46_fbf_cw,attack,thubenchmark,tcnet,46,fbf,cw,0,206.57018852233887,6,128,32,64,128,completed,True,ad_data/exp031/exp031_full_20260729_174215/thubenchmark_tcnet_seed46_fbf_cw.pth
attack_thubenchmark_tcnet_seed46_ea_forward_autoattack,attack,thubenchmark,tcnet,46,ea_forward,autoattack,0,100.13888645172119,4,128,32,64,128,completed,True,ad_data/exp031/exp031_full_20260729_174215/thubenchmark_tcnet_seed46_ea_forward_autoattack.pth
attack_thubenchmark_tcnet_seed46_ea_forward_fgsm,attack,thubenchmark,tcnet,46,ea_forward,fgsm,0,114.74181532859802,4,128,32,64,128,completed,True,ad_data/exp031/exp031_full_20260729_174215/thubenchmark_tcnet_seed46_ea_forward_fgsm.pth
attack_thubenchmark_tcnet_seed46_ea_forward_pgd,attack,thubenchmark,tcnet,46,ea_forward,pgd,0,335.160587310791,6,128,32,64,128,completed,True,ad_data/exp031/exp031_full_20260729_174215/thubenchmark_tcnet_seed46_ea_forward_pgd.pth
attack_thubenchmark_tcnet_seed46_ea_forward_cw,attack,thubenchmark,tcnet,46,ea_forward,cw,0,260.76995277404785,0,128,32,64,128,completed,True,ad_data/exp031/exp031_full_20260729_174215/thubenchmark_tcnet_seed46_ea_forward_cw.pth
attack_thubenchmark_tcnet_seed46_rpcf_at_autoattack,attack,thubenchmark,tcnet,46,rpcf_at,autoattack,0,4665.812955379486,4,128,32,64,128,completed,True,ad_data/exp031/exp031_full_20260729_174215/thubenchmark_tcnet_seed46_rpcf_at_autoattack.pth
attack_thubenchmark_tcnet_seed46_rpcf_at_fgsm,attack,thubenchmark,tcnet,46,rpcf_at,fgsm,0,98.29519486427307,0,128,32,64,128,completed,True,ad_data/exp031/exp031_full_20260729_174215/thubenchmark_tcnet_seed46_rpcf_at_fgsm.pth
attack_thubenchmark_tcnet_seed46_rpcf_at_pgd,attack,thubenchmark,tcnet,46,rpcf_at,pgd,0,208.48330974578857,6,128,32,64,128,completed,True,ad_data/exp031/exp031_full_20260729_174215/thubenchmark_tcnet_seed46_rpcf_at_pgd.pth
attack_thubenchmark_tcnet_seed46_rpcf_at_cw,attack,thubenchmark,tcnet,46,rpcf_at,cw,0,120.13892698287964,0,128,32,64,128,completed,True,ad_data/exp031/exp031_full_20260729_174215/thubenchmark_tcnet_seed46_rpcf_at_cw.pth
attack_seediv_eegnet_seed42_madry_autoattack,attack,seediv,eegnet,42,madry,autoattack,0,15127.867275953293,0,128,32,64,128,completed,True,ad_data/exp031/exp031_full_20260729_174215/seediv_eegnet_seed42_madry_autoattack.pth
attack_seediv_eegnet_seed42_madry_fgsm,attack,seediv,eegnet,42,madry,fgsm,0,292.30500745773315,6,128,32,64,128,completed,True,ad_data/exp031/exp031_full_20260729_174215/seediv_eegnet_seed42_madry_fgsm.pth
attack_seediv_eegnet_seed42_madry_pgd,attack,seediv,eegnet,42,madry,pgd,0,588.6541771888733,6,128,32,64,128,completed,True,ad_data/exp031/exp031_full_20260729_174215/seediv_eegnet_seed42_madry_pgd.pth
attack_seediv_eegnet_seed42_madry_cw,attack,seediv,eegnet,42,madry,cw,0,560.8359332084656,6,128,32,64,128,completed,True,ad_data/exp031/exp031_full_20260729_174215/seediv_eegnet_seed42_madry_cw.pth
attack_seediv_eegnet_seed42_trades_autoattack,attack,seediv,eegnet,42,trades,autoattack,0,2553.3859946727753,6,128,32,64,128,completed,True,ad_data/exp031/exp031_full_20260729_174215/seediv_eegnet_seed42_trades_autoattack.pth
attack_seediv_eegnet_seed42_trades_fgsm,attack,seediv,eegnet,42,trades,fgsm,0,393.96941351890564,2,128,32,64,128,completed,True,ad_data/exp031/exp031_full_20260729_174215/seediv_eegnet_seed42_trades_fgsm.pth
attack_seediv_eegnet_seed42_trades_pgd,attack,seediv,eegnet,42,trades,pgd,0,624.2663819789886,1,128,32,64,128,completed,True,ad_data/exp031/exp031_full_20260729_174215/seediv_eegnet_seed42_trades_pgd.pth
attack_seediv_eegnet_seed42_trades_cw,attack,seediv,eegnet,42,trades,cw,0,519.5138657093048,5,128,32,64,128,completed,True,ad_data/exp031/exp031_full_20260729_174215/seediv_eegnet_seed42_trades_cw.pth
attack_seediv_eegnet_seed42_fbf_autoattack,attack,seediv,eegnet,42,fbf,autoattack,0,13657.739820957184,2,128,32,64,128,completed,True,ad_data/exp031/exp031_full_20260729_174215/seediv_eegnet_seed42_fbf_autoattack.pth
attack_seediv_eegnet_seed42_fbf_fgsm,attack,seediv,eegnet,42,fbf,fgsm,0,417.2791359424591,1,128,32,64,128,completed,True,ad_data/exp031/exp031_full_20260729_174215/seediv_eegnet_seed42_fbf_fgsm.pth
attack_seediv_eegnet_seed42_fbf_pgd,attack,seediv,eegnet,42,fbf,pgd,0,627.0258815288544,5,128,32,64,128,completed,True,ad_data/exp031/exp031_full_20260729_174215/seediv_eegnet_seed42_fbf_pgd.pth
attack_seediv_eegnet_seed42_fbf_cw,attack,seediv,eegnet,42,fbf,cw,0,444.515017747879,3,128,32,64,128,completed,True,ad_data/exp031/exp031_full_20260729_174215/seediv_eegnet_seed42_fbf_cw.pth
attack_seediv_eegnet_seed42_ea_forward_autoattack,attack,seediv,eegnet,42,ea_forward,autoattack,0,5260.658329963684,1,128,32,64,128,completed,True,ad_data/exp031/exp031_full_20260729_174215/seediv_eegnet_seed42_ea_forward_autoattack.pth
attack_seediv_eegnet_seed42_ea_forward_fgsm,attack,seediv,eegnet,42,ea_forward,fgsm,0,236.30804991722107,3,128,32,64,128,completed,True,ad_data/exp031/exp031_full_20260729_174215/seediv_eegnet_seed42_ea_forward_fgsm.pth
attack_seediv_eegnet_seed42_ea_forward_pgd,attack,seediv,eegnet,42,ea_forward,pgd,0,593.1850509643555,5,128,32,64,128,completed,True,ad_data/exp031/exp031_full_20260729_174215/seediv_eegnet_seed42_ea_forward_pgd.pth
attack_seediv_eegnet_seed42_ea_forward_cw,attack,seediv,eegnet,42,ea_forward,cw,0,352.5544590950012,3,128,32,64,128,completed,True,ad_data/exp031/exp031_full_20260729_174215/seediv_eegnet_seed42_ea_forward_cw.pth
attack_seediv_eegnet_seed42_rpcf_at_autoattack,attack,seediv,eegnet,42,rpcf_at,autoattack,0,16150.201768398285,3,128,32,64,128,completed,True,ad_data/exp031/exp031_full_20260729_174215/seediv_eegnet_seed42_rpcf_at_autoattack.pth
attack_seediv_eegnet_seed42_rpcf_at_fgsm,attack,seediv,eegnet,42,rpcf_at,fgsm,0,531.2417211532593,5,128,32,64,128,completed,True,ad_data/exp031/exp031_full_20260729_174215/seediv_eegnet_seed42_rpcf_at_fgsm.pth
attack_seediv_eegnet_seed42_rpcf_at_pgd,attack,seediv,eegnet,42,rpcf_at,pgd,0,819.872311592102,6,128,32,64,128,completed,True,ad_data/exp031/exp031_full_20260729_174215/seediv_eegnet_seed42_rpcf_at_pgd.pth
attack_seediv_eegnet_seed42_rpcf_at_cw,attack,seediv,eegnet,42,rpcf_at,cw,0,537.1040554046631,5,128,32,64,128,completed,True,ad_data/exp031/exp031_full_20260729_174215/seediv_eegnet_seed42_rpcf_at_cw.pth
attack_seediv_eegnet_seed43_madry_autoattack,attack,seediv,eegnet,43,madry,autoattack,0,15824.952776193619,4,128,32,64,128,completed,True,ad_data/exp031/exp031_full_20260729_174215/seediv_eegnet_seed43_madry_autoattack.pth
attack_seediv_eegnet_seed43_madry_fgsm,attack,seediv,eegnet,43,madry,fgsm,0,499.29304003715515,5,128,32,64,128,completed,True,ad_data/exp031/exp031_full_20260729_174215/seediv_eegnet_seed43_madry_fgsm.pth
attack_seediv_eegnet_seed43_madry_pgd,attack,seediv,eegnet,43,madry,pgd,0,657.1074507236481,6,128,32,64,128,completed,True,ad_data/exp031/exp031_full_20260729_174215/seediv_eegnet_seed43_madry_pgd.pth
attack_seediv_eegnet_seed43_madry_cw,attack,seediv,eegnet,43,madry,cw,0,624.7112317085266,5,128,32,64,128,completed,True,ad_data/exp031/exp031_full_20260729_174215/seediv_eegnet_seed43_madry_cw.pth
attack_seediv_eegnet_seed43_trades_autoattack,attack,seediv,eegnet,43,trades,autoattack,0,3961.6981205940247,6,128,32,64,128,completed,True,ad_data/exp031/exp031_full_20260729_174215/seediv_eegnet_seed43_trades_autoattack.pth
attack_seediv_eegnet_seed43_trades_fgsm,attack,seediv,eegnet,43,trades,fgsm,0,434.5906536579132,5,128,32,64,128,completed,True,ad_data/exp031/exp031_full_20260729_174215/seediv_eegnet_seed43_trades_fgsm.pth
attack_seediv_eegnet_seed43_trades_pgd,attack,seediv,eegnet,43,trades,pgd,0,718.4383912086487,5,128,32,64,128,completed,True,ad_data/exp031/exp031_full_20260729_174215/seediv_eegnet_seed43_trades_pgd.pth
attack_seediv_eegnet_seed43_trades_cw,attack,seediv,eegnet,43,trades,cw,0,600.4853231906891,5,128,32,64,128,completed,True,ad_data/exp031/exp031_full_20260729_174215/seediv_eegnet_seed43_trades_cw.pth
attack_seediv_eegnet_seed43_fbf_autoattack,attack,seediv,eegnet,43,fbf,autoattack,0,8706.540566444397,5,128,32,64,128,completed,True,ad_data/exp031/exp031_full_20260729_174215/seediv_eegnet_seed43_fbf_autoattack.pth
attack_seediv_eegnet_seed43_fbf_fgsm,attack,seediv,eegnet,43,fbf,fgsm,0,132.11533617973328,1,128,32,64,128,completed,True,ad_data/exp031/exp031_full_20260729_174215/seediv_eegnet_seed43_fbf_fgsm.pth
attack_seediv_eegnet_seed43_fbf_pgd,attack,seediv,eegnet,43,fbf,pgd,0,410.3428907394409,1,128,32,64,128,completed,True,ad_data/exp031/exp031_full_20260729_174215/seediv_eegnet_seed43_fbf_pgd.pth
attack_seediv_eegnet_seed43_fbf_cw,attack,seediv,eegnet,43,fbf,cw,0,224.1811625957489,1,128,32,64,128,completed,True,ad_data/exp031/exp031_full_20260729_174215/seediv_eegnet_seed43_fbf_cw.pth
attack_seediv_eegnet_seed43_ea_forward_autoattack,attack,seediv,eegnet,43,ea_forward,autoattack,0,2314.431469678879,1,128,32,64,128,completed,True,ad_data/exp031/exp031_full_20260729_174215/seediv_eegnet_seed43_ea_forward_autoattack.pth
attack_seediv_eegnet_seed43_ea_forward_fgsm,attack,seediv,eegnet,43,ea_forward,fgsm,0,184.0937056541443,6,128,32,64,128,completed,True,ad_data/exp031/exp031_full_20260729_174215/seediv_eegnet_seed43_ea_forward_fgsm.pth
attack_seediv_eegnet_seed43_ea_forward_pgd,attack,seediv,eegnet,43,ea_forward,pgd,0,572.284236907959,6,128,32,64,128,completed,True,ad_data/exp031/exp031_full_20260729_174215/seediv_eegnet_seed43_ea_forward_pgd.pth
attack_seediv_eegnet_seed43_ea_forward_cw,attack,seediv,eegnet,43,ea_forward,cw,0,300.48700761795044,6,128,32,64,128,completed,True,ad_data/exp031/exp031_full_20260729_174215/seediv_eegnet_seed43_ea_forward_cw.pth
attack_seediv_eegnet_seed43_rpcf_at_autoattack,attack,seediv,eegnet,43,rpcf_at,autoattack,0,12039.879150390625,6,128,32,64,128,completed,True,ad_data/exp031/exp031_full_20260729_174215/seediv_eegnet_seed43_rpcf_at_autoattack.pth
attack_seediv_eegnet_seed43_rpcf_at_fgsm,attack,seediv,eegnet,43,rpcf_at,fgsm,0,128.12723064422607,1,128,32,64,128,completed,True,ad_data/exp031/exp031_full_20260729_174215/seediv_eegnet_seed43_rpcf_at_fgsm.pth
attack_seediv_eegnet_seed43_rpcf_at_pgd,attack,seediv,eegnet,43,rpcf_at,pgd,0,406.3521203994751,1,128,32,64,128,completed,True,ad_data/exp031/exp031_full_20260729_174215/seediv_eegnet_seed43_rpcf_at_pgd.pth
attack_seediv_eegnet_seed43_rpcf_at_cw,attack,seediv,eegnet,43,rpcf_at,cw,0,308.747891664505,1,128,32,64,128,completed,True,ad_data/exp031/exp031_full_20260729_174215/seediv_eegnet_seed43_rpcf_at_cw.pth
attack_seediv_eegnet_seed44_madry_autoattack,attack,seediv,eegnet,44,madry,autoattack,0,8044.715137720108,1,128,32,64,128,completed,True,ad_data/exp031/exp031_full_20260729_174215/seediv_eegnet_seed44_madry_autoattack.pth
attack_seediv_eegnet_seed44_madry_fgsm,attack,seediv,eegnet,44,madry,fgsm,0,316.3421356678009,0,128,32,64,128,completed,True,ad_data/exp031/exp031_full_20260729_174215/seediv_eegnet_seed44_madry_fgsm.pth
attack_seediv_eegnet_seed44_madry_pgd,attack,seediv,eegnet,44,madry,pgd,0,546.7947964668274,0,128,32,64,128,completed,True,ad_data/exp031/exp031_full_20260729_174215/seediv_eegnet_seed44_madry_pgd.pth
attack_seediv_eegnet_seed44_madry_cw,attack,seediv,eegnet,44,madry,cw,0,486.7168493270874,2,128,32,64,128,completed,True,ad_data/exp031/exp031_full_20260729_174215/seediv_eegnet_seed44_madry_cw.pth
attack_seediv_eegnet_seed44_trades_autoattack,attack,seediv,eegnet,44,trades,autoattack,0,3318.5868661403656,0,128,32,64,128,completed,True,ad_data/exp031/exp031_full_20260729_174215/seediv_eegnet_seed44_trades_autoattack.pth
attack_seediv_eegnet_seed44_trades_fgsm,attack,seediv,eegnet,44,trades,fgsm,0,272.41686034202576,2,128,32,64,128,completed,True,ad_data/exp031/exp031_full_20260729_174215/seediv_eegnet_seed44_trades_fgsm.pth
attack_seediv_eegnet_seed44_trades_pgd,attack,seediv,eegnet,44,trades,pgd,0,528.8131589889526,5,128,32,64,128,completed,True,ad_data/exp031/exp031_full_20260729_174215/seediv_eegnet_seed44_trades_pgd.pth
attack_seediv_eegnet_seed44_trades_cw,attack,seediv,eegnet,44,trades,cw,0,308.31067752838135,2,128,32,64,128,completed,True,ad_data/exp031/exp031_full_20260729_174215/seediv_eegnet_seed44_trades_cw.pth
attack_seediv_eegnet_seed44_fbf_autoattack,attack,seediv,eegnet,44,fbf,autoattack,0,6891.23465180397,2,128,32,64,128,completed,True,ad_data/exp031/exp031_full_20260729_174215/seediv_eegnet_seed44_fbf_autoattack.pth
attack_seediv_eegnet_seed44_fbf_fgsm,attack,seediv,eegnet,44,fbf,fgsm,0,252.29609608650208,5,128,32,64,128,completed,True,ad_data/exp031/exp031_full_20260729_174215/seediv_eegnet_seed44_fbf_fgsm.pth
attack_seediv_eegnet_seed44_fbf_pgd,attack,seediv,eegnet,44,fbf,pgd,0,548.6281356811523,5,128,32,64,128,completed,True,ad_data/exp031/exp031_full_20260729_174215/seediv_eegnet_seed44_fbf_pgd.pth
attack_seediv_eegnet_seed44_fbf_cw,attack,seediv,eegnet,44,fbf,cw,0,372.4152932167053,5,128,32,64,128,completed,True,ad_data/exp031/exp031_full_20260729_174215/seediv_eegnet_seed44_fbf_cw.pth
attack_seediv_eegnet_seed44_ea_forward_autoattack,attack,seediv,eegnet,44,ea_forward,autoattack,0,1255.0061264038086,5,128,32,64,128,completed,True,ad_data/exp031/exp031_full_20260729_174215/seediv_eegnet_seed44_ea_forward_autoattack.pth
attack_seediv_eegnet_seed44_ea_forward_fgsm,attack,seediv,eegnet,44,ea_forward,fgsm,0,234.3855495452881,5,128,32,64,128,completed,True,ad_data/exp031/exp031_full_20260729_174215/seediv_eegnet_seed44_ea_forward_fgsm.pth
attack_seediv_eegnet_seed44_ea_forward_pgd,attack,seediv,eegnet,44,ea_forward,pgd,0,584.9971740245819,0,128,32,64,128,completed,True,ad_data/exp031/exp031_full_20260729_174215/seediv_eegnet_seed44_ea_forward_pgd.pth
attack_seediv_eegnet_seed44_ea_forward_cw,attack,seediv,eegnet,44,ea_forward,cw,0,378.5827443599701,5,128,32,64,128,completed,True,ad_data/exp031/exp031_full_20260729_174215/seediv_eegnet_seed44_ea_forward_cw.pth
attack_seediv_eegnet_seed44_rpcf_at_autoattack,attack,seediv,eegnet,44,rpcf_at,autoattack,0,12004.812514305115,3,128,32,64,128,completed,True,ad_data/exp031/exp031_full_20260729_174215/seediv_eegnet_seed44_rpcf_at_autoattack.pth
attack_seediv_eegnet_seed44_rpcf_at_fgsm,attack,seediv,eegnet,44,rpcf_at,fgsm,0,208.6743404865265,5,128,32,64,128,completed,True,ad_data/exp031/exp031_full_20260729_174215/seediv_eegnet_seed44_rpcf_at_fgsm.pth
attack_seediv_eegnet_seed44_rpcf_at_pgd,attack,seediv,eegnet,44,rpcf_at,pgd,0,609.4508202075958,0,128,32,64,128,completed,True,ad_data/exp031/exp031_full_20260729_174215/seediv_eegnet_seed44_rpcf_at_pgd.pth
attack_seediv_eegnet_seed44_rpcf_at_cw,attack,seediv,eegnet,44,rpcf_at,cw,0,432.9440813064575,1,128,32,64,128,completed,True,ad_data/exp031/exp031_full_20260729_174215/seediv_eegnet_seed44_rpcf_at_cw.pth
attack_seediv_eegnet_seed45_madry_autoattack,attack,seediv,eegnet,45,madry,autoattack,0,12797.364498138428,4,128,32,64,128,completed,True,ad_data/exp031/exp031_full_20260729_174215/seediv_eegnet_seed45_madry_autoattack.pth
attack_seediv_eegnet_seed45_madry_fgsm,attack,seediv,eegnet,45,madry,fgsm,0,224.25314164161682,5,128,32,64,128,completed,True,ad_data/exp031/exp031_full_20260729_174215/seediv_eegnet_seed45_madry_fgsm.pth
attack_seediv_eegnet_seed45_madry_pgd,attack,seediv,eegnet,45,madry,pgd,0,577.107871055603,5,128,32,64,128,completed,True,ad_data/exp031/exp031_full_20260729_174215/seediv_eegnet_seed45_madry_pgd.pth
attack_seediv_eegnet_seed45_madry_cw,attack,seediv,eegnet,45,madry,cw,0,454.65031719207764,1,128,32,64,128,completed,True,ad_data/exp031/exp031_full_20260729_174215/seediv_eegnet_seed45_madry_cw.pth
attack_seediv_eegnet_seed45_trades_autoattack,attack,seediv,eegnet,45,trades,autoattack,0,1861.2111353874207,0,128,32,64,128,completed,True,ad_data/exp031/exp031_full_20260729_174215/seediv_eegnet_seed45_trades_autoattack.pth
attack_seediv_eegnet_seed45_trades_fgsm,attack,seediv,eegnet,45,trades,fgsm,0,302.5838072299957,1,128,32,64,128,completed,True,ad_data/exp031/exp031_full_20260729_174215/seediv_eegnet_seed45_trades_fgsm.pth
attack_seediv_eegnet_seed45_trades_pgd,attack,seediv,eegnet,45,trades,pgd,0,578.9345517158508,5,128,32,64,128,completed,True,ad_data/exp031/exp031_full_20260729_174215/seediv_eegnet_seed45_trades_pgd.pth
attack_seediv_eegnet_seed45_trades_cw,attack,seediv,eegnet,45,trades,cw,0,494.75285625457764,1,128,32,64,128,completed,True,ad_data/exp031/exp031_full_20260729_174215/seediv_eegnet_seed45_trades_cw.pth
attack_seediv_eegnet_seed45_fbf_autoattack,attack,seediv,eegnet,45,fbf,autoattack,0,8632.793373584747,5,128,32,64,128,completed,True,ad_data/exp031/exp031_full_20260729_174215/seediv_eegnet_seed45_fbf_autoattack.pth
attack_seediv_eegnet_seed45_fbf_fgsm,attack,seediv,eegnet,45,fbf,fgsm,0,290.3798072338104,1,128,32,64,128,completed,True,ad_data/exp031/exp031_full_20260729_174215/seediv_eegnet_seed45_fbf_fgsm.pth
attack_seediv_eegnet_seed45_fbf_pgd,attack,seediv,eegnet,45,fbf,pgd,0,554.7711017131805,1,128,32,64,128,completed,True,ad_data/exp031/exp031_full_20260729_174215/seediv_eegnet_seed45_fbf_pgd.pth
attack_seediv_eegnet_seed45_fbf_cw,attack,seediv,eegnet,45,fbf,cw,0,320.67059564590454,0,128,32,64,128,completed,True,ad_data/exp031/exp031_full_20260729_174215/seediv_eegnet_seed45_fbf_cw.pth
attack_seediv_eegnet_seed45_ea_forward_autoattack,attack,seediv,eegnet,45,ea_forward,autoattack,0,6056.40296792984,1,128,32,64,128,completed,True,ad_data/exp031/exp031_full_20260729_174215/seediv_eegnet_seed45_ea_forward_autoattack.pth
attack_seediv_eegnet_seed45_ea_forward_fgsm,attack,seediv,eegnet,45,ea_forward,fgsm,0,484.4498782157898,6,128,32,64,128,completed,True,ad_data/exp031/exp031_full_20260729_174215/seediv_eegnet_seed45_ea_forward_fgsm.pth
attack_seediv_eegnet_seed45_ea_forward_pgd,attack,seediv,eegnet,45,ea_forward,pgd,0,672.5573675632477,0,128,32,64,128,completed,True,ad_data/exp031/exp031_full_20260729_174215/seediv_eegnet_seed45_ea_forward_pgd.pth
attack_seediv_eegnet_seed45_ea_forward_cw,attack,seediv,eegnet,45,ea_forward,cw,0,388.36226320266724,6,128,32,64,128,completed,True,ad_data/exp031/exp031_full_20260729_174215/seediv_eegnet_seed45_ea_forward_cw.pth
attack_seediv_eegnet_seed45_rpcf_at_autoattack,attack,seediv,eegnet,45,rpcf_at,autoattack,0,12958.372113466263,0,128,32,64,128,completed,True,ad_data/exp031/exp031_full_20260729_174215/seediv_eegnet_seed45_rpcf_at_autoattack.pth
attack_seediv_eegnet_seed45_rpcf_at_fgsm,attack,seediv,eegnet,45,rpcf_at,fgsm,0,288.2715480327606,6,128,32,64,128,completed,True,ad_data/exp031/exp031_full_20260729_174215/seediv_eegnet_seed45_rpcf_at_fgsm.pth
attack_seediv_eegnet_seed45_rpcf_at_pgd,attack,seediv,eegnet,45,rpcf_at,pgd,0,640.7454960346222,2,128,32,64,128,completed,True,ad_data/exp031/exp031_full_20260729_174215/seediv_eegnet_seed45_rpcf_at_pgd.pth
attack_seediv_eegnet_seed45_rpcf_at_cw,attack,seediv,eegnet,45,rpcf_at,cw,0,418.38809180259705,6,128,32,64,128,completed,True,ad_data/exp031/exp031_full_20260729_174215/seediv_eegnet_seed45_rpcf_at_cw.pth
attack_seediv_eegnet_seed46_madry_autoattack,attack,seediv,eegnet,46,madry,autoattack,0,12321.7365295887,6,128,32,64,128,completed,True,ad_data/exp031/exp031_full_20260729_174215/seediv_eegnet_seed46_madry_autoattack.pth
attack_seediv_eegnet_seed46_madry_fgsm,attack,seediv,eegnet,46,madry,fgsm,0,354.3499791622162,2,128,32,64,128,completed,True,ad_data/exp031/exp031_full_20260729_174215/seediv_eegnet_seed46_madry_fgsm.pth
attack_seediv_eegnet_seed46_madry_pgd,attack,seediv,eegnet,46,madry,pgd,0,646.5239224433899,2,128,32,64,128,completed,True,ad_data/exp031/exp031_full_20260729_174215/seediv_eegnet_seed46_madry_pgd.pth
attack_seediv_eegnet_seed46_madry_cw,attack,seediv,eegnet,46,madry,cw,0,458.39325642585754,2,128,32,64,128,completed,True,ad_data/exp031/exp031_full_20260729_174215/seediv_eegnet_seed46_madry_cw.pth
attack_seediv_eegnet_seed46_trades_autoattack,attack,seediv,eegnet,46,trades,autoattack,0,3513.6314277648926,2,128,32,64,128,completed,True,ad_data/exp031/exp031_full_20260729_174215/seediv_eegnet_seed46_trades_autoattack.pth
attack_seediv_eegnet_seed46_trades_fgsm,attack,seediv,eegnet,46,trades,fgsm,0,218.25300359725952,1,128,32,64,128,completed,True,ad_data/exp031/exp031_full_20260729_174215/seediv_eegnet_seed46_trades_fgsm.pth
attack_seediv_eegnet_seed46_trades_pgd,attack,seediv,eegnet,46,trades,pgd,0,506.75415897369385,1,128,32,64,128,completed,True,ad_data/exp031/exp031_full_20260729_174215/seediv_eegnet_seed46_trades_pgd.pth
attack_seediv_eegnet_seed46_trades_cw,attack,seediv,eegnet,46,trades,cw,0,450.62012934684753,2,128,32,64,128,completed,True,ad_data/exp031/exp031_full_20260729_174215/seediv_eegnet_seed46_trades_cw.pth
attack_seediv_eegnet_seed46_fbf_autoattack,attack,seediv,eegnet,46,fbf,autoattack,0,9771.441130876541,1,128,32,64,128,completed,True,ad_data/exp031/exp031_full_20260729_174215/seediv_eegnet_seed46_fbf_autoattack.pth
attack_seediv_eegnet_seed46_fbf_fgsm,attack,seediv,eegnet,46,fbf,fgsm,0,216.23812222480774,2,128,32,64,128,completed,True,ad_data/exp031/exp031_full_20260729_174215/seediv_eegnet_seed46_fbf_fgsm.pth
attack_seediv_eegnet_seed46_fbf_pgd,attack,seediv,eegnet,46,fbf,pgd,0,510.72310400009155,2,128,32,64,128,completed,True,ad_data/exp031/exp031_full_20260729_174215/seediv_eegnet_seed46_fbf_pgd.pth
attack_seediv_eegnet_seed46_fbf_cw,attack,seediv,eegnet,46,fbf,cw,0,352.50012040138245,5,128,32,64,128,completed,True,ad_data/exp031/exp031_full_20260729_174215/seediv_eegnet_seed46_fbf_cw.pth
attack_seediv_eegnet_seed46_ea_forward_autoattack,attack,seediv,eegnet,46,ea_forward,autoattack,0,5242.51881146431,2,128,32,64,128,completed,True,ad_data/exp031/exp031_full_20260729_174215/seediv_eegnet_seed46_ea_forward_autoattack.pth
attack_seediv_eegnet_seed46_ea_forward_fgsm,attack,seediv,eegnet,46,ea_forward,fgsm,0,210.24388074874878,5,128,32,64,128,completed,True,ad_data/exp031/exp031_full_20260729_174215/seediv_eegnet_seed46_ea_forward_fgsm.pth
attack_seediv_eegnet_seed46_ea_forward_pgd,attack,seediv,eegnet,46,ea_forward,pgd,0,574.4019131660461,5,128,32,64,128,completed,True,ad_data/exp031/exp031_full_20260729_174215/seediv_eegnet_seed46_ea_forward_pgd.pth
attack_seediv_eegnet_seed46_ea_forward_cw,attack,seediv,eegnet,46,ea_forward,cw,0,406.35034227371216,5,128,32,64,128,completed,True,ad_data/exp031/exp031_full_20260729_174215/seediv_eegnet_seed46_ea_forward_cw.pth
attack_seediv_eegnet_seed46_rpcf_at_autoattack,attack,seediv,eegnet,46,rpcf_at,autoattack,0,10641.27257323265,5,128,32,64,128,completed,True,ad_data/exp031/exp031_full_20260729_174215/seediv_eegnet_seed46_rpcf_at_autoattack.pth
attack_seediv_eegnet_seed46_rpcf_at_fgsm,attack,seediv,eegnet,46,rpcf_at,fgsm,0,302.36119651794434,3,128,32,64,128,completed,True,ad_data/exp031/exp031_full_20260729_174215/seediv_eegnet_seed46_rpcf_at_fgsm.pth
attack_seediv_eegnet_seed46_rpcf_at_pgd,attack,seediv,eegnet,46,rpcf_at,pgd,0,546.4983904361725,3,128,32,64,128,completed,True,ad_data/exp031/exp031_full_20260729_174215/seediv_eegnet_seed46_rpcf_at_pgd.pth
attack_seediv_eegnet_seed46_rpcf_at_cw,attack,seediv,eegnet,46,rpcf_at,cw,0,436.4619679450989,3,128,32,64,128,completed,True,ad_data/exp031/exp031_full_20260729_174215/seediv_eegnet_seed46_rpcf_at_cw.pth
attack_seediv_deepconvnet_seed42_madry_autoattack,attack,seediv,deepconvnet,42,madry,autoattack,0,14273.215836763382,4,128,32,64,128,completed,True,ad_data/exp031/exp031_full_20260729_174215/seediv_deepconvnet_seed42_madry_autoattack.pth
attack_seediv_deepconvnet_seed42_madry_fgsm,attack,seediv,deepconvnet,42,madry,fgsm,0,274.36954951286316,3,128,32,64,128,completed,True,ad_data/exp031/exp031_full_20260729_174215/seediv_deepconvnet_seed42_madry_fgsm.pth
attack_seediv_deepconvnet_seed42_madry_pgd,attack,seediv,deepconvnet,42,madry,pgd,0,626.6300241947174,3,128,32,64,128,completed,True,ad_data/exp031/exp031_full_20260729_174215/seediv_deepconvnet_seed42_madry_pgd.pth
attack_seediv_deepconvnet_seed42_madry_cw,attack,seediv,deepconvnet,42,madry,cw,0,436.46638083457947,3,128,32,64,128,completed,True,ad_data/exp031/exp031_full_20260729_174215/seediv_deepconvnet_seed42_madry_cw.pth
attack_seediv_deepconvnet_seed42_trades_autoattack,attack,seediv,deepconvnet,42,trades,autoattack,0,1177.225147485733,3,128,32,64,128,completed,True,ad_data/exp031/exp031_full_20260729_174215/seediv_deepconvnet_seed42_trades_autoattack.pth
attack_seediv_deepconvnet_seed42_trades_fgsm,attack,seediv,deepconvnet,42,trades,fgsm,0,260.3893449306488,3,128,32,64,128,completed,True,ad_data/exp031/exp031_full_20260729_174215/seediv_deepconvnet_seed42_trades_fgsm.pth
attack_seediv_deepconvnet_seed42_trades_pgd,attack,seediv,deepconvnet,42,trades,pgd,0,574.9512560367584,2,128,32,64,128,completed,True,ad_data/exp031/exp031_full_20260729_174215/seediv_deepconvnet_seed42_trades_pgd.pth
attack_seediv_deepconvnet_seed42_trades_cw,attack,seediv,deepconvnet,42,trades,cw,0,412.4563205242157,3,128,32,64,128,completed,True,ad_data/exp031/exp031_full_20260729_174215/seediv_deepconvnet_seed42_trades_cw.pth
attack_seediv_deepconvnet_seed42_fbf_autoattack,attack,seediv,deepconvnet,42,fbf,autoattack,0,6429.709980010986,3,128,32,64,128,completed,True,ad_data/exp031/exp031_full_20260729_174215/seediv_deepconvnet_seed42_fbf_autoattack.pth
attack_seediv_deepconvnet_seed42_fbf_fgsm,attack,seediv,deepconvnet,42,fbf,fgsm,0,268.41485261917114,2,128,32,64,128,completed,True,ad_data/exp031/exp031_full_20260729_174215/seediv_deepconvnet_seed42_fbf_fgsm.pth
attack_seediv_deepconvnet_seed42_fbf_pgd,attack,seediv,deepconvnet,42,fbf,pgd,0,607.0328538417816,0,128,32,64,128,completed,True,ad_data/exp031/exp031_full_20260729_174215/seediv_deepconvnet_seed42_fbf_pgd.pth
attack_seediv_deepconvnet_seed42_fbf_cw,attack,seediv,deepconvnet,42,fbf,cw,0,418.6318790912628,2,128,32,64,128,completed,True,ad_data/exp031/exp031_full_20260729_174215/seediv_deepconvnet_seed42_fbf_cw.pth
attack_seediv_deepconvnet_seed42_ea_forward_autoattack,attack,seediv,deepconvnet,42,ea_forward,autoattack,0,5401.66010928154,6,128,32,64,128,completed,True,ad_data/exp031/exp031_full_20260729_174215/seediv_deepconvnet_seed42_ea_forward_autoattack.pth
attack_seediv_deepconvnet_seed42_ea_forward_fgsm,attack,seediv,deepconvnet,42,ea_forward,fgsm,0,202.25369882583618,2,128,32,64,128,completed,True,ad_data/exp031/exp031_full_20260729_174215/seediv_deepconvnet_seed42_ea_forward_fgsm.pth
attack_seediv_deepconvnet_seed42_ea_forward_pgd,attack,seediv,deepconvnet,42,ea_forward,pgd,0,592.6146802902222,0,128,32,64,128,completed,True,ad_data/exp031/exp031_full_20260729_174215/seediv_deepconvnet_seed42_ea_forward_pgd.pth
attack_seediv_deepconvnet_seed42_ea_forward_cw,attack,seediv,deepconvnet,42,ea_forward,cw,0,468.5361647605896,2,128,32,64,128,completed,True,ad_data/exp031/exp031_full_20260729_174215/seediv_deepconvnet_seed42_ea_forward_cw.pth
attack_seediv_deepconvnet_seed42_rpcf_at_autoattack,attack,seediv,deepconvnet,42,rpcf_at,autoattack,0,16560.99571800232,0,128,32,64,128,completed,True,ad_data/exp031/exp031_full_20260729_174215/seediv_deepconvnet_seed42_rpcf_at_autoattack.pth
attack_seediv_deepconvnet_seed42_rpcf_at_fgsm,attack,seediv,deepconvnet,42,rpcf_at,fgsm,0,258.23312854766846,2,128,32,64,128,completed,True,ad_data/exp031/exp031_full_20260729_174215/seediv_deepconvnet_seed42_rpcf_at_fgsm.pth
attack_seediv_deepconvnet_seed42_rpcf_at_pgd,attack,seediv,deepconvnet,42,rpcf_at,pgd,0,630.6026194095612,2,128,32,64,128,completed,True,ad_data/exp031/exp031_full_20260729_174215/seediv_deepconvnet_seed42_rpcf_at_pgd.pth
attack_seediv_deepconvnet_seed42_rpcf_at_cw,attack,seediv,deepconvnet,42,rpcf_at,cw,0,436.39239740371704,2,128,32,64,128,completed,True,ad_data/exp031/exp031_full_20260729_174215/seediv_deepconvnet_seed42_rpcf_at_cw.pth
attack_seediv_deepconvnet_seed43_madry_autoattack,attack,seediv,deepconvnet,43,madry,autoattack,0,16980.244366407394,2,128,32,64,128,completed,True,ad_data/exp031/exp031_full_20260729_174215/seediv_deepconvnet_seed43_madry_autoattack.pth
attack_seediv_deepconvnet_seed43_madry_fgsm,attack,seediv,deepconvnet,43,madry,fgsm,0,354.3380823135376,1,128,32,64,128,completed,True,ad_data/exp031/exp031_full_20260729_174215/seediv_deepconvnet_seed43_madry_fgsm.pth
attack_seediv_deepconvnet_seed43_madry_pgd,attack,seediv,deepconvnet,43,madry,pgd,0,732.5817849636078,1,128,32,64,128,completed,True,ad_data/exp031/exp031_full_20260729_174215/seediv_deepconvnet_seed43_madry_pgd.pth
attack_seediv_deepconvnet_seed43_madry_cw,attack,seediv,deepconvnet,43,madry,cw,0,516.3267295360565,1,128,32,64,128,completed,True,ad_data/exp031/exp031_full_20260729_174215/seediv_deepconvnet_seed43_madry_cw.pth
attack_seediv_deepconvnet_seed43_trades_autoattack,attack,seediv,deepconvnet,43,trades,autoattack,0,2436.6092727184296,1,128,32,64,128,completed,True,ad_data/exp031/exp031_full_20260729_174215/seediv_deepconvnet_seed43_trades_autoattack.pth
attack_seediv_deepconvnet_seed43_trades_fgsm,attack,seediv,deepconvnet,43,trades,fgsm,0,140.17786717414856,6,128,32,64,128,completed,True,ad_data/exp031/exp031_full_20260729_174215/seediv_deepconvnet_seed43_trades_fgsm.pth
attack_seediv_deepconvnet_seed43_trades_pgd,attack,seediv,deepconvnet,43,trades,pgd,0,472.5185594558716,6,128,32,64,128,completed,True,ad_data/exp031/exp031_full_20260729_174215/seediv_deepconvnet_seed43_trades_pgd.pth
attack_seediv_deepconvnet_seed43_trades_cw,attack,seediv,deepconvnet,43,trades,cw,0,464.61212158203125,5,128,32,64,128,completed,True,ad_data/exp031/exp031_full_20260729_174215/seediv_deepconvnet_seed43_trades_cw.pth
attack_seediv_deepconvnet_seed43_fbf_autoattack,attack,seediv,deepconvnet,43,fbf,autoattack,0,6427.751524925232,6,128,32,64,128,completed,True,ad_data/exp031/exp031_full_20260729_174215/seediv_deepconvnet_seed43_fbf_autoattack.pth
attack_seediv_deepconvnet_seed43_fbf_fgsm,attack,seediv,deepconvnet,43,fbf,fgsm,0,452.47285771369934,3,128,32,64,128,completed,True,ad_data/exp031/exp031_full_20260729_174215/seediv_deepconvnet_seed43_fbf_fgsm.pth
attack_seediv_deepconvnet_seed43_fbf_pgd,attack,seediv,deepconvnet,43,fbf,pgd,0,746.8220579624176,5,128,32,64,128,completed,True,ad_data/exp031/exp031_full_20260729_174215/seediv_deepconvnet_seed43_fbf_pgd.pth
attack_seediv_deepconvnet_seed43_fbf_cw,attack,seediv,deepconvnet,43,fbf,cw,0,578.5875360965729,3,128,32,64,128,completed,True,ad_data/exp031/exp031_full_20260729_174215/seediv_deepconvnet_seed43_fbf_cw.pth
attack_seediv_deepconvnet_seed43_ea_forward_autoattack,attack,seediv,deepconvnet,43,ea_forward,autoattack,0,5931.144890546799,1,128,32,64,128,completed,True,ad_data/exp031/exp031_full_20260729_174215/seediv_deepconvnet_seed43_ea_forward_autoattack.pth
attack_seediv_deepconvnet_seed43_ea_forward_fgsm,attack,seediv,deepconvnet,43,ea_forward,fgsm,0,222.190687417984,5,128,32,64,128,completed,True,ad_data/exp031/exp031_full_20260729_174215/seediv_deepconvnet_seed43_ea_forward_fgsm.pth
attack_seediv_deepconvnet_seed43_ea_forward_pgd,attack,seediv,deepconvnet,43,ea_forward,pgd,0,540.6452667713165,3,128,32,64,128,completed,True,ad_data/exp031/exp031_full_20260729_174215/seediv_deepconvnet_seed43_ea_forward_pgd.pth
attack_seediv_deepconvnet_seed43_ea_forward_cw,attack,seediv,deepconvnet,43,ea_forward,cw,0,332.3200602531433,5,128,32,64,128,completed,True,ad_data/exp031/exp031_full_20260729_174215/seediv_deepconvnet_seed43_ea_forward_cw.pth
attack_seediv_deepconvnet_seed43_rpcf_at_autoattack,attack,seediv,deepconvnet,43,rpcf_at,autoattack,0,17770.22644853592,5,128,32,64,128,completed,True,ad_data/exp031/exp031_full_20260729_174215/seediv_deepconvnet_seed43_rpcf_at_autoattack.pth
attack_seediv_deepconvnet_seed43_rpcf_at_fgsm,attack,seediv,deepconvnet,43,rpcf_at,fgsm,0,460.55619382858276,3,128,32,64,128,completed,True,ad_data/exp031/exp031_full_20260729_174215/seediv_deepconvnet_seed43_rpcf_at_fgsm.pth
attack_seediv_deepconvnet_seed43_rpcf_at_pgd,attack,seediv,deepconvnet,43,rpcf_at,pgd,0,762.7067546844482,3,128,32,64,128,completed,True,ad_data/exp031/exp031_full_20260729_174215/seediv_deepconvnet_seed43_rpcf_at_pgd.pth
attack_seediv_deepconvnet_seed43_rpcf_at_cw,attack,seediv,deepconvnet,43,rpcf_at,cw,0,574.3977243900299,3,128,32,64,128,completed,True,ad_data/exp031/exp031_full_20260729_174215/seediv_deepconvnet_seed43_rpcf_at_cw.pth
attack_seediv_deepconvnet_seed44_madry_autoattack,attack,seediv,deepconvnet,44,madry,autoattack,0,17446.215174913406,3,128,32,64,128,completed,True,ad_data/exp031/exp031_full_20260729_174215/seediv_deepconvnet_seed44_madry_autoattack.pth
attack_seediv_deepconvnet_seed44_madry_fgsm,attack,seediv,deepconvnet,44,madry,fgsm,0,358.312801361084,4,128,32,64,128,completed,True,ad_data/exp031/exp031_full_20260729_174215/seediv_deepconvnet_seed44_madry_fgsm.pth
attack_seediv_deepconvnet_seed44_madry_pgd,attack,seediv,deepconvnet,44,madry,pgd,0,857.5884354114532,4,128,32,64,128,completed,True,ad_data/exp031/exp031_full_20260729_174215/seediv_deepconvnet_seed44_madry_pgd.pth
attack_seediv_deepconvnet_seed44_madry_cw,attack,seediv,deepconvnet,44,madry,cw,0,699.1406407356262,4,128,32,64,128,completed,True,ad_data/exp031/exp031_full_20260729_174215/seediv_deepconvnet_seed44_madry_cw.pth
attack_seediv_deepconvnet_seed44_trades_autoattack,attack,seediv,deepconvnet,44,trades,autoattack,0,1815.1149723529816,6,128,32,64,128,completed,True,ad_data/exp031/exp031_full_20260729_174215/seediv_deepconvnet_seed44_trades_autoattack.pth
attack_seediv_deepconvnet_seed44_trades_fgsm,attack,seediv,deepconvnet,44,trades,fgsm,0,271.2889585494995,1,128,32,64,128,completed,True,ad_data/exp031/exp031_full_20260729_174215/seediv_deepconvnet_seed44_trades_fgsm.pth
attack_seediv_deepconvnet_seed44_trades_pgd,attack,seediv,deepconvnet,44,trades,pgd,0,776.1881492137909,4,128,32,64,128,completed,True,ad_data/exp031/exp031_full_20260729_174215/seediv_deepconvnet_seed44_trades_pgd.pth
attack_seediv_deepconvnet_seed44_trades_cw,attack,seediv,deepconvnet,44,trades,cw,0,629.4904437065125,1,128,32,64,128,completed,True,ad_data/exp031/exp031_full_20260729_174215/seediv_deepconvnet_seed44_trades_cw.pth
attack_seediv_deepconvnet_seed44_fbf_autoattack,attack,seediv,deepconvnet,44,fbf,autoattack,0,4082.0697827339172,4,128,32,64,128,completed,True,ad_data/exp031/exp031_full_20260729_174215/seediv_deepconvnet_seed44_fbf_autoattack.pth
attack_seediv_deepconvnet_seed44_fbf_fgsm,attack,seediv,deepconvnet,44,fbf,fgsm,0,296.6055521965027,1,128,32,64,128,completed,True,ad_data/exp031/exp031_full_20260729_174215/seediv_deepconvnet_seed44_fbf_fgsm.pth
attack_seediv_deepconvnet_seed44_fbf_pgd,attack,seediv,deepconvnet,44,fbf,pgd,0,769.2531096935272,1,128,32,64,128,completed,True,ad_data/exp031/exp031_full_20260729_174215/seediv_deepconvnet_seed44_fbf_pgd.pth
attack_seediv_deepconvnet_seed44_fbf_cw,attack,seediv,deepconvnet,44,fbf,cw,0,743.6026139259338,6,128,32,64,128,completed,True,ad_data/exp031/exp031_full_20260729_174215/seediv_deepconvnet_seed44_fbf_cw.pth
attack_seediv_deepconvnet_seed44_ea_forward_autoattack,attack,seediv,deepconvnet,44,ea_forward,autoattack,0,3172.4858095645905,1,128,32,64,128,completed,True,ad_data/exp031/exp031_full_20260729_174215/seediv_deepconvnet_seed44_ea_forward_autoattack.pth
attack_seediv_deepconvnet_seed44_ea_forward_fgsm,attack,seediv,deepconvnet,44,ea_forward,fgsm,0,180.3578324317932,6,128,32,64,128,completed,True,ad_data/exp031/exp031_full_20260729_174215/seediv_deepconvnet_seed44_ea_forward_fgsm.pth
attack_seediv_deepconvnet_seed44_ea_forward_pgd,attack,seediv,deepconvnet,44,ea_forward,pgd,0,525.0419974327087,6,128,32,64,128,completed,True,ad_data/exp031/exp031_full_20260729_174215/seediv_deepconvnet_seed44_ea_forward_pgd.pth
attack_seediv_deepconvnet_seed44_ea_forward_cw,attack,seediv,deepconvnet,44,ea_forward,cw,0,898.2570788860321,6,128,32,64,128,completed,True,ad_data/exp031/exp031_full_20260729_174215/seediv_deepconvnet_seed44_ea_forward_cw.pth
attack_seediv_deepconvnet_seed44_rpcf_at_autoattack,attack,seediv,deepconvnet,44,rpcf_at,autoattack,0,11340.755061388016,6,128,32,64,128,completed,True,ad_data/exp031/exp031_full_20260729_174215/seediv_deepconvnet_seed44_rpcf_at_autoattack.pth
attack_seediv_deepconvnet_seed44_rpcf_at_fgsm,attack,seediv,deepconvnet,44,rpcf_at,fgsm,0,445.2866954803467,4,128,32,64,128,completed,True,ad_data/exp031/exp031_full_20260729_174215/seediv_deepconvnet_seed44_rpcf_at_fgsm.pth
attack_seediv_deepconvnet_seed44_rpcf_at_pgd,attack,seediv,deepconvnet,44,rpcf_at,pgd,0,625.5281987190247,0,128,32,64,128,completed,True,ad_data/exp031/exp031_full_20260729_174215/seediv_deepconvnet_seed44_rpcf_at_pgd.pth
attack_seediv_deepconvnet_seed44_rpcf_at_cw,attack,seediv,deepconvnet,44,rpcf_at,cw,0,260.5620129108429,1,128,32,64,128,completed,True,ad_data/exp031/exp031_full_20260729_174215/seediv_deepconvnet_seed44_rpcf_at_cw.pth
attack_seediv_deepconvnet_seed45_madry_autoattack,attack,seediv,deepconvnet,45,madry,autoattack,0,20607.443914413452,4,128,32,64,128,completed,True,ad_data/exp031/exp031_full_20260729_174215/seediv_deepconvnet_seed45_madry_autoattack.pth
attack_seediv_deepconvnet_seed45_madry_fgsm,attack,seediv,deepconvnet,45,madry,fgsm,0,132.1688630580902,1,128,32,64,128,completed,True,ad_data/exp031/exp031_full_20260729_174215/seediv_deepconvnet_seed45_madry_fgsm.pth
attack_seediv_deepconvnet_seed45_madry_pgd,attack,seediv,deepconvnet,45,madry,pgd,0,473.13284134864807,1,128,32,64,128,completed,True,ad_data/exp031/exp031_full_20260729_174215/seediv_deepconvnet_seed45_madry_pgd.pth
attack_seediv_deepconvnet_seed45_madry_cw,attack,seediv,deepconvnet,45,madry,cw,0,276.64320611953735,0,128,32,64,128,completed,True,ad_data/exp031/exp031_full_20260729_174215/seediv_deepconvnet_seed45_madry_cw.pth
attack_seediv_deepconvnet_seed45_trades_autoattack,attack,seediv,deepconvnet,45,trades,autoattack,0,555.314530134201,0,128,32,64,128,completed,True,ad_data/exp031/exp031_full_20260729_174215/seediv_deepconvnet_seed45_trades_autoattack.pth
attack_seediv_deepconvnet_seed45_trades_fgsm,attack,seediv,deepconvnet,45,trades,fgsm,0,164.28584551811218,1,128,32,64,128,completed,True,ad_data/exp031/exp031_full_20260729_174215/seediv_deepconvnet_seed45_trades_fgsm.pth
attack_seediv_deepconvnet_seed45_trades_pgd,attack,seediv,deepconvnet,45,trades,pgd,0,489.1055064201355,1,128,32,64,128,completed,True,ad_data/exp031/exp031_full_20260729_174215/seediv_deepconvnet_seed45_trades_pgd.pth
attack_seediv_deepconvnet_seed45_trades_cw,attack,seediv,deepconvnet,45,trades,cw,0,525.351096868515,0,128,32,64,128,completed,True,ad_data/exp031/exp031_full_20260729_174215/seediv_deepconvnet_seed45_trades_cw.pth
attack_seediv_deepconvnet_seed45_fbf_autoattack,attack,seediv,deepconvnet,45,fbf,autoattack,0,6720.8351447582245,1,128,32,64,128,completed,True,ad_data/exp031/exp031_full_20260729_174215/seediv_deepconvnet_seed45_fbf_autoattack.pth
attack_seediv_deepconvnet_seed45_fbf_fgsm,attack,seediv,deepconvnet,45,fbf,fgsm,0,455.0584168434143,2,128,32,64,128,completed,True,ad_data/exp031/exp031_full_20260729_174215/seediv_deepconvnet_seed45_fbf_fgsm.pth
attack_seediv_deepconvnet_seed45_fbf_pgd,attack,seediv,deepconvnet,45,fbf,pgd,0,643.431569814682,0,128,32,64,128,completed,True,ad_data/exp031/exp031_full_20260729_174215/seediv_deepconvnet_seed45_fbf_pgd.pth
attack_seediv_deepconvnet_seed45_fbf_cw,attack,seediv,deepconvnet,45,fbf,cw,0,577.3269515037537,2,128,32,64,128,completed,True,ad_data/exp031/exp031_full_20260729_174215/seediv_deepconvnet_seed45_fbf_cw.pth
attack_seediv_deepconvnet_seed45_ea_forward_autoattack,attack,seediv,deepconvnet,45,ea_forward,autoattack,0,2804.949084043503,0,128,32,64,128,completed,True,ad_data/exp031/exp031_full_20260729_174215/seediv_deepconvnet_seed45_ea_forward_autoattack.pth
attack_seediv_deepconvnet_seed45_ea_forward_fgsm,attack,seediv,deepconvnet,45,ea_forward,fgsm,0,188.34676790237427,2,128,32,64,128,completed,True,ad_data/exp031/exp031_full_20260729_174215/seediv_deepconvnet_seed45_ea_forward_fgsm.pth
attack_seediv_deepconvnet_seed45_ea_forward_pgd,attack,seediv,deepconvnet,45,ea_forward,pgd,0,522.9788491725922,2,128,32,64,128,completed,True,ad_data/exp031/exp031_full_20260729_174215/seediv_deepconvnet_seed45_ea_forward_pgd.pth
attack_seediv_deepconvnet_seed45_ea_forward_cw,attack,seediv,deepconvnet,45,ea_forward,cw,0,334.8462278842926,2,128,32,64,128,completed,True,ad_data/exp031/exp031_full_20260729_174215/seediv_deepconvnet_seed45_ea_forward_cw.pth
attack_seediv_deepconvnet_seed45_rpcf_at_autoattack,attack,seediv,deepconvnet,45,rpcf_at,autoattack,0,14840.63012766838,2,128,32,64,128,completed,True,ad_data/exp031/exp031_full_20260729_174215/seediv_deepconvnet_seed45_rpcf_at_autoattack.pth
attack_seediv_deepconvnet_seed45_rpcf_at_fgsm,attack,seediv,deepconvnet,45,rpcf_at,fgsm,0,128.31218886375427,0,128,32,64,128,completed,True,ad_data/exp031/exp031_full_20260729_174215/seediv_deepconvnet_seed45_rpcf_at_fgsm.pth
attack_seediv_deepconvnet_seed45_rpcf_at_pgd,attack,seediv,deepconvnet,45,rpcf_at,pgd,0,639.0556015968323,0,128,32,64,128,completed,True,ad_data/exp031/exp031_full_20260729_174215/seediv_deepconvnet_seed45_rpcf_at_pgd.pth
attack_seediv_deepconvnet_seed45_rpcf_at_cw,attack,seediv,deepconvnet,45,rpcf_at,cw,0,238.42406177520752,0,128,32,64,128,completed,True,ad_data/exp031/exp031_full_20260729_174215/seediv_deepconvnet_seed45_rpcf_at_cw.pth
attack_seediv_deepconvnet_seed46_madry_autoattack,attack,seediv,deepconvnet,46,madry,autoattack,0,15055.857262134552,0,128,32,64,128,completed,True,ad_data/exp031/exp031_full_20260729_174215/seediv_deepconvnet_seed46_madry_autoattack.pth
attack_seediv_deepconvnet_seed46_madry_fgsm,attack,seediv,deepconvnet,46,madry,fgsm,0,426.4429497718811,5,128,32,64,128,completed,True,ad_data/exp031/exp031_full_20260729_174215/seediv_deepconvnet_seed46_madry_fgsm.pth
attack_seediv_deepconvnet_seed46_madry_pgd,attack,seediv,deepconvnet,46,madry,pgd,0,780.8017418384552,5,128,32,64,128,completed,True,ad_data/exp031/exp031_full_20260729_174215/seediv_deepconvnet_seed46_madry_pgd.pth
attack_seediv_deepconvnet_seed46_madry_cw,attack,seediv,deepconvnet,46,madry,cw,0,622.4374544620514,1,128,32,64,128,completed,True,ad_data/exp031/exp031_full_20260729_174215/seediv_deepconvnet_seed46_madry_cw.pth
attack_seediv_deepconvnet_seed46_trades_autoattack,attack,seediv,deepconvnet,46,trades,autoattack,0,2630.200455904007,1,128,32,64,128,completed,True,ad_data/exp031/exp031_full_20260729_174215/seediv_deepconvnet_seed46_trades_autoattack.pth
attack_seediv_deepconvnet_seed46_trades_fgsm,attack,seediv,deepconvnet,46,trades,fgsm,0,256.3259644508362,5,128,32,64,128,completed,True,ad_data/exp031/exp031_full_20260729_174215/seediv_deepconvnet_seed46_trades_fgsm.pth
attack_seediv_deepconvnet_seed46_trades_pgd,attack,seediv,deepconvnet,46,trades,pgd,0,765.0451233386993,5,128,32,64,128,completed,True,ad_data/exp031/exp031_full_20260729_174215/seediv_deepconvnet_seed46_trades_pgd.pth
attack_seediv_deepconvnet_seed46_trades_cw,attack,seediv,deepconvnet,46,trades,cw,0,424.410240650177,3,128,32,64,128,completed,True,ad_data/exp031/exp031_full_20260729_174215/seediv_deepconvnet_seed46_trades_cw.pth
attack_seediv_deepconvnet_seed46_fbf_autoattack,attack,seediv,deepconvnet,46,fbf,autoattack,0,6723.591515302658,3,128,32,64,128,completed,True,ad_data/exp031/exp031_full_20260729_174215/seediv_deepconvnet_seed46_fbf_autoattack.pth
attack_seediv_deepconvnet_seed46_fbf_fgsm,attack,seediv,deepconvnet,46,fbf,fgsm,0,468.5758626461029,5,128,32,64,128,completed,True,ad_data/exp031/exp031_full_20260729_174215/seediv_deepconvnet_seed46_fbf_fgsm.pth
attack_seediv_deepconvnet_seed46_fbf_pgd,attack,seediv,deepconvnet,46,fbf,pgd,0,619.0275342464447,6,128,32,64,128,completed,True,ad_data/exp031/exp031_full_20260729_174215/seediv_deepconvnet_seed46_fbf_pgd.pth
attack_seediv_deepconvnet_seed46_fbf_cw,attack,seediv,deepconvnet,46,fbf,cw,0,418.509991645813,5,128,32,64,128,completed,True,ad_data/exp031/exp031_full_20260729_174215/seediv_deepconvnet_seed46_fbf_cw.pth
attack_seediv_deepconvnet_seed46_ea_forward_autoattack,attack,seediv,deepconvnet,46,ea_forward,autoattack,0,7839.669197559357,5,128,32,64,128,completed,True,ad_data/exp031/exp031_full_20260729_174215/seediv_deepconvnet_seed46_ea_forward_autoattack.pth
attack_seediv_deepconvnet_seed46_ea_forward_fgsm,attack,seediv,deepconvnet,46,ea_forward,fgsm,0,356.415974855423,6,128,32,64,128,completed,True,ad_data/exp031/exp031_full_20260729_174215/seediv_deepconvnet_seed46_ea_forward_fgsm.pth
attack_seediv_deepconvnet_seed46_ea_forward_pgd,attack,seediv,deepconvnet,46,ea_forward,pgd,0,662.9263565540314,6,128,32,64,128,completed,True,ad_data/exp031/exp031_full_20260729_174215/seediv_deepconvnet_seed46_ea_forward_pgd.pth
attack_seediv_deepconvnet_seed46_ea_forward_cw,attack,seediv,deepconvnet,46,ea_forward,cw,0,620.8705112934113,1,128,32,64,128,completed,True,ad_data/exp031/exp031_full_20260729_174215/seediv_deepconvnet_seed46_ea_forward_cw.pth
attack_seediv_deepconvnet_seed46_rpcf_at_autoattack,attack,seediv,deepconvnet,46,rpcf_at,autoattack,0,17791.815427064896,6,128,32,64,128,completed,True,ad_data/exp031/exp031_full_20260729_174215/seediv_deepconvnet_seed46_rpcf_at_autoattack.pth
attack_seediv_deepconvnet_seed46_rpcf_at_fgsm,attack,seediv,deepconvnet,46,rpcf_at,fgsm,0,346.53707456588745,1,128,32,64,128,completed,True,ad_data/exp031/exp031_full_20260729_174215/seediv_deepconvnet_seed46_rpcf_at_fgsm.pth
attack_seediv_deepconvnet_seed46_rpcf_at_pgd,attack,seediv,deepconvnet,46,rpcf_at,pgd,0,710.8986375331879,1,128,32,64,128,completed,True,ad_data/exp031/exp031_full_20260729_174215/seediv_deepconvnet_seed46_rpcf_at_pgd.pth
attack_seediv_deepconvnet_seed46_rpcf_at_cw,attack,seediv,deepconvnet,46,rpcf_at,cw,0,478.5786864757538,1,128,32,64,128,completed,True,ad_data/exp031/exp031_full_20260729_174215/seediv_deepconvnet_seed46_rpcf_at_cw.pth
attack_seediv_tsception_seed42_madry_autoattack,attack,seediv,tsception,42,madry,autoattack,0,20308.07303738594,1,128,32,16,32,completed,True,ad_data/exp031/exp031_full_20260729_174215/seediv_tsception_seed42_madry_autoattack.pth
attack_seediv_tsception_seed42_madry_fgsm,attack,seediv,tsception,42,madry,fgsm,0,995.4321737289429,3,128,32,16,32,completed,True,ad_data/exp031/exp031_full_20260729_174215/seediv_tsception_seed42_madry_fgsm.pth
attack_seediv_tsception_seed42_madry_pgd,attack,seediv,tsception,42,madry,pgd,0,1430.583298921585,3,128,32,16,32,completed,True,ad_data/exp031/exp031_full_20260729_174215/seediv_tsception_seed42_madry_pgd.pth
attack_seediv_tsception_seed42_madry_cw,attack,seediv,tsception,42,madry,cw,0,832.1786406040192,5,128,32,16,32,completed,True,ad_data/exp031/exp031_full_20260729_174215/seediv_tsception_seed42_madry_cw.pth
attack_seediv_tsception_seed42_trades_autoattack,attack,seediv,tsception,42,trades,autoattack,0,2034.734117269516,2,128,32,16,32,completed,True,ad_data/exp031/exp031_full_20260729_174215/seediv_tsception_seed42_trades_autoattack.pth
attack_seediv_tsception_seed42_trades_fgsm,attack,seediv,tsception,42,trades,fgsm,0,136.2486641407013,3,128,32,16,32,completed,True,ad_data/exp031/exp031_full_20260729_174215/seediv_tsception_seed42_trades_fgsm.pth
attack_seediv_tsception_seed42_trades_pgd,attack,seediv,tsception,42,trades,pgd,0,879.9589793682098,3,128,32,16,32,completed,True,ad_data/exp031/exp031_full_20260729_174215/seediv_tsception_seed42_trades_pgd.pth
attack_seediv_tsception_seed42_trades_cw,attack,seediv,tsception,42,trades,cw,0,519.06138920784,5,128,32,16,32,completed,True,ad_data/exp031/exp031_full_20260729_174215/seediv_tsception_seed42_trades_cw.pth
attack_seediv_tsception_seed42_fbf_autoattack,attack,seediv,tsception,42,fbf,autoattack,0,6421.403276205063,3,128,32,16,32,completed,True,ad_data/exp031/exp031_full_20260729_174215/seediv_tsception_seed42_fbf_autoattack.pth
attack_seediv_tsception_seed42_fbf_fgsm,attack,seediv,tsception,42,fbf,fgsm,0,132.27290272712708,5,128,32,16,32,completed,True,ad_data/exp031/exp031_full_20260729_174215/seediv_tsception_seed42_fbf_fgsm.pth
attack_seediv_tsception_seed42_fbf_pgd,attack,seediv,tsception,42,fbf,pgd,0,988.1711752414703,5,128,32,16,32,completed,True,ad_data/exp031/exp031_full_20260729_174215/seediv_tsception_seed42_fbf_pgd.pth
attack_seediv_tsception_seed42_fbf_cw,attack,seediv,tsception,42,fbf,cw,0,647.8091769218445,2,128,32,16,32,completed,True,ad_data/exp031/exp031_full_20260729_174215/seediv_tsception_seed42_fbf_cw.pth
attack_seediv_tsception_seed42_ea_forward_autoattack,attack,seediv,tsception,42,ea_forward,autoattack,0,3947.1899127960205,4,128,32,16,32,completed,True,ad_data/exp031/exp031_full_20260729_174215/seediv_tsception_seed42_ea_forward_autoattack.pth
attack_seediv_tsception_seed42_ea_forward_fgsm,attack,seediv,tsception,42,ea_forward,fgsm,0,172.3787100315094,5,128,32,16,32,completed,True,ad_data/exp031/exp031_full_20260729_174215/seediv_tsception_seed42_ea_forward_fgsm.pth
attack_seediv_tsception_seed42_ea_forward_pgd,attack,seediv,tsception,42,ea_forward,pgd,0,971.1660089492798,5,128,32,16,32,completed,True,ad_data/exp031/exp031_full_20260729_174215/seediv_tsception_seed42_ea_forward_pgd.pth
attack_seediv_tsception_seed42_ea_forward_cw,attack,seediv,tsception,42,ea_forward,cw,0,445.2331545352936,2,128,32,16,32,completed,True,ad_data/exp031/exp031_full_20260729_174215/seediv_tsception_seed42_ea_forward_cw.pth
attack_seediv_tsception_seed42_rpcf_at_autoattack,attack,seediv,tsception,42,rpcf_at,autoattack,0,18379.359179496765,0,128,32,16,32,completed,True,ad_data/exp031/exp031_full_20260729_174215/seediv_tsception_seed42_rpcf_at_autoattack.pth
attack_seediv_tsception_seed42_rpcf_at_fgsm,attack,seediv,tsception,42,rpcf_at,fgsm,0,457.267062664032,2,128,32,16,32,completed,True,ad_data/exp031/exp031_full_20260729_174215/seediv_tsception_seed42_rpcf_at_fgsm.pth
attack_seediv_tsception_seed42_rpcf_at_pgd,attack,seediv,tsception,42,rpcf_at,pgd,0,1255.1428463459015,2,128,32,16,32,completed,True,ad_data/exp031/exp031_full_20260729_174215/seediv_tsception_seed42_rpcf_at_pgd.pth
attack_seediv_tsception_seed42_rpcf_at_cw,attack,seediv,tsception,42,rpcf_at,cw,0,843.9312298297882,5,128,32,16,32,completed,True,ad_data/exp031/exp031_full_20260729_174215/seediv_tsception_seed42_rpcf_at_cw.pth
attack_seediv_tsception_seed43_madry_autoattack,attack,seediv,tsception,43,madry,autoattack,0,18424.316076755524,5,128,32,16,32,completed,True,ad_data/exp031/exp031_full_20260729_174215/seediv_tsception_seed43_madry_autoattack.pth
attack_seediv_tsception_seed43_madry_fgsm,attack,seediv,tsception,43,madry,fgsm,0,525.349161863327,2,128,32,16,32,completed,True,ad_data/exp031/exp031_full_20260729_174215/seediv_tsception_seed43_madry_fgsm.pth
attack_seediv_tsception_seed43_madry_pgd,attack,seediv,tsception,43,madry,pgd,0,1215.0332469940186,2,128,32,16,32,completed,True,ad_data/exp031/exp031_full_20260729_174215/seediv_tsception_seed43_madry_pgd.pth
attack_seediv_tsception_seed43_madry_cw,attack,seediv,tsception,43,madry,cw,0,487.2785847187042,4,128,32,16,32,completed,True,ad_data/exp031/exp031_full_20260729_174215/seediv_tsception_seed43_madry_cw.pth
attack_seediv_tsception_seed43_trades_autoattack,attack,seediv,tsception,43,trades,autoattack,0,2127.5404686927795,2,128,32,16,32,completed,True,ad_data/exp031/exp031_full_20260729_174215/seediv_tsception_seed43_trades_autoattack.pth
attack_seediv_tsception_seed43_trades_fgsm,attack,seediv,tsception,43,trades,fgsm,0,134.30716681480408,4,128,32,16,32,completed,True,ad_data/exp031/exp031_full_20260729_174215/seediv_tsception_seed43_trades_fgsm.pth
attack_seediv_tsception_seed43_trades_pgd,attack,seediv,tsception,43,trades,pgd,0,873.9565868377686,4,128,32,16,32,completed,True,ad_data/exp031/exp031_full_20260729_174215/seediv_tsception_seed43_trades_pgd.pth
attack_seediv_tsception_seed43_trades_cw,attack,seediv,tsception,43,trades,cw,0,940.335343837738,3,128,32,16,32,completed,True,ad_data/exp031/exp031_full_20260729_174215/seediv_tsception_seed43_trades_cw.pth
attack_seediv_tsception_seed43_fbf_autoattack,attack,seediv,tsception,43,fbf,autoattack,0,1838.478030204773,4,128,32,16,32,completed,True,ad_data/exp031/exp031_full_20260729_174215/seediv_tsception_seed43_fbf_autoattack.pth
attack_seediv_tsception_seed43_fbf_fgsm,attack,seediv,tsception,43,fbf,fgsm,0,459.06716752052307,3,128,32,16,32,completed,True,ad_data/exp031/exp031_full_20260729_174215/seediv_tsception_seed43_fbf_fgsm.pth
attack_seediv_tsception_seed43_fbf_pgd,attack,seediv,tsception,43,fbf,pgd,0,1221.005449771881,2,128,32,16,32,completed,True,ad_data/exp031/exp031_full_20260729_174215/seediv_tsception_seed43_fbf_pgd.pth
attack_seediv_tsception_seed43_fbf_cw,attack,seediv,tsception,43,fbf,cw,0,631.3207266330719,3,128,32,16,32,completed,True,ad_data/exp031/exp031_full_20260729_174215/seediv_tsception_seed43_fbf_cw.pth
attack_seediv_tsception_seed43_ea_forward_autoattack,attack,seediv,tsception,43,ea_forward,autoattack,0,4978.918119192123,4,128,32,16,32,completed,True,ad_data/exp031/exp031_full_20260729_174215/seediv_tsception_seed43_ea_forward_autoattack.pth
attack_seediv_tsception_seed43_ea_forward_fgsm,attack,seediv,tsception,43,ea_forward,fgsm,0,198.38197207450867,3,128,32,16,32,completed,True,ad_data/exp031/exp031_full_20260729_174215/seediv_tsception_seed43_ea_forward_fgsm.pth
attack_seediv_tsception_seed43_ea_forward_pgd,attack,seediv,tsception,43,ea_forward,pgd,0,990.4971566200256,3,128,32,16,32,completed,True,ad_data/exp031/exp031_full_20260729_174215/seediv_tsception_seed43_ea_forward_pgd.pth
attack_seediv_tsception_seed43_ea_forward_cw,attack,seediv,tsception,43,ea_forward,cw,0,697.272294998169,2,128,32,16,32,completed,True,ad_data/exp031/exp031_full_20260729_174215/seediv_tsception_seed43_ea_forward_cw.pth
attack_seediv_tsception_seed43_rpcf_at_autoattack,attack,seediv,tsception,43,rpcf_at,autoattack,0,15833.835433483124,2,128,32,16,32,completed,True,ad_data/exp031/exp031_full_20260729_174215/seediv_tsception_seed43_rpcf_at_autoattack.pth
attack_seediv_tsception_seed43_rpcf_at_fgsm,attack,seediv,tsception,43,rpcf_at,fgsm,0,495.49315452575684,3,128,32,16,32,completed,True,ad_data/exp031/exp031_full_20260729_174215/seediv_tsception_seed43_rpcf_at_fgsm.pth
attack_seediv_tsception_seed43_rpcf_at_pgd,attack,seediv,tsception,43,rpcf_at,pgd,0,1267.3271617889404,6,128,32,16,32,completed,True,ad_data/exp031/exp031_full_20260729_174215/seediv_tsception_seed43_rpcf_at_pgd.pth
attack_seediv_tsception_seed43_rpcf_at_cw,attack,seediv,tsception,43,rpcf_at,cw,0,769.6581377983093,3,128,32,16,32,completed,True,ad_data/exp031/exp031_full_20260729_174215/seediv_tsception_seed43_rpcf_at_cw.pth
attack_seediv_tsception_seed44_madry_autoattack,attack,seediv,tsception,44,madry,autoattack,0,15118.935546398163,3,128,32,16,32,completed,True,ad_data/exp031/exp031_full_20260729_174215/seediv_tsception_seed44_madry_autoattack.pth
attack_seediv_tsception_seed44_madry_fgsm,attack,seediv,tsception,44,madry,fgsm,0,516.7693922519684,6,128,32,16,32,completed,True,ad_data/exp031/exp031_full_20260729_174215/seediv_tsception_seed44_madry_fgsm.pth
attack_seediv_tsception_seed44_madry_pgd,attack,seediv,tsception,44,madry,pgd,0,1240.6951253414154,6,128,32,16,32,completed,True,ad_data/exp031/exp031_full_20260729_174215/seediv_tsception_seed44_madry_pgd.pth
attack_seediv_tsception_seed44_madry_cw,attack,seediv,tsception,44,madry,cw,0,916.5161046981812,6,128,32,16,32,completed,True,ad_data/exp031/exp031_full_20260729_174215/seediv_tsception_seed44_madry_cw.pth
attack_seediv_tsception_seed44_trades_autoattack,attack,seediv,tsception,44,trades,autoattack,0,518.9051535129547,4,128,32,16,32,completed,True,ad_data/exp031/exp031_full_20260729_174215/seediv_tsception_seed44_trades_autoattack.pth
attack_seediv_tsception_seed44_trades_fgsm,attack,seediv,tsception,44,trades,fgsm,0,168.63962745666504,4,128,32,16,32,completed,True,ad_data/exp031/exp031_full_20260729_174215/seediv_tsception_seed44_trades_fgsm.pth
attack_seediv_tsception_seed44_trades_pgd,attack,seediv,tsception,44,trades,pgd,0,976.6941571235657,6,128,32,16,32,completed,True,ad_data/exp031/exp031_full_20260729_174215/seediv_tsception_seed44_trades_pgd.pth
attack_seediv_tsception_seed44_trades_cw,attack,seediv,tsception,44,trades,cw,0,583.4001648426056,4,128,32,16,32,completed,True,ad_data/exp031/exp031_full_20260729_174215/seediv_tsception_seed44_trades_cw.pth
attack_seediv_tsception_seed44_fbf_autoattack,attack,seediv,tsception,44,fbf,autoattack,0,5885.943649291992,1,128,32,16,32,completed,True,ad_data/exp031/exp031_full_20260729_174215/seediv_tsception_seed44_fbf_autoattack.pth
attack_seediv_tsception_seed44_fbf_fgsm,attack,seediv,tsception,44,fbf,fgsm,0,166.29293131828308,4,128,32,16,32,completed,True,ad_data/exp031/exp031_full_20260729_174215/seediv_tsception_seed44_fbf_fgsm.pth
attack_seediv_tsception_seed44_fbf_pgd,attack,seediv,tsception,44,fbf,pgd,0,1086.1250817775726,4,128,32,16,32,completed,True,ad_data/exp031/exp031_full_20260729_174215/seediv_tsception_seed44_fbf_pgd.pth
attack_seediv_tsception_seed44_fbf_cw,attack,seediv,tsception,44,fbf,cw,0,461.12936663627625,6,128,32,16,32,completed,True,ad_data/exp031/exp031_full_20260729_174215/seediv_tsception_seed44_fbf_cw.pth
attack_seediv_tsception_seed44_ea_forward_autoattack,attack,seediv,tsception,44,ea_forward,autoattack,0,3033.047961473465,6,128,32,16,32,completed,True,ad_data/exp031/exp031_full_20260729_174215/seediv_tsception_seed44_ea_forward_autoattack.pth
attack_seediv_tsception_seed44_ea_forward_fgsm,attack,seediv,tsception,44,ea_forward,fgsm,0,769.8159005641937,4,128,32,16,32,completed,True,ad_data/exp031/exp031_full_20260729_174215/seediv_tsception_seed44_ea_forward_fgsm.pth
attack_seediv_tsception_seed44_ea_forward_pgd,attack,seediv,tsception,44,ea_forward,pgd,0,939.9441430568695,4,128,32,16,32,completed,True,ad_data/exp031/exp031_full_20260729_174215/seediv_tsception_seed44_ea_forward_pgd.pth
attack_seediv_tsception_seed44_ea_forward_cw,attack,seediv,tsception,44,ea_forward,cw,0,280.6547691822052,4,128,32,16,32,completed,True,ad_data/exp031/exp031_full_20260729_174215/seediv_tsception_seed44_ea_forward_cw.pth
attack_seediv_tsception_seed44_rpcf_at_autoattack,attack,seediv,tsception,44,rpcf_at,autoattack,0,10830.577676773071,4,128,32,16,32,completed,True,ad_data/exp031/exp031_full_20260729_174215/seediv_tsception_seed44_rpcf_at_autoattack.pth
attack_seediv_tsception_seed44_rpcf_at_fgsm,attack,seediv,tsception,44,rpcf_at,fgsm,0,142.31813740730286,6,128,32,16,32,completed,True,ad_data/exp031/exp031_full_20260729_174215/seediv_tsception_seed44_rpcf_at_fgsm.pth
attack_seediv_tsception_seed44_rpcf_at_pgd,attack,seediv,tsception,44,rpcf_at,pgd,0,906.3854932785034,6,128,32,16,32,completed,True,ad_data/exp031/exp031_full_20260729_174215/seediv_tsception_seed44_rpcf_at_pgd.pth
attack_seediv_tsception_seed44_rpcf_at_cw,attack,seediv,tsception,44,rpcf_at,cw,0,578.6617155075073,6,128,32,16,32,completed,True,ad_data/exp031/exp031_full_20260729_174215/seediv_tsception_seed44_rpcf_at_cw.pth
attack_seediv_tsception_seed45_madry_autoattack,attack,seediv,tsception,45,madry,autoattack,0,10713.554783821106,6,128,32,16,32,completed,True,ad_data/exp031/exp031_full_20260729_174215/seediv_tsception_seed45_madry_autoattack.pth
attack_seediv_tsception_seed45_madry_fgsm,attack,seediv,tsception,45,madry,fgsm,0,296.5339767932892,0,128,32,16,32,completed,True,ad_data/exp031/exp031_full_20260729_174215/seediv_tsception_seed45_madry_fgsm.pth
attack_seediv_tsception_seed45_madry_pgd,attack,seediv,tsception,45,madry,pgd,0,1078.0576617717743,1,128,32,16,32,completed,True,ad_data/exp031/exp031_full_20260729_174215/seediv_tsception_seed45_madry_pgd.pth
attack_seediv_tsception_seed45_madry_cw,attack,seediv,tsception,45,madry,cw,0,697.1539649963379,0,128,32,16,32,completed,True,ad_data/exp031/exp031_full_20260729_174215/seediv_tsception_seed45_madry_cw.pth
attack_seediv_tsception_seed45_trades_autoattack,attack,seediv,tsception,45,trades,autoattack,0,1058.1281650066376,0,128,32,16,32,completed,True,ad_data/exp031/exp031_full_20260729_174215/seediv_tsception_seed45_trades_autoattack.pth
attack_seediv_tsception_seed45_trades_fgsm,attack,seediv,tsception,45,trades,fgsm,0,338.6156234741211,1,128,32,16,32,completed,True,ad_data/exp031/exp031_full_20260729_174215/seediv_tsception_seed45_trades_fgsm.pth
attack_seediv_tsception_seed45_trades_pgd,attack,seediv,tsception,45,trades,pgd,0,1005.825160741806,1,128,32,16,32,completed,True,ad_data/exp031/exp031_full_20260729_174215/seediv_tsception_seed45_trades_pgd.pth
attack_seediv_tsception_seed45_trades_cw,attack,seediv,tsception,45,trades,cw,0,646.9461076259613,5,128,32,16,32,completed,True,ad_data/exp031/exp031_full_20260729_174215/seediv_tsception_seed45_trades_cw.pth
attack_seediv_tsception_seed45_fbf_autoattack,attack,seediv,tsception,45,fbf,autoattack,0,4114.631957530975,0,128,32,16,32,completed,True,ad_data/exp031/exp031_full_20260729_174215/seediv_tsception_seed45_fbf_autoattack.pth
attack_seediv_tsception_seed45_fbf_fgsm,attack,seediv,tsception,45,fbf,fgsm,0,240.491858959198,5,128,32,16,32,completed,True,ad_data/exp031/exp031_full_20260729_174215/seediv_tsception_seed45_fbf_fgsm.pth
attack_seediv_tsception_seed45_fbf_pgd,attack,seediv,tsception,45,fbf,pgd,0,985.5820801258087,1,128,32,16,32,completed,True,ad_data/exp031/exp031_full_20260729_174215/seediv_tsception_seed45_fbf_pgd.pth
attack_seediv_tsception_seed45_fbf_cw,attack,seediv,tsception,45,fbf,cw,0,526.6771159172058,5,128,32,16,32,completed,True,ad_data/exp031/exp031_full_20260729_174215/seediv_tsception_seed45_fbf_cw.pth
attack_seediv_tsception_seed45_ea_forward_autoattack,attack,seediv,tsception,45,ea_forward,autoattack,0,7304.482129335403,5,128,32,16,32,completed,True,ad_data/exp031/exp031_full_20260729_174215/seediv_tsception_seed45_ea_forward_autoattack.pth
attack_seediv_tsception_seed45_ea_forward_fgsm,attack,seediv,tsception,45,ea_forward,fgsm,0,228.19204711914062,1,128,32,16,32,completed,True,ad_data/exp031/exp031_full_20260729_174215/seediv_tsception_seed45_ea_forward_fgsm.pth
attack_seediv_tsception_seed45_ea_forward_pgd,attack,seediv,tsception,45,ea_forward,pgd,0,1015.0501465797424,1,128,32,16,32,completed,True,ad_data/exp031/exp031_full_20260729_174215/seediv_tsception_seed45_ea_forward_pgd.pth
attack_seediv_tsception_seed45_ea_forward_cw,attack,seediv,tsception,45,ea_forward,cw,0,350.5471251010895,1,128,32,16,32,completed,True,ad_data/exp031/exp031_full_20260729_174215/seediv_tsception_seed45_ea_forward_cw.pth
attack_seediv_tsception_seed45_rpcf_at_autoattack,attack,seediv,tsception,45,rpcf_at,autoattack,0,9662.388103723526,1,128,32,16,32,completed,True,ad_data/exp031/exp031_full_20260729_174215/seediv_tsception_seed45_rpcf_at_autoattack.pth
attack_seediv_tsception_seed45_rpcf_at_fgsm,attack,seediv,tsception,45,rpcf_at,fgsm,0,272.4450168609619,2,128,32,16,32,completed,True,ad_data/exp031/exp031_full_20260729_174215/seediv_tsception_seed45_rpcf_at_fgsm.pth
attack_seediv_tsception_seed45_rpcf_at_pgd,attack,seediv,tsception,45,rpcf_at,pgd,0,1019.5905575752258,2,128,32,16,32,completed,True,ad_data/exp031/exp031_full_20260729_174215/seediv_tsception_seed45_rpcf_at_pgd.pth
attack_seediv_tsception_seed45_rpcf_at_cw,attack,seediv,tsception,45,rpcf_at,cw,0,573.0000736713409,3,128,32,16,32,completed,True,ad_data/exp031/exp031_full_20260729_174215/seediv_tsception_seed45_rpcf_at_cw.pth
attack_seediv_tsception_seed46_madry_autoattack,attack,seediv,tsception,46,madry,autoattack,0,9257.401982784271,0,128,32,16,32,completed,True,ad_data/exp031/exp031_full_20260729_174215/seediv_tsception_seed46_madry_autoattack.pth
attack_seediv_tsception_seed46_madry_fgsm,attack,seediv,tsception,46,madry,fgsm,0,268.56762075424194,2,128,32,16,32,completed,True,ad_data/exp031/exp031_full_20260729_174215/seediv_tsception_seed46_madry_fgsm.pth
attack_seediv_tsception_seed46_madry_pgd,attack,seediv,tsception,46,madry,pgd,0,1017.5349144935608,3,128,32,16,32,completed,True,ad_data/exp031/exp031_full_20260729_174215/seediv_tsception_seed46_madry_pgd.pth
attack_seediv_tsception_seed46_madry_cw,attack,seediv,tsception,46,madry,cw,0,670.8347327709198,2,128,32,16,32,completed,True,ad_data/exp031/exp031_full_20260729_174215/seediv_tsception_seed46_madry_cw.pth
attack_seediv_tsception_seed46_trades_autoattack,attack,seediv,tsception,46,trades,autoattack,0,1572.6836240291595,2,128,32,16,32,completed,True,ad_data/exp031/exp031_full_20260729_174215/seediv_tsception_seed46_trades_autoattack.pth
attack_seediv_tsception_seed46_trades_fgsm,attack,seediv,tsception,46,trades,fgsm,0,290.4041209220886,3,128,32,16,32,completed,True,ad_data/exp031/exp031_full_20260729_174215/seediv_tsception_seed46_trades_fgsm.pth
attack_seediv_tsception_seed46_trades_pgd,attack,seediv,tsception,46,trades,pgd,0,989.3886296749115,3,128,32,16,32,completed,True,ad_data/exp031/exp031_full_20260729_174215/seediv_tsception_seed46_trades_pgd.pth
attack_seediv_tsception_seed46_trades_cw,attack,seediv,tsception,46,trades,cw,0,651.1618134975433,4,128,32,16,32,completed,True,ad_data/exp031/exp031_full_20260729_174215/seediv_tsception_seed46_trades_cw.pth
attack_seediv_tsception_seed46_fbf_autoattack,attack,seediv,tsception,46,fbf,autoattack,0,3725.3856434822083,3,128,32,16,32,completed,True,ad_data/exp031/exp031_full_20260729_174215/seediv_tsception_seed46_fbf_autoattack.pth
attack_seediv_tsception_seed46_fbf_fgsm,attack,seediv,tsception,46,fbf,fgsm,0,280.5731499195099,2,128,32,16,32,completed,True,ad_data/exp031/exp031_full_20260729_174215/seediv_tsception_seed46_fbf_fgsm.pth
attack_seediv_tsception_seed46_fbf_pgd,attack,seediv,tsception,46,fbf,pgd,0,1049.940104484558,4,128,32,16,32,completed,True,ad_data/exp031/exp031_full_20260729_174215/seediv_tsception_seed46_fbf_pgd.pth
attack_seediv_tsception_seed46_fbf_cw,attack,seediv,tsception,46,fbf,cw,0,520.7559537887573,2,128,32,16,32,completed,True,ad_data/exp031/exp031_full_20260729_174215/seediv_tsception_seed46_fbf_cw.pth
attack_seediv_tsception_seed46_ea_forward_autoattack,attack,seediv,tsception,46,ea_forward,autoattack,0,6619.680648565292,2,128,32,16,32,completed,True,ad_data/exp031/exp031_full_20260729_174215/seediv_tsception_seed46_ea_forward_autoattack.pth
attack_seediv_tsception_seed46_ea_forward_fgsm,attack,seediv,tsception,46,ea_forward,fgsm,0,206.43031001091003,4,128,32,16,32,completed,True,ad_data/exp031/exp031_full_20260729_174215/seediv_tsception_seed46_ea_forward_fgsm.pth
attack_seediv_tsception_seed46_ea_forward_pgd,attack,seediv,tsception,46,ea_forward,pgd,0,1025.9052455425262,5,128,32,16,32,completed,True,ad_data/exp031/exp031_full_20260729_174215/seediv_tsception_seed46_ea_forward_pgd.pth
attack_seediv_tsception_seed46_ea_forward_cw,attack,seediv,tsception,46,ea_forward,cw,0,320.48384189605713,4,128,32,16,32,completed,True,ad_data/exp031/exp031_full_20260729_174215/seediv_tsception_seed46_ea_forward_cw.pth
attack_seediv_tsception_seed46_rpcf_at_autoattack,attack,seediv,tsception,46,rpcf_at,autoattack,0,6174.542234182358,6,128,32,16,32,completed,True,ad_data/exp031/exp031_full_20260729_174215/seediv_tsception_seed46_rpcf_at_autoattack.pth
attack_seediv_tsception_seed46_rpcf_at_fgsm,attack,seediv,tsception,46,rpcf_at,fgsm,0,238.31074738502502,4,128,32,16,32,completed,True,ad_data/exp031/exp031_full_20260729_174215/seediv_tsception_seed46_rpcf_at_fgsm.pth
attack_seediv_tsception_seed46_rpcf_at_pgd,attack,seediv,tsception,46,rpcf_at,pgd,0,979.429899930954,4,128,32,16,32,completed,True,ad_data/exp031/exp031_full_20260729_174215/seediv_tsception_seed46_rpcf_at_pgd.pth
attack_seediv_tsception_seed46_rpcf_at_cw,attack,seediv,tsception,46,rpcf_at,cw,0,655.0341038703918,5,128,32,16,32,completed,True,ad_data/exp031/exp031_full_20260729_174215/seediv_tsception_seed46_rpcf_at_cw.pth
attack_seediv_atcnet_seed42_madry_autoattack,attack,seediv,atcnet,42,madry,autoattack,0,46262.27872848511,4,128,32,64,128,completed,True,ad_data/exp031/exp031_full_20260729_174215/seediv_atcnet_seed42_madry_autoattack.pth
attack_seediv_atcnet_seed42_madry_fgsm,attack,seediv,atcnet,42,madry,fgsm,0,272.37911009788513,5,128,32,64,128,completed,True,ad_data/exp031/exp031_full_20260729_174215/seediv_atcnet_seed42_madry_fgsm.pth
attack_seediv_atcnet_seed42_madry_pgd,attack,seediv,atcnet,42,madry,pgd,0,2877.432740211487,5,128,32,64,128,completed,True,ad_data/exp031/exp031_full_20260729_174215/seediv_atcnet_seed42_madry_pgd.pth
attack_seediv_atcnet_seed42_madry_cw,attack,seediv,atcnet,42,madry,cw,0,1131.0848243236542,3,128,32,64,128,completed,True,ad_data/exp031/exp031_full_20260729_174215/seediv_atcnet_seed42_madry_cw.pth
attack_seediv_atcnet_seed42_trades_autoattack,attack,seediv,atcnet,42,trades,autoattack,0,8222.282054662704,3,128,32,64,128,completed,True,ad_data/exp031/exp031_full_20260729_174215/seediv_atcnet_seed42_trades_autoattack.pth
attack_seediv_atcnet_seed42_trades_fgsm,attack,seediv,atcnet,42,trades,fgsm,0,212.26382994651794,1,128,32,64,128,completed,True,ad_data/exp031/exp031_full_20260729_174215/seediv_atcnet_seed42_trades_fgsm.pth
attack_seediv_atcnet_seed42_trades_pgd,attack,seediv,atcnet,42,trades,pgd,0,2802.5560200214386,1,128,32,64,128,completed,True,ad_data/exp031/exp031_full_20260729_174215/seediv_atcnet_seed42_trades_pgd.pth
attack_seediv_atcnet_seed42_trades_cw,attack,seediv,atcnet,42,trades,cw,0,1207.052105665207,5,128,32,64,128,completed,True,ad_data/exp031/exp031_full_20260729_174215/seediv_atcnet_seed42_trades_cw.pth
attack_seediv_atcnet_seed42_fbf_autoattack,attack,seediv,atcnet,42,fbf,autoattack,0,12632.88159418106,0,128,32,64,128,completed,True,ad_data/exp031/exp031_full_20260729_174215/seediv_atcnet_seed42_fbf_autoattack.pth
attack_seediv_atcnet_seed42_fbf_fgsm,attack,seediv,atcnet,42,fbf,fgsm,0,142.23412370681763,5,128,32,64,128,completed,True,ad_data/exp031/exp031_full_20260729_174215/seediv_atcnet_seed42_fbf_fgsm.pth
attack_seediv_atcnet_seed42_fbf_pgd,attack,seediv,atcnet,42,fbf,pgd,0,2759.917083501816,2,128,32,64,128,completed,True,ad_data/exp031/exp031_full_20260729_174215/seediv_atcnet_seed42_fbf_pgd.pth
attack_seediv_atcnet_seed42_fbf_cw,attack,seediv,atcnet,42,fbf,cw,0,1202.7231614589691,5,128,32,64,128,completed,True,ad_data/exp031/exp031_full_20260729_174215/seediv_atcnet_seed42_fbf_cw.pth
attack_seediv_atcnet_seed42_ea_forward_autoattack,attack,seediv,atcnet,42,ea_forward,autoattack,0,11843.707913398743,6,128,32,64,128,completed,True,ad_data/exp031/exp031_full_20260729_174215/seediv_atcnet_seed42_ea_forward_autoattack.pth
attack_seediv_atcnet_seed42_ea_forward_fgsm,attack,seediv,atcnet,42,ea_forward,fgsm,0,162.1913161277771,1,128,32,64,128,completed,True,ad_data/exp031/exp031_full_20260729_174215/seediv_atcnet_seed42_ea_forward_fgsm.pth
attack_seediv_atcnet_seed42_ea_forward_pgd,attack,seediv,atcnet,42,ea_forward,pgd,0,2865.5388600826263,5,128,32,64,128,completed,True,ad_data/exp031/exp031_full_20260729_174215/seediv_atcnet_seed42_ea_forward_pgd.pth
attack_seediv_atcnet_seed42_ea_forward_cw,attack,seediv,atcnet,42,ea_forward,cw,0,1242.5835840702057,1,128,32,64,128,completed,True,ad_data/exp031/exp031_full_20260729_174215/seediv_atcnet_seed42_ea_forward_cw.pth
attack_seediv_atcnet_seed42_rpcf_at_autoattack,attack,seediv,atcnet,42,rpcf_at,autoattack,0,46096.01355552673,1,128,32,64,128,completed,True,ad_data/exp031/exp031_full_20260729_174215/seediv_atcnet_seed42_rpcf_at_autoattack.pth
attack_seediv_atcnet_seed42_rpcf_at_fgsm,attack,seediv,atcnet,42,rpcf_at,fgsm,0,40.01181721687317,2,128,32,64,128,completed,True,ad_data/exp031/exp031_full_20260729_174215/seediv_atcnet_seed42_rpcf_at_fgsm.pth
attack_seediv_atcnet_seed42_rpcf_at_pgd,attack,seediv,atcnet,42,rpcf_at,pgd,0,2727.1730313301086,2,128,32,64,128,completed,True,ad_data/exp031/exp031_full_20260729_174215/seediv_atcnet_seed42_rpcf_at_pgd.pth
attack_seediv_atcnet_seed42_rpcf_at_cw,attack,seediv,atcnet,42,rpcf_at,cw,0,920.3093073368073,5,128,32,64,128,completed,True,ad_data/exp031/exp031_full_20260729_174215/seediv_atcnet_seed42_rpcf_at_cw.pth
attack_seediv_atcnet_seed43_madry_autoattack,attack,seediv,atcnet,43,madry,autoattack,0,47962.94607973099,5,128,32,64,128,completed,True,ad_data/exp031/exp031_full_20260729_174215/seediv_atcnet_seed43_madry_autoattack.pth
attack_seediv_atcnet_seed43_madry_fgsm,attack,seediv,atcnet,43,madry,fgsm,0,64.10615563392639,3,128,32,64,128,completed,True,ad_data/exp031/exp031_full_20260729_174215/seediv_atcnet_seed43_madry_fgsm.pth
attack_seediv_atcnet_seed43_madry_pgd,attack,seediv,atcnet,43,madry,pgd,0,2729.0315656661987,2,128,32,64,128,completed,True,ad_data/exp031/exp031_full_20260729_174215/seediv_atcnet_seed43_madry_pgd.pth
attack_seediv_atcnet_seed43_madry_cw,attack,seediv,atcnet,43,madry,cw,0,1088.3687708377838,3,128,32,64,128,completed,True,ad_data/exp031/exp031_full_20260729_174215/seediv_atcnet_seed43_madry_cw.pth
attack_seediv_atcnet_seed43_trades_autoattack,attack,seediv,atcnet,43,trades,autoattack,0,7985.472076177597,3,128,32,64,128,completed,True,ad_data/exp031/exp031_full_20260729_174215/seediv_atcnet_seed43_trades_autoattack.pth
attack_seediv_atcnet_seed43_trades_fgsm,attack,seediv,atcnet,43,trades,fgsm,0,44.01536273956299,2,128,32,64,128,completed,True,ad_data/exp031/exp031_full_20260729_174215/seediv_atcnet_seed43_trades_fgsm.pth
attack_seediv_atcnet_seed43_trades_pgd,attack,seediv,atcnet,43,trades,pgd,0,2713.0360083580017,2,128,32,64,128,completed,True,ad_data/exp031/exp031_full_20260729_174215/seediv_atcnet_seed43_trades_pgd.pth
attack_seediv_atcnet_seed43_trades_cw,attack,seediv,atcnet,43,trades,cw,0,1172.607181072235,2,128,32,64,128,completed,True,ad_data/exp031/exp031_full_20260729_174215/seediv_atcnet_seed43_trades_cw.pth
attack_seediv_atcnet_seed43_fbf_autoattack,attack,seediv,atcnet,43,fbf,autoattack,0,12879.45882821083,0,128,32,64,128,completed,True,ad_data/exp031/exp031_full_20260729_174215/seediv_atcnet_seed43_fbf_autoattack.pth
attack_seediv_atcnet_seed43_fbf_fgsm,attack,seediv,atcnet,43,fbf,fgsm,0,40.09208846092224,6,128,32,64,128,completed,True,ad_data/exp031/exp031_full_20260729_174215/seediv_atcnet_seed43_fbf_fgsm.pth
attack_seediv_atcnet_seed43_fbf_pgd,attack,seediv,atcnet,43,fbf,pgd,0,2709.2776606082916,2,128,32,64,128,completed,True,ad_data/exp031/exp031_full_20260729_174215/seediv_atcnet_seed43_fbf_pgd.pth
attack_seediv_atcnet_seed43_fbf_cw,attack,seediv,atcnet,43,fbf,cw,0,1160.4035420417786,6,128,32,64,128,completed,True,ad_data/exp031/exp031_full_20260729_174215/seediv_atcnet_seed43_fbf_cw.pth
attack_seediv_atcnet_seed43_ea_forward_autoattack,attack,seediv,atcnet,43,ea_forward,autoattack,0,30898.86594104767,6,128,32,64,128,completed,True,ad_data/exp031/exp031_full_20260729_174215/seediv_atcnet_seed43_ea_forward_autoattack.pth
attack_seediv_atcnet_seed43_ea_forward_fgsm,attack,seediv,atcnet,43,ea_forward,fgsm,0,142.05848956108093,3,128,32,64,128,completed,True,ad_data/exp031/exp031_full_20260729_174215/seediv_atcnet_seed43_ea_forward_fgsm.pth
attack_seediv_atcnet_seed43_ea_forward_pgd,attack,seediv,atcnet,43,ea_forward,pgd,0,2861.268930912018,3,128,32,64,128,completed,True,ad_data/exp031/exp031_full_20260729_174215/seediv_atcnet_seed43_ea_forward_pgd.pth
attack_seediv_atcnet_seed43_ea_forward_cw,attack,seediv,atcnet,43,ea_forward,cw,0,1278.5080435276031,2,128,32,64,128,completed,True,ad_data/exp031/exp031_full_20260729_174215/seediv_atcnet_seed43_ea_forward_cw.pth
attack_seediv_atcnet_seed43_rpcf_at_autoattack,attack,seediv,atcnet,43,rpcf_at,autoattack,0,51555.47692275047,2,128,32,64,128,completed,True,ad_data/exp031/exp031_full_20260729_174215/seediv_atcnet_seed43_rpcf_at_autoattack.pth
attack_seediv_atcnet_seed43_rpcf_at_fgsm,attack,seediv,atcnet,43,rpcf_at,fgsm,0,38.01169538497925,3,128,32,64,128,completed,True,ad_data/exp031/exp031_full_20260729_174215/seediv_atcnet_seed43_rpcf_at_fgsm.pth
attack_seediv_atcnet_seed43_rpcf_at_pgd,attack,seediv,atcnet,43,rpcf_at,pgd,0,2668.8907704353333,3,128,32,64,128,completed,True,ad_data/exp031/exp031_full_20260729_174215/seediv_atcnet_seed43_rpcf_at_pgd.pth
attack_seediv_atcnet_seed43_rpcf_at_cw,attack,seediv,atcnet,43,rpcf_at,cw,0,934.3413741588593,3,128,32,64,128,completed,True,ad_data/exp031/exp031_full_20260729_174215/seediv_atcnet_seed43_rpcf_at_cw.pth
attack_seediv_atcnet_seed44_madry_autoattack,attack,seediv,atcnet,44,madry,autoattack,0,46307.232202768326,3,128,32,64,128,completed,True,ad_data/exp031/exp031_full_20260729_174215/seediv_atcnet_seed44_madry_autoattack.pth
attack_seediv_atcnet_seed44_madry_fgsm,attack,seediv,atcnet,44,madry,fgsm,0,46.01431584358215,0,128,32,64,128,completed,True,ad_data/exp031/exp031_full_20260729_174215/seediv_atcnet_seed44_madry_fgsm.pth
attack_seediv_atcnet_seed44_madry_pgd,attack,seediv,atcnet,44,madry,pgd,0,2717.0147495269775,0,128,32,64,128,completed,True,ad_data/exp031/exp031_full_20260729_174215/seediv_atcnet_seed44_madry_pgd.pth
attack_seediv_atcnet_seed44_madry_cw,attack,seediv,atcnet,44,madry,cw,0,972.3283522129059,0,128,32,64,128,completed,True,ad_data/exp031/exp031_full_20260729_174215/seediv_atcnet_seed44_madry_cw.pth
attack_seediv_atcnet_seed44_trades_autoattack,attack,seediv,atcnet,44,trades,autoattack,0,8065.150088787079,0,128,32,64,128,completed,True,ad_data/exp031/exp031_full_20260729_174215/seediv_atcnet_seed44_trades_autoattack.pth
attack_seediv_atcnet_seed44_trades_fgsm,attack,seediv,atcnet,44,trades,fgsm,0,38.01058077812195,0,128,32,64,128,completed,True,ad_data/exp031/exp031_full_20260729_174215/seediv_atcnet_seed44_trades_fgsm.pth
attack_seediv_atcnet_seed44_trades_pgd,attack,seediv,atcnet,44,trades,pgd,0,2733.0336759090424,0,128,32,64,128,completed,True,ad_data/exp031/exp031_full_20260729_174215/seediv_atcnet_seed44_trades_pgd.pth
attack_seediv_atcnet_seed44_trades_cw,attack,seediv,atcnet,44,trades,cw,0,1212.4042382240295,0,128,32,64,128,completed,True,ad_data/exp031/exp031_full_20260729_174215/seediv_atcnet_seed44_trades_cw.pth
attack_seediv_atcnet_seed44_fbf_autoattack,attack,seediv,atcnet,44,fbf,autoattack,0,12795.895963191986,0,128,32,64,128,completed,True,ad_data/exp031/exp031_full_20260729_174215/seediv_atcnet_seed44_fbf_autoattack.pth
attack_seediv_atcnet_seed44_fbf_fgsm,attack,seediv,atcnet,44,fbf,fgsm,0,38.01086163520813,4,128,32,64,128,completed,True,ad_data/exp031/exp031_full_20260729_174215/seediv_atcnet_seed44_fbf_fgsm.pth
attack_seediv_atcnet_seed44_fbf_pgd,attack,seediv,atcnet,44,fbf,pgd,0,2669.1337053775787,4,128,32,64,128,completed,True,ad_data/exp031/exp031_full_20260729_174215/seediv_atcnet_seed44_fbf_pgd.pth
attack_seediv_atcnet_seed44_fbf_cw,attack,seediv,atcnet,44,fbf,cw,0,1174.493477344513,6,128,32,64,128,completed,True,ad_data/exp031/exp031_full_20260729_174215/seediv_atcnet_seed44_fbf_cw.pth
attack_seediv_atcnet_seed44_ea_forward_autoattack,attack,seediv,atcnet,44,ea_forward,autoattack,0,15575.788169145584,4,128,32,64,128,completed,True,ad_data/exp031/exp031_full_20260729_174215/seediv_atcnet_seed44_ea_forward_autoattack.pth
attack_seediv_atcnet_seed44_ea_forward_fgsm,attack,seediv,atcnet,44,ea_forward,fgsm,0,136.03988695144653,6,128,32,64,128,completed,True,ad_data/exp031/exp031_full_20260729_174215/seediv_atcnet_seed44_ea_forward_fgsm.pth
attack_seediv_atcnet_seed44_ea_forward_pgd,attack,seediv,atcnet,44,ea_forward,pgd,0,2873.0812492370605,6,128,32,64,128,completed,True,ad_data/exp031/exp031_full_20260729_174215/seediv_atcnet_seed44_ea_forward_pgd.pth
attack_seediv_atcnet_seed44_ea_forward_cw,attack,seediv,atcnet,44,ea_forward,cw,0,1486.7137434482574,6,128,32,64,128,completed,True,ad_data/exp031/exp031_full_20260729_174215/seediv_atcnet_seed44_ea_forward_cw.pth
attack_seediv_atcnet_seed44_rpcf_at_autoattack,attack,seediv,atcnet,44,rpcf_at,autoattack,0,45564.15645694733,1,128,32,64,128,completed,True,ad_data/exp031/exp031_full_20260729_174215/seediv_atcnet_seed44_rpcf_at_autoattack.pth
attack_seediv_atcnet_seed44_rpcf_at_fgsm,attack,seediv,atcnet,44,rpcf_at,fgsm,0,42.01429605484009,6,128,32,64,128,completed,True,ad_data/exp031/exp031_full_20260729_174215/seediv_atcnet_seed44_rpcf_at_fgsm.pth
attack_seediv_atcnet_seed44_rpcf_at_pgd,attack,seediv,atcnet,44,rpcf_at,pgd,0,2763.0793766975403,6,128,32,64,128,completed,True,ad_data/exp031/exp031_full_20260729_174215/seediv_atcnet_seed44_rpcf_at_pgd.pth
attack_seediv_atcnet_seed44_rpcf_at_cw,attack,seediv,atcnet,44,rpcf_at,cw,0,1124.63898563385,6,128,32,64,128,completed,True,ad_data/exp031/exp031_full_20260729_174215/seediv_atcnet_seed44_rpcf_at_cw.pth
attack_seediv_atcnet_seed45_madry_autoattack,attack,seediv,atcnet,45,madry,autoattack,0,48579.823322057724,0,128,32,64,128,completed,True,ad_data/exp031/exp031_full_20260729_174215/seediv_atcnet_seed45_madry_autoattack.pth
attack_seediv_atcnet_seed45_madry_fgsm,attack,seediv,atcnet,45,madry,fgsm,0,42.01612448692322,5,128,32,64,128,completed,True,ad_data/exp031/exp031_full_20260729_174215/seediv_atcnet_seed45_madry_fgsm.pth
attack_seediv_atcnet_seed45_madry_pgd,attack,seediv,atcnet,45,madry,pgd,0,2703.091091632843,5,128,32,64,128,completed,True,ad_data/exp031/exp031_full_20260729_174215/seediv_atcnet_seed45_madry_pgd.pth
attack_seediv_atcnet_seed45_madry_cw,attack,seediv,atcnet,45,madry,cw,0,1088.371164560318,6,128,32,64,128,completed,True,ad_data/exp031/exp031_full_20260729_174215/seediv_atcnet_seed45_madry_cw.pth
attack_seediv_atcnet_seed45_trades_autoattack,attack,seediv,atcnet,45,trades,autoattack,0,8026.571245193481,6,128,32,64,128,completed,True,ad_data/exp031/exp031_full_20260729_174215/seediv_atcnet_seed45_trades_autoattack.pth
attack_seediv_atcnet_seed45_trades_fgsm,attack,seediv,atcnet,45,trades,fgsm,0,42.02441644668579,5,128,32,64,128,completed,True,ad_data/exp031/exp031_full_20260729_174215/seediv_atcnet_seed45_trades_fgsm.pth
attack_seediv_atcnet_seed45_trades_pgd,attack,seediv,atcnet,45,trades,pgd,0,2703.426525115967,5,128,32,64,128,completed,True,ad_data/exp031/exp031_full_20260729_174215/seediv_atcnet_seed45_trades_pgd.pth
attack_seediv_atcnet_seed45_trades_cw,attack,seediv,atcnet,45,trades,cw,0,1380.6816911697388,5,128,32,64,128,completed,True,ad_data/exp031/exp031_full_20260729_174215/seediv_atcnet_seed45_trades_cw.pth
attack_seediv_atcnet_seed45_fbf_autoattack,attack,seediv,atcnet,45,fbf,autoattack,0,13004.653749465942,5,128,32,64,128,completed,True,ad_data/exp031/exp031_full_20260729_174215/seediv_atcnet_seed45_fbf_autoattack.pth
attack_seediv_atcnet_seed45_fbf_fgsm,attack,seediv,atcnet,45,fbf,fgsm,0,74.04698944091797,4,128,32,64,128,completed,True,ad_data/exp031/exp031_full_20260729_174215/seediv_atcnet_seed45_fbf_fgsm.pth
attack_seediv_atcnet_seed45_fbf_pgd,attack,seediv,atcnet,45,fbf,pgd,0,2685.37602519989,4,128,32,64,128,completed,True,ad_data/exp031/exp031_full_20260729_174215/seediv_atcnet_seed45_fbf_pgd.pth
attack_seediv_atcnet_seed45_fbf_cw,attack,seediv,atcnet,45,fbf,cw,0,1318.597467660904,4,128,32,64,128,completed,True,ad_data/exp031/exp031_full_20260729_174215/seediv_atcnet_seed45_fbf_cw.pth
attack_seediv_atcnet_seed45_ea_forward_autoattack,attack,seediv,atcnet,45,ea_forward,autoattack,0,24129.06949543953,6,128,32,64,128,completed,True,ad_data/exp031/exp031_full_20260729_174215/seediv_atcnet_seed45_ea_forward_autoattack.pth
attack_seediv_atcnet_seed45_ea_forward_fgsm,attack,seediv,atcnet,45,ea_forward,fgsm,0,140.05196118354797,4,128,32,64,128,completed,True,ad_data/exp031/exp031_full_20260729_174215/seediv_atcnet_seed45_ea_forward_fgsm.pth
attack_seediv_atcnet_seed45_ea_forward_pgd,attack,seediv,atcnet,45,ea_forward,pgd,0,2859.0796909332275,4,128,32,64,128,completed,True,ad_data/exp031/exp031_full_20260729_174215/seediv_atcnet_seed45_ea_forward_pgd.pth
attack_seediv_atcnet_seed45_ea_forward_cw,attack,seediv,atcnet,45,ea_forward,cw,0,1432.856567144394,4,128,32,64,128,completed,True,ad_data/exp031/exp031_full_20260729_174215/seediv_atcnet_seed45_ea_forward_cw.pth
attack_seediv_atcnet_seed45_rpcf_at_autoattack,attack,seediv,atcnet,45,rpcf_at,autoattack,0,50279.92639327049,3,128,32,64,128,completed,True,ad_data/exp031/exp031_full_20260729_174215/seediv_atcnet_seed45_rpcf_at_autoattack.pth
attack_seediv_atcnet_seed45_rpcf_at_fgsm,attack,seediv,atcnet,45,rpcf_at,fgsm,0,46.02062392234802,2,128,32,64,128,completed,True,ad_data/exp031/exp031_full_20260729_174215/seediv_atcnet_seed45_rpcf_at_fgsm.pth
attack_seediv_atcnet_seed45_rpcf_at_pgd,attack,seediv,atcnet,45,rpcf_at,pgd,0,2715.283103466034,2,128,32,64,128,completed,True,ad_data/exp031/exp031_full_20260729_174215/seediv_atcnet_seed45_rpcf_at_pgd.pth
attack_seediv_atcnet_seed45_rpcf_at_cw,attack,seediv,atcnet,45,rpcf_at,cw,0,972.4109392166138,4,128,32,64,128,completed,True,ad_data/exp031/exp031_full_20260729_174215/seediv_atcnet_seed45_rpcf_at_cw.pth
attack_seediv_atcnet_seed46_madry_autoattack,attack,seediv,atcnet,46,madry,autoattack,0,52448.638879060745,4,128,32,64,128,completed,True,ad_data/exp031/exp031_full_20260729_174215/seediv_atcnet_seed46_madry_autoattack.pth
attack_seediv_atcnet_seed46_madry_fgsm,attack,seediv,atcnet,46,madry,fgsm,0,76.03313302993774,2,128,32,64,128,completed,True,ad_data/exp031/exp031_full_20260729_174215/seediv_atcnet_seed46_madry_fgsm.pth
attack_seediv_atcnet_seed46_madry_pgd,attack,seediv,atcnet,46,madry,pgd,0,2709.1143407821655,2,128,32,64,128,completed,True,ad_data/exp031/exp031_full_20260729_174215/seediv_atcnet_seed46_madry_pgd.pth
attack_seediv_atcnet_seed46_madry_cw,attack,seediv,atcnet,46,madry,cw,0,1034.464112520218,5,128,32,64,128,completed,True,ad_data/exp031/exp031_full_20260729_174215/seediv_atcnet_seed46_madry_cw.pth
attack_seediv_atcnet_seed46_trades_autoattack,attack,seediv,atcnet,46,trades,autoattack,0,8787.640882730484,2,128,32,64,128,completed,True,ad_data/exp031/exp031_full_20260729_174215/seediv_atcnet_seed46_trades_autoattack.pth
attack_seediv_atcnet_seed46_trades_fgsm,attack,seediv,atcnet,46,trades,fgsm,0,72.04257440567017,5,128,32,64,128,completed,True,ad_data/exp031/exp031_full_20260729_174215/seediv_atcnet_seed46_trades_fgsm.pth
attack_seediv_atcnet_seed46_trades_pgd,attack,seediv,atcnet,46,trades,pgd,0,2718.7681794166565,5,128,32,64,128,completed,True,ad_data/exp031/exp031_full_20260729_174215/seediv_atcnet_seed46_trades_pgd.pth
attack_seediv_atcnet_seed46_trades_cw,attack,seediv,atcnet,46,trades,cw,0,1320.4523248672485,5,128,32,64,128,completed,True,ad_data/exp031/exp031_full_20260729_174215/seediv_atcnet_seed46_trades_cw.pth
attack_seediv_atcnet_seed46_fbf_autoattack,attack,seediv,atcnet,46,fbf,autoattack,0,13832.515114545822,5,128,32,64,128,completed,True,ad_data/exp031/exp031_full_20260729_174215/seediv_atcnet_seed46_fbf_autoattack.pth
attack_seediv_atcnet_seed46_fbf_fgsm,attack,seediv,atcnet,46,fbf,fgsm,0,44.017210960388184,2,128,32,64,128,completed,True,ad_data/exp031/exp031_full_20260729_174215/seediv_atcnet_seed46_fbf_fgsm.pth
attack_seediv_atcnet_seed46_fbf_pgd,attack,seediv,atcnet,46,fbf,pgd,0,2715.122210264206,2,128,32,64,128,completed,True,ad_data/exp031/exp031_full_20260729_174215/seediv_atcnet_seed46_fbf_pgd.pth
attack_seediv_atcnet_seed46_fbf_cw,attack,seediv,atcnet,46,fbf,cw,0,1164.4601497650146,2,128,32,64,128,completed,True,ad_data/exp031/exp031_full_20260729_174215/seediv_atcnet_seed46_fbf_cw.pth
attack_seediv_atcnet_seed46_ea_forward_autoattack,attack,seediv,atcnet,46,ea_forward,autoattack,0,28169.72048354149,2,128,32,64,128,completed,True,ad_data/exp031/exp031_full_20260729_174215/seediv_atcnet_seed46_ea_forward_autoattack.pth
attack_seediv_atcnet_seed46_ea_forward_fgsm,attack,seediv,atcnet,46,ea_forward,fgsm,0,166.0927655696869,6,128,32,64,128,completed,True,ad_data/exp031/exp031_full_20260729_174215/seediv_atcnet_seed46_ea_forward_fgsm.pth
attack_seediv_atcnet_seed46_ea_forward_pgd,attack,seediv,atcnet,46,ea_forward,pgd,0,2909.144980430603,6,128,32,64,128,completed,True,ad_data/exp031/exp031_full_20260729_174215/seediv_atcnet_seed46_ea_forward_pgd.pth
attack_seediv_atcnet_seed46_ea_forward_cw,attack,seediv,atcnet,46,ea_forward,cw,0,1328.539704322815,6,128,32,64,128,completed,True,ad_data/exp031/exp031_full_20260729_174215/seediv_atcnet_seed46_ea_forward_cw.pth
attack_seediv_atcnet_seed46_rpcf_at_autoattack,attack,seediv,atcnet,46,rpcf_at,autoattack,0,58234.19577097893,6,128,32,64,128,completed,True,ad_data/exp031/exp031_full_20260729_174215/seediv_atcnet_seed46_rpcf_at_autoattack.pth
attack_seediv_atcnet_seed46_rpcf_at_fgsm,attack,seediv,atcnet,46,rpcf_at,fgsm,0,40.01941919326782,5,128,32,64,128,completed,True,ad_data/exp031/exp031_full_20260729_174215/seediv_atcnet_seed46_rpcf_at_fgsm.pth
attack_seediv_atcnet_seed46_rpcf_at_pgd,attack,seediv,atcnet,46,rpcf_at,pgd,0,2697.158580303192,5,128,32,64,128,completed,True,ad_data/exp031/exp031_full_20260729_174215/seediv_atcnet_seed46_rpcf_at_pgd.pth
attack_seediv_atcnet_seed46_rpcf_at_cw,attack,seediv,atcnet,46,rpcf_at,cw,0,1026.5969514846802,1,128,32,64,128,completed,True,ad_data/exp031/exp031_full_20260729_174215/seediv_atcnet_seed46_rpcf_at_cw.pth
attack_seediv_conformer_seed42_madry_autoattack,attack,seediv,conformer,42,madry,autoattack,0,7121.733006000519,5,128,32,32,64,completed,True,ad_data/exp031/exp031_full_20260729_174215/seediv_conformer_seed42_madry_autoattack.pth
attack_seediv_conformer_seed42_madry_fgsm,attack,seediv,conformer,42,madry,fgsm,0,62.0381498336792,1,128,32,32,64,completed,True,ad_data/exp031/exp031_full_20260729_174215/seediv_conformer_seed42_madry_fgsm.pth
attack_seediv_conformer_seed42_madry_pgd,attack,seediv,conformer,42,madry,pgd,0,784.4618108272552,1,128,32,32,64,completed,True,ad_data/exp031/exp031_full_20260729_174215/seediv_conformer_seed42_madry_pgd.pth
attack_seediv_conformer_seed42_madry_cw,attack,seediv,conformer,42,madry,cw,0,464.2611291408539,1,128,32,32,64,completed,True,ad_data/exp031/exp031_full_20260729_174215/seediv_conformer_seed42_madry_cw.pth
attack_seediv_conformer_seed42_trades_autoattack,attack,seediv,conformer,42,trades,autoattack,0,214.13618564605713,1,128,32,32,64,completed,True,ad_data/exp031/exp031_full_20260729_174215/seediv_conformer_seed42_trades_autoattack.pth
attack_seediv_conformer_seed42_trades_fgsm,attack,seediv,conformer,42,trades,fgsm,0,110.09103345870972,1,128,32,32,64,completed,True,ad_data/exp031/exp031_full_20260729_174215/seediv_conformer_seed42_trades_fgsm.pth
attack_seediv_conformer_seed42_trades_pgd,attack,seediv,conformer,42,trades,pgd,0,766.4761343002319,1,128,32,32,64,completed,True,ad_data/exp031/exp031_full_20260729_174215/seediv_conformer_seed42_trades_pgd.pth
attack_seediv_conformer_seed42_trades_cw,attack,seediv,conformer,42,trades,cw,0,466.2457466125488,1,128,32,32,64,completed,True,ad_data/exp031/exp031_full_20260729_174215/seediv_conformer_seed42_trades_cw.pth
attack_seediv_conformer_seed42_fbf_autoattack,attack,seediv,conformer,42,fbf,autoattack,0,3911.1500782966614,1,128,32,32,64,completed,True,ad_data/exp031/exp031_full_20260729_174215/seediv_conformer_seed42_fbf_autoattack.pth
attack_seediv_conformer_seed42_fbf_fgsm,attack,seediv,conformer,42,fbf,fgsm,0,102.11562943458557,0,128,32,32,64,completed,True,ad_data/exp031/exp031_full_20260729_174215/seediv_conformer_seed42_fbf_fgsm.pth
attack_seediv_conformer_seed42_fbf_pgd,attack,seediv,conformer,42,fbf,pgd,0,794.7541432380676,0,128,32,32,64,completed,True,ad_data/exp031/exp031_full_20260729_174215/seediv_conformer_seed42_fbf_pgd.pth
attack_seediv_conformer_seed42_fbf_cw,attack,seediv,conformer,42,fbf,cw,0,438.29583048820496,5,128,32,32,64,completed,True,ad_data/exp031/exp031_full_20260729_174215/seediv_conformer_seed42_fbf_cw.pth
attack_seediv_conformer_seed42_ea_forward_autoattack,attack,seediv,conformer,42,ea_forward,autoattack,0,7508.492720365524,1,128,32,32,64,completed,True,ad_data/exp031/exp031_full_20260729_174215/seediv_conformer_seed42_ea_forward_autoattack.pth
attack_seediv_conformer_seed42_ea_forward_fgsm,attack,seediv,conformer,42,ea_forward,fgsm,0,140.0496437549591,5,128,32,32,64,completed,True,ad_data/exp031/exp031_full_20260729_174215/seediv_conformer_seed42_ea_forward_fgsm.pth
attack_seediv_conformer_seed42_ea_forward_pgd,attack,seediv,conformer,42,ea_forward,pgd,0,1120.7777988910675,5,128,32,32,64,completed,True,ad_data/exp031/exp031_full_20260729_174215/seediv_conformer_seed42_ea_forward_pgd.pth
attack_seediv_conformer_seed42_ea_forward_cw,attack,seediv,conformer,42,ea_forward,cw,0,600.2554681301117,0,128,32,32,64,completed,True,ad_data/exp031/exp031_full_20260729_174215/seediv_conformer_seed42_ea_forward_cw.pth
attack_seediv_conformer_seed42_rpcf_at_autoattack,attack,seediv,conformer,42,rpcf_at,autoattack,0,10932.38400220871,0,128,32,32,64,completed,True,ad_data/exp031/exp031_full_20260729_174215/seediv_conformer_seed42_rpcf_at_autoattack.pth
attack_seediv_conformer_seed42_rpcf_at_fgsm,attack,seediv,conformer,42,rpcf_at,fgsm,0,140.13998293876648,5,128,32,32,64,completed,True,ad_data/exp031/exp031_full_20260729_174215/seediv_conformer_seed42_rpcf_at_fgsm.pth
attack_seediv_conformer_seed42_rpcf_at_pgd,attack,seediv,conformer,42,rpcf_at,pgd,0,800.452232837677,5,128,32,32,64,completed,True,ad_data/exp031/exp031_full_20260729_174215/seediv_conformer_seed42_rpcf_at_pgd.pth
attack_seediv_conformer_seed42_rpcf_at_cw,attack,seediv,conformer,42,rpcf_at,cw,0,596.2798779010773,5,128,32,32,64,completed,True,ad_data/exp031/exp031_full_20260729_174215/seediv_conformer_seed42_rpcf_at_cw.pth
attack_seediv_conformer_seed43_madry_autoattack,attack,seediv,conformer,43,madry,autoattack,0,11689.839438915253,5,128,32,32,64,completed,True,ad_data/exp031/exp031_full_20260729_174215/seediv_conformer_seed43_madry_autoattack.pth
attack_seediv_conformer_seed43_madry_fgsm,attack,seediv,conformer,43,madry,fgsm,0,126.09912037849426,1,128,32,32,64,completed,True,ad_data/exp031/exp031_full_20260729_174215/seediv_conformer_seed43_madry_fgsm.pth
attack_seediv_conformer_seed43_madry_pgd,attack,seediv,conformer,43,madry,pgd,0,840.6407115459442,1,128,32,32,64,completed,True,ad_data/exp031/exp031_full_20260729_174215/seediv_conformer_seed43_madry_pgd.pth
attack_seediv_conformer_seed43_madry_cw,attack,seediv,conformer,43,madry,cw,0,554.4108114242554,1,128,32,32,64,completed,True,ad_data/exp031/exp031_full_20260729_174215/seediv_conformer_seed43_madry_cw.pth
attack_seediv_conformer_seed43_trades_autoattack,attack,seediv,conformer,43,trades,autoattack,0,214.19278168678284,1,128,32,32,64,completed,True,ad_data/exp031/exp031_full_20260729_174215/seediv_conformer_seed43_trades_autoattack.pth
attack_seediv_conformer_seed43_trades_fgsm,attack,seediv,conformer,43,trades,fgsm,0,248.3521854877472,1,128,32,32,64,completed,True,ad_data/exp031/exp031_full_20260729_174215/seediv_conformer_seed43_trades_fgsm.pth
attack_seediv_conformer_seed43_trades_pgd,attack,seediv,conformer,43,trades,pgd,0,862.7375319004059,1,128,32,32,64,completed,True,ad_data/exp031/exp031_full_20260729_174215/seediv_conformer_seed43_trades_pgd.pth
attack_seediv_conformer_seed43_trades_cw,attack,seediv,conformer,43,trades,cw,0,416.27788257598877,1,128,32,32,64,completed,True,ad_data/exp031/exp031_full_20260729_174215/seediv_conformer_seed43_trades_cw.pth
attack_seediv_conformer_seed43_fbf_autoattack,attack,seediv,conformer,43,fbf,autoattack,0,5281.481786489487,1,128,32,32,64,completed,True,ad_data/exp031/exp031_full_20260729_174215/seediv_conformer_seed43_fbf_autoattack.pth
attack_seediv_conformer_seed43_fbf_fgsm,attack,seediv,conformer,43,fbf,fgsm,0,60.03900504112244,0,128,32,32,64,completed,True,ad_data/exp031/exp031_full_20260729_174215/seediv_conformer_seed43_fbf_fgsm.pth
attack_seediv_conformer_seed43_fbf_pgd,attack,seediv,conformer,43,fbf,pgd,0,754.745641708374,0,128,32,32,64,completed,True,ad_data/exp031/exp031_full_20260729_174215/seediv_conformer_seed43_fbf_pgd.pth
attack_seediv_conformer_seed43_fbf_cw,attack,seediv,conformer,43,fbf,cw,0,592.4380643367767,2,128,32,32,64,completed,True,ad_data/exp031/exp031_full_20260729_174215/seediv_conformer_seed43_fbf_cw.pth
attack_seediv_conformer_seed43_ea_forward_autoattack,attack,seediv,conformer,43,ea_forward,autoattack,0,6131.662449121475,2,128,32,32,64,completed,True,ad_data/exp031/exp031_full_20260729_174215/seediv_conformer_seed43_ea_forward_autoattack.pth
attack_seediv_conformer_seed43_ea_forward_fgsm,attack,seediv,conformer,43,ea_forward,fgsm,0,212.24108290672302,0,128,32,32,64,completed,True,ad_data/exp031/exp031_full_20260729_174215/seediv_conformer_seed43_ea_forward_fgsm.pth
attack_seediv_conformer_seed43_ea_forward_pgd,attack,seediv,conformer,43,ea_forward,pgd,0,1301.1042997837067,0,128,32,32,64,completed,True,ad_data/exp031/exp031_full_20260729_174215/seediv_conformer_seed43_ea_forward_pgd.pth
attack_seediv_conformer_seed43_ea_forward_cw,attack,seediv,conformer,43,ea_forward,cw,0,564.5939674377441,0,128,32,32,64,completed,True,ad_data/exp031/exp031_full_20260729_174215/seediv_conformer_seed43_ea_forward_cw.pth
attack_seediv_conformer_seed43_rpcf_at_autoattack,attack,seediv,conformer,43,rpcf_at,autoattack,0,17888.76007437706,5,128,32,32,64,completed,True,ad_data/exp031/exp031_full_20260729_174215/seediv_conformer_seed43_rpcf_at_autoattack.pth
attack_seediv_conformer_seed43_rpcf_at_fgsm,attack,seediv,conformer,43,rpcf_at,fgsm,0,166.08258652687073,0,128,32,32,64,completed,True,ad_data/exp031/exp031_full_20260729_174215/seediv_conformer_seed43_rpcf_at_fgsm.pth
attack_seediv_conformer_seed43_rpcf_at_pgd,attack,seediv,conformer,43,rpcf_at,pgd,0,960.6724174022675,0,128,32,32,64,completed,True,ad_data/exp031/exp031_full_20260729_174215/seediv_conformer_seed43_rpcf_at_pgd.pth
attack_seediv_conformer_seed43_rpcf_at_cw,attack,seediv,conformer,43,rpcf_at,cw,0,814.8121366500854,3,128,32,32,64,completed,True,ad_data/exp031/exp031_full_20260729_174215/seediv_conformer_seed43_rpcf_at_cw.pth
attack_seediv_conformer_seed44_madry_autoattack,attack,seediv,conformer,44,madry,autoattack,0,18126.046362876892,0,128,32,32,64,completed,True,ad_data/exp031/exp031_full_20260729_174215/seediv_conformer_seed44_madry_autoattack.pth
attack_seediv_conformer_seed44_madry_fgsm,attack,seediv,conformer,44,madry,fgsm,0,228.12680840492249,1,128,32,32,64,completed,True,ad_data/exp031/exp031_full_20260729_174215/seediv_conformer_seed44_madry_fgsm.pth
attack_seediv_conformer_seed44_madry_pgd,attack,seediv,conformer,44,madry,pgd,0,960.5587339401245,1,128,32,32,64,completed,True,ad_data/exp031/exp031_full_20260729_174215/seediv_conformer_seed44_madry_pgd.pth
attack_seediv_conformer_seed44_madry_cw,attack,seediv,conformer,44,madry,cw,0,688.3832352161407,3,128,32,32,64,completed,True,ad_data/exp031/exp031_full_20260729_174215/seediv_conformer_seed44_madry_cw.pth
attack_seediv_conformer_seed44_trades_autoattack,attack,seediv,conformer,44,trades,autoattack,0,684.5125012397766,1,128,32,32,64,completed,True,ad_data/exp031/exp031_full_20260729_174215/seediv_conformer_seed44_trades_autoattack.pth
attack_seediv_conformer_seed44_trades_fgsm,attack,seediv,conformer,44,trades,fgsm,0,328.1651496887207,3,128,32,32,64,completed,True,ad_data/exp031/exp031_full_20260729_174215/seediv_conformer_seed44_trades_fgsm.pth
attack_seediv_conformer_seed44_trades_pgd,attack,seediv,conformer,44,trades,pgd,0,1080.7096474170685,3,128,32,32,64,completed,True,ad_data/exp031/exp031_full_20260729_174215/seediv_conformer_seed44_trades_pgd.pth
attack_seediv_conformer_seed44_trades_cw,attack,seediv,conformer,44,trades,cw,0,688.3527975082397,1,128,32,32,64,completed,True,ad_data/exp031/exp031_full_20260729_174215/seediv_conformer_seed44_trades_cw.pth
attack_seediv_conformer_seed44_fbf_autoattack,attack,seediv,conformer,44,fbf,autoattack,0,9656.891114711761,1,128,32,32,64,completed,True,ad_data/exp031/exp031_full_20260729_174215/seediv_conformer_seed44_fbf_autoattack.pth
attack_seediv_conformer_seed44_fbf_fgsm,attack,seediv,conformer,44,fbf,fgsm,0,224.25071454048157,3,128,32,32,64,completed,True,ad_data/exp031/exp031_full_20260729_174215/seediv_conformer_seed44_fbf_fgsm.pth
attack_seediv_conformer_seed44_fbf_pgd,attack,seediv,conformer,44,fbf,pgd,0,846.8632502555847,2,128,32,32,64,completed,True,ad_data/exp031/exp031_full_20260729_174215/seediv_conformer_seed44_fbf_pgd.pth
attack_seediv_conformer_seed44_fbf_cw,attack,seediv,conformer,44,fbf,cw,0,520.4108309745789,3,128,32,32,64,completed,True,ad_data/exp031/exp031_full_20260729_174215/seediv_conformer_seed44_fbf_cw.pth
attack_seediv_conformer_seed44_ea_forward_autoattack,attack,seediv,conformer,44,ea_forward,autoattack,0,11535.678108930588,3,128,32,32,64,completed,True,ad_data/exp031/exp031_full_20260729_174215/seediv_conformer_seed44_ea_forward_autoattack.pth
attack_seediv_conformer_seed44_ea_forward_fgsm,attack,seediv,conformer,44,ea_forward,fgsm,0,224.10247611999512,2,128,32,32,64,completed,True,ad_data/exp031/exp031_full_20260729_174215/seediv_conformer_seed44_ea_forward_fgsm.pth
attack_seediv_conformer_seed44_ea_forward_pgd,attack,seediv,conformer,44,ea_forward,pgd,0,1174.9613361358643,2,128,32,32,64,completed,True,ad_data/exp031/exp031_full_20260729_174215/seediv_conformer_seed44_ea_forward_pgd.pth
attack_seediv_conformer_seed44_ea_forward_cw,attack,seediv,conformer,44,ea_forward,cw,0,448.2268261909485,4,128,32,32,64,completed,True,ad_data/exp031/exp031_full_20260729_174215/seediv_conformer_seed44_ea_forward_cw.pth
attack_seediv_conformer_seed44_rpcf_at_autoattack,attack,seediv,conformer,44,rpcf_at,autoattack,0,18440.50215291977,4,128,32,32,64,completed,True,ad_data/exp031/exp031_full_20260729_174215/seediv_conformer_seed44_rpcf_at_autoattack.pth
attack_seediv_conformer_seed44_rpcf_at_fgsm,attack,seediv,conformer,44,rpcf_at,fgsm,0,356.42507553100586,2,128,32,32,64,completed,True,ad_data/exp031/exp031_full_20260729_174215/seediv_conformer_seed44_rpcf_at_fgsm.pth
attack_seediv_conformer_seed44_rpcf_at_pgd,attack,seediv,conformer,44,rpcf_at,pgd,0,1131.2793080806732,2,128,32,32,64,completed,True,ad_data/exp031/exp031_full_20260729_174215/seediv_conformer_seed44_rpcf_at_pgd.pth
attack_seediv_conformer_seed44_rpcf_at_cw,attack,seediv,conformer,44,rpcf_at,cw,0,910.9050941467285,2,128,32,32,64,completed,True,ad_data/exp031/exp031_full_20260729_174215/seediv_conformer_seed44_rpcf_at_cw.pth
attack_seediv_conformer_seed45_madry_autoattack,attack,seediv,conformer,45,madry,autoattack,0,18608.307480573654,2,128,32,32,64,completed,True,ad_data/exp031/exp031_full_20260729_174215/seediv_conformer_seed45_madry_autoattack.pth
attack_seediv_conformer_seed45_madry_fgsm,attack,seediv,conformer,45,madry,fgsm,0,364.3004307746887,1,128,32,32,64,completed,True,ad_data/exp031/exp031_full_20260729_174215/seediv_conformer_seed45_madry_fgsm.pth
attack_seediv_conformer_seed45_madry_pgd,attack,seediv,conformer,45,madry,pgd,0,992.9475648403168,1,128,32,32,64,completed,True,ad_data/exp031/exp031_full_20260729_174215/seediv_conformer_seed45_madry_pgd.pth
attack_seediv_conformer_seed45_madry_cw,attack,seediv,conformer,45,madry,cw,0,993.5661387443542,1,128,32,32,64,completed,True,ad_data/exp031/exp031_full_20260729_174215/seediv_conformer_seed45_madry_cw.pth
attack_seediv_conformer_seed45_trades_autoattack,attack,seediv,conformer,45,trades,autoattack,0,629.1995694637299,1,128,32,32,64,completed,True,ad_data/exp031/exp031_full_20260729_174215/seediv_conformer_seed45_trades_autoattack.pth
attack_seediv_conformer_seed45_trades_fgsm,attack,seediv,conformer,45,trades,fgsm,0,180.27063012123108,3,128,32,32,64,completed,True,ad_data/exp031/exp031_full_20260729_174215/seediv_conformer_seed45_trades_fgsm.pth
attack_seediv_conformer_seed45_trades_pgd,attack,seediv,conformer,45,trades,pgd,0,879.3372027873993,3,128,32,32,64,completed,True,ad_data/exp031/exp031_full_20260729_174215/seediv_conformer_seed45_trades_pgd.pth
attack_seediv_conformer_seed45_trades_cw,attack,seediv,conformer,45,trades,cw,0,644.7094495296478,1,128,32,32,64,completed,True,ad_data/exp031/exp031_full_20260729_174215/seediv_conformer_seed45_trades_cw.pth
attack_seediv_conformer_seed45_fbf_autoattack,attack,seediv,conformer,45,fbf,autoattack,0,9388.043590307236,1,128,32,32,64,completed,True,ad_data/exp031/exp031_full_20260729_174215/seediv_conformer_seed45_fbf_autoattack.pth
attack_seediv_conformer_seed45_fbf_fgsm,attack,seediv,conformer,45,fbf,fgsm,0,138.21941995620728,3,128,32,32,64,completed,True,ad_data/exp031/exp031_full_20260729_174215/seediv_conformer_seed45_fbf_fgsm.pth
attack_seediv_conformer_seed45_fbf_pgd,attack,seediv,conformer,45,fbf,pgd,0,873.1367003917694,3,128,32,32,64,completed,True,ad_data/exp031/exp031_full_20260729_174215/seediv_conformer_seed45_fbf_pgd.pth
attack_seediv_conformer_seed45_fbf_cw,attack,seediv,conformer,45,fbf,cw,0,702.9734497070312,5,128,32,32,64,completed,True,ad_data/exp031/exp031_full_20260729_174215/seediv_conformer_seed45_fbf_cw.pth
attack_seediv_conformer_seed45_ea_forward_autoattack,attack,seediv,conformer,45,ea_forward,autoattack,0,9177.846387386322,3,128,32,32,64,completed,True,ad_data/exp031/exp031_full_20260729_174215/seediv_conformer_seed45_ea_forward_autoattack.pth
attack_seediv_conformer_seed45_ea_forward_fgsm,attack,seediv,conformer,45,ea_forward,fgsm,0,210.30821704864502,5,128,32,32,64,completed,True,ad_data/exp031/exp031_full_20260729_174215/seediv_conformer_seed45_ea_forward_fgsm.pth
attack_seediv_conformer_seed45_ea_forward_pgd,attack,seediv,conformer,45,ea_forward,pgd,0,1137.5959928035736,5,128,32,32,64,completed,True,ad_data/exp031/exp031_full_20260729_174215/seediv_conformer_seed45_ea_forward_pgd.pth
attack_seediv_conformer_seed45_ea_forward_cw,attack,seediv,conformer,45,ea_forward,cw,0,596.9110217094421,0,128,32,32,64,completed,True,ad_data/exp031/exp031_full_20260729_174215/seediv_conformer_seed45_ea_forward_cw.pth
attack_seediv_conformer_seed45_rpcf_at_autoattack,attack,seediv,conformer,45,rpcf_at,autoattack,0,19498.878834724426,5,128,32,32,64,completed,True,ad_data/exp031/exp031_full_20260729_174215/seediv_conformer_seed45_rpcf_at_autoattack.pth
attack_seediv_conformer_seed45_rpcf_at_fgsm,attack,seediv,conformer,45,rpcf_at,fgsm,0,314.5178654193878,0,128,32,32,64,completed,True,ad_data/exp031/exp031_full_20260729_174215/seediv_conformer_seed45_rpcf_at_fgsm.pth
attack_seediv_conformer_seed45_rpcf_at_pgd,attack,seediv,conformer,45,rpcf_at,pgd,0,1015.1372489929199,0,128,32,32,64,completed,True,ad_data/exp031/exp031_full_20260729_174215/seediv_conformer_seed45_rpcf_at_pgd.pth
attack_seediv_conformer_seed45_rpcf_at_cw,attack,seediv,conformer,45,rpcf_at,cw,0,764.6820824146271,0,128,32,32,64,completed,True,ad_data/exp031/exp031_full_20260729_174215/seediv_conformer_seed45_rpcf_at_cw.pth
attack_seediv_conformer_seed46_madry_autoattack,attack,seediv,conformer,46,madry,autoattack,0,21782.168812274933,0,128,32,32,64,completed,True,ad_data/exp031/exp031_full_20260729_174215/seediv_conformer_seed46_madry_autoattack.pth
attack_seediv_conformer_seed46_madry_fgsm,attack,seediv,conformer,46,madry,fgsm,0,342.5249562263489,4,128,32,32,64,completed,True,ad_data/exp031/exp031_full_20260729_174215/seediv_conformer_seed46_madry_fgsm.pth
attack_seediv_conformer_seed46_madry_pgd,attack,seediv,conformer,46,madry,pgd,0,1199.7226858139038,4,128,32,32,64,completed,True,ad_data/exp031/exp031_full_20260729_174215/seediv_conformer_seed46_madry_pgd.pth
attack_seediv_conformer_seed46_madry_cw,attack,seediv,conformer,46,madry,cw,0,1007.5670008659363,4,128,32,32,64,completed,True,ad_data/exp031/exp031_full_20260729_174215/seediv_conformer_seed46_madry_cw.pth
attack_seediv_conformer_seed46_trades_autoattack,attack,seediv,conformer,46,trades,autoattack,0,561.0051357746124,1,128,32,32,64,completed,True,ad_data/exp031/exp031_full_20260729_174215/seediv_conformer_seed46_trades_autoattack.pth
attack_seediv_conformer_seed46_trades_fgsm,attack,seediv,conformer,46,trades,fgsm,0,324.45013523101807,4,128,32,32,64,completed,True,ad_data/exp031/exp031_full_20260729_174215/seediv_conformer_seed46_trades_fgsm.pth
attack_seediv_conformer_seed46_trades_pgd,attack,seediv,conformer,46,trades,pgd,0,1031.7173702716827,4,128,32,32,64,completed,True,ad_data/exp031/exp031_full_20260729_174215/seediv_conformer_seed46_trades_pgd.pth
attack_seediv_conformer_seed46_trades_cw,attack,seediv,conformer,46,trades,cw,0,637.0798087120056,1,128,32,32,64,completed,True,ad_data/exp031/exp031_full_20260729_174215/seediv_conformer_seed46_trades_cw.pth
attack_seediv_conformer_seed46_fbf_autoattack,attack,seediv,conformer,46,fbf,autoattack,0,10711.642350912094,2,128,32,32,64,completed,True,ad_data/exp031/exp031_full_20260729_174215/seediv_conformer_seed46_fbf_autoattack.pth
attack_seediv_conformer_seed46_fbf_fgsm,attack,seediv,conformer,46,fbf,fgsm,0,114.12214612960815,3,128,32,32,64,completed,True,ad_data/exp031/exp031_full_20260729_174215/seediv_conformer_seed46_fbf_fgsm.pth
attack_seediv_conformer_seed46_fbf_pgd,attack,seediv,conformer,46,fbf,pgd,0,857.1385183334351,3,128,32,32,64,completed,True,ad_data/exp031/exp031_full_20260729_174215/seediv_conformer_seed46_fbf_pgd.pth
attack_seediv_conformer_seed46_fbf_cw,attack,seediv,conformer,46,fbf,cw,0,674.746034860611,1,128,32,32,64,completed,True,ad_data/exp031/exp031_full_20260729_174215/seediv_conformer_seed46_fbf_cw.pth
attack_seediv_conformer_seed46_ea_forward_autoattack,attack,seediv,conformer,46,ea_forward,autoattack,0,7541.994117736816,4,128,32,32,64,completed,True,ad_data/exp031/exp031_full_20260729_174215/seediv_conformer_seed46_ea_forward_autoattack.pth
attack_seediv_conformer_seed46_ea_forward_fgsm,attack,seediv,conformer,46,ea_forward,fgsm,0,380.6390326023102,1,128,32,32,64,completed,True,ad_data/exp031/exp031_full_20260729_174215/seediv_conformer_seed46_ea_forward_fgsm.pth
attack_seediv_conformer_seed46_ea_forward_pgd,attack,seediv,conformer,46,ea_forward,pgd,0,1724.6710920333862,3,128,32,32,64,completed,True,ad_data/exp031/exp031_full_20260729_174215/seediv_conformer_seed46_ea_forward_pgd.pth
attack_seediv_conformer_seed46_ea_forward_cw,attack,seediv,conformer,46,ea_forward,cw,0,660.8561880588531,1,128,32,32,64,completed,True,ad_data/exp031/exp031_full_20260729_174215/seediv_conformer_seed46_ea_forward_cw.pth
attack_seediv_conformer_seed46_rpcf_at_autoattack,attack,seediv,conformer,46,rpcf_at,autoattack,0,23664.78005051613,1,128,32,32,64,completed,True,ad_data/exp031/exp031_full_20260729_174215/seediv_conformer_seed46_rpcf_at_autoattack.pth
attack_seediv_conformer_seed46_rpcf_at_fgsm,attack,seediv,conformer,46,rpcf_at,fgsm,0,350.442019701004,3,128,32,32,64,completed,True,ad_data/exp031/exp031_full_20260729_174215/seediv_conformer_seed46_rpcf_at_fgsm.pth
attack_seediv_conformer_seed46_rpcf_at_pgd,attack,seediv,conformer,46,rpcf_at,pgd,0,1165.6877346038818,3,128,32,32,64,completed,True,ad_data/exp031/exp031_full_20260729_174215/seediv_conformer_seed46_rpcf_at_pgd.pth
attack_seediv_conformer_seed46_rpcf_at_cw,attack,seediv,conformer,46,rpcf_at,cw,0,1099.725903749466,3,128,32,32,64,completed,True,ad_data/exp031/exp031_full_20260729_174215/seediv_conformer_seed46_rpcf_at_cw.pth
attack_seediv_tcnet_seed42_madry_autoattack,attack,seediv,tcnet,42,madry,autoattack,0,21088.556759119034,3,128,32,64,128,completed,True,ad_data/exp031/exp031_full_20260729_174215/seediv_tcnet_seed42_madry_autoattack.pth
attack_seediv_tcnet_seed42_madry_fgsm,attack,seediv,tcnet,42,madry,fgsm,0,452.75313210487366,6,128,32,64,128,completed,True,ad_data/exp031/exp031_full_20260729_174215/seediv_tcnet_seed42_madry_fgsm.pth
attack_seediv_tcnet_seed42_madry_pgd,attack,seediv,tcnet,42,madry,pgd,0,959.0663199424744,6,128,32,64,128,completed,True,ad_data/exp031/exp031_full_20260729_174215/seediv_tcnet_seed42_madry_pgd.pth
attack_seediv_tcnet_seed42_madry_cw,attack,seediv,tcnet,42,madry,cw,0,1272.2989892959595,6,128,32,64,128,completed,True,ad_data/exp031/exp031_full_20260729_174215/seediv_tcnet_seed42_madry_cw.pth
attack_seediv_tcnet_seed42_trades_autoattack,attack,seediv,tcnet,42,trades,autoattack,0,421.1021845340729,4,128,32,64,128,completed,True,ad_data/exp031/exp031_full_20260729_174215/seediv_tcnet_seed42_trades_autoattack.pth
attack_seediv_tcnet_seed42_trades_fgsm,attack,seediv,tcnet,42,trades,fgsm,0,332.6021385192871,6,128,32,64,128,completed,True,ad_data/exp031/exp031_full_20260729_174215/seediv_tcnet_seed42_trades_fgsm.pth
attack_seediv_tcnet_seed42_trades_pgd,attack,seediv,tcnet,42,trades,pgd,0,747.2340993881226,6,128,32,64,128,completed,True,ad_data/exp031/exp031_full_20260729_174215/seediv_tcnet_seed42_trades_pgd.pth
attack_seediv_tcnet_seed42_trades_cw,attack,seediv,tcnet,42,trades,cw,0,462.61652517318726,4,128,32,64,128,completed,True,ad_data/exp031/exp031_full_20260729_174215/seediv_tcnet_seed42_trades_cw.pth
attack_seediv_tcnet_seed42_fbf_autoattack,attack,seediv,tcnet,42,fbf,autoattack,0,9761.032173871994,4,128,32,64,128,completed,True,ad_data/exp031/exp031_full_20260729_174215/seediv_tcnet_seed42_fbf_autoattack.pth
attack_seediv_tcnet_seed42_fbf_fgsm,attack,seediv,tcnet,42,fbf,fgsm,0,298.3247277736664,6,128,32,64,128,completed,True,ad_data/exp031/exp031_full_20260729_174215/seediv_tcnet_seed42_fbf_fgsm.pth
attack_seediv_tcnet_seed42_fbf_pgd,attack,seediv,tcnet,42,fbf,pgd,0,606.6298897266388,6,128,32,64,128,completed,True,ad_data/exp031/exp031_full_20260729_174215/seediv_tcnet_seed42_fbf_pgd.pth
attack_seediv_tcnet_seed42_fbf_cw,attack,seediv,tcnet,42,fbf,cw,0,346.3702006340027,6,128,32,64,128,completed,True,ad_data/exp031/exp031_full_20260729_174215/seediv_tcnet_seed42_fbf_cw.pth
attack_seediv_tcnet_seed42_ea_forward_autoattack,attack,seediv,tcnet,42,ea_forward,autoattack,0,7992.226004123688,6,128,32,64,128,completed,True,ad_data/exp031/exp031_full_20260729_174215/seediv_tcnet_seed42_ea_forward_autoattack.pth
attack_seediv_tcnet_seed42_ea_forward_fgsm,attack,seediv,tcnet,42,ea_forward,fgsm,0,180.14861464500427,2,128,32,64,128,completed,True,ad_data/exp031/exp031_full_20260729_174215/seediv_tcnet_seed42_ea_forward_fgsm.pth
attack_seediv_tcnet_seed42_ea_forward_pgd,attack,seediv,tcnet,42,ea_forward,pgd,0,1137.933543920517,2,128,32,64,128,completed,True,ad_data/exp031/exp031_full_20260729_174215/seediv_tcnet_seed42_ea_forward_pgd.pth
attack_seediv_tcnet_seed42_ea_forward_cw,attack,seediv,tcnet,42,ea_forward,cw,0,583.1351671218872,5,128,32,64,128,completed,True,ad_data/exp031/exp031_full_20260729_174215/seediv_tcnet_seed42_ea_forward_cw.pth
attack_seediv_tcnet_seed42_rpcf_at_autoattack,attack,seediv,tcnet,42,rpcf_at,autoattack,0,21757.329976320267,2,128,32,64,128,completed,True,ad_data/exp031/exp031_full_20260729_174215/seediv_tcnet_seed42_rpcf_at_autoattack.pth
attack_seediv_tcnet_seed42_rpcf_at_fgsm,attack,seediv,tcnet,42,rpcf_at,fgsm,0,452.8085856437683,5,128,32,64,128,completed,True,ad_data/exp031/exp031_full_20260729_174215/seediv_tcnet_seed42_rpcf_at_fgsm.pth
attack_seediv_tcnet_seed42_rpcf_at_pgd,attack,seediv,tcnet,42,rpcf_at,pgd,0,1402.1341772079468,5,128,32,64,128,completed,True,ad_data/exp031/exp031_full_20260729_174215/seediv_tcnet_seed42_rpcf_at_pgd.pth
attack_seediv_tcnet_seed42_rpcf_at_cw,attack,seediv,tcnet,42,rpcf_at,cw,0,1274.0666213035583,5,128,32,64,128,completed,True,ad_data/exp031/exp031_full_20260729_174215/seediv_tcnet_seed42_rpcf_at_cw.pth
attack_seediv_tcnet_seed43_madry_autoattack,attack,seediv,tcnet,43,madry,autoattack,0,18155.11412167549,5,128,32,64,128,completed,True,ad_data/exp031/exp031_full_20260729_174215/seediv_tcnet_seed43_madry_autoattack.pth
attack_seediv_tcnet_seed43_madry_fgsm,attack,seediv,tcnet,43,madry,fgsm,0,446.83075857162476,0,128,32,64,128,completed,True,ad_data/exp031/exp031_full_20260729_174215/seediv_tcnet_seed43_madry_fgsm.pth
attack_seediv_tcnet_seed43_madry_pgd,attack,seediv,tcnet,43,madry,pgd,0,1460.490947008133,0,128,32,64,128,completed,True,ad_data/exp031/exp031_full_20260729_174215/seediv_tcnet_seed43_madry_pgd.pth
attack_seediv_tcnet_seed43_madry_cw,attack,seediv,tcnet,43,madry,cw,0,965.7133905887604,0,128,32,64,128,completed,True,ad_data/exp031/exp031_full_20260729_174215/seediv_tcnet_seed43_madry_cw.pth
attack_seediv_tcnet_seed43_trades_autoattack,attack,seediv,tcnet,43,trades,autoattack,0,358.7066488265991,6,128,32,64,128,completed,True,ad_data/exp031/exp031_full_20260729_174215/seediv_tcnet_seed43_trades_autoattack.pth
attack_seediv_tcnet_seed43_trades_fgsm,attack,seediv,tcnet,43,trades,fgsm,0,208.47389268875122,4,128,32,64,128,completed,True,ad_data/exp031/exp031_full_20260729_174215/seediv_tcnet_seed43_trades_fgsm.pth
attack_seediv_tcnet_seed43_trades_pgd,attack,seediv,tcnet,43,trades,pgd,0,1053.7052073478699,6,128,32,64,128,completed,True,ad_data/exp031/exp031_full_20260729_174215/seediv_tcnet_seed43_trades_pgd.pth
attack_seediv_tcnet_seed43_trades_cw,attack,seediv,tcnet,43,trades,cw,0,424.6208209991455,4,128,32,64,128,completed,True,ad_data/exp031/exp031_full_20260729_174215/seediv_tcnet_seed43_trades_cw.pth
attack_seediv_tcnet_seed43_fbf_autoattack,attack,seediv,tcnet,43,fbf,autoattack,0,10417.584689378738,0,128,32,64,128,completed,True,ad_data/exp031/exp031_full_20260729_174215/seediv_tcnet_seed43_fbf_autoattack.pth
attack_seediv_tcnet_seed43_fbf_fgsm,attack,seediv,tcnet,43,fbf,fgsm,0,166.20230269432068,4,128,32,64,128,completed,True,ad_data/exp031/exp031_full_20260729_174215/seediv_tcnet_seed43_fbf_fgsm.pth
attack_seediv_tcnet_seed43_fbf_pgd,attack,seediv,tcnet,43,fbf,pgd,0,616.9020545482635,4,128,32,64,128,completed,True,ad_data/exp031/exp031_full_20260729_174215/seediv_tcnet_seed43_fbf_pgd.pth
attack_seediv_tcnet_seed43_fbf_cw,attack,seediv,tcnet,43,fbf,cw,0,362.5632083415985,6,128,32,64,128,completed,True,ad_data/exp031/exp031_full_20260729_174215/seediv_tcnet_seed43_fbf_cw.pth
attack_seediv_tcnet_seed43_ea_forward_autoattack,attack,seediv,tcnet,43,ea_forward,autoattack,0,5334.502508640289,4,128,32,64,128,completed,True,ad_data/exp031/exp031_full_20260729_174215/seediv_tcnet_seed43_ea_forward_autoattack.pth
attack_seediv_tcnet_seed43_ea_forward_fgsm,attack,seediv,tcnet,43,ea_forward,fgsm,0,246.36975240707397,6,128,32,64,128,completed,True,ad_data/exp031/exp031_full_20260729_174215/seediv_tcnet_seed43_ea_forward_fgsm.pth
attack_seediv_tcnet_seed43_ea_forward_pgd,attack,seediv,tcnet,43,ea_forward,pgd,0,969.6097385883331,6,128,32,64,128,completed,True,ad_data/exp031/exp031_full_20260729_174215/seediv_tcnet_seed43_ea_forward_pgd.pth
attack_seediv_tcnet_seed43_ea_forward_cw,attack,seediv,tcnet,43,ea_forward,cw,0,1129.9627573490143,6,128,32,64,128,completed,True,ad_data/exp031/exp031_full_20260729_174215/seediv_tcnet_seed43_ea_forward_cw.pth
attack_seediv_tcnet_seed43_rpcf_at_autoattack,attack,seediv,tcnet,43,rpcf_at,autoattack,0,20937.87619280815,6,128,32,64,128,completed,True,ad_data/exp031/exp031_full_20260729_174215/seediv_tcnet_seed43_rpcf_at_autoattack.pth
attack_seediv_tcnet_seed43_rpcf_at_fgsm,attack,seediv,tcnet,43,rpcf_at,fgsm,0,180.3376808166504,4,128,32,64,128,completed,True,ad_data/exp031/exp031_full_20260729_174215/seediv_tcnet_seed43_rpcf_at_fgsm.pth
attack_seediv_tcnet_seed43_rpcf_at_pgd,attack,seediv,tcnet,43,rpcf_at,pgd,0,1079.9671211242676,4,128,32,64,128,completed,True,ad_data/exp031/exp031_full_20260729_174215/seediv_tcnet_seed43_rpcf_at_pgd.pth
attack_seediv_tcnet_seed43_rpcf_at_cw,attack,seediv,tcnet,43,rpcf_at,cw,0,895.4226291179657,1,128,32,64,128,completed,True,ad_data/exp031/exp031_full_20260729_174215/seediv_tcnet_seed43_rpcf_at_cw.pth
attack_seediv_tcnet_seed44_madry_autoattack,attack,seediv,tcnet,44,madry,autoattack,0,21512.38196825981,3,128,32,64,128,completed,True,ad_data/exp031/exp031_full_20260729_174215/seediv_tcnet_seed44_madry_autoattack.pth
attack_seediv_tcnet_seed44_madry_fgsm,attack,seediv,tcnet,44,madry,fgsm,0,290.51902747154236,1,128,32,64,128,completed,True,ad_data/exp031/exp031_full_20260729_174215/seediv_tcnet_seed44_madry_fgsm.pth
attack_seediv_tcnet_seed44_madry_pgd,attack,seediv,tcnet,44,madry,pgd,0,1101.472853899002,4,128,32,64,128,completed,True,ad_data/exp031/exp031_full_20260729_174215/seediv_tcnet_seed44_madry_pgd.pth
attack_seediv_tcnet_seed44_madry_cw,attack,seediv,tcnet,44,madry,cw,0,598.6389811038971,1,128,32,64,128,completed,True,ad_data/exp031/exp031_full_20260729_174215/seediv_tcnet_seed44_madry_cw.pth
attack_seediv_tcnet_seed44_trades_autoattack,attack,seediv,tcnet,44,trades,autoattack,0,815.3723983764648,1,128,32,64,128,completed,True,ad_data/exp031/exp031_full_20260729_174215/seediv_tcnet_seed44_trades_autoattack.pth
attack_seediv_tcnet_seed44_trades_fgsm,attack,seediv,tcnet,44,trades,fgsm,0,288.4141683578491,4,128,32,64,128,completed,True,ad_data/exp031/exp031_full_20260729_174215/seediv_tcnet_seed44_trades_fgsm.pth
attack_seediv_tcnet_seed44_trades_pgd,attack,seediv,tcnet,44,trades,pgd,0,781.350724697113,4,128,32,64,128,completed,True,ad_data/exp031/exp031_full_20260729_174215/seediv_tcnet_seed44_trades_pgd.pth
attack_seediv_tcnet_seed44_trades_cw,attack,seediv,tcnet,44,trades,cw,0,476.62315678596497,1,128,32,64,128,completed,True,ad_data/exp031/exp031_full_20260729_174215/seediv_tcnet_seed44_trades_cw.pth
attack_seediv_tcnet_seed44_fbf_autoattack,attack,seediv,tcnet,44,fbf,autoattack,0,11173.935646772385,1,128,32,64,128,completed,True,ad_data/exp031/exp031_full_20260729_174215/seediv_tcnet_seed44_fbf_autoattack.pth
attack_seediv_tcnet_seed44_fbf_fgsm,attack,seediv,tcnet,44,fbf,fgsm,0,352.3800084590912,4,128,32,64,128,completed,True,ad_data/exp031/exp031_full_20260729_174215/seediv_tcnet_seed44_fbf_fgsm.pth
attack_seediv_tcnet_seed44_fbf_pgd,attack,seediv,tcnet,44,fbf,pgd,0,1075.8557801246643,4,128,32,64,128,completed,True,ad_data/exp031/exp031_full_20260729_174215/seediv_tcnet_seed44_fbf_pgd.pth
attack_seediv_tcnet_seed44_fbf_cw,attack,seediv,tcnet,44,fbf,cw,0,452.5623595714569,0,128,32,64,128,completed,True,ad_data/exp031/exp031_full_20260729_174215/seediv_tcnet_seed44_fbf_cw.pth
attack_seediv_tcnet_seed44_ea_forward_autoattack,attack,seediv,tcnet,44,ea_forward,autoattack,0,6064.451199769974,0,128,32,64,128,completed,True,ad_data/exp031/exp031_full_20260729_174215/seediv_tcnet_seed44_ea_forward_autoattack.pth
attack_seediv_tcnet_seed44_ea_forward_fgsm,attack,seediv,tcnet,44,ea_forward,fgsm,0,212.1357934474945,4,128,32,64,128,completed,True,ad_data/exp031/exp031_full_20260729_174215/seediv_tcnet_seed44_ea_forward_fgsm.pth
attack_seediv_tcnet_seed44_ea_forward_pgd,attack,seediv,tcnet,44,ea_forward,pgd,0,863.4098587036133,4,128,32,64,128,completed,True,ad_data/exp031/exp031_full_20260729_174215/seediv_tcnet_seed44_ea_forward_pgd.pth
attack_seediv_tcnet_seed44_ea_forward_cw,attack,seediv,tcnet,44,ea_forward,cw,0,504.87639808654785,4,128,32,64,128,completed,True,ad_data/exp031/exp031_full_20260729_174215/seediv_tcnet_seed44_ea_forward_cw.pth
attack_seediv_tcnet_seed44_rpcf_at_autoattack,attack,seediv,tcnet,44,rpcf_at,autoattack,0,22208.04365515709,4,128,32,64,128,completed,True,ad_data/exp031/exp031_full_20260729_174215/seediv_tcnet_seed44_rpcf_at_autoattack.pth
attack_seediv_tcnet_seed44_rpcf_at_fgsm,attack,seediv,tcnet,44,rpcf_at,fgsm,0,410.8433403968811,2,128,32,64,128,completed,True,ad_data/exp031/exp031_full_20260729_174215/seediv_tcnet_seed44_rpcf_at_fgsm.pth
attack_seediv_tcnet_seed44_rpcf_at_pgd,attack,seediv,tcnet,44,rpcf_at,pgd,0,1315.9147357940674,5,128,32,64,128,completed,True,ad_data/exp031/exp031_full_20260729_174215/seediv_tcnet_seed44_rpcf_at_pgd.pth
attack_seediv_tcnet_seed44_rpcf_at_cw,attack,seediv,tcnet,44,rpcf_at,cw,0,1235.3525383472443,2,128,32,64,128,completed,True,ad_data/exp031/exp031_full_20260729_174215/seediv_tcnet_seed44_rpcf_at_cw.pth
attack_seediv_tcnet_seed45_madry_autoattack,attack,seediv,tcnet,45,madry,autoattack,0,21527.23124217987,5,128,32,64,128,completed,True,ad_data/exp031/exp031_full_20260729_174215/seediv_tcnet_seed45_madry_autoattack.pth
attack_seediv_tcnet_seed45_madry_fgsm,attack,seediv,tcnet,45,madry,fgsm,0,486.2208092212677,2,128,32,64,128,completed,True,ad_data/exp031/exp031_full_20260729_174215/seediv_tcnet_seed45_madry_fgsm.pth
attack_seediv_tcnet_seed45_madry_pgd,attack,seediv,tcnet,45,madry,pgd,0,1237.1901757717133,2,128,32,64,128,completed,True,ad_data/exp031/exp031_full_20260729_174215/seediv_tcnet_seed45_madry_pgd.pth
attack_seediv_tcnet_seed45_madry_cw,attack,seediv,tcnet,45,madry,cw,0,542.5146901607513,0,128,32,64,128,completed,True,ad_data/exp031/exp031_full_20260729_174215/seediv_tcnet_seed45_madry_cw.pth
attack_seediv_tcnet_seed45_trades_autoattack,attack,seediv,tcnet,45,trades,autoattack,0,602.8929901123047,0,128,32,64,128,completed,True,ad_data/exp031/exp031_full_20260729_174215/seediv_tcnet_seed45_trades_autoattack.pth
attack_seediv_tcnet_seed45_trades_fgsm,attack,seediv,tcnet,45,trades,fgsm,0,324.570152759552,2,128,32,64,128,completed,True,ad_data/exp031/exp031_full_20260729_174215/seediv_tcnet_seed45_trades_fgsm.pth
attack_seediv_tcnet_seed45_trades_pgd,attack,seediv,tcnet,45,trades,pgd,0,681.1807208061218,0,128,32,64,128,completed,True,ad_data/exp031/exp031_full_20260729_174215/seediv_tcnet_seed45_trades_pgd.pth
attack_seediv_tcnet_seed45_trades_cw,attack,seediv,tcnet,45,trades,cw,0,372.44764971733093,2,128,32,64,128,completed,True,ad_data/exp031/exp031_full_20260729_174215/seediv_tcnet_seed45_trades_cw.pth
attack_seediv_tcnet_seed45_fbf_autoattack,attack,seediv,tcnet,45,fbf,autoattack,0,10128.747136116028,2,128,32,64,128,completed,True,ad_data/exp031/exp031_full_20260729_174215/seediv_tcnet_seed45_fbf_autoattack.pth
attack_seediv_tcnet_seed45_fbf_fgsm,attack,seediv,tcnet,45,fbf,fgsm,0,164.18193244934082,0,128,32,64,128,completed,True,ad_data/exp031/exp031_full_20260729_174215/seediv_tcnet_seed45_fbf_fgsm.pth
attack_seediv_tcnet_seed45_fbf_pgd,attack,seediv,tcnet,45,fbf,pgd,0,864.8281664848328,0,128,32,64,128,completed,True,ad_data/exp031/exp031_full_20260729_174215/seediv_tcnet_seed45_fbf_pgd.pth
attack_seediv_tcnet_seed45_fbf_cw,attack,seediv,tcnet,45,fbf,cw,0,380.41595578193665,0,128,32,64,128,completed,True,ad_data/exp031/exp031_full_20260729_174215/seediv_tcnet_seed45_fbf_cw.pth
attack_seediv_tcnet_seed45_ea_forward_autoattack,attack,seediv,tcnet,45,ea_forward,autoattack,0,7560.94517827034,0,128,32,64,128,completed,True,ad_data/exp031/exp031_full_20260729_174215/seediv_tcnet_seed45_ea_forward_autoattack.pth
attack_seediv_tcnet_seed45_ea_forward_fgsm,attack,seediv,tcnet,45,ea_forward,fgsm,0,688.2804479598999,1,128,32,64,128,completed,True,ad_data/exp031/exp031_full_20260729_174215/seediv_tcnet_seed45_ea_forward_fgsm.pth
attack_seediv_tcnet_seed45_ea_forward_pgd,attack,seediv,tcnet,45,ea_forward,pgd,0,879.3274762630463,1,128,32,64,128,completed,True,ad_data/exp031/exp031_full_20260729_174215/seediv_tcnet_seed45_ea_forward_pgd.pth
attack_seediv_tcnet_seed45_ea_forward_cw,attack,seediv,tcnet,45,ea_forward,cw,0,482.86684679985046,1,128,32,64,128,completed,True,ad_data/exp031/exp031_full_20260729_174215/seediv_tcnet_seed45_ea_forward_cw.pth
attack_seediv_tcnet_seed45_rpcf_at_autoattack,attack,seediv,tcnet,45,rpcf_at,autoattack,0,23212.21453976631,1,128,32,64,128,completed,True,ad_data/exp031/exp031_full_20260729_174215/seediv_tcnet_seed45_rpcf_at_autoattack.pth
attack_seediv_tcnet_seed45_rpcf_at_fgsm,attack,seediv,tcnet,45,rpcf_at,fgsm,0,474.98212814331055,6,128,32,64,128,completed,True,ad_data/exp031/exp031_full_20260729_174215/seediv_tcnet_seed45_rpcf_at_fgsm.pth
attack_seediv_tcnet_seed45_rpcf_at_pgd,attack,seediv,tcnet,45,rpcf_at,pgd,0,1562.8937919139862,6,128,32,64,128,completed,True,ad_data/exp031/exp031_full_20260729_174215/seediv_tcnet_seed45_rpcf_at_pgd.pth
attack_seediv_tcnet_seed45_rpcf_at_cw,attack,seediv,tcnet,45,rpcf_at,cw,0,717.0154182910919,6,128,32,64,128,completed,True,ad_data/exp031/exp031_full_20260729_174215/seediv_tcnet_seed45_rpcf_at_cw.pth
attack_seediv_tcnet_seed46_madry_autoattack,attack,seediv,tcnet,46,madry,autoattack,0,22860.254561424255,6,128,32,64,128,completed,True,ad_data/exp031/exp031_full_20260729_174215/seediv_tcnet_seed46_madry_autoattack.pth
attack_seediv_tcnet_seed46_madry_fgsm,attack,seediv,tcnet,46,madry,fgsm,0,190.237398147583,0,128,32,64,128,completed,True,ad_data/exp031/exp031_full_20260729_174215/seediv_tcnet_seed46_madry_fgsm.pth
attack_seediv_tcnet_seed46_madry_pgd,attack,seediv,tcnet,46,madry,pgd,0,696.8289465904236,0,128,32,64,128,completed,True,ad_data/exp031/exp031_full_20260729_174215/seediv_tcnet_seed46_madry_pgd.pth
attack_seediv_tcnet_seed46_madry_cw,attack,seediv,tcnet,46,madry,cw,0,587.2541100978851,0,128,32,64,128,completed,True,ad_data/exp031/exp031_full_20260729_174215/seediv_tcnet_seed46_madry_cw.pth
attack_seediv_tcnet_seed46_trades_autoattack,attack,seediv,tcnet,46,trades,autoattack,0,560.924646615982,2,128,32,64,128,completed,True,ad_data/exp031/exp031_full_20260729_174215/seediv_tcnet_seed46_trades_autoattack.pth
attack_seediv_tcnet_seed46_trades_fgsm,attack,seediv,tcnet,46,trades,fgsm,0,234.2323112487793,3,128,32,64,128,completed,True,ad_data/exp031/exp031_full_20260729_174215/seediv_tcnet_seed46_trades_fgsm.pth
attack_seediv_tcnet_seed46_trades_pgd,attack,seediv,tcnet,46,trades,pgd,0,683.3033661842346,3,128,32,64,128,completed,True,ad_data/exp031/exp031_full_20260729_174215/seediv_tcnet_seed46_trades_pgd.pth
attack_seediv_tcnet_seed46_trades_cw,attack,seediv,tcnet,46,trades,cw,0,478.9236686229706,2,128,32,64,128,completed,True,ad_data/exp031/exp031_full_20260729_174215/seediv_tcnet_seed46_trades_cw.pth
attack_seediv_tcnet_seed46_fbf_autoattack,attack,seediv,tcnet,46,fbf,autoattack,0,9802.56052494049,0,128,32,64,128,completed,True,ad_data/exp031/exp031_full_20260729_174215/seediv_tcnet_seed46_fbf_autoattack.pth
attack_seediv_tcnet_seed46_fbf_fgsm,attack,seediv,tcnet,46,fbf,fgsm,0,166.34947228431702,3,128,32,64,128,completed,True,ad_data/exp031/exp031_full_20260729_174215/seediv_tcnet_seed46_fbf_fgsm.pth
attack_seediv_tcnet_seed46_fbf_pgd,attack,seediv,tcnet,46,fbf,pgd,0,1253.1943273544312,2,128,32,64,128,completed,True,ad_data/exp031/exp031_full_20260729_174215/seediv_tcnet_seed46_fbf_pgd.pth
attack_seediv_tcnet_seed46_fbf_cw,attack,seediv,tcnet,46,fbf,cw,0,376.33870553970337,3,128,32,64,128,completed,True,ad_data/exp031/exp031_full_20260729_174215/seediv_tcnet_seed46_fbf_cw.pth
attack_seediv_tcnet_seed46_ea_forward_autoattack,attack,seediv,tcnet,46,ea_forward,autoattack,0,6328.2867386341095,3,128,32,64,128,completed,True,ad_data/exp031/exp031_full_20260729_174215/seediv_tcnet_seed46_ea_forward_autoattack.pth
attack_seediv_tcnet_seed46_ea_forward_fgsm,attack,seediv,tcnet,46,ea_forward,fgsm,0,188.29794144630432,2,128,32,64,128,completed,True,ad_data/exp031/exp031_full_20260729_174215/seediv_tcnet_seed46_ea_forward_fgsm.pth
attack_seediv_tcnet_seed46_ea_forward_pgd,attack,seediv,tcnet,46,ea_forward,pgd,0,851.3256733417511,2,128,32,64,128,completed,True,ad_data/exp031/exp031_full_20260729_174215/seediv_tcnet_seed46_ea_forward_pgd.pth
attack_seediv_tcnet_seed46_ea_forward_cw,attack,seediv,tcnet,46,ea_forward,cw,0,430.74214220046997,2,128,32,64,128,completed,True,ad_data/exp031/exp031_full_20260729_174215/seediv_tcnet_seed46_ea_forward_cw.pth
attack_seediv_tcnet_seed46_rpcf_at_autoattack,attack,seediv,tcnet,46,rpcf_at,autoattack,0,22273.855038642883,2,128,32,64,128,completed,True,ad_data/exp031/exp031_full_20260729_174215/seediv_tcnet_seed46_rpcf_at_autoattack.pth
attack_seediv_tcnet_seed46_rpcf_at_fgsm,attack,seediv,tcnet,46,rpcf_at,fgsm,0,464.91249108314514,4,128,32,64,128,completed,True,ad_data/exp031/exp031_full_20260729_174215/seediv_tcnet_seed46_rpcf_at_fgsm.pth
attack_seediv_tcnet_seed46_rpcf_at_pgd,attack,seediv,tcnet,46,rpcf_at,pgd,0,1360.9667611122131,4,128,32,64,128,completed,True,ad_data/exp031/exp031_full_20260729_174215/seediv_tcnet_seed46_rpcf_at_pgd.pth
attack_seediv_tcnet_seed46_rpcf_at_cw,attack,seediv,tcnet,46,rpcf_at,cw,0,592.8931396007538,3,128,32,64,128,completed,True,ad_data/exp031/exp031_full_20260729_174215/seediv_tcnet_seed46_rpcf_at_cw.pth
attack_bciciv2a_eegnet_seed42_madry_autoattack,attack,bciciv2a,eegnet,42,madry,autoattack,0,2151.1461310386658,4,128,32,64,128,completed,True,ad_data/exp031/exp031_full_20260729_174215/bciciv2a_eegnet_seed42_madry_autoattack.pth
attack_bciciv2a_eegnet_seed42_madry_fgsm,attack,bciciv2a,eegnet,42,madry,fgsm,0,30.056870698928833,3,128,32,64,128,completed,True,ad_data/exp031/exp031_full_20260729_174215/bciciv2a_eegnet_seed42_madry_fgsm.pth
attack_bciciv2a_eegnet_seed42_madry_pgd,attack,bciciv2a,eegnet,42,madry,pgd,0,54.05142021179199,3,128,32,64,128,completed,True,ad_data/exp031/exp031_full_20260729_174215/bciciv2a_eegnet_seed42_madry_pgd.pth
attack_bciciv2a_eegnet_seed42_madry_cw,attack,bciciv2a,eegnet,42,madry,cw,0,42.07310247421265,3,128,32,64,128,completed,True,ad_data/exp031/exp031_full_20260729_174215/bciciv2a_eegnet_seed42_madry_cw.pth
attack_bciciv2a_eegnet_seed42_trades_autoattack,attack,bciciv2a,eegnet,42,trades,autoattack,0,1505.1670372486115,3,128,32,64,128,completed,True,ad_data/exp031/exp031_full_20260729_174215/bciciv2a_eegnet_seed42_trades_autoattack.pth
attack_bciciv2a_eegnet_seed42_trades_fgsm,attack,bciciv2a,eegnet,42,trades,fgsm,0,72.13641357421875,5,128,32,64,128,completed,True,ad_data/exp031/exp031_full_20260729_174215/bciciv2a_eegnet_seed42_trades_fgsm.pth
attack_bciciv2a_eegnet_seed42_trades_pgd,attack,bciciv2a,eegnet,42,trades,pgd,0,50.071409940719604,5,128,32,64,128,completed,True,ad_data/exp031/exp031_full_20260729_174215/bciciv2a_eegnet_seed42_trades_pgd.pth
attack_bciciv2a_eegnet_seed42_trades_cw,attack,bciciv2a,eegnet,42,trades,cw,0,58.10617446899414,5,128,32,64,128,completed,True,ad_data/exp031/exp031_full_20260729_174215/bciciv2a_eegnet_seed42_trades_cw.pth
attack_bciciv2a_eegnet_seed42_fbf_autoattack,attack,bciciv2a,eegnet,42,fbf,autoattack,0,556.4302763938904,5,128,32,64,128,completed,True,ad_data/exp031/exp031_full_20260729_174215/bciciv2a_eegnet_seed42_fbf_autoattack.pth
attack_bciciv2a_eegnet_seed42_fbf_fgsm,attack,bciciv2a,eegnet,42,fbf,fgsm,0,32.06119394302368,5,128,32,64,128,completed,True,ad_data/exp031/exp031_full_20260729_174215/bciciv2a_eegnet_seed42_fbf_fgsm.pth
attack_bciciv2a_eegnet_seed42_fbf_pgd,attack,bciciv2a,eegnet,42,fbf,pgd,0,56.04801917076111,5,128,32,64,128,completed,True,ad_data/exp031/exp031_full_20260729_174215/bciciv2a_eegnet_seed42_fbf_pgd.pth
attack_bciciv2a_eegnet_seed42_fbf_cw,attack,bciciv2a,eegnet,42,fbf,cw,0,56.07267236709595,5,128,32,64,128,completed,True,ad_data/exp031/exp031_full_20260729_174215/bciciv2a_eegnet_seed42_fbf_cw.pth
attack_bciciv2a_eegnet_seed42_ea_forward_autoattack,attack,bciciv2a,eegnet,42,ea_forward,autoattack,0,38.06615400314331,5,128,32,64,128,completed,True,ad_data/exp031/exp031_full_20260729_174215/bciciv2a_eegnet_seed42_ea_forward_autoattack.pth
attack_bciciv2a_eegnet_seed42_ea_forward_fgsm,attack,bciciv2a,eegnet,42,ea_forward,fgsm,0,24.019734382629395,5,128,32,64,128,completed,True,ad_data/exp031/exp031_full_20260729_174215/bciciv2a_eegnet_seed42_ea_forward_fgsm.pth
attack_bciciv2a_eegnet_seed42_ea_forward_pgd,attack,bciciv2a,eegnet,42,ea_forward,pgd,0,54.0440468788147,5,128,32,64,128,completed,True,ad_data/exp031/exp031_full_20260729_174215/bciciv2a_eegnet_seed42_ea_forward_pgd.pth
attack_bciciv2a_eegnet_seed42_ea_forward_cw,attack,bciciv2a,eegnet,42,ea_forward,cw,0,38.08495855331421,5,128,32,64,128,completed,True,ad_data/exp031/exp031_full_20260729_174215/bciciv2a_eegnet_seed42_ea_forward_cw.pth
attack_bciciv2a_eegnet_seed42_rpcf_at_autoattack,attack,bciciv2a,eegnet,42,rpcf_at,autoattack,0,637.6662933826447,5,128,32,64,128,completed,True,ad_data/exp031/exp031_full_20260729_174215/bciciv2a_eegnet_seed42_rpcf_at_autoattack.pth
attack_bciciv2a_eegnet_seed42_rpcf_at_fgsm,attack,bciciv2a,eegnet,42,rpcf_at,fgsm,0,114.22463631629944,3,128,32,64,128,completed,True,ad_data/exp031/exp031_full_20260729_174215/bciciv2a_eegnet_seed42_rpcf_at_fgsm.pth
attack_bciciv2a_eegnet_seed42_rpcf_at_pgd,attack,bciciv2a,eegnet,42,rpcf_at,pgd,0,94.33995580673218,3,128,32,64,128,completed,True,ad_data/exp031/exp031_full_20260729_174215/bciciv2a_eegnet_seed42_rpcf_at_pgd.pth
attack_bciciv2a_eegnet_seed42_rpcf_at_cw,attack,bciciv2a,eegnet,42,rpcf_at,cw,0,82.32613945007324,4,128,32,64,128,completed,True,ad_data/exp031/exp031_full_20260729_174215/bciciv2a_eegnet_seed42_rpcf_at_cw.pth
attack_bciciv2a_eegnet_seed43_madry_autoattack,attack,bciciv2a,eegnet,43,madry,autoattack,0,2422.9981319904327,3,128,32,64,128,completed,True,ad_data/exp031/exp031_full_20260729_174215/bciciv2a_eegnet_seed43_madry_autoattack.pth
attack_bciciv2a_eegnet_seed43_madry_fgsm,attack,bciciv2a,eegnet,43,madry,fgsm,0,42.192408323287964,4,128,32,64,128,completed,True,ad_data/exp031/exp031_full_20260729_174215/bciciv2a_eegnet_seed43_madry_fgsm.pth
attack_bciciv2a_eegnet_seed43_madry_pgd,attack,bciciv2a,eegnet,43,madry,pgd,0,82.4250545501709,5,128,32,64,128,completed,True,ad_data/exp031/exp031_full_20260729_174215/bciciv2a_eegnet_seed43_madry_pgd.pth
attack_bciciv2a_eegnet_seed43_madry_cw,attack,bciciv2a,eegnet,43,madry,cw,0,78.3003978729248,4,128,32,64,128,completed,True,ad_data/exp031/exp031_full_20260729_174215/bciciv2a_eegnet_seed43_madry_cw.pth
attack_bciciv2a_eegnet_seed43_trades_autoattack,attack,bciciv2a,eegnet,43,trades,autoattack,0,1079.3878083229065,0,128,32,64,128,completed,True,ad_data/exp031/exp031_full_20260729_174215/bciciv2a_eegnet_seed43_trades_autoattack.pth
attack_bciciv2a_eegnet_seed43_trades_fgsm,attack,bciciv2a,eegnet,43,trades,fgsm,0,56.20575308799744,4,128,32,64,128,completed,True,ad_data/exp031/exp031_full_20260729_174215/bciciv2a_eegnet_seed43_trades_fgsm.pth
attack_bciciv2a_eegnet_seed43_trades_pgd,attack,bciciv2a,eegnet,43,trades,pgd,0,80.25210618972778,5,128,32,64,128,completed,True,ad_data/exp031/exp031_full_20260729_174215/bciciv2a_eegnet_seed43_trades_pgd.pth
attack_bciciv2a_eegnet_seed43_trades_cw,attack,bciciv2a,eegnet,43,trades,cw,0,102.24186420440674,4,128,32,64,128,completed,True,ad_data/exp031/exp031_full_20260729_174215/bciciv2a_eegnet_seed43_trades_cw.pth
attack_bciciv2a_eegnet_seed43_fbf_autoattack,attack,bciciv2a,eegnet,43,fbf,autoattack,0,1827.6181724071503,5,128,32,64,128,completed,True,ad_data/exp031/exp031_full_20260729_174215/bciciv2a_eegnet_seed43_fbf_autoattack.pth
attack_bciciv2a_eegnet_seed43_fbf_fgsm,attack,bciciv2a,eegnet,43,fbf,fgsm,0,44.07537007331848,4,128,32,64,128,completed,True,ad_data/exp031/exp031_full_20260729_174215/bciciv2a_eegnet_seed43_fbf_fgsm.pth
attack_bciciv2a_eegnet_seed43_fbf_pgd,attack,bciciv2a,eegnet,43,fbf,pgd,0,66.10215544700623,4,128,32,64,128,completed,True,ad_data/exp031/exp031_full_20260729_174215/bciciv2a_eegnet_seed43_fbf_pgd.pth
attack_bciciv2a_eegnet_seed43_fbf_cw,attack,bciciv2a,eegnet,43,fbf,cw,0,66.1043062210083,4,128,32,64,128,completed,True,ad_data/exp031/exp031_full_20260729_174215/bciciv2a_eegnet_seed43_fbf_cw.pth
attack_bciciv2a_eegnet_seed43_ea_forward_autoattack,attack,bciciv2a,eegnet,43,ea_forward,autoattack,0,24.017988681793213,4,128,32,64,128,completed,True,ad_data/exp031/exp031_full_20260729_174215/bciciv2a_eegnet_seed43_ea_forward_autoattack.pth
attack_bciciv2a_eegnet_seed43_ea_forward_fgsm,attack,bciciv2a,eegnet,43,ea_forward,fgsm,0,26.020129203796387,4,128,32,64,128,completed,True,ad_data/exp031/exp031_full_20260729_174215/bciciv2a_eegnet_seed43_ea_forward_fgsm.pth
attack_bciciv2a_eegnet_seed43_ea_forward_pgd,attack,bciciv2a,eegnet,43,ea_forward,pgd,0,48.041006326675415,4,128,32,64,128,completed,True,ad_data/exp031/exp031_full_20260729_174215/bciciv2a_eegnet_seed43_ea_forward_pgd.pth
attack_bciciv2a_eegnet_seed43_ea_forward_cw,attack,bciciv2a,eegnet,43,ea_forward,cw,0,40.082587480545044,4,128,32,64,128,completed,True,ad_data/exp031/exp031_full_20260729_174215/bciciv2a_eegnet_seed43_ea_forward_cw.pth
attack_bciciv2a_eegnet_seed43_rpcf_at_autoattack,attack,bciciv2a,eegnet,43,rpcf_at,autoattack,0,541.2201828956604,4,128,32,64,128,completed,True,ad_data/exp031/exp031_full_20260729_174215/bciciv2a_eegnet_seed43_rpcf_at_autoattack.pth
attack_bciciv2a_eegnet_seed43_rpcf_at_fgsm,attack,bciciv2a,eegnet,43,rpcf_at,fgsm,0,30.19912600517273,0,128,32,64,128,completed,True,ad_data/exp031/exp031_full_20260729_174215/bciciv2a_eegnet_seed43_rpcf_at_fgsm.pth
attack_bciciv2a_eegnet_seed43_rpcf_at_pgd,attack,bciciv2a,eegnet,43,rpcf_at,pgd,0,58.26973748207092,4,128,32,64,128,completed,True,ad_data/exp031/exp031_full_20260729_174215/bciciv2a_eegnet_seed43_rpcf_at_pgd.pth
attack_bciciv2a_eegnet_seed43_rpcf_at_cw,attack,bciciv2a,eegnet,43,rpcf_at,cw,0,50.18300104141235,0,128,32,64,128,completed,True,ad_data/exp031/exp031_full_20260729_174215/bciciv2a_eegnet_seed43_rpcf_at_cw.pth
attack_bciciv2a_eegnet_seed44_madry_autoattack,attack,bciciv2a,eegnet,44,madry,autoattack,0,2257.3542351722717,4,128,32,64,128,completed,True,ad_data/exp031/exp031_full_20260729_174215/bciciv2a_eegnet_seed44_madry_autoattack.pth
attack_bciciv2a_eegnet_seed44_madry_fgsm,attack,bciciv2a,eegnet,44,madry,fgsm,0,58.05815672874451,0,128,32,64,128,completed,True,ad_data/exp031/exp031_full_20260729_174215/bciciv2a_eegnet_seed44_madry_fgsm.pth
attack_bciciv2a_eegnet_seed44_madry_pgd,attack,bciciv2a,eegnet,44,madry,pgd,0,72.11513876914978,0,128,32,64,128,completed,True,ad_data/exp031/exp031_full_20260729_174215/bciciv2a_eegnet_seed44_madry_pgd.pth
attack_bciciv2a_eegnet_seed44_madry_cw,attack,bciciv2a,eegnet,44,madry,cw,0,44.06819248199463,0,128,32,64,128,completed,True,ad_data/exp031/exp031_full_20260729_174215/bciciv2a_eegnet_seed44_madry_cw.pth
attack_bciciv2a_eegnet_seed44_trades_autoattack,attack,bciciv2a,eegnet,44,trades,autoattack,0,338.59554958343506,0,128,32,64,128,completed,True,ad_data/exp031/exp031_full_20260729_174215/bciciv2a_eegnet_seed44_trades_autoattack.pth
attack_bciciv2a_eegnet_seed44_trades_fgsm,attack,bciciv2a,eegnet,44,trades,fgsm,0,32.04344987869263,0,128,32,64,128,completed,True,ad_data/exp031/exp031_full_20260729_174215/bciciv2a_eegnet_seed44_trades_fgsm.pth
attack_bciciv2a_eegnet_seed44_trades_pgd,attack,bciciv2a,eegnet,44,trades,pgd,0,52.05565810203552,0,128,32,64,128,completed,True,ad_data/exp031/exp031_full_20260729_174215/bciciv2a_eegnet_seed44_trades_pgd.pth
attack_bciciv2a_eegnet_seed44_trades_cw,attack,bciciv2a,eegnet,44,trades,cw,0,58.078123331069946,0,128,32,64,128,completed,True,ad_data/exp031/exp031_full_20260729_174215/bciciv2a_eegnet_seed44_trades_cw.pth
attack_bciciv2a_eegnet_seed44_fbf_autoattack,attack,bciciv2a,eegnet,44,fbf,autoattack,0,403.130544424057,0,128,32,64,128,completed,True,ad_data/exp031/exp031_full_20260729_174215/bciciv2a_eegnet_seed44_fbf_autoattack.pth
attack_bciciv2a_eegnet_seed44_fbf_fgsm,attack,bciciv2a,eegnet,44,fbf,fgsm,0,100.1691484451294,5,128,32,64,128,completed,True,ad_data/exp031/exp031_full_20260729_174215/bciciv2a_eegnet_seed44_fbf_fgsm.pth
attack_bciciv2a_eegnet_seed44_fbf_pgd,attack,bciciv2a,eegnet,44,fbf,pgd,0,112.19211268424988,5,128,32,64,128,completed,True,ad_data/exp031/exp031_full_20260729_174215/bciciv2a_eegnet_seed44_fbf_pgd.pth
attack_bciciv2a_eegnet_seed44_fbf_cw,attack,bciciv2a,eegnet,44,fbf,cw,0,70.25718593597412,5,128,32,64,128,completed,True,ad_data/exp031/exp031_full_20260729_174215/bciciv2a_eegnet_seed44_fbf_cw.pth
attack_bciciv2a_eegnet_seed44_ea_forward_autoattack,attack,bciciv2a,eegnet,44,ea_forward,autoattack,0,28.01987624168396,0,128,32,64,128,completed,True,ad_data/exp031/exp031_full_20260729_174215/bciciv2a_eegnet_seed44_ea_forward_autoattack.pth
attack_bciciv2a_eegnet_seed44_ea_forward_fgsm,attack,bciciv2a,eegnet,44,ea_forward,fgsm,0,24.15767741203308,0,128,32,64,128,completed,True,ad_data/exp031/exp031_full_20260729_174215/bciciv2a_eegnet_seed44_ea_forward_fgsm.pth
attack_bciciv2a_eegnet_seed44_ea_forward_pgd,attack,bciciv2a,eegnet,44,ea_forward,pgd,0,50.242154359817505,5,128,32,64,128,completed,True,ad_data/exp031/exp031_full_20260729_174215/bciciv2a_eegnet_seed44_ea_forward_pgd.pth
attack_bciciv2a_eegnet_seed44_ea_forward_cw,attack,bciciv2a,eegnet,44,ea_forward,cw,0,38.07533931732178,0,128,32,64,128,completed,True,ad_data/exp031/exp031_full_20260729_174215/bciciv2a_eegnet_seed44_ea_forward_cw.pth
attack_bciciv2a_eegnet_seed44_rpcf_at_autoattack,attack,bciciv2a,eegnet,44,rpcf_at,autoattack,0,2531.9504432678223,0,128,32,64,128,completed,True,ad_data/exp031/exp031_full_20260729_174215/bciciv2a_eegnet_seed44_rpcf_at_autoattack.pth
attack_bciciv2a_eegnet_seed44_rpcf_at_fgsm,attack,bciciv2a,eegnet,44,rpcf_at,fgsm,0,42.234323263168335,5,128,32,64,128,completed,True,ad_data/exp031/exp031_full_20260729_174215/bciciv2a_eegnet_seed44_rpcf_at_fgsm.pth
attack_bciciv2a_eegnet_seed44_rpcf_at_pgd,attack,bciciv2a,eegnet,44,rpcf_at,pgd,0,82.43678212165833,3,128,32,64,128,completed,True,ad_data/exp031/exp031_full_20260729_174215/bciciv2a_eegnet_seed44_rpcf_at_pgd.pth
attack_bciciv2a_eegnet_seed44_rpcf_at_cw,attack,bciciv2a,eegnet,44,rpcf_at,cw,0,48.09765815734863,5,128,32,64,128,completed,True,ad_data/exp031/exp031_full_20260729_174215/bciciv2a_eegnet_seed44_rpcf_at_cw.pth
attack_bciciv2a_eegnet_seed45_madry_autoattack,attack,bciciv2a,eegnet,45,madry,autoattack,0,613.7465064525604,5,128,32,64,128,completed,True,ad_data/exp031/exp031_full_20260729_174215/bciciv2a_eegnet_seed45_madry_autoattack.pth
attack_bciciv2a_eegnet_seed45_madry_fgsm,attack,bciciv2a,eegnet,45,madry,fgsm,0,94.15954518318176,3,128,32,64,128,completed,True,ad_data/exp031/exp031_full_20260729_174215/bciciv2a_eegnet_seed45_madry_fgsm.pth
attack_bciciv2a_eegnet_seed45_madry_pgd,attack,bciciv2a,eegnet,45,madry,pgd,0,106.19468855857849,3,128,32,64,128,completed,True,ad_data/exp031/exp031_full_20260729_174215/bciciv2a_eegnet_seed45_madry_pgd.pth
attack_bciciv2a_eegnet_seed45_madry_cw,attack,bciciv2a,eegnet,45,madry,cw,0,100.17816114425659,3,128,32,64,128,completed,True,ad_data/exp031/exp031_full_20260729_174215/bciciv2a_eegnet_seed45_madry_cw.pth
attack_bciciv2a_eegnet_seed45_trades_autoattack,attack,bciciv2a,eegnet,45,trades,autoattack,0,1433.9521548748016,3,128,32,64,128,completed,True,ad_data/exp031/exp031_full_20260729_174215/bciciv2a_eegnet_seed45_trades_autoattack.pth
attack_bciciv2a_eegnet_seed45_trades_fgsm,attack,bciciv2a,eegnet,45,trades,fgsm,0,32.043774127960205,5,128,32,64,128,completed,True,ad_data/exp031/exp031_full_20260729_174215/bciciv2a_eegnet_seed45_trades_fgsm.pth
attack_bciciv2a_eegnet_seed45_trades_pgd,attack,bciciv2a,eegnet,45,trades,pgd,0,56.05543661117554,5,128,32,64,128,completed,True,ad_data/exp031/exp031_full_20260729_174215/bciciv2a_eegnet_seed45_trades_pgd.pth
attack_bciciv2a_eegnet_seed45_trades_cw,attack,bciciv2a,eegnet,45,trades,cw,0,54.08064794540405,5,128,32,64,128,completed,True,ad_data/exp031/exp031_full_20260729_174215/bciciv2a_eegnet_seed45_trades_cw.pth
attack_bciciv2a_eegnet_seed45_fbf_autoattack,attack,bciciv2a,eegnet,45,fbf,autoattack,0,498.97854709625244,5,128,32,64,128,completed,True,ad_data/exp031/exp031_full_20260729_174215/bciciv2a_eegnet_seed45_fbf_autoattack.pth
attack_bciciv2a_eegnet_seed45_fbf_fgsm,attack,bciciv2a,eegnet,45,fbf,fgsm,0,120.21000647544861,4,128,32,64,128,completed,True,ad_data/exp031/exp031_full_20260729_174215/bciciv2a_eegnet_seed45_fbf_fgsm.pth
attack_bciciv2a_eegnet_seed45_fbf_pgd,attack,bciciv2a,eegnet,45,fbf,pgd,0,138.3921685218811,4,128,32,64,128,completed,True,ad_data/exp031/exp031_full_20260729_174215/bciciv2a_eegnet_seed45_fbf_pgd.pth
attack_bciciv2a_eegnet_seed45_fbf_cw,attack,bciciv2a,eegnet,45,fbf,cw,0,66.35864043235779,5,128,32,64,128,completed,True,ad_data/exp031/exp031_full_20260729_174215/bciciv2a_eegnet_seed45_fbf_cw.pth
attack_bciciv2a_eegnet_seed45_ea_forward_autoattack,attack,bciciv2a,eegnet,45,ea_forward,autoattack,0,46.044682025909424,4,128,32,64,128,completed,True,ad_data/exp031/exp031_full_20260729_174215/bciciv2a_eegnet_seed45_ea_forward_autoattack.pth
attack_bciciv2a_eegnet_seed45_ea_forward_fgsm,attack,bciciv2a,eegnet,45,ea_forward,fgsm,0,32.15544080734253,4,128,32,64,128,completed,True,ad_data/exp031/exp031_full_20260729_174215/bciciv2a_eegnet_seed45_ea_forward_fgsm.pth
attack_bciciv2a_eegnet_seed45_ea_forward_pgd,attack,bciciv2a,eegnet,45,ea_forward,pgd,0,52.25115656852722,5,128,32,64,128,completed,True,ad_data/exp031/exp031_full_20260729_174215/bciciv2a_eegnet_seed45_ea_forward_pgd.pth
attack_bciciv2a_eegnet_seed45_ea_forward_cw,attack,bciciv2a,eegnet,45,ea_forward,cw,0,46.167227268218994,4,128,32,64,128,completed,True,ad_data/exp031/exp031_full_20260729_174215/bciciv2a_eegnet_seed45_ea_forward_cw.pth
attack_bciciv2a_eegnet_seed45_rpcf_at_autoattack,attack,bciciv2a,eegnet,45,rpcf_at,autoattack,0,2503.3476593494415,5,128,32,64,128,completed,True,ad_data/exp031/exp031_full_20260729_174215/bciciv2a_eegnet_seed45_rpcf_at_autoattack.pth
attack_bciciv2a_eegnet_seed45_rpcf_at_fgsm,attack,bciciv2a,eegnet,45,rpcf_at,fgsm,0,36.02816867828369,4,128,32,64,128,completed,True,ad_data/exp031/exp031_full_20260729_174215/bciciv2a_eegnet_seed45_rpcf_at_fgsm.pth
attack_bciciv2a_eegnet_seed45_rpcf_at_pgd,attack,bciciv2a,eegnet,45,rpcf_at,pgd,0,56.05649018287659,4,128,32,64,128,completed,True,ad_data/exp031/exp031_full_20260729_174215/bciciv2a_eegnet_seed45_rpcf_at_pgd.pth
attack_bciciv2a_eegnet_seed45_rpcf_at_cw,attack,bciciv2a,eegnet,45,rpcf_at,cw,0,44.05914521217346,4,128,32,64,128,completed,True,ad_data/exp031/exp031_full_20260729_174215/bciciv2a_eegnet_seed45_rpcf_at_cw.pth
attack_bciciv2a_eegnet_seed46_madry_autoattack,attack,bciciv2a,eegnet,46,madry,autoattack,0,589.4281942844391,4,128,32,64,128,completed,True,ad_data/exp031/exp031_full_20260729_174215/bciciv2a_eegnet_seed46_madry_autoattack.pth
attack_bciciv2a_eegnet_seed46_madry_fgsm,attack,bciciv2a,eegnet,46,madry,fgsm,0,100.17416524887085,3,128,32,64,128,completed,True,ad_data/exp031/exp031_full_20260729_174215/bciciv2a_eegnet_seed46_madry_fgsm.pth
attack_bciciv2a_eegnet_seed46_madry_pgd,attack,bciciv2a,eegnet,46,madry,pgd,0,128.21816492080688,3,128,32,64,128,completed,True,ad_data/exp031/exp031_full_20260729_174215/bciciv2a_eegnet_seed46_madry_pgd.pth
attack_bciciv2a_eegnet_seed46_madry_cw,attack,bciciv2a,eegnet,46,madry,cw,0,88.15316915512085,3,128,32,64,128,completed,True,ad_data/exp031/exp031_full_20260729_174215/bciciv2a_eegnet_seed46_madry_cw.pth
attack_bciciv2a_eegnet_seed46_trades_autoattack,attack,bciciv2a,eegnet,46,trades,autoattack,0,1384.0593645572662,3,128,32,64,128,completed,True,ad_data/exp031/exp031_full_20260729_174215/bciciv2a_eegnet_seed46_trades_autoattack.pth
attack_bciciv2a_eegnet_seed46_trades_fgsm,attack,bciciv2a,eegnet,46,trades,fgsm,0,32.02615165710449,4,128,32,64,128,completed,True,ad_data/exp031/exp031_full_20260729_174215/bciciv2a_eegnet_seed46_trades_fgsm.pth
attack_bciciv2a_eegnet_seed46_trades_pgd,attack,bciciv2a,eegnet,46,trades,pgd,0,54.05396914482117,4,128,32,64,128,completed,True,ad_data/exp031/exp031_full_20260729_174215/bciciv2a_eegnet_seed46_trades_pgd.pth
attack_bciciv2a_eegnet_seed46_trades_cw,attack,bciciv2a,eegnet,46,trades,cw,0,54.05775451660156,4,128,32,64,128,completed,True,ad_data/exp031/exp031_full_20260729_174215/bciciv2a_eegnet_seed46_trades_cw.pth
attack_bciciv2a_eegnet_seed46_fbf_autoattack,attack,bciciv2a,eegnet,46,fbf,autoattack,0,473.2498083114624,4,128,32,64,128,completed,True,ad_data/exp031/exp031_full_20260729_174215/bciciv2a_eegnet_seed46_fbf_autoattack.pth
attack_bciciv2a_eegnet_seed46_fbf_fgsm,attack,bciciv2a,eegnet,46,fbf,fgsm,0,102.20148134231567,0,128,32,64,128,completed,True,ad_data/exp031/exp031_full_20260729_174215/bciciv2a_eegnet_seed46_fbf_fgsm.pth
attack_bciciv2a_eegnet_seed46_fbf_pgd,attack,bciciv2a,eegnet,46,fbf,pgd,0,128.23278427124023,0,128,32,64,128,completed,True,ad_data/exp031/exp031_full_20260729_174215/bciciv2a_eegnet_seed46_fbf_pgd.pth
attack_bciciv2a_eegnet_seed46_fbf_cw,attack,bciciv2a,eegnet,46,fbf,cw,0,64.19824028015137,0,128,32,64,128,completed,True,ad_data/exp031/exp031_full_20260729_174215/bciciv2a_eegnet_seed46_fbf_cw.pth
attack_bciciv2a_eegnet_seed46_ea_forward_autoattack,attack,bciciv2a,eegnet,46,ea_forward,autoattack,0,34.133383989334106,4,128,32,64,128,completed,True,ad_data/exp031/exp031_full_20260729_174215/bciciv2a_eegnet_seed46_ea_forward_autoattack.pth
attack_bciciv2a_eegnet_seed46_ea_forward_fgsm,attack,bciciv2a,eegnet,46,ea_forward,fgsm,0,26.10063147544861,0,128,32,64,128,completed,True,ad_data/exp031/exp031_full_20260729_174215/bciciv2a_eegnet_seed46_ea_forward_fgsm.pth
attack_bciciv2a_eegnet_seed46_ea_forward_pgd,attack,bciciv2a,eegnet,46,ea_forward,pgd,0,52.30210900306702,4,128,32,64,128,completed,True,ad_data/exp031/exp031_full_20260729_174215/bciciv2a_eegnet_seed46_ea_forward_pgd.pth
attack_bciciv2a_eegnet_seed46_ea_forward_cw,attack,bciciv2a,eegnet,46,ea_forward,cw,0,38.03973627090454,0,128,32,64,128,completed,True,ad_data/exp031/exp031_full_20260729_174215/bciciv2a_eegnet_seed46_ea_forward_cw.pth
attack_bciciv2a_eegnet_seed46_rpcf_at_autoattack,attack,bciciv2a,eegnet,46,rpcf_at,autoattack,0,567.1763546466827,0,128,32,64,128,completed,True,ad_data/exp031/exp031_full_20260729_174215/bciciv2a_eegnet_seed46_rpcf_at_autoattack.pth
attack_bciciv2a_eegnet_seed46_rpcf_at_fgsm,attack,bciciv2a,eegnet,46,rpcf_at,fgsm,0,86.07861542701721,4,128,32,64,128,completed,True,ad_data/exp031/exp031_full_20260729_174215/bciciv2a_eegnet_seed46_rpcf_at_fgsm.pth
attack_bciciv2a_eegnet_seed46_rpcf_at_pgd,attack,bciciv2a,eegnet,46,rpcf_at,pgd,0,114.09301733970642,4,128,32,64,128,completed,True,ad_data/exp031/exp031_full_20260729_174215/bciciv2a_eegnet_seed46_rpcf_at_pgd.pth
attack_bciciv2a_eegnet_seed46_rpcf_at_cw,attack,bciciv2a,eegnet,46,rpcf_at,cw,0,134.2471797466278,4,128,32,64,128,completed,True,ad_data/exp031/exp031_full_20260729_174215/bciciv2a_eegnet_seed46_rpcf_at_cw.pth
attack_bciciv2a_deepconvnet_seed42_madry_autoattack,attack,bciciv2a,deepconvnet,42,madry,autoattack,0,2571.5337612628937,4,128,32,64,128,completed,True,ad_data/exp031/exp031_full_20260729_174215/bciciv2a_deepconvnet_seed42_madry_autoattack.pth
attack_bciciv2a_deepconvnet_seed42_madry_fgsm,attack,bciciv2a,deepconvnet,42,madry,fgsm,0,34.0480899810791,0,128,32,64,128,completed,True,ad_data/exp031/exp031_full_20260729_174215/bciciv2a_deepconvnet_seed42_madry_fgsm.pth
attack_bciciv2a_deepconvnet_seed42_madry_pgd,attack,bciciv2a,deepconvnet,42,madry,pgd,0,76.17028903961182,0,128,32,64,128,completed,True,ad_data/exp031/exp031_full_20260729_174215/bciciv2a_deepconvnet_seed42_madry_pgd.pth
attack_bciciv2a_deepconvnet_seed42_madry_cw,attack,bciciv2a,deepconvnet,42,madry,cw,0,86.23517632484436,3,128,32,64,128,completed,True,ad_data/exp031/exp031_full_20260729_174215/bciciv2a_deepconvnet_seed42_madry_cw.pth
attack_bciciv2a_deepconvnet_seed42_trades_autoattack,attack,bciciv2a,deepconvnet,42,trades,autoattack,0,549.5630369186401,0,128,32,64,128,completed,True,ad_data/exp031/exp031_full_20260729_174215/bciciv2a_deepconvnet_seed42_trades_autoattack.pth
attack_bciciv2a_deepconvnet_seed42_trades_fgsm,attack,bciciv2a,deepconvnet,42,trades,fgsm,0,110.18618273735046,3,128,32,64,128,completed,True,ad_data/exp031/exp031_full_20260729_174215/bciciv2a_deepconvnet_seed42_trades_fgsm.pth
attack_bciciv2a_deepconvnet_seed42_trades_pgd,attack,bciciv2a,deepconvnet,42,trades,pgd,0,154.1301326751709,3,128,32,64,128,completed,True,ad_data/exp031/exp031_full_20260729_174215/bciciv2a_deepconvnet_seed42_trades_pgd.pth
attack_bciciv2a_deepconvnet_seed42_trades_cw,attack,bciciv2a,deepconvnet,42,trades,cw,0,80.26035284996033,3,128,32,64,128,completed,True,ad_data/exp031/exp031_full_20260729_174215/bciciv2a_deepconvnet_seed42_trades_cw.pth
attack_bciciv2a_deepconvnet_seed42_fbf_autoattack,attack,bciciv2a,deepconvnet,42,fbf,autoattack,0,2329.1688628196716,5,128,32,64,128,completed,True,ad_data/exp031/exp031_full_20260729_174215/bciciv2a_deepconvnet_seed42_fbf_autoattack.pth
attack_bciciv2a_deepconvnet_seed42_fbf_fgsm,attack,bciciv2a,deepconvnet,42,fbf,fgsm,0,76.07251834869385,3,128,32,64,128,completed,True,ad_data/exp031/exp031_full_20260729_174215/bciciv2a_deepconvnet_seed42_fbf_fgsm.pth
attack_bciciv2a_deepconvnet_seed42_fbf_pgd,attack,bciciv2a,deepconvnet,42,fbf,pgd,0,74.18104362487793,3,128,32,64,128,completed,True,ad_data/exp031/exp031_full_20260729_174215/bciciv2a_deepconvnet_seed42_fbf_pgd.pth
attack_bciciv2a_deepconvnet_seed42_fbf_cw,attack,bciciv2a,deepconvnet,42,fbf,cw,0,98.34814095497131,0,128,32,64,128,completed,True,ad_data/exp031/exp031_full_20260729_174215/bciciv2a_deepconvnet_seed42_fbf_cw.pth
attack_bciciv2a_deepconvnet_seed42_ea_forward_autoattack,attack,bciciv2a,deepconvnet,42,ea_forward,autoattack,0,615.9729013442993,3,128,32,64,128,completed,True,ad_data/exp031/exp031_full_20260729_174215/bciciv2a_deepconvnet_seed42_ea_forward_autoattack.pth
attack_bciciv2a_deepconvnet_seed42_ea_forward_fgsm,attack,bciciv2a,deepconvnet,42,ea_forward,fgsm,0,26.04179573059082,0,128,32,64,128,completed,True,ad_data/exp031/exp031_full_20260729_174215/bciciv2a_deepconvnet_seed42_ea_forward_fgsm.pth
attack_bciciv2a_deepconvnet_seed42_ea_forward_pgd,attack,bciciv2a,deepconvnet,42,ea_forward,pgd,0,68.09533715248108,0,128,32,64,128,completed,True,ad_data/exp031/exp031_full_20260729_174215/bciciv2a_deepconvnet_seed42_ea_forward_pgd.pth
attack_bciciv2a_deepconvnet_seed42_ea_forward_cw,attack,bciciv2a,deepconvnet,42,ea_forward,cw,0,40.08914661407471,0,128,32,64,128,completed,True,ad_data/exp031/exp031_full_20260729_174215/bciciv2a_deepconvnet_seed42_ea_forward_cw.pth
attack_bciciv2a_deepconvnet_seed42_rpcf_at_autoattack,attack,bciciv2a,deepconvnet,42,rpcf_at,autoattack,0,2448.9367837905884,0,128,32,64,128,completed,True,ad_data/exp031/exp031_full_20260729_174215/bciciv2a_deepconvnet_seed42_rpcf_at_autoattack.pth
attack_bciciv2a_deepconvnet_seed42_rpcf_at_fgsm,attack,bciciv2a,deepconvnet,42,rpcf_at,fgsm,0,88.07192182540894,1,128,32,64,128,completed,True,ad_data/exp031/exp031_full_20260729_174215/bciciv2a_deepconvnet_seed42_rpcf_at_fgsm.pth
attack_bciciv2a_deepconvnet_seed42_rpcf_at_pgd,attack,bciciv2a,deepconvnet,42,rpcf_at,pgd,0,100.39732146263123,1,128,32,64,128,completed,True,ad_data/exp031/exp031_full_20260729_174215/bciciv2a_deepconvnet_seed42_rpcf_at_pgd.pth
attack_bciciv2a_deepconvnet_seed42_rpcf_at_cw,attack,bciciv2a,deepconvnet,42,rpcf_at,cw,0,64.08653211593628,3,128,32,64,128,completed,True,ad_data/exp031/exp031_full_20260729_174215/bciciv2a_deepconvnet_seed42_rpcf_at_cw.pth
attack_bciciv2a_deepconvnet_seed43_madry_autoattack,attack,bciciv2a,deepconvnet,43,madry,autoattack,0,2448.882478237152,3,128,32,64,128,completed,True,ad_data/exp031/exp031_full_20260729_174215/bciciv2a_deepconvnet_seed43_madry_autoattack.pth
attack_bciciv2a_deepconvnet_seed43_madry_fgsm,attack,bciciv2a,deepconvnet,43,madry,fgsm,0,68.0699098110199,1,128,32,64,128,completed,True,ad_data/exp031/exp031_full_20260729_174215/bciciv2a_deepconvnet_seed43_madry_fgsm.pth
attack_bciciv2a_deepconvnet_seed43_madry_pgd,attack,bciciv2a,deepconvnet,43,madry,pgd,0,74.09776043891907,1,128,32,64,128,completed,True,ad_data/exp031/exp031_full_20260729_174215/bciciv2a_deepconvnet_seed43_madry_pgd.pth
attack_bciciv2a_deepconvnet_seed43_madry_cw,attack,bciciv2a,deepconvnet,43,madry,cw,0,52.045045137405396,1,128,32,64,128,completed,True,ad_data/exp031/exp031_full_20260729_174215/bciciv2a_deepconvnet_seed43_madry_cw.pth
attack_bciciv2a_deepconvnet_seed43_trades_autoattack,attack,bciciv2a,deepconvnet,43,trades,autoattack,0,458.8681924343109,1,128,32,64,128,completed,True,ad_data/exp031/exp031_full_20260729_174215/bciciv2a_deepconvnet_seed43_trades_autoattack.pth
attack_bciciv2a_deepconvnet_seed43_trades_fgsm,attack,bciciv2a,deepconvnet,43,trades,fgsm,0,32.04687547683716,1,128,32,64,128,completed,True,ad_data/exp031/exp031_full_20260729_174215/bciciv2a_deepconvnet_seed43_trades_fgsm.pth
attack_bciciv2a_deepconvnet_seed43_trades_pgd,attack,bciciv2a,deepconvnet,43,trades,pgd,0,74.06469583511353,1,128,32,64,128,completed,True,ad_data/exp031/exp031_full_20260729_174215/bciciv2a_deepconvnet_seed43_trades_pgd.pth
attack_bciciv2a_deepconvnet_seed43_trades_cw,attack,bciciv2a,deepconvnet,43,trades,cw,0,74.07902956008911,1,128,32,64,128,completed,True,ad_data/exp031/exp031_full_20260729_174215/bciciv2a_deepconvnet_seed43_trades_cw.pth
attack_bciciv2a_deepconvnet_seed43_fbf_autoattack,attack,bciciv2a,deepconvnet,43,fbf,autoattack,0,541.4542181491852,1,128,32,64,128,completed,True,ad_data/exp031/exp031_full_20260729_174215/bciciv2a_deepconvnet_seed43_fbf_autoattack.pth
attack_bciciv2a_deepconvnet_seed43_fbf_fgsm,attack,bciciv2a,deepconvnet,43,fbf,fgsm,0,96.17477464675903,4,128,32,64,128,completed,True,ad_data/exp031/exp031_full_20260729_174215/bciciv2a_deepconvnet_seed43_fbf_fgsm.pth
attack_bciciv2a_deepconvnet_seed43_fbf_pgd,attack,bciciv2a,deepconvnet,43,fbf,pgd,0,138.229590177536,4,128,32,64,128,completed,True,ad_data/exp031/exp031_full_20260729_174215/bciciv2a_deepconvnet_seed43_fbf_pgd.pth
attack_bciciv2a_deepconvnet_seed43_fbf_cw,attack,bciciv2a,deepconvnet,43,fbf,cw,0,144.11317229270935,4,128,32,64,128,completed,True,ad_data/exp031/exp031_full_20260729_174215/bciciv2a_deepconvnet_seed43_fbf_cw.pth
attack_bciciv2a_deepconvnet_seed43_ea_forward_autoattack,attack,bciciv2a,deepconvnet,43,ea_forward,autoattack,0,1081.196157693863,4,128,32,64,128,completed,True,ad_data/exp031/exp031_full_20260729_174215/bciciv2a_deepconvnet_seed43_ea_forward_autoattack.pth
attack_bciciv2a_deepconvnet_seed43_ea_forward_fgsm,attack,bciciv2a,deepconvnet,43,ea_forward,fgsm,0,30.024372100830078,1,128,32,64,128,completed,True,ad_data/exp031/exp031_full_20260729_174215/bciciv2a_deepconvnet_seed43_ea_forward_fgsm.pth
attack_bciciv2a_deepconvnet_seed43_ea_forward_pgd,attack,bciciv2a,deepconvnet,43,ea_forward,pgd,0,70.23747158050537,1,128,32,64,128,completed,True,ad_data/exp031/exp031_full_20260729_174215/bciciv2a_deepconvnet_seed43_ea_forward_pgd.pth
attack_bciciv2a_deepconvnet_seed43_ea_forward_cw,attack,bciciv2a,deepconvnet,43,ea_forward,cw,0,46.22446417808533,5,128,32,64,128,completed,True,ad_data/exp031/exp031_full_20260729_174215/bciciv2a_deepconvnet_seed43_ea_forward_cw.pth
attack_bciciv2a_deepconvnet_seed43_rpcf_at_autoattack,attack,bciciv2a,deepconvnet,43,rpcf_at,autoattack,0,2536.244946718216,1,128,32,64,128,completed,True,ad_data/exp031/exp031_full_20260729_174215/bciciv2a_deepconvnet_seed43_rpcf_at_autoattack.pth
attack_bciciv2a_deepconvnet_seed43_rpcf_at_fgsm,attack,bciciv2a,deepconvnet,43,rpcf_at,fgsm,0,80.12874555587769,5,128,32,64,128,completed,True,ad_data/exp031/exp031_full_20260729_174215/bciciv2a_deepconvnet_seed43_rpcf_at_fgsm.pth
attack_bciciv2a_deepconvnet_seed43_rpcf_at_pgd,attack,bciciv2a,deepconvnet,43,rpcf_at,pgd,0,112.16981077194214,5,128,32,64,128,completed,True,ad_data/exp031/exp031_full_20260729_174215/bciciv2a_deepconvnet_seed43_rpcf_at_pgd.pth
attack_bciciv2a_deepconvnet_seed43_rpcf_at_cw,attack,bciciv2a,deepconvnet,43,rpcf_at,cw,0,76.13969850540161,5,128,32,64,128,completed,True,ad_data/exp031/exp031_full_20260729_174215/bciciv2a_deepconvnet_seed43_rpcf_at_cw.pth
attack_bciciv2a_deepconvnet_seed44_madry_autoattack,attack,bciciv2a,deepconvnet,44,madry,autoattack,0,2534.038756608963,5,128,32,64,128,completed,True,ad_data/exp031/exp031_full_20260729_174215/bciciv2a_deepconvnet_seed44_madry_autoattack.pth
attack_bciciv2a_deepconvnet_seed44_madry_fgsm,attack,bciciv2a,deepconvnet,44,madry,fgsm,0,66.12814140319824,0,128,32,64,128,completed,True,ad_data/exp031/exp031_full_20260729_174215/bciciv2a_deepconvnet_seed44_madry_fgsm.pth
attack_bciciv2a_deepconvnet_seed44_madry_pgd,attack,bciciv2a,deepconvnet,44,madry,pgd,0,128.1003212928772,0,128,32,64,128,completed,True,ad_data/exp031/exp031_full_20260729_174215/bciciv2a_deepconvnet_seed44_madry_pgd.pth
attack_bciciv2a_deepconvnet_seed44_madry_cw,attack,bciciv2a,deepconvnet,44,madry,cw,0,110.19919681549072,0,128,32,64,128,completed,True,ad_data/exp031/exp031_full_20260729_174215/bciciv2a_deepconvnet_seed44_madry_cw.pth
attack_bciciv2a_deepconvnet_seed44_trades_autoattack,attack,bciciv2a,deepconvnet,44,trades,autoattack,0,694.3631572723389,0,128,32,64,128,completed,True,ad_data/exp031/exp031_full_20260729_174215/bciciv2a_deepconvnet_seed44_trades_autoattack.pth
attack_bciciv2a_deepconvnet_seed44_trades_fgsm,attack,bciciv2a,deepconvnet,44,trades,fgsm,0,82.24579811096191,3,128,32,64,128,completed,True,ad_data/exp031/exp031_full_20260729_174215/bciciv2a_deepconvnet_seed44_trades_fgsm.pth
attack_bciciv2a_deepconvnet_seed44_trades_pgd,attack,bciciv2a,deepconvnet,44,trades,pgd,0,130.29979133605957,4,128,32,64,128,completed,True,ad_data/exp031/exp031_full_20260729_174215/bciciv2a_deepconvnet_seed44_trades_pgd.pth
attack_bciciv2a_deepconvnet_seed44_trades_cw,attack,bciciv2a,deepconvnet,44,trades,cw,0,156.49068927764893,3,128,32,64,128,completed,True,ad_data/exp031/exp031_full_20260729_174215/bciciv2a_deepconvnet_seed44_trades_cw.pth
attack_bciciv2a_deepconvnet_seed44_fbf_autoattack,attack,bciciv2a,deepconvnet,44,fbf,autoattack,0,2081.571088075638,4,128,32,64,128,completed,True,ad_data/exp031/exp031_full_20260729_174215/bciciv2a_deepconvnet_seed44_fbf_autoattack.pth
attack_bciciv2a_deepconvnet_seed44_fbf_fgsm,attack,bciciv2a,deepconvnet,44,fbf,fgsm,0,78.14489245414734,3,128,32,64,128,completed,True,ad_data/exp031/exp031_full_20260729_174215/bciciv2a_deepconvnet_seed44_fbf_fgsm.pth
attack_bciciv2a_deepconvnet_seed44_fbf_pgd,attack,bciciv2a,deepconvnet,44,fbf,pgd,0,116.23114848136902,3,128,32,64,128,completed,True,ad_data/exp031/exp031_full_20260729_174215/bciciv2a_deepconvnet_seed44_fbf_pgd.pth
attack_bciciv2a_deepconvnet_seed44_fbf_cw,attack,bciciv2a,deepconvnet,44,fbf,cw,0,104.09767937660217,3,128,32,64,128,completed,True,ad_data/exp031/exp031_full_20260729_174215/bciciv2a_deepconvnet_seed44_fbf_cw.pth
attack_bciciv2a_deepconvnet_seed44_ea_forward_autoattack,attack,bciciv2a,deepconvnet,44,ea_forward,autoattack,0,222.67741632461548,3,128,32,64,128,completed,True,ad_data/exp031/exp031_full_20260729_174215/bciciv2a_deepconvnet_seed44_ea_forward_autoattack.pth
attack_bciciv2a_deepconvnet_seed44_ea_forward_fgsm,attack,bciciv2a,deepconvnet,44,ea_forward,fgsm,0,24.016193389892578,0,128,32,64,128,completed,True,ad_data/exp031/exp031_full_20260729_174215/bciciv2a_deepconvnet_seed44_ea_forward_fgsm.pth
attack_bciciv2a_deepconvnet_seed44_ea_forward_pgd,attack,bciciv2a,deepconvnet,44,ea_forward,pgd,0,156.23737263679504,0,128,32,64,128,completed,True,ad_data/exp031/exp031_full_20260729_174215/bciciv2a_deepconvnet_seed44_ea_forward_pgd.pth
attack_bciciv2a_deepconvnet_seed44_ea_forward_cw,attack,bciciv2a,deepconvnet,44,ea_forward,cw,0,56.240511655807495,0,128,32,64,128,completed,True,ad_data/exp031/exp031_full_20260729_174215/bciciv2a_deepconvnet_seed44_ea_forward_cw.pth
attack_bciciv2a_deepconvnet_seed44_rpcf_at_autoattack,attack,bciciv2a,deepconvnet,44,rpcf_at,autoattack,0,1911.7641956806183,3,128,32,64,128,completed,True,ad_data/exp031/exp031_full_20260729_174215/bciciv2a_deepconvnet_seed44_rpcf_at_autoattack.pth
attack_bciciv2a_deepconvnet_seed44_rpcf_at_fgsm,attack,bciciv2a,deepconvnet,44,rpcf_at,fgsm,0,86.13644623756409,0,128,32,64,128,completed,True,ad_data/exp031/exp031_full_20260729_174215/bciciv2a_deepconvnet_seed44_rpcf_at_fgsm.pth
attack_bciciv2a_deepconvnet_seed44_rpcf_at_pgd,attack,bciciv2a,deepconvnet,44,rpcf_at,pgd,0,128.24253511428833,0,128,32,64,128,completed,True,ad_data/exp031/exp031_full_20260729_174215/bciciv2a_deepconvnet_seed44_rpcf_at_pgd.pth
attack_bciciv2a_deepconvnet_seed44_rpcf_at_cw,attack,bciciv2a,deepconvnet,44,rpcf_at,cw,0,104.20052003860474,0,128,32,64,128,completed,True,ad_data/exp031/exp031_full_20260729_174215/bciciv2a_deepconvnet_seed44_rpcf_at_cw.pth
attack_bciciv2a_deepconvnet_seed45_madry_autoattack,attack,bciciv2a,deepconvnet,45,madry,autoattack,0,1760.4156610965729,0,128,32,64,128,completed,True,ad_data/exp031/exp031_full_20260729_174215/bciciv2a_deepconvnet_seed45_madry_autoattack.pth
attack_bciciv2a_deepconvnet_seed45_madry_fgsm,attack,bciciv2a,deepconvnet,45,madry,fgsm,0,42.08511543273926,6,128,32,64,128,completed,True,ad_data/exp031/exp031_full_20260729_174215/bciciv2a_deepconvnet_seed45_madry_fgsm.pth
attack_bciciv2a_deepconvnet_seed45_madry_pgd,attack,bciciv2a,deepconvnet,45,madry,pgd,0,110.10245490074158,6,128,32,64,128,completed,True,ad_data/exp031/exp031_full_20260729_174215/bciciv2a_deepconvnet_seed45_madry_pgd.pth
attack_bciciv2a_deepconvnet_seed45_madry_cw,attack,bciciv2a,deepconvnet,45,madry,cw,0,56.096184968948364,6,128,32,64,128,completed,True,ad_data/exp031/exp031_full_20260729_174215/bciciv2a_deepconvnet_seed45_madry_cw.pth
attack_bciciv2a_deepconvnet_seed45_trades_autoattack,attack,bciciv2a,deepconvnet,45,trades,autoattack,0,1104.1756825447083,6,128,32,64,128,completed,True,ad_data/exp031/exp031_full_20260729_174215/bciciv2a_deepconvnet_seed45_trades_autoattack.pth
attack_bciciv2a_deepconvnet_seed45_trades_fgsm,attack,bciciv2a,deepconvnet,45,trades,fgsm,0,74.11193799972534,1,128,32,64,128,completed,True,ad_data/exp031/exp031_full_20260729_174215/bciciv2a_deepconvnet_seed45_trades_fgsm.pth
attack_bciciv2a_deepconvnet_seed45_trades_pgd,attack,bciciv2a,deepconvnet,45,trades,pgd,0,134.20014882087708,1,128,32,64,128,completed,True,ad_data/exp031/exp031_full_20260729_174215/bciciv2a_deepconvnet_seed45_trades_pgd.pth
attack_bciciv2a_deepconvnet_seed45_trades_cw,attack,bciciv2a,deepconvnet,45,trades,cw,0,108.38372421264648,1,128,32,64,128,completed,True,ad_data/exp031/exp031_full_20260729_174215/bciciv2a_deepconvnet_seed45_trades_cw.pth
attack_bciciv2a_deepconvnet_seed45_fbf_autoattack,attack,bciciv2a,deepconvnet,45,fbf,autoattack,0,1319.6545310020447,5,128,32,64,128,completed,True,ad_data/exp031/exp031_full_20260729_174215/bciciv2a_deepconvnet_seed45_fbf_autoattack.pth
attack_bciciv2a_deepconvnet_seed45_fbf_fgsm,attack,bciciv2a,deepconvnet,45,fbf,fgsm,0,66.10140824317932,1,128,32,64,128,completed,True,ad_data/exp031/exp031_full_20260729_174215/bciciv2a_deepconvnet_seed45_fbf_fgsm.pth
attack_bciciv2a_deepconvnet_seed45_fbf_pgd,attack,bciciv2a,deepconvnet,45,fbf,pgd,0,118.19778680801392,1,128,32,64,128,completed,True,ad_data/exp031/exp031_full_20260729_174215/bciciv2a_deepconvnet_seed45_fbf_pgd.pth
attack_bciciv2a_deepconvnet_seed45_fbf_cw,attack,bciciv2a,deepconvnet,45,fbf,cw,0,122.23079013824463,1,128,32,64,128,completed,True,ad_data/exp031/exp031_full_20260729_174215/bciciv2a_deepconvnet_seed45_fbf_cw.pth
attack_bciciv2a_deepconvnet_seed45_ea_forward_autoattack,attack,bciciv2a,deepconvnet,45,ea_forward,autoattack,0,818.3403587341309,1,128,32,64,128,completed,True,ad_data/exp031/exp031_full_20260729_174215/bciciv2a_deepconvnet_seed45_ea_forward_autoattack.pth
attack_bciciv2a_deepconvnet_seed45_ea_forward_fgsm,attack,bciciv2a,deepconvnet,45,ea_forward,fgsm,0,24.035747289657593,4,128,32,64,128,completed,True,ad_data/exp031/exp031_full_20260729_174215/bciciv2a_deepconvnet_seed45_ea_forward_fgsm.pth
attack_bciciv2a_deepconvnet_seed45_ea_forward_pgd,attack,bciciv2a,deepconvnet,45,ea_forward,pgd,0,190.09934258460999,4,128,32,64,128,completed,True,ad_data/exp031/exp031_full_20260729_174215/bciciv2a_deepconvnet_seed45_ea_forward_pgd.pth
attack_bciciv2a_deepconvnet_seed45_ea_forward_cw,attack,bciciv2a,deepconvnet,45,ea_forward,cw,0,66.23818612098694,6,128,32,64,128,completed,True,ad_data/exp031/exp031_full_20260729_174215/bciciv2a_deepconvnet_seed45_ea_forward_cw.pth
attack_bciciv2a_deepconvnet_seed45_rpcf_at_autoattack,attack,bciciv2a,deepconvnet,45,rpcf_at,autoattack,0,1634.8943719863892,3,128,32,64,128,completed,True,ad_data/exp031/exp031_full_20260729_174215/bciciv2a_deepconvnet_seed45_rpcf_at_autoattack.pth
attack_bciciv2a_deepconvnet_seed45_rpcf_at_fgsm,attack,bciciv2a,deepconvnet,45,rpcf_at,fgsm,0,72.44796657562256,6,128,32,64,128,completed,True,ad_data/exp031/exp031_full_20260729_174215/bciciv2a_deepconvnet_seed45_rpcf_at_fgsm.pth
attack_bciciv2a_deepconvnet_seed45_rpcf_at_pgd,attack,bciciv2a,deepconvnet,45,rpcf_at,pgd,0,120.31835675239563,6,128,32,64,128,completed,True,ad_data/exp031/exp031_full_20260729_174215/bciciv2a_deepconvnet_seed45_rpcf_at_pgd.pth
attack_bciciv2a_deepconvnet_seed45_rpcf_at_cw,attack,bciciv2a,deepconvnet,45,rpcf_at,cw,0,92.92101788520813,0,128,32,64,128,completed,True,ad_data/exp031/exp031_full_20260729_174215/bciciv2a_deepconvnet_seed45_rpcf_at_cw.pth
attack_bciciv2a_deepconvnet_seed46_madry_autoattack,attack,bciciv2a,deepconvnet,46,madry,autoattack,0,1740.983103275299,6,128,32,64,128,completed,True,ad_data/exp031/exp031_full_20260729_174215/bciciv2a_deepconvnet_seed46_madry_autoattack.pth
attack_bciciv2a_deepconvnet_seed46_madry_fgsm,attack,bciciv2a,deepconvnet,46,madry,fgsm,0,68.73771476745605,0,128,32,64,128,completed,True,ad_data/exp031/exp031_full_20260729_174215/bciciv2a_deepconvnet_seed46_madry_fgsm.pth
attack_bciciv2a_deepconvnet_seed46_madry_pgd,attack,bciciv2a,deepconvnet,46,madry,pgd,0,105.4361400604248,0,128,32,64,128,completed,True,ad_data/exp031/exp031_full_20260729_174215/bciciv2a_deepconvnet_seed46_madry_pgd.pth
attack_bciciv2a_deepconvnet_seed46_madry_cw,attack,bciciv2a,deepconvnet,46,madry,cw,0,96.44610166549683,1,128,32,64,128,completed,True,ad_data/exp031/exp031_full_20260729_174215/bciciv2a_deepconvnet_seed46_madry_cw.pth
attack_bciciv2a_deepconvnet_seed46_trades_autoattack,attack,bciciv2a,deepconvnet,46,trades,autoattack,0,1110.647708415985,1,128,32,64,128,completed,True,ad_data/exp031/exp031_full_20260729_174215/bciciv2a_deepconvnet_seed46_trades_autoattack.pth
attack_bciciv2a_deepconvnet_seed46_trades_fgsm,attack,bciciv2a,deepconvnet,46,trades,fgsm,0,79.68743419647217,0,128,32,64,128,completed,True,ad_data/exp031/exp031_full_20260729_174215/bciciv2a_deepconvnet_seed46_trades_fgsm.pth
attack_bciciv2a_deepconvnet_seed46_trades_pgd,attack,bciciv2a,deepconvnet,46,trades,pgd,0,111.63953065872192,0,128,32,64,128,completed,True,ad_data/exp031/exp031_full_20260729_174215/bciciv2a_deepconvnet_seed46_trades_pgd.pth
attack_bciciv2a_deepconvnet_seed46_trades_cw,attack,bciciv2a,deepconvnet,46,trades,cw,0,104.70670366287231,5,128,32,64,128,completed,True,ad_data/exp031/exp031_full_20260729_174215/bciciv2a_deepconvnet_seed46_trades_cw.pth
attack_bciciv2a_deepconvnet_seed46_fbf_autoattack,attack,bciciv2a,deepconvnet,46,fbf,autoattack,0,1680.2101562023163,5,128,32,64,128,completed,True,ad_data/exp031/exp031_full_20260729_174215/bciciv2a_deepconvnet_seed46_fbf_autoattack.pth
attack_bciciv2a_deepconvnet_seed46_fbf_fgsm,attack,bciciv2a,deepconvnet,46,fbf,fgsm,0,66.36309218406677,0,128,32,64,128,completed,True,ad_data/exp031/exp031_full_20260729_174215/bciciv2a_deepconvnet_seed46_fbf_fgsm.pth
attack_bciciv2a_deepconvnet_seed46_fbf_pgd,attack,bciciv2a,deepconvnet,46,fbf,pgd,0,119.57117772102356,0,128,32,64,128,completed,True,ad_data/exp031/exp031_full_20260729_174215/bciciv2a_deepconvnet_seed46_fbf_pgd.pth
attack_bciciv2a_deepconvnet_seed46_fbf_cw,attack,bciciv2a,deepconvnet,46,fbf,cw,0,83.0874228477478,0,128,32,64,128,completed,True,ad_data/exp031/exp031_full_20260729_174215/bciciv2a_deepconvnet_seed46_fbf_cw.pth
attack_bciciv2a_deepconvnet_seed46_ea_forward_autoattack,attack,bciciv2a,deepconvnet,46,ea_forward,autoattack,0,202.52679467201233,0,128,32,64,128,completed,True,ad_data/exp031/exp031_full_20260729_174215/bciciv2a_deepconvnet_seed46_ea_forward_autoattack.pth
attack_bciciv2a_deepconvnet_seed46_ea_forward_fgsm,attack,bciciv2a,deepconvnet,46,ea_forward,fgsm,0,55.38843774795532,0,128,32,64,128,completed,True,ad_data/exp031/exp031_full_20260729_174215/bciciv2a_deepconvnet_seed46_ea_forward_fgsm.pth
attack_bciciv2a_deepconvnet_seed46_ea_forward_pgd,attack,bciciv2a,deepconvnet,46,ea_forward,pgd,0,97.95367002487183,0,128,32,64,128,completed,True,ad_data/exp031/exp031_full_20260729_174215/bciciv2a_deepconvnet_seed46_ea_forward_pgd.pth
attack_bciciv2a_deepconvnet_seed46_ea_forward_cw,attack,bciciv2a,deepconvnet,46,ea_forward,cw,0,74.55990600585938,0,128,32,64,128,completed,True,ad_data/exp031/exp031_full_20260729_174215/bciciv2a_deepconvnet_seed46_ea_forward_cw.pth
attack_bciciv2a_deepconvnet_seed46_rpcf_at_autoattack,attack,bciciv2a,deepconvnet,46,rpcf_at,autoattack,0,1676.2387735843658,0,128,32,64,128,completed,True,ad_data/exp031/exp031_full_20260729_174215/bciciv2a_deepconvnet_seed46_rpcf_at_autoattack.pth
attack_bciciv2a_deepconvnet_seed46_rpcf_at_fgsm,attack,bciciv2a,deepconvnet,46,rpcf_at,fgsm,0,62.016077518463135,1,128,32,64,128,completed,True,ad_data/exp031/exp031_full_20260729_174215/bciciv2a_deepconvnet_seed46_rpcf_at_fgsm.pth
attack_bciciv2a_deepconvnet_seed46_rpcf_at_pgd,attack,bciciv2a,deepconvnet,46,rpcf_at,pgd,0,98.54918217658997,1,128,32,64,128,completed,True,ad_data/exp031/exp031_full_20260729_174215/bciciv2a_deepconvnet_seed46_rpcf_at_pgd.pth
attack_bciciv2a_deepconvnet_seed46_rpcf_at_cw,attack,bciciv2a,deepconvnet,46,rpcf_at,cw,0,109.36523509025574,3,128,32,64,128,completed,True,ad_data/exp031/exp031_full_20260729_174215/bciciv2a_deepconvnet_seed46_rpcf_at_cw.pth
attack_bciciv2a_tsception_seed42_madry_autoattack,attack,bciciv2a,tsception,42,madry,autoattack,0,1910.8652756214142,1,128,32,32,64,completed,True,ad_data/exp031/exp031_full_20260729_174215/bciciv2a_tsception_seed42_madry_autoattack.pth
attack_bciciv2a_tsception_seed42_madry_fgsm,attack,bciciv2a,tsception,42,madry,fgsm,0,87.15796279907227,3,128,32,32,64,completed,True,ad_data/exp031/exp031_full_20260729_174215/bciciv2a_tsception_seed42_madry_fgsm.pth
attack_bciciv2a_tsception_seed42_madry_pgd,attack,bciciv2a,tsception,42,madry,pgd,0,151.59996247291565,3,128,32,32,64,completed,True,ad_data/exp031/exp031_full_20260729_174215/bciciv2a_tsception_seed42_madry_pgd.pth
attack_bciciv2a_tsception_seed42_madry_cw,attack,bciciv2a,tsception,42,madry,cw,0,113.34710121154785,3,128,32,32,64,completed,True,ad_data/exp031/exp031_full_20260729_174215/bciciv2a_tsception_seed42_madry_cw.pth
attack_bciciv2a_tsception_seed42_trades_autoattack,attack,bciciv2a,tsception,42,trades,autoattack,0,268.7358498573303,6,128,32,32,64,completed,True,ad_data/exp031/exp031_full_20260729_174215/bciciv2a_tsception_seed42_trades_autoattack.pth
attack_bciciv2a_tsception_seed42_trades_fgsm,attack,bciciv2a,tsception,42,trades,fgsm,0,70.41579627990723,3,128,32,32,64,completed,True,ad_data/exp031/exp031_full_20260729_174215/bciciv2a_tsception_seed42_trades_fgsm.pth
attack_bciciv2a_tsception_seed42_trades_pgd,attack,bciciv2a,tsception,42,trades,pgd,0,132.1711688041687,3,128,32,32,64,completed,True,ad_data/exp031/exp031_full_20260729_174215/bciciv2a_tsception_seed42_trades_pgd.pth
attack_bciciv2a_tsception_seed42_trades_cw,attack,bciciv2a,tsception,42,trades,cw,0,119.57444286346436,6,128,32,32,64,completed,True,ad_data/exp031/exp031_full_20260729_174215/bciciv2a_tsception_seed42_trades_cw.pth
attack_bciciv2a_tsception_seed42_fbf_autoattack,attack,bciciv2a,tsception,42,fbf,autoattack,0,1048.610335111618,3,128,32,32,64,completed,True,ad_data/exp031/exp031_full_20260729_174215/bciciv2a_tsception_seed42_fbf_autoattack.pth
attack_bciciv2a_tsception_seed42_fbf_fgsm,attack,bciciv2a,tsception,42,fbf,fgsm,0,72.80807757377625,5,128,32,32,64,completed,True,ad_data/exp031/exp031_full_20260729_174215/bciciv2a_tsception_seed42_fbf_fgsm.pth
attack_bciciv2a_tsception_seed42_fbf_pgd,attack,bciciv2a,tsception,42,fbf,pgd,0,134.5214602947235,6,128,32,32,64,completed,True,ad_data/exp031/exp031_full_20260729_174215/bciciv2a_tsception_seed42_fbf_pgd.pth
attack_bciciv2a_tsception_seed42_fbf_cw,attack,bciciv2a,tsception,42,fbf,cw,0,83.0724585056305,5,128,32,32,64,completed,True,ad_data/exp031/exp031_full_20260729_174215/bciciv2a_tsception_seed42_fbf_cw.pth
attack_bciciv2a_tsception_seed42_ea_forward_autoattack,attack,bciciv2a,tsception,42,ea_forward,autoattack,0,2073.660753965378,5,128,32,32,64,completed,True,ad_data/exp031/exp031_full_20260729_174215/bciciv2a_tsception_seed42_ea_forward_autoattack.pth
attack_bciciv2a_tsception_seed42_ea_forward_fgsm,attack,bciciv2a,tsception,42,ea_forward,fgsm,0,44.45887207984924,6,128,32,32,64,completed,True,ad_data/exp031/exp031_full_20260729_174215/bciciv2a_tsception_seed42_ea_forward_fgsm.pth
attack_bciciv2a_tsception_seed42_ea_forward_pgd,attack,bciciv2a,tsception,42,ea_forward,pgd,0,111.65360951423645,6,128,32,32,64,completed,True,ad_data/exp031/exp031_full_20260729_174215/bciciv2a_tsception_seed42_ea_forward_pgd.pth
attack_bciciv2a_tsception_seed42_ea_forward_cw,attack,bciciv2a,tsception,42,ea_forward,cw,0,82.15686368942261,6,128,32,32,64,completed,True,ad_data/exp031/exp031_full_20260729_174215/bciciv2a_tsception_seed42_ea_forward_cw.pth
attack_bciciv2a_tsception_seed42_rpcf_at_autoattack,attack,bciciv2a,tsception,42,rpcf_at,autoattack,0,2273.7720663547516,6,128,32,32,64,completed,True,ad_data/exp031/exp031_full_20260729_174215/bciciv2a_tsception_seed42_rpcf_at_autoattack.pth
attack_bciciv2a_tsception_seed42_rpcf_at_fgsm,attack,bciciv2a,tsception,42,rpcf_at,fgsm,0,100.14403033256531,4,128,32,32,64,completed,True,ad_data/exp031/exp031_full_20260729_174215/bciciv2a_tsception_seed42_rpcf_at_fgsm.pth
attack_bciciv2a_tsception_seed42_rpcf_at_pgd,attack,bciciv2a,tsception,42,rpcf_at,pgd,0,164.24622464179993,0,128,32,32,64,completed,True,ad_data/exp031/exp031_full_20260729_174215/bciciv2a_tsception_seed42_rpcf_at_pgd.pth
attack_bciciv2a_tsception_seed42_rpcf_at_cw,attack,bciciv2a,tsception,42,rpcf_at,cw,0,130.0615108013153,4,128,32,32,64,completed,True,ad_data/exp031/exp031_full_20260729_174215/bciciv2a_tsception_seed42_rpcf_at_cw.pth
attack_bciciv2a_tsception_seed43_madry_autoattack,attack,bciciv2a,tsception,43,madry,autoattack,0,2215.9283916950226,4,128,32,32,64,completed,True,ad_data/exp031/exp031_full_20260729_174215/bciciv2a_tsception_seed43_madry_autoattack.pth
attack_bciciv2a_tsception_seed43_madry_fgsm,attack,bciciv2a,tsception,43,madry,fgsm,0,104.04609537124634,0,128,32,32,64,completed,True,ad_data/exp031/exp031_full_20260729_174215/bciciv2a_tsception_seed43_madry_fgsm.pth
attack_bciciv2a_tsception_seed43_madry_pgd,attack,bciciv2a,tsception,43,madry,pgd,0,154.25631308555603,0,128,32,32,64,completed,True,ad_data/exp031/exp031_full_20260729_174215/bciciv2a_tsception_seed43_madry_pgd.pth
attack_bciciv2a_tsception_seed43_madry_cw,attack,bciciv2a,tsception,43,madry,cw,0,166.27793550491333,3,128,32,32,64,completed,True,ad_data/exp031/exp031_full_20260729_174215/bciciv2a_tsception_seed43_madry_cw.pth
attack_bciciv2a_tsception_seed43_trades_autoattack,attack,bciciv2a,tsception,43,trades,autoattack,0,344.89973759651184,2,128,32,32,64,completed,True,ad_data/exp031/exp031_full_20260729_174215/bciciv2a_tsception_seed43_trades_autoattack.pth
attack_bciciv2a_tsception_seed43_trades_fgsm,attack,bciciv2a,tsception,43,trades,fgsm,0,88.14243268966675,0,128,32,32,64,completed,True,ad_data/exp031/exp031_full_20260729_174215/bciciv2a_tsception_seed43_trades_fgsm.pth
attack_bciciv2a_tsception_seed43_trades_pgd,attack,bciciv2a,tsception,43,trades,pgd,0,154.43746519088745,3,128,32,32,64,completed,True,ad_data/exp031/exp031_full_20260729_174215/bciciv2a_tsception_seed43_trades_pgd.pth
attack_bciciv2a_tsception_seed43_trades_cw,attack,bciciv2a,tsception,43,trades,cw,0,116.161536693573,0,128,32,32,64,completed,True,ad_data/exp031/exp031_full_20260729_174215/bciciv2a_tsception_seed43_trades_cw.pth
attack_bciciv2a_tsception_seed43_fbf_autoattack,attack,bciciv2a,tsception,43,fbf,autoattack,0,1449.884107351303,1,128,32,32,64,completed,True,ad_data/exp031/exp031_full_20260729_174215/bciciv2a_tsception_seed43_fbf_autoattack.pth
attack_bciciv2a_tsception_seed43_fbf_fgsm,attack,bciciv2a,tsception,43,fbf,fgsm,0,86.13373327255249,0,128,32,32,64,completed,True,ad_data/exp031/exp031_full_20260729_174215/bciciv2a_tsception_seed43_fbf_fgsm.pth
attack_bciciv2a_tsception_seed43_fbf_pgd,attack,bciciv2a,tsception,43,fbf,pgd,0,164.25377774238586,3,128,32,32,64,completed,True,ad_data/exp031/exp031_full_20260729_174215/bciciv2a_tsception_seed43_fbf_pgd.pth
attack_bciciv2a_tsception_seed43_fbf_cw,attack,bciciv2a,tsception,43,fbf,cw,0,112.43551731109619,0,128,32,32,64,completed,True,ad_data/exp031/exp031_full_20260729_174215/bciciv2a_tsception_seed43_fbf_cw.pth
attack_bciciv2a_tsception_seed43_ea_forward_autoattack,attack,bciciv2a,tsception,43,ea_forward,autoattack,0,82.12435865402222,2,128,32,32,64,completed,True,ad_data/exp031/exp031_full_20260729_174215/bciciv2a_tsception_seed43_ea_forward_autoattack.pth
attack_bciciv2a_tsception_seed43_ea_forward_fgsm,attack,bciciv2a,tsception,43,ea_forward,fgsm,0,30.33085322380066,3,128,32,32,64,completed,True,ad_data/exp031/exp031_full_20260729_174215/bciciv2a_tsception_seed43_ea_forward_fgsm.pth
attack_bciciv2a_tsception_seed43_ea_forward_pgd,attack,bciciv2a,tsception,43,ea_forward,pgd,0,102.25206971168518,2,128,32,32,64,completed,True,ad_data/exp031/exp031_full_20260729_174215/bciciv2a_tsception_seed43_ea_forward_pgd.pth
attack_bciciv2a_tsception_seed43_ea_forward_cw,attack,bciciv2a,tsception,43,ea_forward,cw,0,104.24707841873169,0,128,32,32,64,completed,True,ad_data/exp031/exp031_full_20260729_174215/bciciv2a_tsception_seed43_ea_forward_cw.pth
attack_bciciv2a_tsception_seed43_rpcf_at_autoattack,attack,bciciv2a,tsception,43,rpcf_at,autoattack,0,2215.756187915802,3,128,32,32,64,completed,True,ad_data/exp031/exp031_full_20260729_174215/bciciv2a_tsception_seed43_rpcf_at_autoattack.pth
attack_bciciv2a_tsception_seed43_rpcf_at_fgsm,attack,bciciv2a,tsception,43,rpcf_at,fgsm,0,96.1267466545105,2,128,32,32,64,completed,True,ad_data/exp031/exp031_full_20260729_174215/bciciv2a_tsception_seed43_rpcf_at_fgsm.pth
attack_bciciv2a_tsception_seed43_rpcf_at_pgd,attack,bciciv2a,tsception,43,rpcf_at,pgd,0,146.1742069721222,0,128,32,32,64,completed,True,ad_data/exp031/exp031_full_20260729_174215/bciciv2a_tsception_seed43_rpcf_at_pgd.pth
attack_bciciv2a_tsception_seed43_rpcf_at_cw,attack,bciciv2a,tsception,43,rpcf_at,cw,0,134.18720078468323,2,128,32,32,64,completed,True,ad_data/exp031/exp031_full_20260729_174215/bciciv2a_tsception_seed43_rpcf_at_cw.pth
attack_bciciv2a_tsception_seed44_madry_autoattack,attack,bciciv2a,tsception,44,madry,autoattack,0,2181.5574989318848,0,128,32,32,64,completed,True,ad_data/exp031/exp031_full_20260729_174215/bciciv2a_tsception_seed44_madry_autoattack.pth
attack_bciciv2a_tsception_seed44_madry_fgsm,attack,bciciv2a,tsception,44,madry,fgsm,0,70.0384738445282,2,128,32,32,64,completed,True,ad_data/exp031/exp031_full_20260729_174215/bciciv2a_tsception_seed44_madry_fgsm.pth
attack_bciciv2a_tsception_seed44_madry_pgd,attack,bciciv2a,tsception,44,madry,pgd,0,154.07295441627502,2,128,32,32,64,completed,True,ad_data/exp031/exp031_full_20260729_174215/bciciv2a_tsception_seed44_madry_pgd.pth
attack_bciciv2a_tsception_seed44_madry_cw,attack,bciciv2a,tsception,44,madry,cw,0,110.05933856964111,2,128,32,32,64,completed,True,ad_data/exp031/exp031_full_20260729_174215/bciciv2a_tsception_seed44_madry_cw.pth
attack_bciciv2a_tsception_seed44_trades_autoattack,attack,bciciv2a,tsception,44,trades,autoattack,0,68.15871238708496,2,128,32,32,64,completed,True,ad_data/exp031/exp031_full_20260729_174215/bciciv2a_tsception_seed44_trades_autoattack.pth
attack_bciciv2a_tsception_seed44_trades_fgsm,attack,bciciv2a,tsception,44,trades,fgsm,0,36.164066791534424,5,128,32,32,64,completed,True,ad_data/exp031/exp031_full_20260729_174215/bciciv2a_tsception_seed44_trades_fgsm.pth
attack_bciciv2a_tsception_seed44_trades_pgd,attack,bciciv2a,tsception,44,trades,pgd,0,108.29337191581726,2,128,32,32,64,completed,True,ad_data/exp031/exp031_full_20260729_174215/bciciv2a_tsception_seed44_trades_pgd.pth
attack_bciciv2a_tsception_seed44_trades_cw,attack,bciciv2a,tsception,44,trades,cw,0,68.05545020103455,5,128,32,32,64,completed,True,ad_data/exp031/exp031_full_20260729_174215/bciciv2a_tsception_seed44_trades_cw.pth
attack_bciciv2a_tsception_seed44_fbf_autoattack,attack,bciciv2a,tsception,44,fbf,autoattack,0,648.0529520511627,5,128,32,32,64,completed,True,ad_data/exp031/exp031_full_20260729_174215/bciciv2a_tsception_seed44_fbf_autoattack.pth
attack_bciciv2a_tsception_seed44_fbf_fgsm,attack,bciciv2a,tsception,44,fbf,fgsm,0,34.02509117126465,2,128,32,32,64,completed,True,ad_data/exp031/exp031_full_20260729_174215/bciciv2a_tsception_seed44_fbf_fgsm.pth
attack_bciciv2a_tsception_seed44_fbf_pgd,attack,bciciv2a,tsception,44,fbf,pgd,0,106.08652424812317,2,128,32,32,64,completed,True,ad_data/exp031/exp031_full_20260729_174215/bciciv2a_tsception_seed44_fbf_pgd.pth
attack_bciciv2a_tsception_seed44_fbf_cw,attack,bciciv2a,tsception,44,fbf,cw,0,62.042701721191406,2,128,32,32,64,completed,True,ad_data/exp031/exp031_full_20260729_174215/bciciv2a_tsception_seed44_fbf_cw.pth
attack_bciciv2a_tsception_seed44_ea_forward_autoattack,attack,bciciv2a,tsception,44,ea_forward,autoattack,0,48.02434754371643,2,128,32,32,64,completed,True,ad_data/exp031/exp031_full_20260729_174215/bciciv2a_tsception_seed44_ea_forward_autoattack.pth
attack_bciciv2a_tsception_seed44_ea_forward_fgsm,attack,bciciv2a,tsception,44,ea_forward,fgsm,0,28.01711106300354,2,128,32,32,64,completed,True,ad_data/exp031/exp031_full_20260729_174215/bciciv2a_tsception_seed44_ea_forward_fgsm.pth
attack_bciciv2a_tsception_seed44_ea_forward_pgd,attack,bciciv2a,tsception,44,ea_forward,pgd,0,102.20417714118958,2,128,32,32,64,completed,True,ad_data/exp031/exp031_full_20260729_174215/bciciv2a_tsception_seed44_ea_forward_pgd.pth
attack_bciciv2a_tsception_seed44_ea_forward_cw,attack,bciciv2a,tsception,44,ea_forward,cw,0,118.44394040107727,6,128,32,32,64,completed,True,ad_data/exp031/exp031_full_20260729_174215/bciciv2a_tsception_seed44_ea_forward_cw.pth
attack_bciciv2a_tsception_seed44_rpcf_at_autoattack,attack,bciciv2a,tsception,44,rpcf_at,autoattack,0,2297.3157057762146,2,128,32,32,64,completed,True,ad_data/exp031/exp031_full_20260729_174215/bciciv2a_tsception_seed44_rpcf_at_autoattack.pth
attack_bciciv2a_tsception_seed44_rpcf_at_fgsm,attack,bciciv2a,tsception,44,rpcf_at,fgsm,0,38.03397846221924,1,128,32,32,64,completed,True,ad_data/exp031/exp031_full_20260729_174215/bciciv2a_tsception_seed44_rpcf_at_fgsm.pth
attack_bciciv2a_tsception_seed44_rpcf_at_pgd,attack,bciciv2a,tsception,44,rpcf_at,pgd,0,126.30639433860779,1,128,32,32,64,completed,True,ad_data/exp031/exp031_full_20260729_174215/bciciv2a_tsception_seed44_rpcf_at_pgd.pth
attack_bciciv2a_tsception_seed44_rpcf_at_cw,attack,bciciv2a,tsception,44,rpcf_at,cw,0,76.07035636901855,6,128,32,32,64,completed,True,ad_data/exp031/exp031_full_20260729_174215/bciciv2a_tsception_seed44_rpcf_at_cw.pth
attack_bciciv2a_tsception_seed45_madry_autoattack,attack,bciciv2a,tsception,45,madry,autoattack,0,2050.485639333725,6,128,32,32,64,completed,True,ad_data/exp031/exp031_full_20260729_174215/bciciv2a_tsception_seed45_madry_autoattack.pth
attack_bciciv2a_tsception_seed45_madry_fgsm,attack,bciciv2a,tsception,45,madry,fgsm,0,40.03342032432556,1,128,32,32,64,completed,True,ad_data/exp031/exp031_full_20260729_174215/bciciv2a_tsception_seed45_madry_fgsm.pth
attack_bciciv2a_tsception_seed45_madry_pgd,attack,bciciv2a,tsception,45,madry,pgd,0,136.46721172332764,1,128,32,32,64,completed,True,ad_data/exp031/exp031_full_20260729_174215/bciciv2a_tsception_seed45_madry_pgd.pth
attack_bciciv2a_tsception_seed45_madry_cw,attack,bciciv2a,tsception,45,madry,cw,0,84.18714022636414,5,128,32,32,64,completed,True,ad_data/exp031/exp031_full_20260729_174215/bciciv2a_tsception_seed45_madry_cw.pth
attack_bciciv2a_tsception_seed45_trades_autoattack,attack,bciciv2a,tsception,45,trades,autoattack,0,72.28314900398254,4,128,32,32,64,completed,True,ad_data/exp031/exp031_full_20260729_174215/bciciv2a_tsception_seed45_trades_autoattack.pth
attack_bciciv2a_tsception_seed45_trades_fgsm,attack,bciciv2a,tsception,45,trades,fgsm,0,68.31833410263062,5,128,32,32,64,completed,True,ad_data/exp031/exp031_full_20260729_174215/bciciv2a_tsception_seed45_trades_fgsm.pth
attack_bciciv2a_tsception_seed45_trades_pgd,attack,bciciv2a,tsception,45,trades,pgd,0,136.48513007164001,1,128,32,32,64,completed,True,ad_data/exp031/exp031_full_20260729_174215/bciciv2a_tsception_seed45_trades_pgd.pth
attack_bciciv2a_tsception_seed45_trades_cw,attack,bciciv2a,tsception,45,trades,cw,0,98.20827865600586,4,128,32,32,64,completed,True,ad_data/exp031/exp031_full_20260729_174215/bciciv2a_tsception_seed45_trades_cw.pth
attack_bciciv2a_tsception_seed45_fbf_autoattack,attack,bciciv2a,tsception,45,fbf,autoattack,0,835.5566940307617,5,128,32,32,64,completed,True,ad_data/exp031/exp031_full_20260729_174215/bciciv2a_tsception_seed45_fbf_autoattack.pth
attack_bciciv2a_tsception_seed45_fbf_fgsm,attack,bciciv2a,tsception,45,fbf,fgsm,0,42.14704084396362,4,128,32,32,64,completed,True,ad_data/exp031/exp031_full_20260729_174215/bciciv2a_tsception_seed45_fbf_fgsm.pth
attack_bciciv2a_tsception_seed45_fbf_pgd,attack,bciciv2a,tsception,45,fbf,pgd,0,120.29336810112,1,128,32,32,64,completed,True,ad_data/exp031/exp031_full_20260729_174215/bciciv2a_tsception_seed45_fbf_pgd.pth
attack_bciciv2a_tsception_seed45_fbf_cw,attack,bciciv2a,tsception,45,fbf,cw,0,66.04579472541809,4,128,32,32,64,completed,True,ad_data/exp031/exp031_full_20260729_174215/bciciv2a_tsception_seed45_fbf_cw.pth
attack_bciciv2a_tsception_seed45_ea_forward_autoattack,attack,bciciv2a,tsception,45,ea_forward,autoattack,0,2037.6055450439453,4,128,32,32,64,completed,True,ad_data/exp031/exp031_full_20260729_174215/bciciv2a_tsception_seed45_ea_forward_autoattack.pth
attack_bciciv2a_tsception_seed45_ea_forward_fgsm,attack,bciciv2a,tsception,45,ea_forward,fgsm,0,28.00966763496399,1,128,32,32,64,completed,True,ad_data/exp031/exp031_full_20260729_174215/bciciv2a_tsception_seed45_ea_forward_fgsm.pth
attack_bciciv2a_tsception_seed45_ea_forward_pgd,attack,bciciv2a,tsception,45,ea_forward,pgd,0,96.03153157234192,1,128,32,32,64,completed,True,ad_data/exp031/exp031_full_20260729_174215/bciciv2a_tsception_seed45_ea_forward_pgd.pth
attack_bciciv2a_tsception_seed45_ea_forward_cw,attack,bciciv2a,tsception,45,ea_forward,cw,0,104.06152272224426,1,128,32,32,64,completed,True,ad_data/exp031/exp031_full_20260729_174215/bciciv2a_tsception_seed45_ea_forward_cw.pth
attack_bciciv2a_tsception_seed45_rpcf_at_autoattack,attack,bciciv2a,tsception,45,rpcf_at,autoattack,0,2257.737660884857,1,128,32,32,64,completed,True,ad_data/exp031/exp031_full_20260729_174215/bciciv2a_tsception_seed45_rpcf_at_autoattack.pth
attack_bciciv2a_tsception_seed45_rpcf_at_fgsm,attack,bciciv2a,tsception,45,rpcf_at,fgsm,0,86.0429220199585,3,128,32,32,64,completed,True,ad_data/exp031/exp031_full_20260729_174215/bciciv2a_tsception_seed45_rpcf_at_fgsm.pth
attack_bciciv2a_tsception_seed45_rpcf_at_pgd,attack,bciciv2a,tsception,45,rpcf_at,pgd,0,152.280601978302,3,128,32,32,64,completed,True,ad_data/exp031/exp031_full_20260729_174215/bciciv2a_tsception_seed45_rpcf_at_pgd.pth
attack_bciciv2a_tsception_seed45_rpcf_at_cw,attack,bciciv2a,tsception,45,rpcf_at,cw,0,126.26612186431885,0,128,32,32,64,completed,True,ad_data/exp031/exp031_full_20260729_174215/bciciv2a_tsception_seed45_rpcf_at_cw.pth
attack_bciciv2a_tsception_seed46_madry_autoattack,attack,bciciv2a,tsception,46,madry,autoattack,0,2009.3237879276276,5,128,32,32,64,completed,True,ad_data/exp031/exp031_full_20260729_174215/bciciv2a_tsception_seed46_madry_autoattack.pth
attack_bciciv2a_tsception_seed46_madry_fgsm,attack,bciciv2a,tsception,46,madry,fgsm,0,90.13119125366211,3,128,32,32,64,completed,True,ad_data/exp031/exp031_full_20260729_174215/bciciv2a_tsception_seed46_madry_fgsm.pth
attack_bciciv2a_tsception_seed46_madry_pgd,attack,bciciv2a,tsception,46,madry,pgd,0,150.2908697128296,0,128,32,32,64,completed,True,ad_data/exp031/exp031_full_20260729_174215/bciciv2a_tsception_seed46_madry_pgd.pth
attack_bciciv2a_tsception_seed46_madry_cw,attack,bciciv2a,tsception,46,madry,cw,0,140.07170152664185,3,128,32,32,64,completed,True,ad_data/exp031/exp031_full_20260729_174215/bciciv2a_tsception_seed46_madry_cw.pth
attack_bciciv2a_tsception_seed46_trades_autoattack,attack,bciciv2a,tsception,46,trades,autoattack,0,226.2912793159485,3,128,32,32,64,completed,True,ad_data/exp031/exp031_full_20260729_174215/bciciv2a_tsception_seed46_trades_autoattack.pth
attack_bciciv2a_tsception_seed46_trades_fgsm,attack,bciciv2a,tsception,46,trades,fgsm,0,84.04410362243652,0,128,32,32,64,completed,True,ad_data/exp031/exp031_full_20260729_174215/bciciv2a_tsception_seed46_trades_fgsm.pth
attack_bciciv2a_tsception_seed46_trades_pgd,attack,bciciv2a,tsception,46,trades,pgd,0,148.1571283340454,0,128,32,32,64,completed,True,ad_data/exp031/exp031_full_20260729_174215/bciciv2a_tsception_seed46_trades_pgd.pth
attack_bciciv2a_tsception_seed46_trades_cw,attack,bciciv2a,tsception,46,trades,cw,0,116.19663119316101,3,128,32,32,64,completed,True,ad_data/exp031/exp031_full_20260729_174215/bciciv2a_tsception_seed46_trades_cw.pth
attack_bciciv2a_tsception_seed46_fbf_autoattack,attack,bciciv2a,tsception,46,fbf,autoattack,0,1326.0161702632904,0,128,32,32,64,completed,True,ad_data/exp031/exp031_full_20260729_174215/bciciv2a_tsception_seed46_fbf_autoattack.pth
attack_bciciv2a_tsception_seed46_fbf_fgsm,attack,bciciv2a,tsception,46,fbf,fgsm,0,108.05055522918701,3,128,32,32,64,completed,True,ad_data/exp031/exp031_full_20260729_174215/bciciv2a_tsception_seed46_fbf_fgsm.pth
attack_bciciv2a_tsception_seed46_fbf_pgd,attack,bciciv2a,tsception,46,fbf,pgd,0,130.06429195404053,3,128,32,32,64,completed,True,ad_data/exp031/exp031_full_20260729_174215/bciciv2a_tsception_seed46_fbf_pgd.pth
attack_bciciv2a_tsception_seed46_fbf_cw,attack,bciciv2a,tsception,46,fbf,cw,0,106.04694724082947,3,128,32,32,64,completed,True,ad_data/exp031/exp031_full_20260729_174215/bciciv2a_tsception_seed46_fbf_cw.pth
attack_bciciv2a_tsception_seed46_ea_forward_autoattack,attack,bciciv2a,tsception,46,ea_forward,autoattack,0,1348.065842628479,3,128,32,32,64,completed,True,ad_data/exp031/exp031_full_20260729_174215/bciciv2a_tsception_seed46_ea_forward_autoattack.pth
attack_bciciv2a_tsception_seed46_ea_forward_fgsm,attack,bciciv2a,tsception,46,ea_forward,fgsm,0,60.021623611450195,6,128,32,32,64,completed,True,ad_data/exp031/exp031_full_20260729_174215/bciciv2a_tsception_seed46_ea_forward_fgsm.pth
attack_bciciv2a_tsception_seed46_ea_forward_pgd,attack,bciciv2a,tsception,46,ea_forward,pgd,0,96.28706932067871,6,128,32,32,64,completed,True,ad_data/exp031/exp031_full_20260729_174215/bciciv2a_tsception_seed46_ea_forward_pgd.pth
attack_bciciv2a_tsception_seed46_ea_forward_cw,attack,bciciv2a,tsception,46,ea_forward,cw,0,34.0329110622406,2,128,32,32,64,completed,True,ad_data/exp031/exp031_full_20260729_174215/bciciv2a_tsception_seed46_ea_forward_cw.pth
attack_bciciv2a_tsception_seed46_rpcf_at_autoattack,attack,bciciv2a,tsception,46,rpcf_at,autoattack,0,1115.476958990097,2,128,32,32,64,completed,True,ad_data/exp031/exp031_full_20260729_174215/bciciv2a_tsception_seed46_rpcf_at_autoattack.pth
attack_bciciv2a_tsception_seed46_rpcf_at_fgsm,attack,bciciv2a,tsception,46,rpcf_at,fgsm,0,86.04422616958618,6,128,32,32,64,completed,True,ad_data/exp031/exp031_full_20260729_174215/bciciv2a_tsception_seed46_rpcf_at_fgsm.pth
attack_bciciv2a_tsception_seed46_rpcf_at_pgd,attack,bciciv2a,tsception,46,rpcf_at,pgd,0,150.06815600395203,6,128,32,32,64,completed,True,ad_data/exp031/exp031_full_20260729_174215/bciciv2a_tsception_seed46_rpcf_at_pgd.pth
attack_bciciv2a_tsception_seed46_rpcf_at_cw,attack,bciciv2a,tsception,46,rpcf_at,cw,0,108.17811822891235,6,128,32,32,64,completed,True,ad_data/exp031/exp031_full_20260729_174215/bciciv2a_tsception_seed46_rpcf_at_cw.pth
attack_bciciv2a_atcnet_seed42_madry_autoattack,attack,bciciv2a,atcnet,42,madry,autoattack,0,18194.504855632782,4,128,32,64,128,completed,True,ad_data/exp031/exp031_full_20260729_174215/bciciv2a_atcnet_seed42_madry_autoattack.pth
attack_bciciv2a_atcnet_seed42_madry_fgsm,attack,bciciv2a,atcnet,42,madry,fgsm,0,70.04640555381775,6,128,32,64,128,completed,True,ad_data/exp031/exp031_full_20260729_174215/bciciv2a_atcnet_seed42_madry_fgsm.pth
attack_bciciv2a_atcnet_seed42_madry_pgd,attack,bciciv2a,atcnet,42,madry,pgd,0,4055.873727798462,6,128,32,64,128,completed,True,ad_data/exp031/exp031_full_20260729_174215/bciciv2a_atcnet_seed42_madry_pgd.pth
attack_bciciv2a_atcnet_seed42_madry_cw,attack,bciciv2a,atcnet,42,madry,cw,0,1288.7875201702118,0,128,32,64,128,completed,True,ad_data/exp031/exp031_full_20260729_174215/bciciv2a_atcnet_seed42_madry_cw.pth
attack_bciciv2a_atcnet_seed42_trades_autoattack,attack,bciciv2a,atcnet,42,trades,autoattack,0,3259.2345654964447,1,128,32,64,128,completed,True,ad_data/exp031/exp031_full_20260729_174215/bciciv2a_atcnet_seed42_trades_autoattack.pth
attack_bciciv2a_atcnet_seed42_trades_fgsm,attack,bciciv2a,atcnet,42,trades,fgsm,0,52.026745080947876,5,128,32,64,128,completed,True,ad_data/exp031/exp031_full_20260729_174215/bciciv2a_atcnet_seed42_trades_fgsm.pth
attack_bciciv2a_atcnet_seed42_trades_pgd,attack,bciciv2a,atcnet,42,trades,pgd,0,4019.440205335617,5,128,32,64,128,completed,True,ad_data/exp031/exp031_full_20260729_174215/bciciv2a_atcnet_seed42_trades_pgd.pth
attack_bciciv2a_atcnet_seed42_trades_cw,attack,bciciv2a,atcnet,42,trades,cw,0,3252.95254778862,2,128,32,64,128,completed,True,ad_data/exp031/exp031_full_20260729_174215/bciciv2a_atcnet_seed42_trades_cw.pth
attack_bciciv2a_atcnet_seed42_fbf_autoattack,attack,bciciv2a,atcnet,42,fbf,autoattack,0,2650.612072944641,3,128,32,64,128,completed,True,ad_data/exp031/exp031_full_20260729_174215/bciciv2a_atcnet_seed42_fbf_autoattack.pth
attack_bciciv2a_atcnet_seed42_fbf_fgsm,attack,bciciv2a,atcnet,42,fbf,fgsm,0,34.01036310195923,0,128,32,64,128,completed,True,ad_data/exp031/exp031_full_20260729_174215/bciciv2a_atcnet_seed42_fbf_fgsm.pth
attack_bciciv2a_atcnet_seed42_fbf_pgd,attack,bciciv2a,atcnet,42,fbf,pgd,0,4043.295416355133,0,128,32,64,128,completed,True,ad_data/exp031/exp031_full_20260729_174215/bciciv2a_atcnet_seed42_fbf_pgd.pth
attack_bciciv2a_atcnet_seed42_fbf_cw,attack,bciciv2a,atcnet,42,fbf,cw,0,1650.6635880470276,3,128,32,64,128,completed,True,ad_data/exp031/exp031_full_20260729_174215/bciciv2a_atcnet_seed42_fbf_cw.pth
attack_bciciv2a_atcnet_seed42_ea_forward_autoattack,attack,bciciv2a,atcnet,42,ea_forward,autoattack,0,2372.9661452770233,1,128,32,64,128,completed,True,ad_data/exp031/exp031_full_20260729_174215/bciciv2a_atcnet_seed42_ea_forward_autoattack.pth
attack_bciciv2a_atcnet_seed42_ea_forward_fgsm,attack,bciciv2a,atcnet,42,ea_forward,fgsm,0,36.00834107398987,2,128,32,64,128,completed,True,ad_data/exp031/exp031_full_20260729_174215/bciciv2a_atcnet_seed42_ea_forward_fgsm.pth
attack_bciciv2a_atcnet_seed42_ea_forward_pgd,attack,bciciv2a,atcnet,42,ea_forward,pgd,0,4073.38157582283,2,128,32,64,128,completed,True,ad_data/exp031/exp031_full_20260729_174215/bciciv2a_atcnet_seed42_ea_forward_pgd.pth
attack_bciciv2a_atcnet_seed42_ea_forward_cw,attack,bciciv2a,atcnet,42,ea_forward,cw,0,3289.1002955436707,6,128,32,64,128,completed,True,ad_data/exp031/exp031_full_20260729_174215/bciciv2a_atcnet_seed42_ea_forward_cw.pth
attack_bciciv2a_atcnet_seed42_rpcf_at_autoattack,attack,bciciv2a,atcnet,42,rpcf_at,autoattack,0,16879.059042930603,5,128,32,64,128,completed,True,ad_data/exp031/exp031_full_20260729_174215/bciciv2a_atcnet_seed42_rpcf_at_autoattack.pth
attack_bciciv2a_atcnet_seed42_rpcf_at_fgsm,attack,bciciv2a,atcnet,42,rpcf_at,fgsm,0,32.007447242736816,3,128,32,64,128,completed,True,ad_data/exp031/exp031_full_20260729_174215/bciciv2a_atcnet_seed42_rpcf_at_fgsm.pth
attack_bciciv2a_atcnet_seed42_rpcf_at_pgd,attack,bciciv2a,atcnet,42,rpcf_at,pgd,0,4001.289402961731,3,128,32,64,128,completed,True,ad_data/exp031/exp031_full_20260729_174215/bciciv2a_atcnet_seed42_rpcf_at_pgd.pth
attack_bciciv2a_atcnet_seed42_rpcf_at_cw,attack,bciciv2a,atcnet,42,rpcf_at,cw,0,1672.3539769649506,0,128,32,64,128,completed,True,ad_data/exp031/exp031_full_20260729_174215/bciciv2a_atcnet_seed42_rpcf_at_cw.pth
attack_bciciv2a_atcnet_seed43_madry_autoattack,attack,bciciv2a,atcnet,43,madry,autoattack,0,17425.102308273315,1,128,32,64,128,completed,True,ad_data/exp031/exp031_full_20260729_174215/bciciv2a_atcnet_seed43_madry_autoattack.pth
attack_bciciv2a_atcnet_seed43_madry_fgsm,attack,bciciv2a,atcnet,43,madry,fgsm,0,32.00783586502075,0,128,32,64,128,completed,True,ad_data/exp031/exp031_full_20260729_174215/bciciv2a_atcnet_seed43_madry_fgsm.pth
attack_bciciv2a_atcnet_seed43_madry_pgd,attack,bciciv2a,atcnet,43,madry,pgd,0,4061.0524690151215,0,128,32,64,128,completed,True,ad_data/exp031/exp031_full_20260729_174215/bciciv2a_atcnet_seed43_madry_pgd.pth
attack_bciciv2a_atcnet_seed43_madry_cw,attack,bciciv2a,atcnet,43,madry,cw,0,1262.2674434185028,6,128,32,64,128,completed,True,ad_data/exp031/exp031_full_20260729_174215/bciciv2a_atcnet_seed43_madry_cw.pth
attack_bciciv2a_atcnet_seed43_trades_autoattack,attack,bciciv2a,atcnet,43,trades,autoattack,0,3562.8936202526093,2,128,32,64,128,completed,True,ad_data/exp031/exp031_full_20260729_174215/bciciv2a_atcnet_seed43_trades_autoattack.pth
attack_bciciv2a_atcnet_seed43_trades_fgsm,attack,bciciv2a,atcnet,43,trades,fgsm,0,32.00694680213928,6,128,32,64,128,completed,True,ad_data/exp031/exp031_full_20260729_174215/bciciv2a_atcnet_seed43_trades_fgsm.pth
attack_bciciv2a_atcnet_seed43_trades_pgd,attack,bciciv2a,atcnet,43,trades,pgd,0,4039.056373357773,6,128,32,64,128,completed,True,ad_data/exp031/exp031_full_20260729_174215/bciciv2a_atcnet_seed43_trades_pgd.pth
attack_bciciv2a_atcnet_seed43_trades_cw,attack,bciciv2a,atcnet,43,trades,cw,0,2812.6832797527313,3,128,32,64,128,completed,True,ad_data/exp031/exp031_full_20260729_174215/bciciv2a_atcnet_seed43_trades_cw.pth
attack_bciciv2a_atcnet_seed43_fbf_autoattack,attack,bciciv2a,atcnet,43,fbf,autoattack,0,6323.891527891159,0,128,32,64,128,completed,True,ad_data/exp031/exp031_full_20260729_174215/bciciv2a_atcnet_seed43_fbf_autoattack.pth
attack_bciciv2a_atcnet_seed43_fbf_fgsm,attack,bciciv2a,atcnet,43,fbf,fgsm,0,32.00598359107971,2,128,32,64,128,completed,True,ad_data/exp031/exp031_full_20260729_174215/bciciv2a_atcnet_seed43_fbf_fgsm.pth
attack_bciciv2a_atcnet_seed43_fbf_pgd,attack,bciciv2a,atcnet,43,fbf,pgd,0,4045.0957787036896,2,128,32,64,128,completed,True,ad_data/exp031/exp031_full_20260729_174215/bciciv2a_atcnet_seed43_fbf_pgd.pth
attack_bciciv2a_atcnet_seed43_fbf_cw,attack,bciciv2a,atcnet,43,fbf,cw,0,1648.3594534397125,3,128,32,64,128,completed,True,ad_data/exp031/exp031_full_20260729_174215/bciciv2a_atcnet_seed43_fbf_cw.pth
attack_bciciv2a_atcnet_seed43_ea_forward_autoattack,attack,bciciv2a,atcnet,43,ea_forward,autoattack,0,1730.4526031017303,6,128,32,64,128,completed,True,ad_data/exp031/exp031_full_20260729_174215/bciciv2a_atcnet_seed43_ea_forward_autoattack.pth
attack_bciciv2a_atcnet_seed43_ea_forward_fgsm,attack,bciciv2a,atcnet,43,ea_forward,fgsm,0,36.00866174697876,3,128,32,64,128,completed,True,ad_data/exp031/exp031_full_20260729_174215/bciciv2a_atcnet_seed43_ea_forward_fgsm.pth
attack_bciciv2a_atcnet_seed43_ea_forward_pgd,attack,bciciv2a,atcnet,43,ea_forward,pgd,0,4018.8910665512085,3,128,32,64,128,completed,True,ad_data/exp031/exp031_full_20260729_174215/bciciv2a_atcnet_seed43_ea_forward_pgd.pth
attack_bciciv2a_atcnet_seed43_ea_forward_cw,attack,bciciv2a,atcnet,43,ea_forward,cw,0,4001.1338410377502,6,128,32,64,128,completed,True,ad_data/exp031/exp031_full_20260729_174215/bciciv2a_atcnet_seed43_ea_forward_cw.pth
attack_bciciv2a_atcnet_seed43_rpcf_at_autoattack,attack,bciciv2a,atcnet,43,rpcf_at,autoattack,0,15188.883768320084,2,128,32,64,128,completed,True,ad_data/exp031/exp031_full_20260729_174215/bciciv2a_atcnet_seed43_rpcf_at_autoattack.pth
attack_bciciv2a_atcnet_seed43_rpcf_at_fgsm,attack,bciciv2a,atcnet,43,rpcf_at,fgsm,0,32.0067412853241,3,128,32,64,128,completed,True,ad_data/exp031/exp031_full_20260729_174215/bciciv2a_atcnet_seed43_rpcf_at_fgsm.pth
attack_bciciv2a_atcnet_seed43_rpcf_at_pgd,attack,bciciv2a,atcnet,43,rpcf_at,pgd,0,4001.3176577091217,3,128,32,64,128,completed,True,ad_data/exp031/exp031_full_20260729_174215/bciciv2a_atcnet_seed43_rpcf_at_pgd.pth
attack_bciciv2a_atcnet_seed43_rpcf_at_cw,attack,bciciv2a,atcnet,43,rpcf_at,cw,0,2062.590862751007,0,128,32,64,128,completed,True,ad_data/exp031/exp031_full_20260729_174215/bciciv2a_atcnet_seed43_rpcf_at_cw.pth
attack_bciciv2a_atcnet_seed44_madry_autoattack,attack,bciciv2a,atcnet,44,madry,autoattack,0,15615.185864210129,4,128,32,64,128,completed,True,ad_data/exp031/exp031_full_20260729_174215/bciciv2a_atcnet_seed44_madry_autoattack.pth
attack_bciciv2a_atcnet_seed44_madry_fgsm,attack,bciciv2a,atcnet,44,madry,fgsm,0,32.00560522079468,6,128,32,64,128,completed,True,ad_data/exp031/exp031_full_20260729_174215/bciciv2a_atcnet_seed44_madry_fgsm.pth
attack_bciciv2a_atcnet_seed44_madry_pgd,attack,bciciv2a,atcnet,44,madry,pgd,0,4035.0629732608795,6,128,32,64,128,completed,True,ad_data/exp031/exp031_full_20260729_174215/bciciv2a_atcnet_seed44_madry_pgd.pth
attack_bciciv2a_atcnet_seed44_madry_cw,attack,bciciv2a,atcnet,44,madry,cw,0,1270.1924781799316,0,128,32,64,128,completed,True,ad_data/exp031/exp031_full_20260729_174215/bciciv2a_atcnet_seed44_madry_cw.pth
attack_bciciv2a_atcnet_seed44_trades_autoattack,attack,bciciv2a,atcnet,44,trades,autoattack,0,2770.9543890953064,0,128,32,64,128,completed,True,ad_data/exp031/exp031_full_20260729_174215/bciciv2a_atcnet_seed44_trades_autoattack.pth
attack_bciciv2a_atcnet_seed44_trades_fgsm,attack,bciciv2a,atcnet,44,trades,fgsm,0,32.00943350791931,5,128,32,64,128,completed,True,ad_data/exp031/exp031_full_20260729_174215/bciciv2a_atcnet_seed44_trades_fgsm.pth
attack_bciciv2a_atcnet_seed44_trades_pgd,attack,bciciv2a,atcnet,44,trades,pgd,0,4015.013689517975,5,128,32,64,128,completed,True,ad_data/exp031/exp031_full_20260729_174215/bciciv2a_atcnet_seed44_trades_pgd.pth
attack_bciciv2a_atcnet_seed44_trades_cw,attack,bciciv2a,atcnet,44,trades,cw,0,3945.0075664520264,3,128,32,64,128,completed,True,ad_data/exp031/exp031_full_20260729_174215/bciciv2a_atcnet_seed44_trades_cw.pth
attack_bciciv2a_atcnet_seed44_fbf_autoattack,attack,bciciv2a,atcnet,44,fbf,autoattack,0,5293.511476755142,6,128,32,64,128,completed,True,ad_data/exp031/exp031_full_20260729_174215/bciciv2a_atcnet_seed44_fbf_autoattack.pth
attack_bciciv2a_atcnet_seed44_fbf_fgsm,attack,bciciv2a,atcnet,44,fbf,fgsm,0,32.00588011741638,1,128,32,64,128,completed,True,ad_data/exp031/exp031_full_20260729_174215/bciciv2a_atcnet_seed44_fbf_fgsm.pth
attack_bciciv2a_atcnet_seed44_fbf_pgd,attack,bciciv2a,atcnet,44,fbf,pgd,0,4033.078161716461,1,128,32,64,128,completed,True,ad_data/exp031/exp031_full_20260729_174215/bciciv2a_atcnet_seed44_fbf_pgd.pth
attack_bciciv2a_atcnet_seed44_fbf_cw,attack,bciciv2a,atcnet,44,fbf,cw,0,2850.6561048030853,0,128,32,64,128,completed,True,ad_data/exp031/exp031_full_20260729_174215/bciciv2a_atcnet_seed44_fbf_cw.pth
attack_bciciv2a_atcnet_seed44_ea_forward_autoattack,attack,bciciv2a,atcnet,44,ea_forward,autoattack,0,2578.931509256363,5,128,32,64,128,completed,True,ad_data/exp031/exp031_full_20260729_174215/bciciv2a_atcnet_seed44_ea_forward_autoattack.pth
attack_bciciv2a_atcnet_seed44_ea_forward_fgsm,attack,bciciv2a,atcnet,44,ea_forward,fgsm,0,36.00769925117493,3,128,32,64,128,completed,True,ad_data/exp031/exp031_full_20260729_174215/bciciv2a_atcnet_seed44_ea_forward_fgsm.pth
attack_bciciv2a_atcnet_seed44_ea_forward_pgd,attack,bciciv2a,atcnet,44,ea_forward,pgd,0,4015.2746543884277,3,128,32,64,128,completed,True,ad_data/exp031/exp031_full_20260729_174215/bciciv2a_atcnet_seed44_ea_forward_pgd.pth
attack_bciciv2a_atcnet_seed44_ea_forward_cw,attack,bciciv2a,atcnet,44,ea_forward,cw,0,1640.657267332077,0,128,32,64,128,completed,True,ad_data/exp031/exp031_full_20260729_174215/bciciv2a_atcnet_seed44_ea_forward_cw.pth
attack_bciciv2a_atcnet_seed44_rpcf_at_autoattack,attack,bciciv2a,atcnet,44,rpcf_at,autoattack,0,14725.594691991806,1,128,32,64,128,completed,True,ad_data/exp031/exp031_full_20260729_174215/bciciv2a_atcnet_seed44_rpcf_at_autoattack.pth
attack_bciciv2a_atcnet_seed44_rpcf_at_fgsm,attack,bciciv2a,atcnet,44,rpcf_at,fgsm,0,32.00744009017944,6,128,32,64,128,completed,True,ad_data/exp031/exp031_full_20260729_174215/bciciv2a_atcnet_seed44_rpcf_at_fgsm.pth
attack_bciciv2a_atcnet_seed44_rpcf_at_pgd,attack,bciciv2a,atcnet,44,rpcf_at,pgd,0,4033.4226155281067,6,128,32,64,128,completed,True,ad_data/exp031/exp031_full_20260729_174215/bciciv2a_atcnet_seed44_rpcf_at_pgd.pth
attack_bciciv2a_atcnet_seed44_rpcf_at_cw,attack,bciciv2a,atcnet,44,rpcf_at,cw,0,2042.7074513435364,5,128,32,64,128,completed,True,ad_data/exp031/exp031_full_20260729_174215/bciciv2a_atcnet_seed44_rpcf_at_cw.pth
attack_bciciv2a_atcnet_seed45_madry_autoattack,attack,bciciv2a,atcnet,45,madry,autoattack,0,16870.055903673172,0,128,32,64,128,completed,True,ad_data/exp031/exp031_full_20260729_174215/bciciv2a_atcnet_seed45_madry_autoattack.pth
attack_bciciv2a_atcnet_seed45_madry_fgsm,attack,bciciv2a,atcnet,45,madry,fgsm,0,32.008270263671875,3,128,32,64,128,completed,True,ad_data/exp031/exp031_full_20260729_174215/bciciv2a_atcnet_seed45_madry_fgsm.pth
attack_bciciv2a_atcnet_seed45_madry_pgd,attack,bciciv2a,atcnet,45,madry,pgd,0,4001.36528134346,3,128,32,64,128,completed,True,ad_data/exp031/exp031_full_20260729_174215/bciciv2a_atcnet_seed45_madry_pgd.pth
attack_bciciv2a_atcnet_seed45_madry_cw,attack,bciciv2a,atcnet,45,madry,cw,0,2426.829179763794,5,128,32,64,128,completed,True,ad_data/exp031/exp031_full_20260729_174215/bciciv2a_atcnet_seed45_madry_cw.pth
attack_bciciv2a_atcnet_seed45_trades_autoattack,attack,bciciv2a,atcnet,45,trades,autoattack,0,3357.310559988022,2,128,32,64,128,completed,True,ad_data/exp031/exp031_full_20260729_174215/bciciv2a_atcnet_seed45_trades_autoattack.pth
attack_bciciv2a_atcnet_seed45_trades_fgsm,attack,bciciv2a,atcnet,45,trades,fgsm,0,32.00763773918152,6,128,32,64,128,completed,True,ad_data/exp031/exp031_full_20260729_174215/bciciv2a_atcnet_seed45_trades_fgsm.pth
attack_bciciv2a_atcnet_seed45_trades_pgd,attack,bciciv2a,atcnet,45,trades,pgd,0,4041.5148034095764,6,128,32,64,128,completed,True,ad_data/exp031/exp031_full_20260729_174215/bciciv2a_atcnet_seed45_trades_pgd.pth
attack_bciciv2a_atcnet_seed45_trades_cw,attack,bciciv2a,atcnet,45,trades,cw,0,2820.9864268302917,5,128,32,64,128,completed,True,ad_data/exp031/exp031_full_20260729_174215/bciciv2a_atcnet_seed45_trades_cw.pth
attack_bciciv2a_atcnet_seed45_fbf_autoattack,attack,bciciv2a,atcnet,45,fbf,autoattack,0,6244.26642036438,3,128,32,64,128,completed,True,ad_data/exp031/exp031_full_20260729_174215/bciciv2a_atcnet_seed45_fbf_autoattack.pth
attack_bciciv2a_atcnet_seed45_fbf_fgsm,attack,bciciv2a,atcnet,45,fbf,fgsm,0,32.00860905647278,4,128,32,64,128,completed,True,ad_data/exp031/exp031_full_20260729_174215/bciciv2a_atcnet_seed45_fbf_fgsm.pth
attack_bciciv2a_atcnet_seed45_fbf_pgd,attack,bciciv2a,atcnet,45,fbf,pgd,0,3947.341886997223,4,128,32,64,128,completed,True,ad_data/exp031/exp031_full_20260729_174215/bciciv2a_atcnet_seed45_fbf_pgd.pth
attack_bciciv2a_atcnet_seed45_fbf_cw,attack,bciciv2a,atcnet,45,fbf,cw,0,1672.452974319458,2,128,32,64,128,completed,True,ad_data/exp031/exp031_full_20260729_174215/bciciv2a_atcnet_seed45_fbf_cw.pth
attack_bciciv2a_atcnet_seed45_ea_forward_autoattack,attack,bciciv2a,atcnet,45,ea_forward,autoattack,0,2645.0568268299103,5,128,32,64,128,completed,True,ad_data/exp031/exp031_full_20260729_174215/bciciv2a_atcnet_seed45_ea_forward_autoattack.pth
attack_bciciv2a_atcnet_seed45_ea_forward_fgsm,attack,bciciv2a,atcnet,45,ea_forward,fgsm,0,40.096325159072876,2,128,32,64,128,completed,True,ad_data/exp031/exp031_full_20260729_174215/bciciv2a_atcnet_seed45_ea_forward_fgsm.pth
attack_bciciv2a_atcnet_seed45_ea_forward_pgd,attack,bciciv2a,atcnet,45,ea_forward,pgd,0,4053.3404121398926,6,128,32,64,128,completed,True,ad_data/exp031/exp031_full_20260729_174215/bciciv2a_atcnet_seed45_ea_forward_pgd.pth
attack_bciciv2a_atcnet_seed45_ea_forward_cw,attack,bciciv2a,atcnet,45,ea_forward,cw,0,1658.3518266677856,2,128,32,64,128,completed,True,ad_data/exp031/exp031_full_20260729_174215/bciciv2a_atcnet_seed45_ea_forward_cw.pth
attack_bciciv2a_atcnet_seed45_rpcf_at_autoattack,attack,bciciv2a,atcnet,45,rpcf_at,autoattack,0,13975.019988298416,2,128,32,64,128,completed,True,ad_data/exp031/exp031_full_20260729_174215/bciciv2a_atcnet_seed45_rpcf_at_autoattack.pth
attack_bciciv2a_atcnet_seed45_rpcf_at_fgsm,attack,bciciv2a,atcnet,45,rpcf_at,fgsm,0,30.007182836532593,4,128,32,64,128,completed,True,ad_data/exp031/exp031_full_20260729_174215/bciciv2a_atcnet_seed45_rpcf_at_fgsm.pth
attack_bciciv2a_atcnet_seed45_rpcf_at_pgd,attack,bciciv2a,atcnet,45,rpcf_at,pgd,0,3961.1883120536804,4,128,32,64,128,completed,True,ad_data/exp031/exp031_full_20260729_174215/bciciv2a_atcnet_seed45_rpcf_at_pgd.pth
attack_bciciv2a_atcnet_seed45_rpcf_at_cw,attack,bciciv2a,atcnet,45,rpcf_at,cw,0,2054.681640625,5,128,32,64,128,completed,True,ad_data/exp031/exp031_full_20260729_174215/bciciv2a_atcnet_seed45_rpcf_at_cw.pth
attack_bciciv2a_atcnet_seed46_madry_autoattack,attack,bciciv2a,atcnet,46,madry,autoattack,0,15589.369535684586,3,128,32,64,128,completed,True,ad_data/exp031/exp031_full_20260729_174215/bciciv2a_atcnet_seed46_madry_autoattack.pth
attack_bciciv2a_atcnet_seed46_madry_fgsm,attack,bciciv2a,atcnet,46,madry,fgsm,0,36.00876545906067,6,128,32,64,128,completed,True,ad_data/exp031/exp031_full_20260729_174215/bciciv2a_atcnet_seed46_madry_fgsm.pth
attack_bciciv2a_atcnet_seed46_madry_pgd,attack,bciciv2a,atcnet,46,madry,pgd,0,4043.159643650055,6,128,32,64,128,completed,True,ad_data/exp031/exp031_full_20260729_174215/bciciv2a_atcnet_seed46_madry_pgd.pth
attack_bciciv2a_atcnet_seed46_madry_cw,attack,bciciv2a,atcnet,46,madry,cw,0,1650.3668854236603,5,128,32,64,128,completed,True,ad_data/exp031/exp031_full_20260729_174215/bciciv2a_atcnet_seed46_madry_cw.pth
attack_bciciv2a_atcnet_seed46_trades_autoattack,attack,bciciv2a,atcnet,46,trades,autoattack,0,3064.934431552887,4,128,32,64,128,completed,True,ad_data/exp031/exp031_full_20260729_174215/bciciv2a_atcnet_seed46_trades_autoattack.pth
attack_bciciv2a_atcnet_seed46_trades_fgsm,attack,bciciv2a,atcnet,46,trades,fgsm,0,32.00668430328369,5,128,32,64,128,completed,True,ad_data/exp031/exp031_full_20260729_174215/bciciv2a_atcnet_seed46_trades_fgsm.pth
attack_bciciv2a_atcnet_seed46_trades_pgd,attack,bciciv2a,atcnet,46,trades,pgd,0,4033.2028710842133,5,128,32,64,128,completed,True,ad_data/exp031/exp031_full_20260729_174215/bciciv2a_atcnet_seed46_trades_pgd.pth
attack_bciciv2a_atcnet_seed46_trades_cw,attack,bciciv2a,atcnet,46,trades,cw,0,3605.118400812149,1,128,32,64,128,completed,True,ad_data/exp031/exp031_full_20260729_174215/bciciv2a_atcnet_seed46_trades_cw.pth
attack_bciciv2a_atcnet_seed46_fbf_autoattack,attack,bciciv2a,atcnet,46,fbf,autoattack,0,5283.958450317383,6,128,32,64,128,completed,True,ad_data/exp031/exp031_full_20260729_174215/bciciv2a_atcnet_seed46_fbf_autoattack.pth
attack_bciciv2a_atcnet_seed46_fbf_fgsm,attack,bciciv2a,atcnet,46,fbf,fgsm,0,32.00833606719971,4,128,32,64,128,completed,True,ad_data/exp031/exp031_full_20260729_174215/bciciv2a_atcnet_seed46_fbf_fgsm.pth
attack_bciciv2a_atcnet_seed46_fbf_pgd,attack,bciciv2a,atcnet,46,fbf,pgd,0,3947.45272064209,4,128,32,64,128,completed,True,ad_data/exp031/exp031_full_20260729_174215/bciciv2a_atcnet_seed46_fbf_pgd.pth
attack_bciciv2a_atcnet_seed46_fbf_cw,attack,bciciv2a,atcnet,46,fbf,cw,0,1664.5377502441406,0,128,32,64,128,completed,True,ad_data/exp031/exp031_full_20260729_174215/bciciv2a_atcnet_seed46_fbf_cw.pth
attack_bciciv2a_atcnet_seed46_ea_forward_autoattack,attack,bciciv2a,atcnet,46,ea_forward,autoattack,0,2600.8171920776367,5,128,32,64,128,completed,True,ad_data/exp031/exp031_full_20260729_174215/bciciv2a_atcnet_seed46_ea_forward_autoattack.pth
attack_bciciv2a_atcnet_seed46_ea_forward_fgsm,attack,bciciv2a,atcnet,46,ea_forward,fgsm,0,38.00861716270447,1,128,32,64,128,completed,True,ad_data/exp031/exp031_full_20260729_174215/bciciv2a_atcnet_seed46_ea_forward_fgsm.pth
attack_bciciv2a_atcnet_seed46_ea_forward_pgd,attack,bciciv2a,atcnet,46,ea_forward,pgd,0,4047.3612163066864,1,128,32,64,128,completed,True,ad_data/exp031/exp031_full_20260729_174215/bciciv2a_atcnet_seed46_ea_forward_pgd.pth
attack_bciciv2a_atcnet_seed46_ea_forward_cw,attack,bciciv2a,atcnet,46,ea_forward,cw,0,1304.265834569931,0,128,32,64,128,completed,True,ad_data/exp031/exp031_full_20260729_174215/bciciv2a_atcnet_seed46_ea_forward_cw.pth
attack_bciciv2a_atcnet_seed46_rpcf_at_autoattack,attack,bciciv2a,atcnet,46,rpcf_at,autoattack,0,16694.716838121414,0,128,32,64,128,completed,True,ad_data/exp031/exp031_full_20260729_174215/bciciv2a_atcnet_seed46_rpcf_at_autoattack.pth
attack_bciciv2a_atcnet_seed46_rpcf_at_fgsm,attack,bciciv2a,atcnet,46,rpcf_at,fgsm,0,38.020527601242065,5,128,32,64,128,completed,True,ad_data/exp031/exp031_full_20260729_174215/bciciv2a_atcnet_seed46_rpcf_at_fgsm.pth
attack_bciciv2a_atcnet_seed46_rpcf_at_pgd,attack,bciciv2a,atcnet,46,rpcf_at,pgd,0,4050.941904783249,5,128,32,64,128,completed,True,ad_data/exp031/exp031_full_20260729_174215/bciciv2a_atcnet_seed46_rpcf_at_pgd.pth
attack_bciciv2a_atcnet_seed46_rpcf_at_cw,attack,bciciv2a,atcnet,46,rpcf_at,cw,0,2770.6992812156677,4,128,32,64,128,completed,True,ad_data/exp031/exp031_full_20260729_174215/bciciv2a_atcnet_seed46_rpcf_at_cw.pth
attack_bciciv2a_conformer_seed42_madry_autoattack,attack,bciciv2a,conformer,42,madry,autoattack,0,606.3480262756348,6,128,32,32,64,completed,True,ad_data/exp031/exp031_full_20260729_174215/bciciv2a_conformer_seed42_madry_autoattack.pth
attack_bciciv2a_conformer_seed42_madry_fgsm,attack,bciciv2a,conformer,42,madry,fgsm,0,18.013099908828735,1,128,32,32,64,completed,True,ad_data/exp031/exp031_full_20260729_174215/bciciv2a_conformer_seed42_madry_fgsm.pth
attack_bciciv2a_conformer_seed42_madry_pgd,attack,bciciv2a,conformer,42,madry,pgd,0,122.12354254722595,1,128,32,32,64,completed,True,ad_data/exp031/exp031_full_20260729_174215/bciciv2a_conformer_seed42_madry_pgd.pth
attack_bciciv2a_conformer_seed42_madry_cw,attack,bciciv2a,conformer,42,madry,cw,0,62.09061884880066,6,128,32,32,64,completed,True,ad_data/exp031/exp031_full_20260729_174215/bciciv2a_conformer_seed42_madry_cw.pth
attack_bciciv2a_conformer_seed42_trades_autoattack,attack,bciciv2a,conformer,42,trades,autoattack,0,490.5715048313141,1,128,32,32,64,completed,True,ad_data/exp031/exp031_full_20260729_174215/bciciv2a_conformer_seed42_trades_autoattack.pth
attack_bciciv2a_conformer_seed42_trades_fgsm,attack,bciciv2a,conformer,42,trades,fgsm,0,12.003157615661621,6,128,32,32,64,completed,True,ad_data/exp031/exp031_full_20260729_174215/bciciv2a_conformer_seed42_trades_fgsm.pth
attack_bciciv2a_conformer_seed42_trades_pgd,attack,bciciv2a,conformer,42,trades,pgd,0,124.0735170841217,6,128,32,32,64,completed,True,ad_data/exp031/exp031_full_20260729_174215/bciciv2a_conformer_seed42_trades_pgd.pth
attack_bciciv2a_conformer_seed42_trades_cw,attack,bciciv2a,conformer,42,trades,cw,0,78.02553653717041,6,128,32,32,64,completed,True,ad_data/exp031/exp031_full_20260729_174215/bciciv2a_conformer_seed42_trades_cw.pth
attack_bciciv2a_conformer_seed42_fbf_autoattack,attack,bciciv2a,conformer,42,fbf,autoattack,0,762.848242521286,6,128,32,32,64,completed,True,ad_data/exp031/exp031_full_20260729_174215/bciciv2a_conformer_seed42_fbf_autoattack.pth
attack_bciciv2a_conformer_seed42_fbf_fgsm,attack,bciciv2a,conformer,42,fbf,fgsm,0,14.00425672531128,1,128,32,32,64,completed,True,ad_data/exp031/exp031_full_20260729_174215/bciciv2a_conformer_seed42_fbf_fgsm.pth
attack_bciciv2a_conformer_seed42_fbf_pgd,attack,bciciv2a,conformer,42,fbf,pgd,0,120.05079960823059,1,128,32,32,64,completed,True,ad_data/exp031/exp031_full_20260729_174215/bciciv2a_conformer_seed42_fbf_pgd.pth
attack_bciciv2a_conformer_seed42_fbf_cw,attack,bciciv2a,conformer,42,fbf,cw,0,72.02948808670044,1,128,32,32,64,completed,True,ad_data/exp031/exp031_full_20260729_174215/bciciv2a_conformer_seed42_fbf_cw.pth
attack_bciciv2a_conformer_seed42_ea_forward_autoattack,attack,bciciv2a,conformer,42,ea_forward,autoattack,0,254.11315393447876,1,128,32,32,64,completed,True,ad_data/exp031/exp031_full_20260729_174215/bciciv2a_conformer_seed42_ea_forward_autoattack.pth
attack_bciciv2a_conformer_seed42_ea_forward_fgsm,attack,bciciv2a,conformer,42,ea_forward,fgsm,0,20.01152992248535,1,128,32,32,64,completed,True,ad_data/exp031/exp031_full_20260729_174215/bciciv2a_conformer_seed42_ea_forward_fgsm.pth
attack_bciciv2a_conformer_seed42_ea_forward_pgd,attack,bciciv2a,conformer,42,ea_forward,pgd,0,142.1217336654663,1,128,32,32,64,completed,True,ad_data/exp031/exp031_full_20260729_174215/bciciv2a_conformer_seed42_ea_forward_pgd.pth
attack_bciciv2a_conformer_seed42_ea_forward_cw,attack,bciciv2a,conformer,42,ea_forward,cw,0,146.12030959129333,6,128,32,32,64,completed,True,ad_data/exp031/exp031_full_20260729_174215/bciciv2a_conformer_seed42_ea_forward_cw.pth
attack_bciciv2a_conformer_seed42_rpcf_at_autoattack,attack,bciciv2a,conformer,42,rpcf_at,autoattack,0,1059.8915417194366,1,128,32,32,64,completed,True,ad_data/exp031/exp031_full_20260729_174215/bciciv2a_conformer_seed42_rpcf_at_autoattack.pth
attack_bciciv2a_conformer_seed42_rpcf_at_fgsm,attack,bciciv2a,conformer,42,rpcf_at,fgsm,0,14.00435495376587,6,128,32,32,64,completed,True,ad_data/exp031/exp031_full_20260729_174215/bciciv2a_conformer_seed42_rpcf_at_fgsm.pth
attack_bciciv2a_conformer_seed42_rpcf_at_pgd,attack,bciciv2a,conformer,42,rpcf_at,pgd,0,124.05745530128479,6,128,32,32,64,completed,True,ad_data/exp031/exp031_full_20260729_174215/bciciv2a_conformer_seed42_rpcf_at_pgd.pth
attack_bciciv2a_conformer_seed42_rpcf_at_cw,attack,bciciv2a,conformer,42,rpcf_at,cw,0,80.03855562210083,6,128,32,32,64,completed,True,ad_data/exp031/exp031_full_20260729_174215/bciciv2a_conformer_seed42_rpcf_at_cw.pth
attack_bciciv2a_conformer_seed43_madry_autoattack,attack,bciciv2a,conformer,43,madry,autoattack,0,1397.1175632476807,6,128,32,32,64,completed,True,ad_data/exp031/exp031_full_20260729_174215/bciciv2a_conformer_seed43_madry_autoattack.pth
attack_bciciv2a_conformer_seed43_madry_fgsm,attack,bciciv2a,conformer,43,madry,fgsm,0,20.015342235565186,4,128,32,32,64,completed,True,ad_data/exp031/exp031_full_20260729_174215/bciciv2a_conformer_seed43_madry_fgsm.pth
attack_bciciv2a_conformer_seed43_madry_pgd,attack,bciciv2a,conformer,43,madry,pgd,0,130.1711301803589,4,128,32,32,64,completed,True,ad_data/exp031/exp031_full_20260729_174215/bciciv2a_conformer_seed43_madry_pgd.pth
attack_bciciv2a_conformer_seed43_madry_cw,attack,bciciv2a,conformer,43,madry,cw,0,68.129399061203,2,128,32,32,64,completed,True,ad_data/exp031/exp031_full_20260729_174215/bciciv2a_conformer_seed43_madry_cw.pth
attack_bciciv2a_conformer_seed43_trades_autoattack,attack,bciciv2a,conformer,43,trades,autoattack,0,1144.7192015647888,4,128,32,32,64,completed,True,ad_data/exp031/exp031_full_20260729_174215/bciciv2a_conformer_seed43_trades_autoattack.pth
attack_bciciv2a_conformer_seed43_trades_fgsm,attack,bciciv2a,conformer,43,trades,fgsm,0,28.015782117843628,2,128,32,32,64,completed,True,ad_data/exp031/exp031_full_20260729_174215/bciciv2a_conformer_seed43_trades_fgsm.pth
attack_bciciv2a_conformer_seed43_trades_pgd,attack,bciciv2a,conformer,43,trades,pgd,0,146.10870146751404,2,128,32,32,64,completed,True,ad_data/exp031/exp031_full_20260729_174215/bciciv2a_conformer_seed43_trades_pgd.pth
attack_bciciv2a_conformer_seed43_trades_cw,attack,bciciv2a,conformer,43,trades,cw,0,84.0571014881134,2,128,32,32,64,completed,True,ad_data/exp031/exp031_full_20260729_174215/bciciv2a_conformer_seed43_trades_cw.pth
attack_bciciv2a_conformer_seed43_fbf_autoattack,attack,bciciv2a,conformer,43,fbf,autoattack,0,1717.893765926361,2,128,32,32,64,completed,True,ad_data/exp031/exp031_full_20260729_174215/bciciv2a_conformer_seed43_fbf_autoattack.pth
attack_bciciv2a_conformer_seed43_fbf_fgsm,attack,bciciv2a,conformer,43,fbf,fgsm,0,22.019871473312378,1,128,32,32,64,completed,True,ad_data/exp031/exp031_full_20260729_174215/bciciv2a_conformer_seed43_fbf_fgsm.pth
attack_bciciv2a_conformer_seed43_fbf_pgd,attack,bciciv2a,conformer,43,fbf,pgd,0,130.11242651939392,1,128,32,32,64,completed,True,ad_data/exp031/exp031_full_20260729_174215/bciciv2a_conformer_seed43_fbf_pgd.pth
attack_bciciv2a_conformer_seed43_fbf_cw,attack,bciciv2a,conformer,43,fbf,cw,0,98.09349179267883,1,128,32,32,64,completed,True,ad_data/exp031/exp031_full_20260729_174215/bciciv2a_conformer_seed43_fbf_cw.pth
attack_bciciv2a_conformer_seed43_ea_forward_autoattack,attack,bciciv2a,conformer,43,ea_forward,autoattack,0,112.30523538589478,1,128,32,32,64,completed,True,ad_data/exp031/exp031_full_20260729_174215/bciciv2a_conformer_seed43_ea_forward_autoattack.pth
attack_bciciv2a_conformer_seed43_ea_forward_fgsm,attack,bciciv2a,conformer,43,ea_forward,fgsm,0,36.029139041900635,5,128,32,32,64,completed,True,ad_data/exp031/exp031_full_20260729_174215/bciciv2a_conformer_seed43_ea_forward_fgsm.pth
attack_bciciv2a_conformer_seed43_ea_forward_pgd,attack,bciciv2a,conformer,43,ea_forward,pgd,0,172.27111434936523,5,128,32,32,64,completed,True,ad_data/exp031/exp031_full_20260729_174215/bciciv2a_conformer_seed43_ea_forward_pgd.pth
attack_bciciv2a_conformer_seed43_ea_forward_cw,attack,bciciv2a,conformer,43,ea_forward,cw,0,110.25478219985962,1,128,32,32,64,completed,True,ad_data/exp031/exp031_full_20260729_174215/bciciv2a_conformer_seed43_ea_forward_cw.pth
attack_bciciv2a_conformer_seed43_rpcf_at_autoattack,attack,bciciv2a,conformer,43,rpcf_at,autoattack,0,1717.6974067687988,5,128,32,32,64,completed,True,ad_data/exp031/exp031_full_20260729_174215/bciciv2a_conformer_seed43_rpcf_at_autoattack.pth
attack_bciciv2a_conformer_seed43_rpcf_at_fgsm,attack,bciciv2a,conformer,43,rpcf_at,fgsm,0,58.06377696990967,1,128,32,32,64,completed,True,ad_data/exp031/exp031_full_20260729_174215/bciciv2a_conformer_seed43_rpcf_at_fgsm.pth
attack_bciciv2a_conformer_seed43_rpcf_at_pgd,attack,bciciv2a,conformer,43,rpcf_at,pgd,0,168.48467254638672,1,128,32,32,64,completed,True,ad_data/exp031/exp031_full_20260729_174215/bciciv2a_conformer_seed43_rpcf_at_pgd.pth
attack_bciciv2a_conformer_seed43_rpcf_at_cw,attack,bciciv2a,conformer,43,rpcf_at,cw,0,102.17670559883118,6,128,32,32,64,completed,True,ad_data/exp031/exp031_full_20260729_174215/bciciv2a_conformer_seed43_rpcf_at_cw.pth
attack_bciciv2a_conformer_seed44_madry_autoattack,attack,bciciv2a,conformer,44,madry,autoattack,0,1990.1221587657928,4,128,32,32,64,completed,True,ad_data/exp031/exp031_full_20260729_174215/bciciv2a_conformer_seed44_madry_autoattack.pth
attack_bciciv2a_conformer_seed44_madry_fgsm,attack,bciciv2a,conformer,44,madry,fgsm,0,52.16996741294861,6,128,32,32,64,completed,True,ad_data/exp031/exp031_full_20260729_174215/bciciv2a_conformer_seed44_madry_fgsm.pth
attack_bciciv2a_conformer_seed44_madry_pgd,attack,bciciv2a,conformer,44,madry,pgd,0,156.37428903579712,1,128,32,32,64,completed,True,ad_data/exp031/exp031_full_20260729_174215/bciciv2a_conformer_seed44_madry_pgd.pth
attack_bciciv2a_conformer_seed44_madry_cw,attack,bciciv2a,conformer,44,madry,cw,0,94.09311485290527,6,128,32,32,64,completed,True,ad_data/exp031/exp031_full_20260729_174215/bciciv2a_conformer_seed44_madry_cw.pth
attack_bciciv2a_conformer_seed44_trades_autoattack,attack,bciciv2a,conformer,44,trades,autoattack,0,1260.1756672859192,6,128,32,32,64,completed,True,ad_data/exp031/exp031_full_20260729_174215/bciciv2a_conformer_seed44_trades_autoattack.pth
attack_bciciv2a_conformer_seed44_trades_fgsm,attack,bciciv2a,conformer,44,trades,fgsm,0,46.04783821105957,1,128,32,32,64,completed,True,ad_data/exp031/exp031_full_20260729_174215/bciciv2a_conformer_seed44_trades_fgsm.pth
attack_bciciv2a_conformer_seed44_trades_pgd,attack,bciciv2a,conformer,44,trades,pgd,0,156.13696455955505,1,128,32,32,64,completed,True,ad_data/exp031/exp031_full_20260729_174215/bciciv2a_conformer_seed44_trades_pgd.pth
attack_bciciv2a_conformer_seed44_trades_cw,attack,bciciv2a,conformer,44,trades,cw,0,106.08694887161255,1,128,32,32,64,completed,True,ad_data/exp031/exp031_full_20260729_174215/bciciv2a_conformer_seed44_trades_cw.pth
attack_bciciv2a_conformer_seed44_fbf_autoattack,attack,bciciv2a,conformer,44,fbf,autoattack,0,1406.7758827209473,1,128,32,32,64,completed,True,ad_data/exp031/exp031_full_20260729_174215/bciciv2a_conformer_seed44_fbf_autoattack.pth
attack_bciciv2a_conformer_seed44_fbf_fgsm,attack,bciciv2a,conformer,44,fbf,fgsm,0,36.03302550315857,2,128,32,32,64,completed,True,ad_data/exp031/exp031_full_20260729_174215/bciciv2a_conformer_seed44_fbf_fgsm.pth
attack_bciciv2a_conformer_seed44_fbf_pgd,attack,bciciv2a,conformer,44,fbf,pgd,0,138.12089490890503,2,128,32,32,64,completed,True,ad_data/exp031/exp031_full_20260729_174215/bciciv2a_conformer_seed44_fbf_pgd.pth
attack_bciciv2a_conformer_seed44_fbf_cw,attack,bciciv2a,conformer,44,fbf,cw,0,102.09710812568665,2,128,32,32,64,completed,True,ad_data/exp031/exp031_full_20260729_174215/bciciv2a_conformer_seed44_fbf_cw.pth
attack_bciciv2a_conformer_seed44_ea_forward_autoattack,attack,bciciv2a,conformer,44,ea_forward,autoattack,0,1254.694312095642,2,128,32,32,64,completed,True,ad_data/exp031/exp031_full_20260729_174215/bciciv2a_conformer_seed44_ea_forward_autoattack.pth
attack_bciciv2a_conformer_seed44_ea_forward_fgsm,attack,bciciv2a,conformer,44,ea_forward,fgsm,0,38.019439458847046,6,128,32,32,64,completed,True,ad_data/exp031/exp031_full_20260729_174215/bciciv2a_conformer_seed44_ea_forward_fgsm.pth
attack_bciciv2a_conformer_seed44_ea_forward_pgd,attack,bciciv2a,conformer,44,ea_forward,pgd,0,186.34546399116516,6,128,32,32,64,completed,True,ad_data/exp031/exp031_full_20260729_174215/bciciv2a_conformer_seed44_ea_forward_pgd.pth
attack_bciciv2a_conformer_seed44_ea_forward_cw,attack,bciciv2a,conformer,44,ea_forward,cw,0,88.07912397384644,5,128,32,32,64,completed,True,ad_data/exp031/exp031_full_20260729_174215/bciciv2a_conformer_seed44_ea_forward_cw.pth
attack_bciciv2a_conformer_seed44_rpcf_at_autoattack,attack,bciciv2a,conformer,44,rpcf_at,autoattack,0,2229.0891485214233,5,128,32,32,64,completed,True,ad_data/exp031/exp031_full_20260729_174215/bciciv2a_conformer_seed44_rpcf_at_autoattack.pth
attack_bciciv2a_conformer_seed44_rpcf_at_fgsm,attack,bciciv2a,conformer,44,rpcf_at,fgsm,0,52.06186652183533,6,128,32,32,64,completed,True,ad_data/exp031/exp031_full_20260729_174215/bciciv2a_conformer_seed44_rpcf_at_fgsm.pth
attack_bciciv2a_conformer_seed44_rpcf_at_pgd,attack,bciciv2a,conformer,44,rpcf_at,pgd,0,160.20269584655762,6,128,32,32,64,completed,True,ad_data/exp031/exp031_full_20260729_174215/bciciv2a_conformer_seed44_rpcf_at_pgd.pth
attack_bciciv2a_conformer_seed44_rpcf_at_cw,attack,bciciv2a,conformer,44,rpcf_at,cw,0,100.44862675666809,6,128,32,32,64,completed,True,ad_data/exp031/exp031_full_20260729_174215/bciciv2a_conformer_seed44_rpcf_at_cw.pth
attack_bciciv2a_conformer_seed45_madry_autoattack,attack,bciciv2a,conformer,45,madry,autoattack,0,2129.0296881198883,4,128,32,32,64,completed,True,ad_data/exp031/exp031_full_20260729_174215/bciciv2a_conformer_seed45_madry_autoattack.pth
attack_bciciv2a_conformer_seed45_madry_fgsm,attack,bciciv2a,conformer,45,madry,fgsm,0,42.0369291305542,1,128,32,32,64,completed,True,ad_data/exp031/exp031_full_20260729_174215/bciciv2a_conformer_seed45_madry_fgsm.pth
attack_bciciv2a_conformer_seed45_madry_pgd,attack,bciciv2a,conformer,45,madry,pgd,0,162.3343551158905,1,128,32,32,64,completed,True,ad_data/exp031/exp031_full_20260729_174215/bciciv2a_conformer_seed45_madry_pgd.pth
attack_bciciv2a_conformer_seed45_madry_cw,attack,bciciv2a,conformer,45,madry,cw,0,88.05254054069519,6,128,32,32,64,completed,True,ad_data/exp031/exp031_full_20260729_174215/bciciv2a_conformer_seed45_madry_cw.pth
attack_bciciv2a_conformer_seed45_trades_autoattack,attack,bciciv2a,conformer,45,trades,autoattack,0,1795.4899816513062,6,128,32,32,64,completed,True,ad_data/exp031/exp031_full_20260729_174215/bciciv2a_conformer_seed45_trades_autoattack.pth
attack_bciciv2a_conformer_seed45_trades_fgsm,attack,bciciv2a,conformer,45,trades,fgsm,0,66.0583348274231,1,128,32,32,64,completed,True,ad_data/exp031/exp031_full_20260729_174215/bciciv2a_conformer_seed45_trades_fgsm.pth
attack_bciciv2a_conformer_seed45_trades_pgd,attack,bciciv2a,conformer,45,trades,pgd,0,150.25868821144104,1,128,32,32,64,completed,True,ad_data/exp031/exp031_full_20260729_174215/bciciv2a_conformer_seed45_trades_pgd.pth
attack_bciciv2a_conformer_seed45_trades_cw,attack,bciciv2a,conformer,45,trades,cw,0,140.22465014457703,2,128,32,32,64,completed,True,ad_data/exp031/exp031_full_20260729_174215/bciciv2a_conformer_seed45_trades_cw.pth
attack_bciciv2a_conformer_seed45_fbf_autoattack,attack,bciciv2a,conformer,45,fbf,autoattack,0,2201.382301568985,1,128,32,32,64,completed,True,ad_data/exp031/exp031_full_20260729_174215/bciciv2a_conformer_seed45_fbf_autoattack.pth
attack_bciciv2a_conformer_seed45_fbf_fgsm,attack,bciciv2a,conformer,45,fbf,fgsm,0,38.039162158966064,2,128,32,32,64,completed,True,ad_data/exp031/exp031_full_20260729_174215/bciciv2a_conformer_seed45_fbf_fgsm.pth
attack_bciciv2a_conformer_seed45_fbf_pgd,attack,bciciv2a,conformer,45,fbf,pgd,0,142.15718054771423,2,128,32,32,64,completed,True,ad_data/exp031/exp031_full_20260729_174215/bciciv2a_conformer_seed45_fbf_pgd.pth
attack_bciciv2a_conformer_seed45_fbf_cw,attack,bciciv2a,conformer,45,fbf,cw,0,126.29570722579956,2,128,32,32,64,completed,True,ad_data/exp031/exp031_full_20260729_174215/bciciv2a_conformer_seed45_fbf_cw.pth
attack_bciciv2a_conformer_seed45_ea_forward_autoattack,attack,bciciv2a,conformer,45,ea_forward,autoattack,0,1171.840050458908,3,128,32,32,64,completed,True,ad_data/exp031/exp031_full_20260729_174215/bciciv2a_conformer_seed45_ea_forward_autoattack.pth
attack_bciciv2a_conformer_seed45_ea_forward_fgsm,attack,bciciv2a,conformer,45,ea_forward,fgsm,0,46.05908727645874,2,128,32,32,64,completed,True,ad_data/exp031/exp031_full_20260729_174215/bciciv2a_conformer_seed45_ea_forward_fgsm.pth
attack_bciciv2a_conformer_seed45_ea_forward_pgd,attack,bciciv2a,conformer,45,ea_forward,pgd,0,260.2601411342621,2,128,32,32,64,completed,True,ad_data/exp031/exp031_full_20260729_174215/bciciv2a_conformer_seed45_ea_forward_pgd.pth
attack_bciciv2a_conformer_seed45_ea_forward_cw,attack,bciciv2a,conformer,45,ea_forward,cw,0,94.11659646034241,2,128,32,32,64,completed,True,ad_data/exp031/exp031_full_20260729_174215/bciciv2a_conformer_seed45_ea_forward_cw.pth
attack_bciciv2a_conformer_seed45_rpcf_at_autoattack,attack,bciciv2a,conformer,45,rpcf_at,autoattack,0,2522.5791189670563,2,128,32,32,64,completed,True,ad_data/exp031/exp031_full_20260729_174215/bciciv2a_conformer_seed45_rpcf_at_autoattack.pth
attack_bciciv2a_conformer_seed45_rpcf_at_fgsm,attack,bciciv2a,conformer,45,rpcf_at,fgsm,0,30.39380383491516,3,128,32,32,64,completed,True,ad_data/exp031/exp031_full_20260729_174215/bciciv2a_conformer_seed45_rpcf_at_fgsm.pth
attack_bciciv2a_conformer_seed45_rpcf_at_pgd,attack,bciciv2a,conformer,45,rpcf_at,pgd,0,170.5924937725067,6,128,32,32,64,completed,True,ad_data/exp031/exp031_full_20260729_174215/bciciv2a_conformer_seed45_rpcf_at_pgd.pth
attack_bciciv2a_conformer_seed45_rpcf_at_cw,attack,bciciv2a,conformer,45,rpcf_at,cw,0,144.32418870925903,5,128,32,32,64,completed,True,ad_data/exp031/exp031_full_20260729_174215/bciciv2a_conformer_seed45_rpcf_at_cw.pth
attack_bciciv2a_conformer_seed46_madry_autoattack,attack,bciciv2a,conformer,46,madry,autoattack,0,2021.6941895484924,3,128,32,32,64,completed,True,ad_data/exp031/exp031_full_20260729_174215/bciciv2a_conformer_seed46_madry_autoattack.pth
attack_bciciv2a_conformer_seed46_madry_fgsm,attack,bciciv2a,conformer,46,madry,fgsm,0,56.31127619743347,5,128,32,32,64,completed,True,ad_data/exp031/exp031_full_20260729_174215/bciciv2a_conformer_seed46_madry_fgsm.pth
attack_bciciv2a_conformer_seed46_madry_pgd,attack,bciciv2a,conformer,46,madry,pgd,0,184.5542435646057,6,128,32,32,64,completed,True,ad_data/exp031/exp031_full_20260729_174215/bciciv2a_conformer_seed46_madry_pgd.pth
attack_bciciv2a_conformer_seed46_madry_cw,attack,bciciv2a,conformer,46,madry,cw,0,110.23510932922363,4,128,32,32,64,completed,True,ad_data/exp031/exp031_full_20260729_174215/bciciv2a_conformer_seed46_madry_cw.pth
attack_bciciv2a_conformer_seed46_trades_autoattack,attack,bciciv2a,conformer,46,trades,autoattack,0,1002.5391564369202,5,128,32,32,64,completed,True,ad_data/exp031/exp031_full_20260729_174215/bciciv2a_conformer_seed46_trades_autoattack.pth
attack_bciciv2a_conformer_seed46_trades_fgsm,attack,bciciv2a,conformer,46,trades,fgsm,0,60.19661235809326,4,128,32,32,64,completed,True,ad_data/exp031/exp031_full_20260729_174215/bciciv2a_conformer_seed46_trades_fgsm.pth
attack_bciciv2a_conformer_seed46_trades_pgd,attack,bciciv2a,conformer,46,trades,pgd,0,166.4171326160431,6,128,32,32,64,completed,True,ad_data/exp031/exp031_full_20260729_174215/bciciv2a_conformer_seed46_trades_pgd.pth
attack_bciciv2a_conformer_seed46_trades_cw,attack,bciciv2a,conformer,46,trades,cw,0,104.09297561645508,4,128,32,32,64,completed,True,ad_data/exp031/exp031_full_20260729_174215/bciciv2a_conformer_seed46_trades_cw.pth
attack_bciciv2a_conformer_seed46_fbf_autoattack,attack,bciciv2a,conformer,46,fbf,autoattack,0,2645.3326482772827,4,128,32,32,64,completed,True,ad_data/exp031/exp031_full_20260729_174215/bciciv2a_conformer_seed46_fbf_autoattack.pth
attack_bciciv2a_conformer_seed46_fbf_fgsm,attack,bciciv2a,conformer,46,fbf,fgsm,0,64.0715594291687,6,128,32,32,64,completed,True,ad_data/exp031/exp031_full_20260729_174215/bciciv2a_conformer_seed46_fbf_fgsm.pth
attack_bciciv2a_conformer_seed46_fbf_pgd,attack,bciciv2a,conformer,46,fbf,pgd,0,160.26183080673218,6,128,32,32,64,completed,True,ad_data/exp031/exp031_full_20260729_174215/bciciv2a_conformer_seed46_fbf_pgd.pth
attack_bciciv2a_conformer_seed46_fbf_cw,attack,bciciv2a,conformer,46,fbf,cw,0,140.2653787136078,1,128,32,32,64,completed,True,ad_data/exp031/exp031_full_20260729_174215/bciciv2a_conformer_seed46_fbf_cw.pth
attack_bciciv2a_conformer_seed46_ea_forward_autoattack,attack,bciciv2a,conformer,46,ea_forward,autoattack,0,406.6897556781769,6,128,32,32,64,completed,True,ad_data/exp031/exp031_full_20260729_174215/bciciv2a_conformer_seed46_ea_forward_autoattack.pth
attack_bciciv2a_conformer_seed46_ea_forward_fgsm,attack,bciciv2a,conformer,46,ea_forward,fgsm,0,62.06203556060791,1,128,32,32,64,completed,True,ad_data/exp031/exp031_full_20260729_174215/bciciv2a_conformer_seed46_ea_forward_fgsm.pth
attack_bciciv2a_conformer_seed46_ea_forward_pgd,attack,bciciv2a,conformer,46,ea_forward,pgd,0,268.4040410518646,1,128,32,32,64,completed,True,ad_data/exp031/exp031_full_20260729_174215/bciciv2a_conformer_seed46_ea_forward_pgd.pth
attack_bciciv2a_conformer_seed46_ea_forward_cw,attack,bciciv2a,conformer,46,ea_forward,cw,0,140.5186014175415,6,128,32,32,64,completed,True,ad_data/exp031/exp031_full_20260729_174215/bciciv2a_conformer_seed46_ea_forward_cw.pth
attack_bciciv2a_conformer_seed46_rpcf_at_autoattack,attack,bciciv2a,conformer,46,rpcf_at,autoattack,0,2240.7437579631805,1,128,32,32,64,completed,True,ad_data/exp031/exp031_full_20260729_174215/bciciv2a_conformer_seed46_rpcf_at_autoattack.pth
attack_bciciv2a_conformer_seed46_rpcf_at_fgsm,attack,bciciv2a,conformer,46,rpcf_at,fgsm,0,44.046781063079834,5,128,32,32,64,completed,True,ad_data/exp031/exp031_full_20260729_174215/bciciv2a_conformer_seed46_rpcf_at_fgsm.pth
attack_bciciv2a_conformer_seed46_rpcf_at_pgd,attack,bciciv2a,conformer,46,rpcf_at,pgd,0,150.33155012130737,5,128,32,32,64,completed,True,ad_data/exp031/exp031_full_20260729_174215/bciciv2a_conformer_seed46_rpcf_at_pgd.pth
attack_bciciv2a_conformer_seed46_rpcf_at_cw,attack,bciciv2a,conformer,46,rpcf_at,cw,0,138.30206632614136,6,128,32,32,64,completed,True,ad_data/exp031/exp031_full_20260729_174215/bciciv2a_conformer_seed46_rpcf_at_cw.pth
attack_bciciv2a_tcnet_seed42_madry_autoattack,attack,bciciv2a,tcnet,42,madry,autoattack,0,1897.4552397727966,5,128,32,64,128,completed,True,ad_data/exp031/exp031_full_20260729_174215/bciciv2a_tcnet_seed42_madry_autoattack.pth
attack_bciciv2a_tcnet_seed42_madry_fgsm,attack,bciciv2a,tcnet,42,madry,fgsm,0,74.08560848236084,6,128,32,64,128,completed,True,ad_data/exp031/exp031_full_20260729_174215/bciciv2a_tcnet_seed42_madry_fgsm.pth
attack_bciciv2a_tcnet_seed42_madry_pgd,attack,bciciv2a,tcnet,42,madry,pgd,0,112.08647894859314,6,128,32,64,128,completed,True,ad_data/exp031/exp031_full_20260729_174215/bciciv2a_tcnet_seed42_madry_pgd.pth
attack_bciciv2a_tcnet_seed42_madry_cw,attack,bciciv2a,tcnet,42,madry,cw,0,96.11015892028809,6,128,32,64,128,completed,True,ad_data/exp031/exp031_full_20260729_174215/bciciv2a_tcnet_seed42_madry_cw.pth
attack_bciciv2a_tcnet_seed42_trades_autoattack,attack,bciciv2a,tcnet,42,trades,autoattack,0,1094.960521221161,6,128,32,64,128,completed,True,ad_data/exp031/exp031_full_20260729_174215/bciciv2a_tcnet_seed42_trades_autoattack.pth
attack_bciciv2a_tcnet_seed42_trades_fgsm,attack,bciciv2a,tcnet,42,trades,fgsm,0,60.08315348625183,2,128,32,64,128,completed,True,ad_data/exp031/exp031_full_20260729_174215/bciciv2a_tcnet_seed42_trades_fgsm.pth
attack_bciciv2a_tcnet_seed42_trades_pgd,attack,bciciv2a,tcnet,42,trades,pgd,0,120.09840369224548,2,128,32,64,128,completed,True,ad_data/exp031/exp031_full_20260729_174215/bciciv2a_tcnet_seed42_trades_pgd.pth
attack_bciciv2a_tcnet_seed42_trades_cw,attack,bciciv2a,tcnet,42,trades,cw,0,104.28264737129211,2,128,32,64,128,completed,True,ad_data/exp031/exp031_full_20260729_174215/bciciv2a_tcnet_seed42_trades_cw.pth
attack_bciciv2a_tcnet_seed42_fbf_autoattack,attack,bciciv2a,tcnet,42,fbf,autoattack,0,1177.3154685497284,3,128,32,64,128,completed,True,ad_data/exp031/exp031_full_20260729_174215/bciciv2a_tcnet_seed42_fbf_autoattack.pth
attack_bciciv2a_tcnet_seed42_fbf_fgsm,attack,bciciv2a,tcnet,42,fbf,fgsm,0,76.101078748703,2,128,32,64,128,completed,True,ad_data/exp031/exp031_full_20260729_174215/bciciv2a_tcnet_seed42_fbf_fgsm.pth
attack_bciciv2a_tcnet_seed42_fbf_pgd,attack,bciciv2a,tcnet,42,fbf,pgd,0,122.15381288528442,2,128,32,64,128,completed,True,ad_data/exp031/exp031_full_20260729_174215/bciciv2a_tcnet_seed42_fbf_pgd.pth
attack_bciciv2a_tcnet_seed42_fbf_cw,attack,bciciv2a,tcnet,42,fbf,cw,0,92.10316300392151,2,128,32,64,128,completed,True,ad_data/exp031/exp031_full_20260729_174215/bciciv2a_tcnet_seed42_fbf_cw.pth
attack_bciciv2a_tcnet_seed42_ea_forward_autoattack,attack,bciciv2a,tcnet,42,ea_forward,autoattack,0,48.055131673812866,2,128,32,64,128,completed,True,ad_data/exp031/exp031_full_20260729_174215/bciciv2a_tcnet_seed42_ea_forward_autoattack.pth
attack_bciciv2a_tcnet_seed42_ea_forward_fgsm,attack,bciciv2a,tcnet,42,ea_forward,fgsm,0,28.023011922836304,2,128,32,64,128,completed,True,ad_data/exp031/exp031_full_20260729_174215/bciciv2a_tcnet_seed42_ea_forward_fgsm.pth
attack_bciciv2a_tcnet_seed42_ea_forward_pgd,attack,bciciv2a,tcnet,42,ea_forward,pgd,0,108.12958860397339,2,128,32,64,128,completed,True,ad_data/exp031/exp031_full_20260729_174215/bciciv2a_tcnet_seed42_ea_forward_pgd.pth
attack_bciciv2a_tcnet_seed42_ea_forward_cw,attack,bciciv2a,tcnet,42,ea_forward,cw,0,108.15311765670776,2,128,32,64,128,completed,True,ad_data/exp031/exp031_full_20260729_174215/bciciv2a_tcnet_seed42_ea_forward_cw.pth
attack_bciciv2a_tcnet_seed42_rpcf_at_autoattack,attack,bciciv2a,tcnet,42,rpcf_at,autoattack,0,2192.762138605118,2,128,32,64,128,completed,True,ad_data/exp031/exp031_full_20260729_174215/bciciv2a_tcnet_seed42_rpcf_at_autoattack.pth
attack_bciciv2a_tcnet_seed42_rpcf_at_fgsm,attack,bciciv2a,tcnet,42,rpcf_at,fgsm,0,64.08610677719116,6,128,32,64,128,completed,True,ad_data/exp031/exp031_full_20260729_174215/bciciv2a_tcnet_seed42_rpcf_at_fgsm.pth
attack_bciciv2a_tcnet_seed42_rpcf_at_pgd,attack,bciciv2a,tcnet,42,rpcf_at,pgd,0,118.1515645980835,6,128,32,64,128,completed,True,ad_data/exp031/exp031_full_20260729_174215/bciciv2a_tcnet_seed42_rpcf_at_pgd.pth
attack_bciciv2a_tcnet_seed42_rpcf_at_cw,attack,bciciv2a,tcnet,42,rpcf_at,cw,0,88.10313177108765,6,128,32,64,128,completed,True,ad_data/exp031/exp031_full_20260729_174215/bciciv2a_tcnet_seed42_rpcf_at_cw.pth
attack_bciciv2a_tcnet_seed43_madry_autoattack,attack,bciciv2a,tcnet,43,madry,autoattack,0,2488.4266364574432,6,128,32,64,128,completed,True,ad_data/exp031/exp031_full_20260729_174215/bciciv2a_tcnet_seed43_madry_autoattack.pth
attack_bciciv2a_tcnet_seed43_madry_fgsm,attack,bciciv2a,tcnet,43,madry,fgsm,0,60.073694467544556,4,128,32,64,128,completed,True,ad_data/exp031/exp031_full_20260729_174215/bciciv2a_tcnet_seed43_madry_fgsm.pth
attack_bciciv2a_tcnet_seed43_madry_pgd,attack,bciciv2a,tcnet,43,madry,pgd,0,120.21991395950317,4,128,32,64,128,completed,True,ad_data/exp031/exp031_full_20260729_174215/bciciv2a_tcnet_seed43_madry_pgd.pth
attack_bciciv2a_tcnet_seed43_madry_cw,attack,bciciv2a,tcnet,43,madry,cw,0,84.29874634742737,3,128,32,64,128,completed,True,ad_data/exp031/exp031_full_20260729_174215/bciciv2a_tcnet_seed43_madry_cw.pth
attack_bciciv2a_tcnet_seed43_trades_autoattack,attack,bciciv2a,tcnet,43,trades,autoattack,0,371.50708413124084,4,128,32,64,128,completed,True,ad_data/exp031/exp031_full_20260729_174215/bciciv2a_tcnet_seed43_trades_autoattack.pth
attack_bciciv2a_tcnet_seed43_trades_fgsm,attack,bciciv2a,tcnet,43,trades,fgsm,0,60.2061984539032,5,128,32,64,128,completed,True,ad_data/exp031/exp031_full_20260729_174215/bciciv2a_tcnet_seed43_trades_fgsm.pth
attack_bciciv2a_tcnet_seed43_trades_pgd,attack,bciciv2a,tcnet,43,trades,pgd,0,184.58710360527039,3,128,32,64,128,completed,True,ad_data/exp031/exp031_full_20260729_174215/bciciv2a_tcnet_seed43_trades_pgd.pth
attack_bciciv2a_tcnet_seed43_trades_cw,attack,bciciv2a,tcnet,43,trades,cw,0,116.22684931755066,5,128,32,64,128,completed,True,ad_data/exp031/exp031_full_20260729_174215/bciciv2a_tcnet_seed43_trades_cw.pth
attack_bciciv2a_tcnet_seed43_fbf_autoattack,attack,bciciv2a,tcnet,43,fbf,autoattack,0,1524.6366708278656,1,128,32,64,128,completed,True,ad_data/exp031/exp031_full_20260729_174215/bciciv2a_tcnet_seed43_fbf_autoattack.pth
attack_bciciv2a_tcnet_seed43_fbf_fgsm,attack,bciciv2a,tcnet,43,fbf,fgsm,0,80.25018882751465,5,128,32,64,128,completed,True,ad_data/exp031/exp031_full_20260729_174215/bciciv2a_tcnet_seed43_fbf_fgsm.pth
attack_bciciv2a_tcnet_seed43_fbf_pgd,attack,bciciv2a,tcnet,43,fbf,pgd,0,180.61228203773499,3,128,32,64,128,completed,True,ad_data/exp031/exp031_full_20260729_174215/bciciv2a_tcnet_seed43_fbf_pgd.pth
attack_bciciv2a_tcnet_seed43_fbf_cw,attack,bciciv2a,tcnet,43,fbf,cw,0,90.09813117980957,5,128,32,64,128,completed,True,ad_data/exp031/exp031_full_20260729_174215/bciciv2a_tcnet_seed43_fbf_cw.pth
attack_bciciv2a_tcnet_seed43_ea_forward_autoattack,attack,bciciv2a,tcnet,43,ea_forward,autoattack,0,48.42095351219177,5,128,32,64,128,completed,True,ad_data/exp031/exp031_full_20260729_174215/bciciv2a_tcnet_seed43_ea_forward_autoattack.pth
attack_bciciv2a_tcnet_seed43_ea_forward_fgsm,attack,bciciv2a,tcnet,43,ea_forward,fgsm,0,24.14496159553528,4,128,32,64,128,completed,True,ad_data/exp031/exp031_full_20260729_174215/bciciv2a_tcnet_seed43_ea_forward_fgsm.pth
attack_bciciv2a_tcnet_seed43_ea_forward_pgd,attack,bciciv2a,tcnet,43,ea_forward,pgd,0,118.51845622062683,3,128,32,64,128,completed,True,ad_data/exp031/exp031_full_20260729_174215/bciciv2a_tcnet_seed43_ea_forward_pgd.pth
attack_bciciv2a_tcnet_seed43_ea_forward_cw,attack,bciciv2a,tcnet,43,ea_forward,cw,0,98.25101470947266,4,128,32,64,128,completed,True,ad_data/exp031/exp031_full_20260729_174215/bciciv2a_tcnet_seed43_ea_forward_cw.pth
attack_bciciv2a_tcnet_seed43_rpcf_at_autoattack,attack,bciciv2a,tcnet,43,rpcf_at,autoattack,0,2485.540863275528,5,128,32,64,128,completed,True,ad_data/exp031/exp031_full_20260729_174215/bciciv2a_tcnet_seed43_rpcf_at_autoattack.pth
attack_bciciv2a_tcnet_seed43_rpcf_at_fgsm,attack,bciciv2a,tcnet,43,rpcf_at,fgsm,0,54.19512367248535,4,128,32,64,128,completed,True,ad_data/exp031/exp031_full_20260729_174215/bciciv2a_tcnet_seed43_rpcf_at_fgsm.pth
attack_bciciv2a_tcnet_seed43_rpcf_at_pgd,attack,bciciv2a,tcnet,43,rpcf_at,pgd,0,120.2571222782135,3,128,32,64,128,completed,True,ad_data/exp031/exp031_full_20260729_174215/bciciv2a_tcnet_seed43_rpcf_at_pgd.pth
attack_bciciv2a_tcnet_seed43_rpcf_at_cw,attack,bciciv2a,tcnet,43,rpcf_at,cw,0,76.25668239593506,4,128,32,64,128,completed,True,ad_data/exp031/exp031_full_20260729_174215/bciciv2a_tcnet_seed43_rpcf_at_cw.pth
attack_bciciv2a_tcnet_seed44_madry_autoattack,attack,bciciv2a,tcnet,44,madry,autoattack,0,1462.3091797828674,3,128,32,64,128,completed,True,ad_data/exp031/exp031_full_20260729_174215/bciciv2a_tcnet_seed44_madry_autoattack.pth
attack_bciciv2a_tcnet_seed44_madry_fgsm,attack,bciciv2a,tcnet,44,madry,fgsm,0,32.03643536567688,4,128,32,64,128,completed,True,ad_data/exp031/exp031_full_20260729_174215/bciciv2a_tcnet_seed44_madry_fgsm.pth
attack_bciciv2a_tcnet_seed44_madry_pgd,attack,bciciv2a,tcnet,44,madry,pgd,0,96.10188317298889,4,128,32,64,128,completed,True,ad_data/exp031/exp031_full_20260729_174215/bciciv2a_tcnet_seed44_madry_pgd.pth
attack_bciciv2a_tcnet_seed44_madry_cw,attack,bciciv2a,tcnet,44,madry,cw,0,98.0950345993042,4,128,32,64,128,completed,True,ad_data/exp031/exp031_full_20260729_174215/bciciv2a_tcnet_seed44_madry_cw.pth
attack_bciciv2a_tcnet_seed44_trades_autoattack,attack,bciciv2a,tcnet,44,trades,autoattack,0,434.6182007789612,4,128,32,64,128,completed,True,ad_data/exp031/exp031_full_20260729_174215/bciciv2a_tcnet_seed44_trades_autoattack.pth
attack_bciciv2a_tcnet_seed44_trades_fgsm,attack,bciciv2a,tcnet,44,trades,fgsm,0,40.05000567436218,4,128,32,64,128,completed,True,ad_data/exp031/exp031_full_20260729_174215/bciciv2a_tcnet_seed44_trades_fgsm.pth
attack_bciciv2a_tcnet_seed44_trades_pgd,attack,bciciv2a,tcnet,44,trades,pgd,0,96.08603930473328,4,128,32,64,128,completed,True,ad_data/exp031/exp031_full_20260729_174215/bciciv2a_tcnet_seed44_trades_pgd.pth
attack_bciciv2a_tcnet_seed44_trades_cw,attack,bciciv2a,tcnet,44,trades,cw,0,64.0566828250885,4,128,32,64,128,completed,True,ad_data/exp031/exp031_full_20260729_174215/bciciv2a_tcnet_seed44_trades_cw.pth
attack_bciciv2a_tcnet_seed44_fbf_autoattack,attack,bciciv2a,tcnet,44,fbf,autoattack,0,1179.9758241176605,4,128,32,64,128,completed,True,ad_data/exp031/exp031_full_20260729_174215/bciciv2a_tcnet_seed44_fbf_autoattack.pth
attack_bciciv2a_tcnet_seed44_fbf_fgsm,attack,bciciv2a,tcnet,44,fbf,fgsm,0,60.32841777801514,2,128,32,64,128,completed,True,ad_data/exp031/exp031_full_20260729_174215/bciciv2a_tcnet_seed44_fbf_fgsm.pth
attack_bciciv2a_tcnet_seed44_fbf_pgd,attack,bciciv2a,tcnet,44,fbf,pgd,0,132.37258005142212,1,128,32,64,128,completed,True,ad_data/exp031/exp031_full_20260729_174215/bciciv2a_tcnet_seed44_fbf_pgd.pth
attack_bciciv2a_tcnet_seed44_fbf_cw,attack,bciciv2a,tcnet,44,fbf,cw,0,96.07391333580017,2,128,32,64,128,completed,True,ad_data/exp031/exp031_full_20260729_174215/bciciv2a_tcnet_seed44_fbf_cw.pth
attack_bciciv2a_tcnet_seed44_ea_forward_autoattack,attack,bciciv2a,tcnet,44,ea_forward,autoattack,0,32.258360624313354,2,128,32,64,128,completed,True,ad_data/exp031/exp031_full_20260729_174215/bciciv2a_tcnet_seed44_ea_forward_autoattack.pth
attack_bciciv2a_tcnet_seed44_ea_forward_fgsm,attack,bciciv2a,tcnet,44,ea_forward,fgsm,0,26.024112939834595,1,128,32,64,128,completed,True,ad_data/exp031/exp031_full_20260729_174215/bciciv2a_tcnet_seed44_ea_forward_fgsm.pth
attack_bciciv2a_tcnet_seed44_ea_forward_pgd,attack,bciciv2a,tcnet,44,ea_forward,pgd,0,108.4249632358551,1,128,32,64,128,completed,True,ad_data/exp031/exp031_full_20260729_174215/bciciv2a_tcnet_seed44_ea_forward_pgd.pth
attack_bciciv2a_tcnet_seed44_ea_forward_cw,attack,bciciv2a,tcnet,44,ea_forward,cw,0,80.10116529464722,2,128,32,64,128,completed,True,ad_data/exp031/exp031_full_20260729_174215/bciciv2a_tcnet_seed44_ea_forward_cw.pth
attack_bciciv2a_tcnet_seed44_rpcf_at_autoattack,attack,bciciv2a,tcnet,44,rpcf_at,autoattack,0,2299.261030435562,2,128,32,64,128,completed,True,ad_data/exp031/exp031_full_20260729_174215/bciciv2a_tcnet_seed44_rpcf_at_autoattack.pth
attack_bciciv2a_tcnet_seed44_rpcf_at_fgsm,attack,bciciv2a,tcnet,44,rpcf_at,fgsm,0,60.04512166976929,1,128,32,64,128,completed,True,ad_data/exp031/exp031_full_20260729_174215/bciciv2a_tcnet_seed44_rpcf_at_fgsm.pth
attack_bciciv2a_tcnet_seed44_rpcf_at_pgd,attack,bciciv2a,tcnet,44,rpcf_at,pgd,0,108.14278864860535,1,128,32,64,128,completed,True,ad_data/exp031/exp031_full_20260729_174215/bciciv2a_tcnet_seed44_rpcf_at_pgd.pth
attack_bciciv2a_tcnet_seed44_rpcf_at_cw,attack,bciciv2a,tcnet,44,rpcf_at,cw,0,84.1935203075409,1,128,32,64,128,completed,True,ad_data/exp031/exp031_full_20260729_174215/bciciv2a_tcnet_seed44_rpcf_at_cw.pth
attack_bciciv2a_tcnet_seed45_madry_autoattack,attack,bciciv2a,tcnet,45,madry,autoattack,0,1643.0514738559723,3,128,32,64,128,completed,True,ad_data/exp031/exp031_full_20260729_174215/bciciv2a_tcnet_seed45_madry_autoattack.pth
attack_bciciv2a_tcnet_seed45_madry_fgsm,attack,bciciv2a,tcnet,45,madry,fgsm,0,34.03483700752258,1,128,32,64,128,completed,True,ad_data/exp031/exp031_full_20260729_174215/bciciv2a_tcnet_seed45_madry_fgsm.pth
attack_bciciv2a_tcnet_seed45_madry_pgd,attack,bciciv2a,tcnet,45,madry,pgd,0,100.21547865867615,1,128,32,64,128,completed,True,ad_data/exp031/exp031_full_20260729_174215/bciciv2a_tcnet_seed45_madry_pgd.pth
attack_bciciv2a_tcnet_seed45_madry_cw,attack,bciciv2a,tcnet,45,madry,cw,0,108.1940050125122,6,128,32,64,128,completed,True,ad_data/exp031/exp031_full_20260729_174215/bciciv2a_tcnet_seed45_madry_cw.pth
attack_bciciv2a_tcnet_seed45_trades_autoattack,attack,bciciv2a,tcnet,45,trades,autoattack,0,1069.3696479797363,1,128,32,64,128,completed,True,ad_data/exp031/exp031_full_20260729_174215/bciciv2a_tcnet_seed45_trades_autoattack.pth
attack_bciciv2a_tcnet_seed45_trades_fgsm,attack,bciciv2a,tcnet,45,trades,fgsm,0,36.0463764667511,6,128,32,64,128,completed,True,ad_data/exp031/exp031_full_20260729_174215/bciciv2a_tcnet_seed45_trades_fgsm.pth
attack_bciciv2a_tcnet_seed45_trades_pgd,attack,bciciv2a,tcnet,45,trades,pgd,0,100.09338760375977,6,128,32,64,128,completed,True,ad_data/exp031/exp031_full_20260729_174215/bciciv2a_tcnet_seed45_trades_pgd.pth
attack_bciciv2a_tcnet_seed45_trades_cw,attack,bciciv2a,tcnet,45,trades,cw,0,80.07014012336731,6,128,32,64,128,completed,True,ad_data/exp031/exp031_full_20260729_174215/bciciv2a_tcnet_seed45_trades_cw.pth
attack_bciciv2a_tcnet_seed45_fbf_autoattack,attack,bciciv2a,tcnet,45,fbf,autoattack,0,1131.576861858368,6,128,32,64,128,completed,True,ad_data/exp031/exp031_full_20260729_174215/bciciv2a_tcnet_seed45_fbf_autoattack.pth
attack_bciciv2a_tcnet_seed45_fbf_fgsm,attack,bciciv2a,tcnet,45,fbf,fgsm,0,66.09015321731567,4,128,32,64,128,completed,True,ad_data/exp031/exp031_full_20260729_174215/bciciv2a_tcnet_seed45_fbf_fgsm.pth
attack_bciciv2a_tcnet_seed45_fbf_pgd,attack,bciciv2a,tcnet,45,fbf,pgd,0,118.1371681690216,4,128,32,64,128,completed,True,ad_data/exp031/exp031_full_20260729_174215/bciciv2a_tcnet_seed45_fbf_pgd.pth
attack_bciciv2a_tcnet_seed45_fbf_cw,attack,bciciv2a,tcnet,45,fbf,cw,0,106.23314189910889,4,128,32,64,128,completed,True,ad_data/exp031/exp031_full_20260729_174215/bciciv2a_tcnet_seed45_fbf_cw.pth
attack_bciciv2a_tcnet_seed45_ea_forward_autoattack,attack,bciciv2a,tcnet,45,ea_forward,autoattack,0,98.19201016426086,5,128,32,64,128,completed,True,ad_data/exp031/exp031_full_20260729_174215/bciciv2a_tcnet_seed45_ea_forward_autoattack.pth
attack_bciciv2a_tcnet_seed45_ea_forward_fgsm,attack,bciciv2a,tcnet,45,ea_forward,fgsm,0,36.170605182647705,4,128,32,64,128,completed,True,ad_data/exp031/exp031_full_20260729_174215/bciciv2a_tcnet_seed45_ea_forward_fgsm.pth
attack_bciciv2a_tcnet_seed45_ea_forward_pgd,attack,bciciv2a,tcnet,45,ea_forward,pgd,0,116.46367931365967,5,128,32,64,128,completed,True,ad_data/exp031/exp031_full_20260729_174215/bciciv2a_tcnet_seed45_ea_forward_pgd.pth
attack_bciciv2a_tcnet_seed45_ea_forward_cw,attack,bciciv2a,tcnet,45,ea_forward,cw,0,72.08371710777283,4,128,32,64,128,completed,True,ad_data/exp031/exp031_full_20260729_174215/bciciv2a_tcnet_seed45_ea_forward_cw.pth
attack_bciciv2a_tcnet_seed45_rpcf_at_autoattack,attack,bciciv2a,tcnet,45,rpcf_at,autoattack,0,1446.6827063560486,4,128,32,64,128,completed,True,ad_data/exp031/exp031_full_20260729_174215/bciciv2a_tcnet_seed45_rpcf_at_autoattack.pth
attack_bciciv2a_tcnet_seed45_rpcf_at_fgsm,attack,bciciv2a,tcnet,45,rpcf_at,fgsm,0,76.12258648872375,5,128,32,64,128,completed,True,ad_data/exp031/exp031_full_20260729_174215/bciciv2a_tcnet_seed45_rpcf_at_fgsm.pth
attack_bciciv2a_tcnet_seed45_rpcf_at_pgd,attack,bciciv2a,tcnet,45,rpcf_at,pgd,0,136.1785011291504,5,128,32,64,128,completed,True,ad_data/exp031/exp031_full_20260729_174215/bciciv2a_tcnet_seed45_rpcf_at_pgd.pth
attack_bciciv2a_tcnet_seed45_rpcf_at_cw,attack,bciciv2a,tcnet,45,rpcf_at,cw,0,110.26884961128235,5,128,32,64,128,completed,True,ad_data/exp031/exp031_full_20260729_174215/bciciv2a_tcnet_seed45_rpcf_at_cw.pth
attack_bciciv2a_tcnet_seed46_madry_autoattack,attack,bciciv2a,tcnet,46,madry,autoattack,0,1817.2254602909088,1,128,32,64,128,completed,True,ad_data/exp031/exp031_full_20260729_174215/bciciv2a_tcnet_seed46_madry_autoattack.pth
attack_bciciv2a_tcnet_seed46_madry_fgsm,attack,bciciv2a,tcnet,46,madry,fgsm,0,56.055962324142456,5,128,32,64,128,completed,True,ad_data/exp031/exp031_full_20260729_174215/bciciv2a_tcnet_seed46_madry_fgsm.pth
attack_bciciv2a_tcnet_seed46_madry_pgd,attack,bciciv2a,tcnet,46,madry,pgd,0,108.11213493347168,5,128,32,64,128,completed,True,ad_data/exp031/exp031_full_20260729_174215/bciciv2a_tcnet_seed46_madry_pgd.pth
attack_bciciv2a_tcnet_seed46_madry_cw,attack,bciciv2a,tcnet,46,madry,cw,0,66.05967283248901,5,128,32,64,128,completed,True,ad_data/exp031/exp031_full_20260729_174215/bciciv2a_tcnet_seed46_madry_cw.pth
attack_bciciv2a_tcnet_seed46_trades_autoattack,attack,bciciv2a,tcnet,46,trades,autoattack,0,999.4271688461304,5,128,32,64,128,completed,True,ad_data/exp031/exp031_full_20260729_174215/bciciv2a_tcnet_seed46_trades_autoattack.pth
attack_bciciv2a_tcnet_seed46_trades_fgsm,attack,bciciv2a,tcnet,46,trades,fgsm,0,62.15913653373718,3,128,32,64,128,completed,True,ad_data/exp031/exp031_full_20260729_174215/bciciv2a_tcnet_seed46_trades_fgsm.pth
attack_bciciv2a_tcnet_seed46_trades_pgd,attack,bciciv2a,tcnet,46,trades,pgd,0,132.28154230117798,6,128,32,64,128,completed,True,ad_data/exp031/exp031_full_20260729_174215/bciciv2a_tcnet_seed46_trades_pgd.pth
attack_bciciv2a_tcnet_seed46_trades_cw,attack,bciciv2a,tcnet,46,trades,cw,0,90.20388317108154,3,128,32,64,128,completed,True,ad_data/exp031/exp031_full_20260729_174215/bciciv2a_tcnet_seed46_trades_cw.pth
attack_bciciv2a_tcnet_seed46_fbf_autoattack,attack,bciciv2a,tcnet,46,fbf,autoattack,0,1155.4454452991486,6,128,32,64,128,completed,True,ad_data/exp031/exp031_full_20260729_174215/bciciv2a_tcnet_seed46_fbf_autoattack.pth
attack_bciciv2a_tcnet_seed46_fbf_fgsm,attack,bciciv2a,tcnet,46,fbf,fgsm,0,70.08216309547424,3,128,32,64,128,completed,True,ad_data/exp031/exp031_full_20260729_174215/bciciv2a_tcnet_seed46_fbf_fgsm.pth
attack_bciciv2a_tcnet_seed46_fbf_pgd,attack,bciciv2a,tcnet,46,fbf,pgd,0,122.13884949684143,3,128,32,64,128,completed,True,ad_data/exp031/exp031_full_20260729_174215/bciciv2a_tcnet_seed46_fbf_pgd.pth
attack_bciciv2a_tcnet_seed46_fbf_cw,attack,bciciv2a,tcnet,46,fbf,cw,0,86.08230304718018,3,128,32,64,128,completed,True,ad_data/exp031/exp031_full_20260729_174215/bciciv2a_tcnet_seed46_fbf_cw.pth
attack_bciciv2a_tcnet_seed46_ea_forward_autoattack,attack,bciciv2a,tcnet,46,ea_forward,autoattack,0,136.42281317710876,3,128,32,64,128,completed,True,ad_data/exp031/exp031_full_20260729_174215/bciciv2a_tcnet_seed46_ea_forward_autoattack.pth
attack_bciciv2a_tcnet_seed46_ea_forward_fgsm,attack,bciciv2a,tcnet,46,ea_forward,fgsm,0,26.027735471725464,2,128,32,64,128,completed,True,ad_data/exp031/exp031_full_20260729_174215/bciciv2a_tcnet_seed46_ea_forward_fgsm.pth
attack_bciciv2a_tcnet_seed46_ea_forward_pgd,attack,bciciv2a,tcnet,46,ea_forward,pgd,0,104.23654699325562,2,128,32,64,128,completed,True,ad_data/exp031/exp031_full_20260729_174215/bciciv2a_tcnet_seed46_ea_forward_pgd.pth
attack_bciciv2a_tcnet_seed46_ea_forward_cw,attack,bciciv2a,tcnet,46,ea_forward,cw,0,52.19217658042908,3,128,32,64,128,completed,True,ad_data/exp031/exp031_full_20260729_174215/bciciv2a_tcnet_seed46_ea_forward_cw.pth
attack_bciciv2a_tcnet_seed46_rpcf_at_autoattack,attack,bciciv2a,tcnet,46,rpcf_at,autoattack,0,1120.4503712654114,2,128,32,64,128,completed,True,ad_data/exp031/exp031_full_20260729_174215/bciciv2a_tcnet_seed46_rpcf_at_autoattack.pth
attack_bciciv2a_tcnet_seed46_rpcf_at_fgsm,attack,bciciv2a,tcnet,46,rpcf_at,fgsm,0,36.051337003707886,3,128,32,64,128,completed,True,ad_data/exp031/exp031_full_20260729_174215/bciciv2a_tcnet_seed46_rpcf_at_fgsm.pth
attack_bciciv2a_tcnet_seed46_rpcf_at_pgd,attack,bciciv2a,tcnet,46,rpcf_at,pgd,0,100.11648440361023,3,128,32,64,128,completed,True,ad_data/exp031/exp031_full_20260729_174215/bciciv2a_tcnet_seed46_rpcf_at_pgd.pth
attack_bciciv2a_tcnet_seed46_rpcf_at_cw,attack,bciciv2a,tcnet,46,rpcf_at,cw,0,82.31483221054077,3,128,32,64,128,completed,True,ad_data/exp031/exp031_full_20260729_174215/bciciv2a_tcnet_seed46_rpcf_at_cw.pth
tnp_thubenchmark_eegnet_seed42_madry_autoattack,tnp,thubenchmark,eegnet,42,madry,autoattack,0,21561.769030094147,1,128,16,64,128,completed,True,purified_data/exp031/exp031_full_20260729_174215/eval/thubenchmark_eegnet_seed42_madry_autoattack_rank25-30.pth
tnp_thubenchmark_eegnet_seed42_madry_fgsm,tnp,thubenchmark,eegnet,42,madry,fgsm,0,10596.817559719086,1,128,16,64,128,completed,True,purified_data/exp031/exp031_full_20260729_174215/eval/thubenchmark_eegnet_seed42_madry_fgsm_rank25-30.pth
tnp_thubenchmark_eegnet_seed42_madry_pgd,tnp,thubenchmark,eegnet,42,madry,pgd,0,10754.886851072311,4,128,16,64,128,completed,True,purified_data/exp031/exp031_full_20260729_174215/eval/thubenchmark_eegnet_seed42_madry_pgd_rank25-30.pth
tnp_thubenchmark_eegnet_seed42_madry_cw,tnp,thubenchmark,eegnet,42,madry,cw,0,10776.90086388588,6,128,16,64,128,completed,True,purified_data/exp031/exp031_full_20260729_174215/eval/thubenchmark_eegnet_seed42_madry_cw_rank25-30.pth
tnp_thubenchmark_eegnet_seed42_rpcf_at_autoattack,tnp,thubenchmark,eegnet,42,rpcf_at,autoattack,0,10750.903686523438,4,128,16,64,128,completed,True,purified_data/exp031/exp031_full_20260729_174215/eval/thubenchmark_eegnet_seed42_rpcf_at_autoattack_rank25-30.pth
tnp_thubenchmark_eegnet_seed42_rpcf_at_fgsm,tnp,thubenchmark,eegnet,42,rpcf_at,fgsm,0,10820.905567884445,5,128,16,64,128,completed,True,purified_data/exp031/exp031_full_20260729_174215/eval/thubenchmark_eegnet_seed42_rpcf_at_fgsm_rank25-30.pth
tnp_thubenchmark_eegnet_seed42_rpcf_at_pgd,tnp,thubenchmark,eegnet,42,rpcf_at,pgd,0,10865.422733783722,5,128,16,64,128,completed,True,purified_data/exp031/exp031_full_20260729_174215/eval/thubenchmark_eegnet_seed42_rpcf_at_pgd_rank25-30.pth
tnp_thubenchmark_eegnet_seed42_rpcf_at_cw,tnp,thubenchmark,eegnet,42,rpcf_at,cw,0,10861.433401584625,6,128,16,64,128,completed,True,purified_data/exp031/exp031_full_20260729_174215/eval/thubenchmark_eegnet_seed42_rpcf_at_cw_rank25-30.pth
tnp_thubenchmark_eegnet_seed43_madry_autoattack,tnp,thubenchmark,eegnet,43,madry,autoattack,0,21101.381967544556,1,128,16,64,128,completed,True,purified_data/exp031/exp031_full_20260729_174215/eval/thubenchmark_eegnet_seed43_madry_autoattack_rank25-30.pth
tnp_thubenchmark_eegnet_seed43_madry_fgsm,tnp,thubenchmark,eegnet,43,madry,fgsm,0,10769.01502776146,1,128,16,64,128,completed,True,purified_data/exp031/exp031_full_20260729_174215/eval/thubenchmark_eegnet_seed43_madry_fgsm_rank25-30.pth
tnp_thubenchmark_eegnet_seed43_madry_pgd,tnp,thubenchmark,eegnet,43,madry,pgd,0,10730.979381084442,6,128,16,64,128,completed,True,purified_data/exp031/exp031_full_20260729_174215/eval/thubenchmark_eegnet_seed43_madry_pgd_rank25-30.pth
tnp_thubenchmark_eegnet_seed43_madry_cw,tnp,thubenchmark,eegnet,43,madry,cw,0,10849.99934220314,1,128,16,64,128,completed,True,purified_data/exp031/exp031_full_20260729_174215/eval/thubenchmark_eegnet_seed43_madry_cw_rank25-30.pth
tnp_thubenchmark_eegnet_seed43_rpcf_at_autoattack,tnp,thubenchmark,eegnet,43,rpcf_at,autoattack,0,10890.018036842346,1,128,16,64,128,completed,True,purified_data/exp031/exp031_full_20260729_174215/eval/thubenchmark_eegnet_seed43_rpcf_at_autoattack_rank25-30.pth
tnp_thubenchmark_eegnet_seed43_rpcf_at_fgsm,tnp,thubenchmark,eegnet,43,rpcf_at,fgsm,0,10763.960753679276,4,128,16,64,128,completed,True,purified_data/exp031/exp031_full_20260729_174215/eval/thubenchmark_eegnet_seed43_rpcf_at_fgsm_rank25-30.pth
tnp_thubenchmark_eegnet_seed43_rpcf_at_pgd,tnp,thubenchmark,eegnet,43,rpcf_at,pgd,0,10856.001165628433,6,128,16,64,128,completed,True,purified_data/exp031/exp031_full_20260729_174215/eval/thubenchmark_eegnet_seed43_rpcf_at_pgd_rank25-30.pth
tnp_thubenchmark_eegnet_seed43_rpcf_at_cw,tnp,thubenchmark,eegnet,43,rpcf_at,cw,0,10729.931060314178,4,128,16,64,128,completed,True,purified_data/exp031/exp031_full_20260729_174215/eval/thubenchmark_eegnet_seed43_rpcf_at_cw_rank25-30.pth
tnp_thubenchmark_eegnet_seed44_madry_autoattack,tnp,thubenchmark,eegnet,44,madry,autoattack,0,21256.56374144554,4,128,16,64,128,completed,True,purified_data/exp031/exp031_full_20260729_174215/eval/thubenchmark_eegnet_seed44_madry_autoattack_rank25-30.pth
tnp_thubenchmark_eegnet_seed44_madry_fgsm,tnp,thubenchmark,eegnet,44,madry,fgsm,0,10775.38350200653,5,128,16,64,128,completed,True,purified_data/exp031/exp031_full_20260729_174215/eval/thubenchmark_eegnet_seed44_madry_fgsm_rank25-30.pth
tnp_thubenchmark_eegnet_seed44_madry_pgd,tnp,thubenchmark,eegnet,44,madry,pgd,0,10775.38761973381,5,128,16,64,128,completed,True,purified_data/exp031/exp031_full_20260729_174215/eval/thubenchmark_eegnet_seed44_madry_pgd_rank25-30.pth
tnp_thubenchmark_eegnet_seed44_madry_cw,tnp,thubenchmark,eegnet,44,madry,cw,0,10779.318613767624,6,128,16,64,128,completed,True,purified_data/exp031/exp031_full_20260729_174215/eval/thubenchmark_eegnet_seed44_madry_cw_rank25-30.pth
tnp_thubenchmark_eegnet_seed44_rpcf_at_autoattack,tnp,thubenchmark,eegnet,44,rpcf_at,autoattack,0,10693.253829479218,1,128,16,64,128,completed,True,purified_data/exp031/exp031_full_20260729_174215/eval/thubenchmark_eegnet_seed44_rpcf_at_autoattack_rank25-30.pth
tnp_thubenchmark_eegnet_seed44_rpcf_at_fgsm,tnp,thubenchmark,eegnet,44,rpcf_at,fgsm,0,10841.351735591888,1,128,16,64,128,completed,True,purified_data/exp031/exp031_full_20260729_174215/eval/thubenchmark_eegnet_seed44_rpcf_at_fgsm_rank25-30.pth
tnp_thubenchmark_eegnet_seed44_rpcf_at_pgd,tnp,thubenchmark,eegnet,44,rpcf_at,pgd,0,10751.316009283066,4,128,16,64,128,completed,True,purified_data/exp031/exp031_full_20260729_174215/eval/thubenchmark_eegnet_seed44_rpcf_at_pgd_rank25-30.pth
tnp_thubenchmark_eegnet_seed44_rpcf_at_cw,tnp,thubenchmark,eegnet,44,rpcf_at,cw,0,11021.44744348526,4,128,16,64,128,completed,True,purified_data/exp031/exp031_full_20260729_174215/eval/thubenchmark_eegnet_seed44_rpcf_at_cw_rank25-30.pth
tnp_thubenchmark_eegnet_seed45_madry_autoattack,tnp,thubenchmark,eegnet,45,madry,autoattack,0,20880.333607196808,4,128,16,64,128,completed,True,purified_data/exp031/exp031_full_20260729_174215/eval/thubenchmark_eegnet_seed45_madry_autoattack_rank25-30.pth
tnp_thubenchmark_eegnet_seed45_madry_fgsm,tnp,thubenchmark,eegnet,45,madry,fgsm,0,10891.373767375946,6,128,16,64,128,completed,True,purified_data/exp031/exp031_full_20260729_174215/eval/thubenchmark_eegnet_seed45_madry_fgsm_rank25-30.pth
tnp_thubenchmark_eegnet_seed45_madry_pgd,tnp,thubenchmark,eegnet,45,madry,pgd,0,10777.371924161911,5,128,16,64,128,completed,True,purified_data/exp031/exp031_full_20260729_174215/eval/thubenchmark_eegnet_seed45_madry_pgd_rank25-30.pth
tnp_thubenchmark_eegnet_seed45_madry_cw,tnp,thubenchmark,eegnet,45,madry,cw,0,10811.395053625107,5,128,16,64,128,completed,True,purified_data/exp031/exp031_full_20260729_174215/eval/thubenchmark_eegnet_seed45_madry_cw_rank25-30.pth
tnp_thubenchmark_eegnet_seed45_rpcf_at_autoattack,tnp,thubenchmark,eegnet,45,rpcf_at,autoattack,0,10909.110467672348,1,128,16,64,128,completed,True,purified_data/exp031/exp031_full_20260729_174215/eval/thubenchmark_eegnet_seed45_rpcf_at_autoattack_rank25-30.pth
tnp_thubenchmark_eegnet_seed45_rpcf_at_fgsm,tnp,thubenchmark,eegnet,45,rpcf_at,fgsm,0,10979.134130954742,6,128,16,64,128,completed,True,purified_data/exp031/exp031_full_20260729_174215/eval/thubenchmark_eegnet_seed45_rpcf_at_fgsm_rank25-30.pth
tnp_thubenchmark_eegnet_seed45_rpcf_at_pgd,tnp,thubenchmark,eegnet,45,rpcf_at,pgd,0,10827.044891834259,1,128,16,64,128,completed,True,purified_data/exp031/exp031_full_20260729_174215/eval/thubenchmark_eegnet_seed45_rpcf_at_pgd_rank25-30.pth
tnp_thubenchmark_eegnet_seed45_rpcf_at_cw,tnp,thubenchmark,eegnet,45,rpcf_at,cw,0,10835.110926389694,4,128,16,64,128,completed,True,purified_data/exp031/exp031_full_20260729_174215/eval/thubenchmark_eegnet_seed45_rpcf_at_cw_rank25-30.pth
tnp_thubenchmark_eegnet_seed46_madry_autoattack,tnp,thubenchmark,eegnet,46,madry,autoattack,0,20221.683810710907,6,128,16,64,128,completed,True,purified_data/exp031/exp031_full_20260729_174215/eval/thubenchmark_eegnet_seed46_madry_autoattack_rank25-30.pth
tnp_thubenchmark_eegnet_seed46_madry_fgsm,tnp,thubenchmark,eegnet,46,madry,fgsm,0,10823.059014320374,6,128,16,64,128,completed,True,purified_data/exp031/exp031_full_20260729_174215/eval/thubenchmark_eegnet_seed46_madry_fgsm_rank25-30.pth
tnp_thubenchmark_eegnet_seed46_madry_pgd,tnp,thubenchmark,eegnet,46,madry,pgd,0,10831.138613939285,4,128,16,64,128,completed,True,purified_data/exp031/exp031_full_20260729_174215/eval/thubenchmark_eegnet_seed46_madry_pgd_rank25-30.pth
tnp_thubenchmark_eegnet_seed46_madry_cw,tnp,thubenchmark,eegnet,46,madry,cw,0,10744.930087089539,5,128,16,64,128,completed,True,purified_data/exp031/exp031_full_20260729_174215/eval/thubenchmark_eegnet_seed46_madry_cw_rank25-30.pth
tnp_thubenchmark_eegnet_seed46_rpcf_at_autoattack,tnp,thubenchmark,eegnet,46,rpcf_at,autoattack,0,10672.898558139801,5,128,16,64,128,completed,True,purified_data/exp031/exp031_full_20260729_174215/eval/thubenchmark_eegnet_seed46_rpcf_at_autoattack_rank25-30.pth
tnp_thubenchmark_eegnet_seed46_rpcf_at_fgsm,tnp,thubenchmark,eegnet,46,rpcf_at,fgsm,0,10498.587336540222,0,128,16,64,128,completed,True,purified_data/exp031/exp031_full_20260729_174215/eval/thubenchmark_eegnet_seed46_rpcf_at_fgsm_rank25-30.pth
tnp_thubenchmark_eegnet_seed46_rpcf_at_pgd,tnp,thubenchmark,eegnet,46,rpcf_at,pgd,0,10318.439474105835,0,128,16,64,128,completed,True,purified_data/exp031/exp031_full_20260729_174215/eval/thubenchmark_eegnet_seed46_rpcf_at_pgd_rank25-30.pth
tnp_thubenchmark_eegnet_seed46_rpcf_at_cw,tnp,thubenchmark,eegnet,46,rpcf_at,cw,0,10290.332189559937,3,128,16,64,128,completed,True,purified_data/exp031/exp031_full_20260729_174215/eval/thubenchmark_eegnet_seed46_rpcf_at_cw_rank25-30.pth
tnp_thubenchmark_deepconvnet_seed42_madry_autoattack,tnp,thubenchmark,deepconvnet,42,madry,autoattack,0,12280.250487804413,4,128,8,32,64,completed,True,purified_data/exp031/exp031_full_20260729_174215/eval/thubenchmark_deepconvnet_seed42_madry_autoattack_rank25-30.pth
tnp_thubenchmark_deepconvnet_seed42_madry_fgsm,tnp,thubenchmark,deepconvnet,42,madry,fgsm,0,12093.615124702454,4,128,8,32,64,completed,True,purified_data/exp031/exp031_full_20260729_174215/eval/thubenchmark_deepconvnet_seed42_madry_fgsm_rank25-30.pth
tnp_thubenchmark_deepconvnet_seed42_madry_pgd,tnp,thubenchmark,deepconvnet,42,madry,pgd,0,12129.670148134232,3,128,8,32,64,completed,True,purified_data/exp031/exp031_full_20260729_174215/eval/thubenchmark_deepconvnet_seed42_madry_pgd_rank25-30.pth
tnp_thubenchmark_deepconvnet_seed42_madry_cw,tnp,thubenchmark,deepconvnet,42,madry,cw,0,12101.508748292923,3,128,8,32,64,completed,True,purified_data/exp031/exp031_full_20260729_174215/eval/thubenchmark_deepconvnet_seed42_madry_cw_rank25-30.pth
tnp_thubenchmark_deepconvnet_seed42_rpcf_at_autoattack,tnp,thubenchmark,deepconvnet,42,rpcf_at,autoattack,0,11891.087453126907,5,128,8,32,64,completed,True,purified_data/exp031/exp031_full_20260729_174215/eval/thubenchmark_deepconvnet_seed42_rpcf_at_autoattack_rank25-30.pth
tnp_thubenchmark_deepconvnet_seed42_rpcf_at_fgsm,tnp,thubenchmark,deepconvnet,42,rpcf_at,fgsm,0,12089.366278648376,5,128,8,32,64,completed,True,purified_data/exp031/exp031_full_20260729_174215/eval/thubenchmark_deepconvnet_seed42_rpcf_at_fgsm_rank25-30.pth
tnp_thubenchmark_deepconvnet_seed42_rpcf_at_pgd,tnp,thubenchmark,deepconvnet,42,rpcf_at,pgd,0,11981.417839050293,0,128,8,32,64,completed,True,purified_data/exp031/exp031_full_20260729_174215/eval/thubenchmark_deepconvnet_seed42_rpcf_at_pgd_rank25-30.pth
tnp_thubenchmark_deepconvnet_seed42_rpcf_at_cw,tnp,thubenchmark,deepconvnet,42,rpcf_at,cw,0,11903.354654073715,0,128,8,32,64,completed,True,purified_data/exp031/exp031_full_20260729_174215/eval/thubenchmark_deepconvnet_seed42_rpcf_at_cw_rank25-30.pth
tnp_thubenchmark_deepconvnet_seed43_madry_autoattack,tnp,thubenchmark,deepconvnet,43,madry,autoattack,0,11945.182889223099,6,128,8,32,64,completed,True,purified_data/exp031/exp031_full_20260729_174215/eval/thubenchmark_deepconvnet_seed43_madry_autoattack_rank25-30.pth
tnp_thubenchmark_deepconvnet_seed43_madry_fgsm,tnp,thubenchmark,deepconvnet,43,madry,fgsm,0,12025.211845874786,6,128,8,32,64,completed,True,purified_data/exp031/exp031_full_20260729_174215/eval/thubenchmark_deepconvnet_seed43_madry_fgsm_rank25-30.pth
tnp_thubenchmark_deepconvnet_seed43_madry_pgd,tnp,thubenchmark,deepconvnet,43,madry,pgd,0,11979.406575679779,1,128,8,32,64,completed,True,purified_data/exp031/exp031_full_20260729_174215/eval/thubenchmark_deepconvnet_seed43_madry_pgd_rank25-30.pth
tnp_thubenchmark_deepconvnet_seed43_madry_cw,tnp,thubenchmark,deepconvnet,43,madry,cw,0,11901.366040945053,1,128,8,32,64,completed,True,purified_data/exp031/exp031_full_20260729_174215/eval/thubenchmark_deepconvnet_seed43_madry_cw_rank25-30.pth
tnp_thubenchmark_deepconvnet_seed43_rpcf_at_autoattack,tnp,thubenchmark,deepconvnet,43,rpcf_at,autoattack,0,11825.221418857574,2,128,8,32,64,completed,True,purified_data/exp031/exp031_full_20260729_174215/eval/thubenchmark_deepconvnet_seed43_rpcf_at_autoattack_rank25-30.pth
tnp_thubenchmark_deepconvnet_seed43_rpcf_at_fgsm,tnp,thubenchmark,deepconvnet,43,rpcf_at,fgsm,0,11845.228409051895,2,128,8,32,64,completed,True,purified_data/exp031/exp031_full_20260729_174215/eval/thubenchmark_deepconvnet_seed43_rpcf_at_fgsm_rank25-30.pth
tnp_thubenchmark_deepconvnet_seed43_rpcf_at_pgd,tnp,thubenchmark,deepconvnet,43,rpcf_at,pgd,0,11855.180720567703,5,128,8,32,64,completed,True,purified_data/exp031/exp031_full_20260729_174215/eval/thubenchmark_deepconvnet_seed43_rpcf_at_pgd_rank25-30.pth
tnp_thubenchmark_deepconvnet_seed43_rpcf_at_cw,tnp,thubenchmark,deepconvnet,43,rpcf_at,cw,0,11905.199781656265,4,128,8,32,64,completed,True,purified_data/exp031/exp031_full_20260729_174215/eval/thubenchmark_deepconvnet_seed43_rpcf_at_cw_rank25-30.pth
tnp_thubenchmark_deepconvnet_seed44_madry_autoattack,tnp,thubenchmark,deepconvnet,44,madry,autoattack,0,11976.242631912231,3,128,8,32,64,completed,True,purified_data/exp031/exp031_full_20260729_174215/eval/thubenchmark_deepconvnet_seed44_madry_autoattack_rank25-30.pth
tnp_thubenchmark_deepconvnet_seed44_madry_fgsm,tnp,thubenchmark,deepconvnet,44,madry,fgsm,0,11899.46025276184,3,128,8,32,64,completed,True,purified_data/exp031/exp031_full_20260729_174215/eval/thubenchmark_deepconvnet_seed44_madry_fgsm_rank25-30.pth
tnp_thubenchmark_deepconvnet_seed44_madry_pgd,tnp,thubenchmark,deepconvnet,44,madry,pgd,0,11889.461349487305,5,128,8,32,64,completed,True,purified_data/exp031/exp031_full_20260729_174215/eval/thubenchmark_deepconvnet_seed44_madry_pgd_rank25-30.pth
tnp_thubenchmark_deepconvnet_seed44_madry_cw,tnp,thubenchmark,deepconvnet,44,madry,cw,0,11907.850671052933,4,128,8,32,64,completed,True,purified_data/exp031/exp031_full_20260729_174215/eval/thubenchmark_deepconvnet_seed44_madry_cw_rank25-30.pth
tnp_thubenchmark_deepconvnet_seed44_rpcf_at_autoattack,tnp,thubenchmark,deepconvnet,44,rpcf_at,autoattack,0,11750.605173826218,0,128,8,32,64,completed,True,purified_data/exp031/exp031_full_20260729_174215/eval/thubenchmark_deepconvnet_seed44_rpcf_at_autoattack_rank25-30.pth
tnp_thubenchmark_deepconvnet_seed44_rpcf_at_fgsm,tnp,thubenchmark,deepconvnet,44,rpcf_at,fgsm,0,11821.707334518433,0,128,8,32,64,completed,True,purified_data/exp031/exp031_full_20260729_174215/eval/thubenchmark_deepconvnet_seed44_rpcf_at_fgsm_rank25-30.pth
tnp_thubenchmark_deepconvnet_seed44_rpcf_at_pgd,tnp,thubenchmark,deepconvnet,44,rpcf_at,pgd,0,12005.868583917618,6,128,8,32,64,completed,True,purified_data/exp031/exp031_full_20260729_174215/eval/thubenchmark_deepconvnet_seed44_rpcf_at_pgd_rank25-30.pth
tnp_thubenchmark_deepconvnet_seed44_rpcf_at_cw,tnp,thubenchmark,deepconvnet,44,rpcf_at,cw,0,11937.936494112015,6,128,8,32,64,completed,True,purified_data/exp031/exp031_full_20260729_174215/eval/thubenchmark_deepconvnet_seed44_rpcf_at_cw_rank25-30.pth
tnp_thubenchmark_deepconvnet_seed45_madry_autoattack,tnp,thubenchmark,deepconvnet,45,madry,autoattack,0,11839.386532783508,1,128,8,32,64,completed,True,purified_data/exp031/exp031_full_20260729_174215/eval/thubenchmark_deepconvnet_seed45_madry_autoattack_rank25-30.pth
tnp_thubenchmark_deepconvnet_seed45_madry_fgsm,tnp,thubenchmark,deepconvnet,45,madry,fgsm,0,11891.702298164368,1,128,8,32,64,completed,True,purified_data/exp031/exp031_full_20260729_174215/eval/thubenchmark_deepconvnet_seed45_madry_fgsm_rank25-30.pth
tnp_thubenchmark_deepconvnet_seed45_madry_pgd,tnp,thubenchmark,deepconvnet,45,madry,pgd,0,11807.680480957031,2,128,8,32,64,completed,True,purified_data/exp031/exp031_full_20260729_174215/eval/thubenchmark_deepconvnet_seed45_madry_pgd_rank25-30.pth
tnp_thubenchmark_deepconvnet_seed45_madry_cw,tnp,thubenchmark,deepconvnet,45,madry,cw,0,11725.607830762863,2,128,8,32,64,completed,True,purified_data/exp031/exp031_full_20260729_174215/eval/thubenchmark_deepconvnet_seed45_madry_cw_rank25-30.pth
tnp_thubenchmark_deepconvnet_seed45_rpcf_at_autoattack,tnp,thubenchmark,deepconvnet,45,rpcf_at,autoattack,0,11905.922277450562,5,128,8,32,64,completed,True,purified_data/exp031/exp031_full_20260729_174215/eval/thubenchmark_deepconvnet_seed45_rpcf_at_autoattack_rank25-30.pth
tnp_thubenchmark_deepconvnet_seed45_rpcf_at_fgsm,tnp,thubenchmark,deepconvnet,45,rpcf_at,fgsm,0,11957.03278875351,4,128,8,32,64,completed,True,purified_data/exp031/exp031_full_20260729_174215/eval/thubenchmark_deepconvnet_seed45_rpcf_at_fgsm_rank25-30.pth
tnp_thubenchmark_deepconvnet_seed45_rpcf_at_pgd,tnp,thubenchmark,deepconvnet,45,rpcf_at,pgd,0,11803.870073080063,0,128,8,32,64,completed,True,purified_data/exp031/exp031_full_20260729_174215/eval/thubenchmark_deepconvnet_seed45_rpcf_at_pgd_rank25-30.pth
tnp_thubenchmark_deepconvnet_seed45_rpcf_at_cw,tnp,thubenchmark,deepconvnet,45,rpcf_at,cw,0,11761.984962701797,3,128,8,32,64,completed,True,purified_data/exp031/exp031_full_20260729_174215/eval/thubenchmark_deepconvnet_seed45_rpcf_at_cw_rank25-30.pth
tnp_thubenchmark_deepconvnet_seed46_madry_autoattack,tnp,thubenchmark,deepconvnet,46,madry,autoattack,0,11928.593012809753,5,128,8,32,64,completed,True,purified_data/exp031/exp031_full_20260729_174215/eval/thubenchmark_deepconvnet_seed46_madry_autoattack_rank25-30.pth
tnp_thubenchmark_deepconvnet_seed46_madry_fgsm,tnp,thubenchmark,deepconvnet,46,madry,fgsm,0,11869.947278499603,3,128,8,32,64,completed,True,purified_data/exp031/exp031_full_20260729_174215/eval/thubenchmark_deepconvnet_seed46_madry_fgsm_rank25-30.pth
tnp_thubenchmark_deepconvnet_seed46_madry_pgd,tnp,thubenchmark,deepconvnet,46,madry,pgd,0,11886.45991897583,0,128,8,32,64,completed,True,purified_data/exp031/exp031_full_20260729_174215/eval/thubenchmark_deepconvnet_seed46_madry_pgd_rank25-30.pth
tnp_thubenchmark_deepconvnet_seed46_madry_cw,tnp,thubenchmark,deepconvnet,46,madry,cw,0,11946.409210205078,4,128,8,32,64,completed,True,purified_data/exp031/exp031_full_20260729_174215/eval/thubenchmark_deepconvnet_seed46_madry_cw_rank25-30.pth
tnp_thubenchmark_deepconvnet_seed46_rpcf_at_autoattack,tnp,thubenchmark,deepconvnet,46,rpcf_at,autoattack,0,11872.573591709137,1,128,8,32,64,completed,True,purified_data/exp031/exp031_full_20260729_174215/eval/thubenchmark_deepconvnet_seed46_rpcf_at_autoattack_rank25-30.pth
tnp_thubenchmark_deepconvnet_seed46_rpcf_at_fgsm,tnp,thubenchmark,deepconvnet,46,rpcf_at,fgsm,0,11902.579216480255,6,128,8,32,64,completed,True,purified_data/exp031/exp031_full_20260729_174215/eval/thubenchmark_deepconvnet_seed46_rpcf_at_fgsm_rank25-30.pth
tnp_thubenchmark_deepconvnet_seed46_rpcf_at_pgd,tnp,thubenchmark,deepconvnet,46,rpcf_at,pgd,0,11788.20257973671,6,128,8,32,64,completed,True,purified_data/exp031/exp031_full_20260729_174215/eval/thubenchmark_deepconvnet_seed46_rpcf_at_pgd_rank25-30.pth
tnp_thubenchmark_deepconvnet_seed46_rpcf_at_cw,tnp,thubenchmark,deepconvnet,46,rpcf_at,cw,0,11880.514540195465,2,128,8,32,64,completed,True,purified_data/exp031/exp031_full_20260729_174215/eval/thubenchmark_deepconvnet_seed46_rpcf_at_cw_rank25-30.pth
tnp_thubenchmark_tsception_seed42_madry_autoattack,tnp,thubenchmark,tsception,42,madry,autoattack,0,11669.98864865303,1,32,16,8,16,completed,True,purified_data/exp031/exp031_full_20260729_174215/eval/thubenchmark_tsception_seed42_madry_autoattack_rank25-30.pth
tnp_thubenchmark_tsception_seed42_madry_fgsm,tnp,thubenchmark,tsception,42,madry,fgsm,0,11862.48231124878,2,32,16,8,16,completed,True,purified_data/exp031/exp031_full_20260729_174215/eval/thubenchmark_tsception_seed42_madry_fgsm_rank25-30.pth
tnp_thubenchmark_tsception_seed42_madry_pgd,tnp,thubenchmark,tsception,42,madry,pgd,0,11872.481595516205,5,32,16,8,16,completed,True,purified_data/exp031/exp031_full_20260729_174215/eval/thubenchmark_tsception_seed42_madry_pgd_rank25-30.pth
tnp_thubenchmark_tsception_seed42_madry_cw,tnp,thubenchmark,tsception,42,madry,cw,0,11810.313038110733,0,32,16,8,16,completed,True,purified_data/exp031/exp031_full_20260729_174215/eval/thubenchmark_tsception_seed42_madry_cw_rank25-30.pth
tnp_thubenchmark_tsception_seed42_rpcf_at_autoattack,tnp,thubenchmark,tsception,42,rpcf_at,autoattack,0,11959.930256128311,3,32,16,8,16,completed,True,purified_data/exp031/exp031_full_20260729_174215/eval/thubenchmark_tsception_seed42_rpcf_at_autoattack_rank25-30.pth
tnp_thubenchmark_tsception_seed42_rpcf_at_fgsm,tnp,thubenchmark,tsception,42,rpcf_at,fgsm,0,11851.630624055862,4,32,16,8,16,completed,True,purified_data/exp031/exp031_full_20260729_174215/eval/thubenchmark_tsception_seed42_rpcf_at_fgsm_rank25-30.pth
tnp_thubenchmark_tsception_seed42_rpcf_at_pgd,tnp,thubenchmark,tsception,42,rpcf_at,pgd,0,11816.25373339653,3,32,16,8,16,completed,True,purified_data/exp031/exp031_full_20260729_174215/eval/thubenchmark_tsception_seed42_rpcf_at_pgd_rank25-30.pth
tnp_thubenchmark_tsception_seed42_rpcf_at_cw,tnp,thubenchmark,tsception,42,rpcf_at,cw,0,11836.6956012249,5,32,16,8,16,completed,True,purified_data/exp031/exp031_full_20260729_174215/eval/thubenchmark_tsception_seed42_rpcf_at_cw_rank25-30.pth
tnp_thubenchmark_tsception_seed43_madry_autoattack,tnp,thubenchmark,tsception,43,madry,autoattack,0,11778.134860277176,0,32,16,8,16,completed,True,purified_data/exp031/exp031_full_20260729_174215/eval/thubenchmark_tsception_seed43_madry_autoattack_rank25-30.pth
tnp_thubenchmark_tsception_seed43_madry_fgsm,tnp,thubenchmark,tsception,43,madry,fgsm,0,11618.688683509827,4,32,16,8,16,completed,True,purified_data/exp031/exp031_full_20260729_174215/eval/thubenchmark_tsception_seed43_madry_fgsm_rank25-30.pth
tnp_thubenchmark_tsception_seed43_madry_pgd,tnp,thubenchmark,tsception,43,madry,pgd,0,11826.97107219696,1,32,16,8,16,completed,True,purified_data/exp031/exp031_full_20260729_174215/eval/thubenchmark_tsception_seed43_madry_pgd_rank25-30.pth
tnp_thubenchmark_tsception_seed43_madry_cw,tnp,thubenchmark,tsception,43,madry,cw,0,11770.119490623474,6,32,16,8,16,completed,True,purified_data/exp031/exp031_full_20260729_174215/eval/thubenchmark_tsception_seed43_madry_cw_rank25-30.pth
tnp_thubenchmark_tsception_seed43_rpcf_at_autoattack,tnp,thubenchmark,tsception,43,rpcf_at,autoattack,0,11882.808709859848,1,32,16,8,16,completed,True,purified_data/exp031/exp031_full_20260729_174215/eval/thubenchmark_tsception_seed43_rpcf_at_autoattack_rank25-30.pth
tnp_thubenchmark_tsception_seed43_rpcf_at_fgsm,tnp,thubenchmark,tsception,43,rpcf_at,fgsm,0,11870.84081530571,6,32,16,8,16,completed,True,purified_data/exp031/exp031_full_20260729_174215/eval/thubenchmark_tsception_seed43_rpcf_at_fgsm_rank25-30.pth
tnp_thubenchmark_tsception_seed43_rpcf_at_pgd,tnp,thubenchmark,tsception,43,rpcf_at,pgd,0,11714.50745344162,2,32,16,8,16,completed,True,purified_data/exp031/exp031_full_20260729_174215/eval/thubenchmark_tsception_seed43_rpcf_at_pgd_rank25-30.pth
tnp_thubenchmark_tsception_seed43_rpcf_at_cw,tnp,thubenchmark,tsception,43,rpcf_at,cw,0,11760.57738494873,2,32,16,8,16,completed,True,purified_data/exp031/exp031_full_20260729_174215/eval/thubenchmark_tsception_seed43_rpcf_at_cw_rank25-30.pth
tnp_thubenchmark_tsception_seed44_madry_autoattack,tnp,thubenchmark,tsception,44,madry,autoattack,0,11872.570405244827,0,32,16,8,16,completed,True,purified_data/exp031/exp031_full_20260729_174215/eval/thubenchmark_tsception_seed44_madry_autoattack_rank25-30.pth
tnp_thubenchmark_tsception_seed44_madry_fgsm,tnp,thubenchmark,tsception,44,madry,fgsm,0,11842.444321155548,5,32,16,8,16,completed,True,purified_data/exp031/exp031_full_20260729_174215/eval/thubenchmark_tsception_seed44_madry_fgsm_rank25-30.pth
tnp_thubenchmark_tsception_seed44_madry_pgd,tnp,thubenchmark,tsception,44,madry,pgd,0,11829.822713136673,4,32,16,8,16,completed,True,purified_data/exp031/exp031_full_20260729_174215/eval/thubenchmark_tsception_seed44_madry_pgd_rank25-30.pth
tnp_thubenchmark_tsception_seed44_madry_cw,tnp,thubenchmark,tsception,44,madry,cw,0,11787.881011009216,3,32,16,8,16,completed,True,purified_data/exp031/exp031_full_20260729_174215/eval/thubenchmark_tsception_seed44_madry_cw_rank25-30.pth
tnp_thubenchmark_tsception_seed44_rpcf_at_autoattack,tnp,thubenchmark,tsception,44,rpcf_at,autoattack,0,11847.63713645935,4,32,16,8,16,completed,True,purified_data/exp031/exp031_full_20260729_174215/eval/thubenchmark_tsception_seed44_rpcf_at_autoattack_rank25-30.pth
tnp_thubenchmark_tsception_seed44_rpcf_at_fgsm,tnp,thubenchmark,tsception,44,rpcf_at,fgsm,0,11931.221576690674,3,32,16,8,16,completed,True,purified_data/exp031/exp031_full_20260729_174215/eval/thubenchmark_tsception_seed44_rpcf_at_fgsm_rank25-30.pth
tnp_thubenchmark_tsception_seed44_rpcf_at_pgd,tnp,thubenchmark,tsception,44,rpcf_at,pgd,0,11826.726092338562,0,32,16,8,16,completed,True,purified_data/exp031/exp031_full_20260729_174215/eval/thubenchmark_tsception_seed44_rpcf_at_pgd_rank25-30.pth
tnp_thubenchmark_tsception_seed44_rpcf_at_cw,tnp,thubenchmark,tsception,44,rpcf_at,cw,0,11814.726637840271,5,32,16,8,16,completed,True,purified_data/exp031/exp031_full_20260729_174215/eval/thubenchmark_tsception_seed44_rpcf_at_cw_rank25-30.pth
tnp_thubenchmark_tsception_seed45_madry_autoattack,tnp,thubenchmark,tsception,45,madry,autoattack,0,11927.245677232742,6,32,16,8,16,completed,True,purified_data/exp031/exp031_full_20260729_174215/eval/thubenchmark_tsception_seed45_madry_autoattack_rank25-30.pth
tnp_thubenchmark_tsception_seed45_madry_fgsm,tnp,thubenchmark,tsception,45,madry,fgsm,0,11870.388186454773,1,32,16,8,16,completed,True,purified_data/exp031/exp031_full_20260729_174215/eval/thubenchmark_tsception_seed45_madry_fgsm_rank25-30.pth
tnp_thubenchmark_tsception_seed45_madry_pgd,tnp,thubenchmark,tsception,45,madry,pgd,0,12014.473284244537,2,32,16,8,16,completed,True,purified_data/exp031/exp031_full_20260729_174215/eval/thubenchmark_tsception_seed45_madry_pgd_rank25-30.pth
tnp_thubenchmark_tsception_seed45_madry_cw,tnp,thubenchmark,tsception,45,madry,cw,0,11876.393093585968,1,32,16,8,16,completed,True,purified_data/exp031/exp031_full_20260729_174215/eval/thubenchmark_tsception_seed45_madry_cw_rank25-30.pth
tnp_thubenchmark_tsception_seed45_rpcf_at_autoattack,tnp,thubenchmark,tsception,45,rpcf_at,autoattack,0,11952.448501110077,2,32,16,8,16,completed,True,purified_data/exp031/exp031_full_20260729_174215/eval/thubenchmark_tsception_seed45_rpcf_at_autoattack_rank25-30.pth
tnp_thubenchmark_tsception_seed45_rpcf_at_fgsm,tnp,thubenchmark,tsception,45,rpcf_at,fgsm,0,11866.343503952026,6,32,16,8,16,completed,True,purified_data/exp031/exp031_full_20260729_174215/eval/thubenchmark_tsception_seed45_rpcf_at_fgsm_rank25-30.pth
tnp_thubenchmark_tsception_seed45_rpcf_at_pgd,tnp,thubenchmark,tsception,45,rpcf_at,pgd,0,11714.281677484512,5,32,16,8,16,completed,True,purified_data/exp031/exp031_full_20260729_174215/eval/thubenchmark_tsception_seed45_rpcf_at_pgd_rank25-30.pth
tnp_thubenchmark_tsception_seed45_rpcf_at_cw,tnp,thubenchmark,tsception,45,rpcf_at,cw,0,11962.531952142715,0,32,16,8,16,completed,True,purified_data/exp031/exp031_full_20260729_174215/eval/thubenchmark_tsception_seed45_rpcf_at_cw_rank25-30.pth
tnp_thubenchmark_tsception_seed46_madry_autoattack,tnp,thubenchmark,tsception,46,madry,autoattack,0,11789.081530332565,4,32,16,8,16,completed,True,purified_data/exp031/exp031_full_20260729_174215/eval/thubenchmark_tsception_seed46_madry_autoattack_rank25-30.pth
tnp_thubenchmark_tsception_seed46_madry_fgsm,tnp,thubenchmark,tsception,46,madry,fgsm,0,11690.841277360916,3,32,16,8,16,completed,True,purified_data/exp031/exp031_full_20260729_174215/eval/thubenchmark_tsception_seed46_madry_fgsm_rank25-30.pth
tnp_thubenchmark_tsception_seed46_madry_pgd,tnp,thubenchmark,tsception,46,madry,pgd,0,11862.08795595169,4,32,16,8,16,completed,True,purified_data/exp031/exp031_full_20260729_174215/eval/thubenchmark_tsception_seed46_madry_pgd_rank25-30.pth
tnp_thubenchmark_tsception_seed46_madry_cw,tnp,thubenchmark,tsception,46,madry,cw,0,11811.121857881546,0,32,16,8,16,completed,True,purified_data/exp031/exp031_full_20260729_174215/eval/thubenchmark_tsception_seed46_madry_cw_rank25-30.pth
tnp_thubenchmark_tsception_seed46_rpcf_at_autoattack,tnp,thubenchmark,tsception,46,rpcf_at,autoattack,0,11855.908414363861,5,32,16,8,16,completed,True,purified_data/exp031/exp031_full_20260729_174215/eval/thubenchmark_tsception_seed46_rpcf_at_autoattack_rank25-30.pth
tnp_thubenchmark_tsception_seed46_rpcf_at_fgsm,tnp,thubenchmark,tsception,46,rpcf_at,fgsm,0,11771.828188180923,3,32,16,8,16,completed,True,purified_data/exp031/exp031_full_20260729_174215/eval/thubenchmark_tsception_seed46_rpcf_at_fgsm_rank25-30.pth
tnp_thubenchmark_tsception_seed46_rpcf_at_pgd,tnp,thubenchmark,tsception,46,rpcf_at,pgd,0,11779.41870188713,1,32,16,8,16,completed,True,purified_data/exp031/exp031_full_20260729_174215/eval/thubenchmark_tsception_seed46_rpcf_at_pgd_rank25-30.pth
tnp_thubenchmark_tsception_seed46_rpcf_at_cw,tnp,thubenchmark,tsception,46,rpcf_at,cw,0,11807.436069726944,6,32,16,8,16,completed,True,purified_data/exp031/exp031_full_20260729_174215/eval/thubenchmark_tsception_seed46_rpcf_at_cw_rank25-30.pth
tnp_thubenchmark_atcnet_seed42_madry_autoattack,tnp,thubenchmark,atcnet,42,madry,autoattack,0,12001.832272291183,1,128,16,32,64,completed,True,purified_data/exp031/exp031_full_20260729_174215/eval/thubenchmark_atcnet_seed42_madry_autoattack_rank25-30.pth
tnp_thubenchmark_atcnet_seed42_madry_fgsm,tnp,thubenchmark,atcnet,42,madry,fgsm,0,11933.61152291298,2,128,16,32,64,completed,True,purified_data/exp031/exp031_full_20260729_174215/eval/thubenchmark_atcnet_seed42_madry_fgsm_rank25-30.pth
tnp_thubenchmark_atcnet_seed42_madry_pgd,tnp,thubenchmark,atcnet,42,madry,pgd,0,11917.504848003387,6,128,16,32,64,completed,True,purified_data/exp031/exp031_full_20260729_174215/eval/thubenchmark_atcnet_seed42_madry_pgd_rank25-30.pth
tnp_thubenchmark_atcnet_seed42_madry_cw,tnp,thubenchmark,atcnet,42,madry,cw,0,11883.380322694778,2,128,16,32,64,completed,True,purified_data/exp031/exp031_full_20260729_174215/eval/thubenchmark_atcnet_seed42_madry_cw_rank25-30.pth
tnp_thubenchmark_atcnet_seed42_rpcf_at_autoattack,tnp,thubenchmark,atcnet,42,rpcf_at,autoattack,0,11959.99951338768,5,128,16,32,64,completed,True,purified_data/exp031/exp031_full_20260729_174215/eval/thubenchmark_atcnet_seed42_rpcf_at_autoattack_rank25-30.pth
tnp_thubenchmark_atcnet_seed42_rpcf_at_fgsm,tnp,thubenchmark,atcnet,42,rpcf_at,fgsm,0,11823.689398765564,3,128,16,32,64,completed,True,purified_data/exp031/exp031_full_20260729_174215/eval/thubenchmark_atcnet_seed42_rpcf_at_fgsm_rank25-30.pth
tnp_thubenchmark_atcnet_seed42_rpcf_at_pgd,tnp,thubenchmark,atcnet,42,rpcf_at,pgd,0,11839.857110738754,4,128,16,32,64,completed,True,purified_data/exp031/exp031_full_20260729_174215/eval/thubenchmark_atcnet_seed42_rpcf_at_pgd_rank25-30.pth
tnp_thubenchmark_atcnet_seed42_rpcf_at_cw,tnp,thubenchmark,atcnet,42,rpcf_at,cw,0,11849.85357260704,0,128,16,32,64,completed,True,purified_data/exp031/exp031_full_20260729_174215/eval/thubenchmark_atcnet_seed42_rpcf_at_cw_rank25-30.pth
tnp_thubenchmark_atcnet_seed43_madry_autoattack,tnp,thubenchmark,atcnet,43,madry,autoattack,0,11983.637214899063,0,128,16,32,64,completed,True,purified_data/exp031/exp031_full_20260729_174215/eval/thubenchmark_atcnet_seed43_madry_autoattack_rank25-30.pth
tnp_thubenchmark_atcnet_seed43_madry_fgsm,tnp,thubenchmark,atcnet,43,madry,fgsm,0,11876.853302955627,3,128,16,32,64,completed,True,purified_data/exp031/exp031_full_20260729_174215/eval/thubenchmark_atcnet_seed43_madry_fgsm_rank25-30.pth
tnp_thubenchmark_atcnet_seed43_madry_pgd,tnp,thubenchmark,atcnet,43,madry,pgd,0,12061.205408096313,4,128,16,32,64,completed,True,purified_data/exp031/exp031_full_20260729_174215/eval/thubenchmark_atcnet_seed43_madry_pgd_rank25-30.pth
tnp_thubenchmark_atcnet_seed43_madry_cw,tnp,thubenchmark,atcnet,43,madry,cw,0,11798.762552022934,5,128,16,32,64,completed,True,purified_data/exp031/exp031_full_20260729_174215/eval/thubenchmark_atcnet_seed43_madry_cw_rank25-30.pth
tnp_thubenchmark_atcnet_seed43_rpcf_at_autoattack,tnp,thubenchmark,atcnet,43,rpcf_at,autoattack,0,11903.17195558548,1,128,16,32,64,completed,True,purified_data/exp031/exp031_full_20260729_174215/eval/thubenchmark_atcnet_seed43_rpcf_at_autoattack_rank25-30.pth
tnp_thubenchmark_atcnet_seed43_rpcf_at_fgsm,tnp,thubenchmark,atcnet,43,rpcf_at,fgsm,0,11967.731489896774,6,128,16,32,64,completed,True,purified_data/exp031/exp031_full_20260729_174215/eval/thubenchmark_atcnet_seed43_rpcf_at_fgsm_rank25-30.pth
tnp_thubenchmark_atcnet_seed43_rpcf_at_pgd,tnp,thubenchmark,atcnet,43,rpcf_at,pgd,0,11713.078074455261,2,128,16,32,64,completed,True,purified_data/exp031/exp031_full_20260729_174215/eval/thubenchmark_atcnet_seed43_rpcf_at_pgd_rank25-30.pth
tnp_thubenchmark_atcnet_seed43_rpcf_at_cw,tnp,thubenchmark,atcnet,43,rpcf_at,cw,0,11973.808723688126,6,128,16,32,64,completed,True,purified_data/exp031/exp031_full_20260729_174215/eval/thubenchmark_atcnet_seed43_rpcf_at_cw_rank25-30.pth
tnp_thubenchmark_atcnet_seed44_madry_autoattack,tnp,thubenchmark,atcnet,44,madry,autoattack,0,11881.550758838654,2,128,16,32,64,completed,True,purified_data/exp031/exp031_full_20260729_174215/eval/thubenchmark_atcnet_seed44_madry_autoattack_rank25-30.pth
tnp_thubenchmark_atcnet_seed44_madry_fgsm,tnp,thubenchmark,atcnet,44,madry,fgsm,0,11945.404665470123,1,128,16,32,64,completed,True,purified_data/exp031/exp031_full_20260729_174215/eval/thubenchmark_atcnet_seed44_madry_fgsm_rank25-30.pth
tnp_thubenchmark_atcnet_seed44_madry_pgd,tnp,thubenchmark,atcnet,44,madry,pgd,0,12215.995987653732,3,128,16,32,64,completed,True,purified_data/exp031/exp031_full_20260729_174215/eval/thubenchmark_atcnet_seed44_madry_pgd_rank25-30.pth
tnp_thubenchmark_atcnet_seed44_madry_cw,tnp,thubenchmark,atcnet,44,madry,cw,0,12176.241401672363,5,128,16,32,64,completed,True,purified_data/exp031/exp031_full_20260729_174215/eval/thubenchmark_atcnet_seed44_madry_cw_rank25-30.pth
tnp_thubenchmark_atcnet_seed44_rpcf_at_autoattack,tnp,thubenchmark,atcnet,44,rpcf_at,autoattack,0,12230.209609746933,4,128,16,32,64,completed,True,purified_data/exp031/exp031_full_20260729_174215/eval/thubenchmark_atcnet_seed44_rpcf_at_autoattack_rank25-30.pth
tnp_thubenchmark_atcnet_seed44_rpcf_at_fgsm,tnp,thubenchmark,atcnet,44,rpcf_at,fgsm,0,12402.308272123337,0,128,16,32,64,completed,True,purified_data/exp031/exp031_full_20260729_174215/eval/thubenchmark_atcnet_seed44_rpcf_at_fgsm_rank25-30.pth
tnp_thubenchmark_atcnet_seed44_rpcf_at_pgd,tnp,thubenchmark,atcnet,44,rpcf_at,pgd,0,12426.30653834343,5,128,16,32,64,completed,True,purified_data/exp031/exp031_full_20260729_174215/eval/thubenchmark_atcnet_seed44_rpcf_at_pgd_rank25-30.pth
tnp_thubenchmark_atcnet_seed44_rpcf_at_cw,tnp,thubenchmark,atcnet,44,rpcf_at,cw,0,12282.216034173965,3,128,16,32,64,completed,True,purified_data/exp031/exp031_full_20260729_174215/eval/thubenchmark_atcnet_seed44_rpcf_at_cw_rank25-30.pth
tnp_thubenchmark_atcnet_seed45_madry_autoattack,tnp,thubenchmark,atcnet,45,madry,autoattack,0,12398.466187000275,0,128,16,32,64,completed,True,purified_data/exp031/exp031_full_20260729_174215/eval/thubenchmark_atcnet_seed45_madry_autoattack_rank25-30.pth
tnp_thubenchmark_atcnet_seed45_madry_fgsm,tnp,thubenchmark,atcnet,45,madry,fgsm,0,12267.956729650497,4,128,16,32,64,completed,True,purified_data/exp031/exp031_full_20260729_174215/eval/thubenchmark_atcnet_seed45_madry_fgsm_rank25-30.pth
tnp_thubenchmark_atcnet_seed45_madry_pgd,tnp,thubenchmark,atcnet,45,madry,pgd,0,12271.960835933685,1,128,16,32,64,completed,True,purified_data/exp031/exp031_full_20260729_174215/eval/thubenchmark_atcnet_seed45_madry_pgd_rank25-30.pth
tnp_thubenchmark_atcnet_seed45_madry_cw,tnp,thubenchmark,atcnet,45,madry,cw,0,12242.048926115036,2,128,16,32,64,completed,True,purified_data/exp031/exp031_full_20260729_174215/eval/thubenchmark_atcnet_seed45_madry_cw_rank25-30.pth
tnp_thubenchmark_atcnet_seed45_rpcf_at_autoattack,tnp,thubenchmark,atcnet,45,rpcf_at,autoattack,0,12299.581475019455,6,128,16,32,64,completed,True,purified_data/exp031/exp031_full_20260729_174215/eval/thubenchmark_atcnet_seed45_rpcf_at_autoattack_rank25-30.pth
tnp_thubenchmark_atcnet_seed45_rpcf_at_fgsm,tnp,thubenchmark,atcnet,45,rpcf_at,fgsm,0,12307.637751817703,2,128,16,32,64,completed,True,purified_data/exp031/exp031_full_20260729_174215/eval/thubenchmark_atcnet_seed45_rpcf_at_fgsm_rank25-30.pth
tnp_thubenchmark_atcnet_seed45_rpcf_at_pgd,tnp,thubenchmark,atcnet,45,rpcf_at,pgd,0,11999.437443494797,1,128,16,32,64,completed,True,purified_data/exp031/exp031_full_20260729_174215/eval/thubenchmark_atcnet_seed45_rpcf_at_pgd_rank25-30.pth
tnp_thubenchmark_atcnet_seed45_rpcf_at_cw,tnp,thubenchmark,atcnet,45,rpcf_at,cw,0,12345.498994350433,6,128,16,32,64,completed,True,purified_data/exp031/exp031_full_20260729_174215/eval/thubenchmark_atcnet_seed45_rpcf_at_cw_rank25-30.pth
tnp_thubenchmark_atcnet_seed46_madry_autoattack,tnp,thubenchmark,atcnet,46,madry,autoattack,0,12093.255989313126,3,128,16,32,64,completed,True,purified_data/exp031/exp031_full_20260729_174215/eval/thubenchmark_atcnet_seed46_madry_autoattack_rank25-30.pth
tnp_thubenchmark_atcnet_seed46_madry_fgsm,tnp,thubenchmark,atcnet,46,madry,fgsm,0,12092.791292190552,5,128,16,32,64,completed,True,purified_data/exp031/exp031_full_20260729_174215/eval/thubenchmark_atcnet_seed46_madry_fgsm_rank25-30.pth
tnp_thubenchmark_atcnet_seed46_madry_pgd,tnp,thubenchmark,atcnet,46,madry,pgd,0,11960.70674085617,4,128,16,32,64,completed,True,purified_data/exp031/exp031_full_20260729_174215/eval/thubenchmark_atcnet_seed46_madry_pgd_rank25-30.pth
tnp_thubenchmark_atcnet_seed46_madry_cw,tnp,thubenchmark,atcnet,46,madry,cw,0,12064.771032094955,3,128,16,32,64,completed,True,purified_data/exp031/exp031_full_20260729_174215/eval/thubenchmark_atcnet_seed46_madry_cw_rank25-30.pth
tnp_thubenchmark_atcnet_seed46_rpcf_at_autoattack,tnp,thubenchmark,atcnet,46,rpcf_at,autoattack,0,12114.789536476135,0,128,16,32,64,completed,True,purified_data/exp031/exp031_full_20260729_174215/eval/thubenchmark_atcnet_seed46_rpcf_at_autoattack_rank25-30.pth
tnp_thubenchmark_atcnet_seed46_rpcf_at_fgsm,tnp,thubenchmark,atcnet,46,rpcf_at,fgsm,0,12054.75516819954,5,128,16,32,64,completed,True,purified_data/exp031/exp031_full_20260729_174215/eval/thubenchmark_atcnet_seed46_rpcf_at_fgsm_rank25-30.pth
tnp_thubenchmark_atcnet_seed46_rpcf_at_pgd,tnp,thubenchmark,atcnet,46,rpcf_at,pgd,0,12016.911892652512,4,128,16,32,64,completed,True,purified_data/exp031/exp031_full_20260729_174215/eval/thubenchmark_atcnet_seed46_rpcf_at_pgd_rank25-30.pth
tnp_thubenchmark_atcnet_seed46_rpcf_at_cw,tnp,thubenchmark,atcnet,46,rpcf_at,cw,0,12144.847623109818,1,128,16,32,64,completed,True,purified_data/exp031/exp031_full_20260729_174215/eval/thubenchmark_atcnet_seed46_rpcf_at_cw_rank25-30.pth
tnp_thubenchmark_conformer_seed42_madry_autoattack,tnp,thubenchmark,conformer,42,madry,autoattack,0,11974.53681755066,0,128,16,16,32,completed,True,purified_data/exp031/exp031_full_20260729_174215/eval/thubenchmark_conformer_seed42_madry_autoattack_rank25-30.pth
tnp_thubenchmark_conformer_seed42_madry_fgsm,tnp,thubenchmark,conformer,42,madry,fgsm,0,12106.716000080109,2,128,16,16,32,completed,True,purified_data/exp031/exp031_full_20260729_174215/eval/thubenchmark_conformer_seed42_madry_fgsm_rank25-30.pth
tnp_thubenchmark_conformer_seed42_madry_pgd,tnp,thubenchmark,conformer,42,madry,pgd,0,12014.639216899872,1,128,16,16,32,completed,True,purified_data/exp031/exp031_full_20260729_174215/eval/thubenchmark_conformer_seed42_madry_pgd_rank25-30.pth
tnp_thubenchmark_conformer_seed42_madry_cw,tnp,thubenchmark,conformer,42,madry,cw,0,12088.623844385147,6,128,16,16,32,completed,True,purified_data/exp031/exp031_full_20260729_174215/eval/thubenchmark_conformer_seed42_madry_cw_rank25-30.pth
tnp_thubenchmark_conformer_seed42_rpcf_at_autoattack,tnp,thubenchmark,conformer,42,rpcf_at,autoattack,0,12028.502427577972,2,128,16,16,32,completed,True,purified_data/exp031/exp031_full_20260729_174215/eval/thubenchmark_conformer_seed42_rpcf_at_autoattack_rank25-30.pth
tnp_thubenchmark_conformer_seed42_rpcf_at_fgsm,tnp,thubenchmark,conformer,42,rpcf_at,fgsm,0,12052.45794582367,6,128,16,16,32,completed,True,purified_data/exp031/exp031_full_20260729_174215/eval/thubenchmark_conformer_seed42_rpcf_at_fgsm_rank25-30.pth
tnp_thubenchmark_conformer_seed42_rpcf_at_pgd,tnp,thubenchmark,conformer,42,rpcf_at,pgd,0,10911.105469703674,4,128,16,16,32,completed,True,purified_data/exp031/exp031_full_20260729_174215/eval/thubenchmark_conformer_seed42_rpcf_at_pgd_rank25-30.pth
tnp_thubenchmark_conformer_seed42_rpcf_at_cw,tnp,thubenchmark,conformer,42,rpcf_at,cw,0,10561.077773571014,3,128,16,16,32,completed,True,purified_data/exp031/exp031_full_20260729_174215/eval/thubenchmark_conformer_seed42_rpcf_at_cw_rank25-30.pth
tnp_thubenchmark_conformer_seed43_madry_autoattack,tnp,thubenchmark,conformer,43,madry,autoattack,0,11001.073132276535,5,128,16,16,32,completed,True,purified_data/exp031/exp031_full_20260729_174215/eval/thubenchmark_conformer_seed43_madry_autoattack_rank25-30.pth
tnp_thubenchmark_conformer_seed43_madry_fgsm,tnp,thubenchmark,conformer,43,madry,fgsm,0,10712.94855761528,3,128,16,16,32,completed,True,purified_data/exp031/exp031_full_20260729_174215/eval/thubenchmark_conformer_seed43_madry_fgsm_rank25-30.pth
tnp_thubenchmark_conformer_seed43_madry_pgd,tnp,thubenchmark,conformer,43,madry,pgd,0,10350.351798295975,1,128,16,16,32,completed,True,purified_data/exp031/exp031_full_20260729_174215/eval/thubenchmark_conformer_seed43_madry_pgd_rank25-30.pth
tnp_thubenchmark_conformer_seed43_madry_cw,tnp,thubenchmark,conformer,43,madry,cw,0,10644.898329257965,0,128,16,16,32,completed,True,purified_data/exp031/exp031_full_20260729_174215/eval/thubenchmark_conformer_seed43_madry_cw_rank25-30.pth
tnp_thubenchmark_conformer_seed43_rpcf_at_autoattack,tnp,thubenchmark,conformer,43,rpcf_at,autoattack,0,10738.901864051819,0,128,16,16,32,completed,True,purified_data/exp031/exp031_full_20260729_174215/eval/thubenchmark_conformer_seed43_rpcf_at_autoattack_rank25-30.pth
tnp_thubenchmark_conformer_seed43_rpcf_at_fgsm,tnp,thubenchmark,conformer,43,rpcf_at,fgsm,0,10493.767645597458,2,128,16,16,32,completed,True,purified_data/exp031/exp031_full_20260729_174215/eval/thubenchmark_conformer_seed43_rpcf_at_fgsm_rank25-30.pth
tnp_thubenchmark_conformer_seed43_rpcf_at_pgd,tnp,thubenchmark,conformer,43,rpcf_at,pgd,0,10473.180482387543,6,128,16,16,32,completed,True,purified_data/exp031/exp031_full_20260729_174215/eval/thubenchmark_conformer_seed43_rpcf_at_pgd_rank25-30.pth
tnp_thubenchmark_conformer_seed43_rpcf_at_cw,tnp,thubenchmark,conformer,43,rpcf_at,cw,0,10339.410855770111,4,128,16,16,32,completed,True,purified_data/exp031/exp031_full_20260729_174215/eval/thubenchmark_conformer_seed43_rpcf_at_cw_rank25-30.pth
tnp_thubenchmark_conformer_seed44_madry_autoattack,tnp,thubenchmark,conformer,44,madry,autoattack,0,10359.904544830322,3,128,16,16,32,completed,True,purified_data/exp031/exp031_full_20260729_174215/eval/thubenchmark_conformer_seed44_madry_autoattack_rank25-30.pth
tnp_thubenchmark_conformer_seed44_madry_fgsm,tnp,thubenchmark,conformer,44,madry,fgsm,0,10231.274238348007,0,128,16,16,32,completed,True,purified_data/exp031/exp031_full_20260729_174215/eval/thubenchmark_conformer_seed44_madry_fgsm_rank25-30.pth
tnp_thubenchmark_conformer_seed44_madry_pgd,tnp,thubenchmark,conformer,44,madry,pgd,0,10269.816534280777,1,128,16,16,32,completed,True,purified_data/exp031/exp031_full_20260729_174215/eval/thubenchmark_conformer_seed44_madry_pgd_rank25-30.pth
tnp_thubenchmark_conformer_seed44_madry_cw,tnp,thubenchmark,conformer,44,madry,cw,0,10263.632866382599,6,128,16,16,32,completed,True,purified_data/exp031/exp031_full_20260729_174215/eval/thubenchmark_conformer_seed44_madry_cw_rank25-30.pth
tnp_thubenchmark_conformer_seed44_rpcf_at_autoattack,tnp,thubenchmark,conformer,44,rpcf_at,autoattack,0,10725.092368364334,5,128,16,16,32,completed,True,purified_data/exp031/exp031_full_20260729_174215/eval/thubenchmark_conformer_seed44_rpcf_at_autoattack_rank25-30.pth
tnp_thubenchmark_conformer_seed44_rpcf_at_fgsm,tnp,thubenchmark,conformer,44,rpcf_at,fgsm,0,10251.39921760559,2,128,16,16,32,completed,True,purified_data/exp031/exp031_full_20260729_174215/eval/thubenchmark_conformer_seed44_rpcf_at_fgsm_rank25-30.pth
tnp_thubenchmark_conformer_seed44_rpcf_at_pgd,tnp,thubenchmark,conformer,44,rpcf_at,pgd,0,10318.092672586441,4,128,16,16,32,completed,True,purified_data/exp031/exp031_full_20260729_174215/eval/thubenchmark_conformer_seed44_rpcf_at_pgd_rank25-30.pth
tnp_thubenchmark_conformer_seed44_rpcf_at_cw,tnp,thubenchmark,conformer,44,rpcf_at,cw,0,10489.856148481369,3,128,16,16,32,completed,True,purified_data/exp031/exp031_full_20260729_174215/eval/thubenchmark_conformer_seed44_rpcf_at_cw_rank25-30.pth
tnp_thubenchmark_conformer_seed45_madry_autoattack,tnp,thubenchmark,conformer,45,madry,autoattack,0,10283.069688558578,0,128,16,16,32,completed,True,purified_data/exp031/exp031_full_20260729_174215/eval/thubenchmark_conformer_seed45_madry_autoattack_rank25-30.pth
tnp_thubenchmark_conformer_seed45_madry_fgsm,tnp,thubenchmark,conformer,45,madry,fgsm,0,10311.358062505722,5,128,16,16,32,completed,True,purified_data/exp031/exp031_full_20260729_174215/eval/thubenchmark_conformer_seed45_madry_fgsm_rank25-30.pth
tnp_thubenchmark_conformer_seed45_madry_pgd,tnp,thubenchmark,conformer,45,madry,pgd,0,10195.097379684448,1,128,16,16,32,completed,True,purified_data/exp031/exp031_full_20260729_174215/eval/thubenchmark_conformer_seed45_madry_pgd_rank25-30.pth
tnp_thubenchmark_conformer_seed45_madry_cw,tnp,thubenchmark,conformer,45,madry,cw,0,10125.514994621277,6,128,16,16,32,completed,True,purified_data/exp031/exp031_full_20260729_174215/eval/thubenchmark_conformer_seed45_madry_cw_rank25-30.pth
tnp_thubenchmark_conformer_seed45_rpcf_at_autoattack,tnp,thubenchmark,conformer,45,rpcf_at,autoattack,0,10018.799861192703,2,128,16,16,32,completed,True,purified_data/exp031/exp031_full_20260729_174215/eval/thubenchmark_conformer_seed45_rpcf_at_autoattack_rank25-30.pth
tnp_thubenchmark_conformer_seed45_rpcf_at_fgsm,tnp,thubenchmark,conformer,45,rpcf_at,fgsm,0,10124.03665804863,4,128,16,16,32,completed,True,purified_data/exp031/exp031_full_20260729_174215/eval/thubenchmark_conformer_seed45_rpcf_at_fgsm_rank25-30.pth
tnp_thubenchmark_conformer_seed45_rpcf_at_pgd,tnp,thubenchmark,conformer,45,rpcf_at,pgd,0,10115.74369263649,0,128,16,16,32,completed,True,purified_data/exp031/exp031_full_20260729_174215/eval/thubenchmark_conformer_seed45_rpcf_at_pgd_rank25-30.pth
tnp_thubenchmark_conformer_seed45_rpcf_at_cw,tnp,thubenchmark,conformer,45,rpcf_at,cw,0,10121.60718536377,3,128,16,16,32,completed,True,purified_data/exp031/exp031_full_20260729_174215/eval/thubenchmark_conformer_seed45_rpcf_at_cw_rank25-30.pth
tnp_thubenchmark_conformer_seed46_madry_autoattack,tnp,thubenchmark,conformer,46,madry,autoattack,0,10123.324096441269,5,128,16,16,32,completed,True,purified_data/exp031/exp031_full_20260729_174215/eval/thubenchmark_conformer_seed46_madry_autoattack_rank25-30.pth
tnp_thubenchmark_conformer_seed46_madry_fgsm,tnp,thubenchmark,conformer,46,madry,fgsm,0,10073.020185709,2,128,16,16,32,completed,True,purified_data/exp031/exp031_full_20260729_174215/eval/thubenchmark_conformer_seed46_madry_fgsm_rank25-30.pth
tnp_thubenchmark_conformer_seed46_madry_pgd,tnp,thubenchmark,conformer,46,madry,pgd,0,10113.811859846115,1,128,16,16,32,completed,True,purified_data/exp031/exp031_full_20260729_174215/eval/thubenchmark_conformer_seed46_madry_pgd_rank25-30.pth
tnp_thubenchmark_conformer_seed46_madry_cw,tnp,thubenchmark,conformer,46,madry,cw,0,10037.972463846207,6,128,16,16,32,completed,True,purified_data/exp031/exp031_full_20260729_174215/eval/thubenchmark_conformer_seed46_madry_cw_rank25-30.pth
tnp_thubenchmark_conformer_seed46_rpcf_at_autoattack,tnp,thubenchmark,conformer,46,rpcf_at,autoattack,0,10099.949512004852,4,128,16,16,32,completed,True,purified_data/exp031/exp031_full_20260729_174215/eval/thubenchmark_conformer_seed46_rpcf_at_autoattack_rank25-30.pth
tnp_thubenchmark_conformer_seed46_rpcf_at_fgsm,tnp,thubenchmark,conformer,46,rpcf_at,fgsm,0,10146.85690999031,0,128,16,16,32,completed,True,purified_data/exp031/exp031_full_20260729_174215/eval/thubenchmark_conformer_seed46_rpcf_at_fgsm_rank25-30.pth
tnp_thubenchmark_conformer_seed46_rpcf_at_pgd,tnp,thubenchmark,conformer,46,rpcf_at,pgd,0,10218.300001621246,3,128,16,16,32,completed,True,purified_data/exp031/exp031_full_20260729_174215/eval/thubenchmark_conformer_seed46_rpcf_at_pgd_rank25-30.pth
tnp_thubenchmark_conformer_seed46_rpcf_at_cw,tnp,thubenchmark,conformer,46,rpcf_at,cw,0,10098.80645275116,5,128,16,16,32,completed,True,purified_data/exp031/exp031_full_20260729_174215/eval/thubenchmark_conformer_seed46_rpcf_at_cw_rank25-30.pth
tnp_thubenchmark_tcnet_seed42_madry_autoattack,tnp,thubenchmark,tcnet,42,madry,autoattack,0,10087.84786939621,2,128,32,64,128,completed,True,purified_data/exp031/exp031_full_20260729_174215/eval/thubenchmark_tcnet_seed42_madry_autoattack_rank25-30.pth
tnp_thubenchmark_tcnet_seed42_madry_fgsm,tnp,thubenchmark,tcnet,42,madry,fgsm,0,9969.108615875244,6,128,32,64,128,completed,True,purified_data/exp031/exp031_full_20260729_174215/eval/thubenchmark_tcnet_seed42_madry_fgsm_rank25-30.pth
tnp_thubenchmark_tcnet_seed42_madry_pgd,tnp,thubenchmark,tcnet,42,madry,pgd,0,10085.687838077545,1,128,32,64,128,completed,True,purified_data/exp031/exp031_full_20260729_174215/eval/thubenchmark_tcnet_seed42_madry_pgd_rank25-30.pth
tnp_thubenchmark_tcnet_seed42_madry_cw,tnp,thubenchmark,tcnet,42,madry,cw,0,10122.141023874283,4,128,32,64,128,completed,True,purified_data/exp031/exp031_full_20260729_174215/eval/thubenchmark_tcnet_seed42_madry_cw_rank25-30.pth
tnp_thubenchmark_tcnet_seed42_rpcf_at_autoattack,tnp,thubenchmark,tcnet,42,rpcf_at,autoattack,0,10126.406187534332,0,128,32,64,128,completed,True,purified_data/exp031/exp031_full_20260729_174215/eval/thubenchmark_tcnet_seed42_rpcf_at_autoattack_rank25-30.pth
tnp_thubenchmark_tcnet_seed42_rpcf_at_fgsm,tnp,thubenchmark,tcnet,42,rpcf_at,fgsm,0,10159.188135147095,3,128,32,64,128,completed,True,purified_data/exp031/exp031_full_20260729_174215/eval/thubenchmark_tcnet_seed42_rpcf_at_fgsm_rank25-30.pth
tnp_thubenchmark_tcnet_seed42_rpcf_at_pgd,tnp,thubenchmark,tcnet,42,rpcf_at,pgd,0,10123.326525449753,5,128,32,64,128,completed,True,purified_data/exp031/exp031_full_20260729_174215/eval/thubenchmark_tcnet_seed42_rpcf_at_pgd_rank25-30.pth
tnp_thubenchmark_tcnet_seed42_rpcf_at_cw,tnp,thubenchmark,tcnet,42,rpcf_at,cw,0,10349.356865167618,6,128,32,64,128,completed,True,purified_data/exp031/exp031_full_20260729_174215/eval/thubenchmark_tcnet_seed42_rpcf_at_cw_rank25-30.pth
tnp_thubenchmark_tcnet_seed43_madry_autoattack,tnp,thubenchmark,tcnet,43,madry,autoattack,0,10236.629604101181,2,128,32,64,128,completed,True,purified_data/exp031/exp031_full_20260729_174215/eval/thubenchmark_tcnet_seed43_madry_autoattack_rank25-30.pth
tnp_thubenchmark_tcnet_seed43_madry_fgsm,tnp,thubenchmark,tcnet,43,madry,fgsm,0,10213.765874385834,1,128,32,64,128,completed,True,purified_data/exp031/exp031_full_20260729_174215/eval/thubenchmark_tcnet_seed43_madry_fgsm_rank25-30.pth
tnp_thubenchmark_tcnet_seed43_madry_pgd,tnp,thubenchmark,tcnet,43,madry,pgd,0,10401.429407835007,4,128,32,64,128,completed,True,purified_data/exp031/exp031_full_20260729_174215/eval/thubenchmark_tcnet_seed43_madry_pgd_rank25-30.pth
tnp_thubenchmark_tcnet_seed43_madry_cw,tnp,thubenchmark,tcnet,43,madry,cw,0,10315.460250377655,0,128,32,64,128,completed,True,purified_data/exp031/exp031_full_20260729_174215/eval/thubenchmark_tcnet_seed43_madry_cw_rank25-30.pth
tnp_thubenchmark_tcnet_seed43_rpcf_at_autoattack,tnp,thubenchmark,tcnet,43,rpcf_at,autoattack,0,10331.575069189072,3,128,32,64,128,completed,True,purified_data/exp031/exp031_full_20260729_174215/eval/thubenchmark_tcnet_seed43_rpcf_at_autoattack_rank25-30.pth
tnp_thubenchmark_tcnet_seed43_rpcf_at_fgsm,tnp,thubenchmark,tcnet,43,rpcf_at,fgsm,0,10753.556855916977,5,128,32,64,128,completed,True,purified_data/exp031/exp031_full_20260729_174215/eval/thubenchmark_tcnet_seed43_rpcf_at_fgsm_rank25-30.pth
tnp_thubenchmark_tcnet_seed43_rpcf_at_pgd,tnp,thubenchmark,tcnet,43,rpcf_at,pgd,0,10626.77056646347,2,128,32,64,128,completed,True,purified_data/exp031/exp031_full_20260729_174215/eval/thubenchmark_tcnet_seed43_rpcf_at_pgd_rank25-30.pth
tnp_thubenchmark_tcnet_seed43_rpcf_at_cw,tnp,thubenchmark,tcnet,43,rpcf_at,cw,0,10651.289732933044,1,128,32,64,128,completed,True,purified_data/exp031/exp031_full_20260729_174215/eval/thubenchmark_tcnet_seed43_rpcf_at_cw_rank25-30.pth
tnp_thubenchmark_tcnet_seed44_madry_autoattack,tnp,thubenchmark,tcnet,44,madry,autoattack,0,10680.28118276596,4,128,32,64,128,completed,True,purified_data/exp031/exp031_full_20260729_174215/eval/thubenchmark_tcnet_seed44_madry_autoattack_rank25-30.pth
tnp_thubenchmark_tcnet_seed44_madry_fgsm,tnp,thubenchmark,tcnet,44,madry,fgsm,0,10637.21002960205,0,128,32,64,128,completed,True,purified_data/exp031/exp031_full_20260729_174215/eval/thubenchmark_tcnet_seed44_madry_fgsm_rank25-30.pth
tnp_thubenchmark_tcnet_seed44_madry_pgd,tnp,thubenchmark,tcnet,44,madry,pgd,0,10647.429779291153,3,128,32,64,128,completed,True,purified_data/exp031/exp031_full_20260729_174215/eval/thubenchmark_tcnet_seed44_madry_pgd_rank25-30.pth
tnp_thubenchmark_tcnet_seed44_madry_cw,tnp,thubenchmark,tcnet,44,madry,cw,0,10558.013053178787,5,128,32,64,128,completed,True,purified_data/exp031/exp031_full_20260729_174215/eval/thubenchmark_tcnet_seed44_madry_cw_rank25-30.pth
tnp_thubenchmark_tcnet_seed44_rpcf_at_autoattack,tnp,thubenchmark,tcnet,44,rpcf_at,autoattack,0,10389.694349765778,2,128,32,64,128,completed,True,purified_data/exp031/exp031_full_20260729_174215/eval/thubenchmark_tcnet_seed44_rpcf_at_autoattack_rank25-30.pth
tnp_thubenchmark_tcnet_seed44_rpcf_at_fgsm,tnp,thubenchmark,tcnet,44,rpcf_at,fgsm,0,10309.755905628204,1,128,32,64,128,completed,True,purified_data/exp031/exp031_full_20260729_174215/eval/thubenchmark_tcnet_seed44_rpcf_at_fgsm_rank25-30.pth
tnp_thubenchmark_tcnet_seed44_rpcf_at_pgd,tnp,thubenchmark,tcnet,44,rpcf_at,pgd,0,10398.440786361694,4,128,32,64,128,completed,True,purified_data/exp031/exp031_full_20260729_174215/eval/thubenchmark_tcnet_seed44_rpcf_at_pgd_rank25-30.pth
tnp_thubenchmark_tcnet_seed44_rpcf_at_cw,tnp,thubenchmark,tcnet,44,rpcf_at,cw,0,10446.913739442825,0,128,32,64,128,completed,True,purified_data/exp031/exp031_full_20260729_174215/eval/thubenchmark_tcnet_seed44_rpcf_at_cw_rank25-30.pth
tnp_thubenchmark_tcnet_seed45_madry_autoattack,tnp,thubenchmark,tcnet,45,madry,autoattack,0,11100.482740879059,6,128,32,64,128,completed,True,purified_data/exp031/exp031_full_20260729_174215/eval/thubenchmark_tcnet_seed45_madry_autoattack_rank25-30.pth
tnp_thubenchmark_tcnet_seed45_madry_fgsm,tnp,thubenchmark,tcnet,45,madry,fgsm,0,10562.427421331406,3,128,32,64,128,completed,True,purified_data/exp031/exp031_full_20260729_174215/eval/thubenchmark_tcnet_seed45_madry_fgsm_rank25-30.pth
tnp_thubenchmark_tcnet_seed45_madry_pgd,tnp,thubenchmark,tcnet,45,madry,pgd,0,10526.497168540955,5,128,32,64,128,completed,True,purified_data/exp031/exp031_full_20260729_174215/eval/thubenchmark_tcnet_seed45_madry_pgd_rank25-30.pth
tnp_thubenchmark_tcnet_seed45_madry_cw,tnp,thubenchmark,tcnet,45,madry,cw,0,10531.708111763,2,128,32,64,128,completed,True,purified_data/exp031/exp031_full_20260729_174215/eval/thubenchmark_tcnet_seed45_madry_cw_rank25-30.pth
tnp_thubenchmark_tcnet_seed45_rpcf_at_autoattack,tnp,thubenchmark,tcnet,45,rpcf_at,autoattack,0,10397.192918777466,1,128,32,64,128,completed,True,purified_data/exp031/exp031_full_20260729_174215/eval/thubenchmark_tcnet_seed45_rpcf_at_autoattack_rank25-30.pth
tnp_thubenchmark_tcnet_seed45_rpcf_at_fgsm,tnp,thubenchmark,tcnet,45,rpcf_at,fgsm,0,10658.004162788391,4,128,32,64,128,completed,True,purified_data/exp031/exp031_full_20260729_174215/eval/thubenchmark_tcnet_seed45_rpcf_at_fgsm_rank25-30.pth
tnp_thubenchmark_tcnet_seed45_rpcf_at_pgd,tnp,thubenchmark,tcnet,45,rpcf_at,pgd,0,10523.688876152039,0,128,32,64,128,completed,True,purified_data/exp031/exp031_full_20260729_174215/eval/thubenchmark_tcnet_seed45_rpcf_at_pgd_rank25-30.pth
tnp_thubenchmark_tcnet_seed45_rpcf_at_cw,tnp,thubenchmark,tcnet,45,rpcf_at,cw,0,10745.34838938713,3,128,32,64,128,completed,True,purified_data/exp031/exp031_full_20260729_174215/eval/thubenchmark_tcnet_seed45_rpcf_at_cw_rank25-30.pth
tnp_thubenchmark_tcnet_seed46_madry_autoattack,tnp,thubenchmark,tcnet,46,madry,autoattack,0,11492.099014520645,6,128,32,64,128,completed,True,purified_data/exp031/exp031_full_20260729_174215/eval/thubenchmark_tcnet_seed46_madry_autoattack_rank25-30.pth
tnp_thubenchmark_tcnet_seed46_madry_fgsm,tnp,thubenchmark,tcnet,46,madry,fgsm,0,11987.401477575302,5,128,32,64,128,completed,True,purified_data/exp031/exp031_full_20260729_174215/eval/thubenchmark_tcnet_seed46_madry_fgsm_rank25-30.pth
tnp_thubenchmark_tcnet_seed46_madry_pgd,tnp,thubenchmark,tcnet,46,madry,pgd,0,11156.28219628334,1,128,32,64,128,completed,True,purified_data/exp031/exp031_full_20260729_174215/eval/thubenchmark_tcnet_seed46_madry_pgd_rank25-30.pth
tnp_thubenchmark_tcnet_seed46_madry_cw,tnp,thubenchmark,tcnet,46,madry,cw,0,11013.149955511093,2,128,32,64,128,completed,True,purified_data/exp031/exp031_full_20260729_174215/eval/thubenchmark_tcnet_seed46_madry_cw_rank25-30.pth
tnp_thubenchmark_tcnet_seed46_rpcf_at_autoattack,tnp,thubenchmark,tcnet,46,rpcf_at,autoattack,0,10971.895624160767,0,128,32,64,128,completed,True,purified_data/exp031/exp031_full_20260729_174215/eval/thubenchmark_tcnet_seed46_rpcf_at_autoattack_rank25-30.pth
tnp_thubenchmark_tcnet_seed46_rpcf_at_fgsm,tnp,thubenchmark,tcnet,46,rpcf_at,fgsm,0,11008.54619216919,4,128,32,64,128,completed,True,purified_data/exp031/exp031_full_20260729_174215/eval/thubenchmark_tcnet_seed46_rpcf_at_fgsm_rank25-30.pth
tnp_thubenchmark_tcnet_seed46_rpcf_at_pgd,tnp,thubenchmark,tcnet,46,rpcf_at,pgd,0,10927.87245965004,3,128,32,64,128,completed,True,purified_data/exp031/exp031_full_20260729_174215/eval/thubenchmark_tcnet_seed46_rpcf_at_pgd_rank25-30.pth
tnp_thubenchmark_tcnet_seed46_rpcf_at_cw,tnp,thubenchmark,tcnet,46,rpcf_at,cw,0,10822.489927053452,2,128,32,64,128,completed,True,purified_data/exp031/exp031_full_20260729_174215/eval/thubenchmark_tcnet_seed46_rpcf_at_cw_rank25-30.pth
tnp_seediv_eegnet_seed42_madry_autoattack,tnp,seediv,eegnet,42,madry,autoattack,0,18649.258385419846,1,128,32,64,128,completed,True,purified_data/exp031/exp031_full_20260729_174215/eval/seediv_eegnet_seed42_madry_autoattack_rank25-30.pth
tnp_seediv_eegnet_seed42_madry_fgsm,tnp,seediv,eegnet,42,madry,fgsm,0,9318.66902256012,1,128,32,64,128,completed,True,purified_data/exp031/exp031_full_20260729_174215/eval/seediv_eegnet_seed42_madry_fgsm_rank25-30.pth
tnp_seediv_eegnet_seed42_madry_pgd,tnp,seediv,eegnet,42,madry,pgd,0,9429.812630414963,0,128,32,64,128,completed,True,purified_data/exp031/exp031_full_20260729_174215/eval/seediv_eegnet_seed42_madry_pgd_rank25-30.pth
tnp_seediv_eegnet_seed42_madry_cw,tnp,seediv,eegnet,42,madry,cw,0,9341.849818229675,4,128,32,64,128,completed,True,purified_data/exp031/exp031_full_20260729_174215/eval/seediv_eegnet_seed42_madry_cw_rank25-30.pth
tnp_seediv_eegnet_seed42_rpcf_at_autoattack,tnp,seediv,eegnet,42,rpcf_at,autoattack,0,10340.311571359634,6,128,32,64,128,completed,True,purified_data/exp031/exp031_full_20260729_174215/eval/seediv_eegnet_seed42_rpcf_at_autoattack_rank25-30.pth
tnp_seediv_eegnet_seed42_rpcf_at_fgsm,tnp,seediv,eegnet,42,rpcf_at,fgsm,0,9276.544365644455,3,128,32,64,128,completed,True,purified_data/exp031/exp031_full_20260729_174215/eval/seediv_eegnet_seed42_rpcf_at_fgsm_rank25-30.pth
tnp_seediv_eegnet_seed42_rpcf_at_pgd,tnp,seediv,eegnet,42,rpcf_at,pgd,0,10093.98350739479,1,128,32,64,128,completed,True,purified_data/exp031/exp031_full_20260729_174215/eval/seediv_eegnet_seed42_rpcf_at_pgd_rank25-30.pth
tnp_seediv_eegnet_seed42_rpcf_at_cw,tnp,seediv,eegnet,42,rpcf_at,cw,0,10306.917687416077,2,128,32,64,128,completed,True,purified_data/exp031/exp031_full_20260729_174215/eval/seediv_eegnet_seed42_rpcf_at_cw_rank25-30.pth
tnp_seediv_eegnet_seed43_madry_autoattack,tnp,seediv,eegnet,43,madry,autoattack,0,18567.9747672081,0,128,32,64,128,completed,True,purified_data/exp031/exp031_full_20260729_174215/eval/seediv_eegnet_seed43_madry_autoattack_rank25-30.pth
tnp_seediv_eegnet_seed43_madry_fgsm,tnp,seediv,eegnet,43,madry,fgsm,0,10327.938044071198,0,128,32,64,128,completed,True,purified_data/exp031/exp031_full_20260729_174215/eval/seediv_eegnet_seed43_madry_fgsm_rank25-30.pth
tnp_seediv_eegnet_seed43_madry_pgd,tnp,seediv,eegnet,43,madry,pgd,0,10401.569105386734,4,128,32,64,128,completed,True,purified_data/exp031/exp031_full_20260729_174215/eval/seediv_eegnet_seed43_madry_pgd_rank25-30.pth
tnp_seediv_eegnet_seed43_madry_cw,tnp,seediv,eegnet,43,madry,cw,0,10414.103482246399,3,128,32,64,128,completed,True,purified_data/exp031/exp031_full_20260729_174215/eval/seediv_eegnet_seed43_madry_cw_rank25-30.pth
tnp_seediv_eegnet_seed43_rpcf_at_autoattack,tnp,seediv,eegnet,43,rpcf_at,autoattack,0,10523.889205694199,5,128,32,64,128,completed,True,purified_data/exp031/exp031_full_20260729_174215/eval/seediv_eegnet_seed43_rpcf_at_autoattack_rank25-30.pth
tnp_seediv_eegnet_seed43_rpcf_at_fgsm,tnp,seediv,eegnet,43,rpcf_at,fgsm,0,10908.904859304428,0,128,32,64,128,completed,True,purified_data/exp031/exp031_full_20260729_174215/eval/seediv_eegnet_seed43_rpcf_at_fgsm_rank25-30.pth
tnp_seediv_eegnet_seed43_rpcf_at_pgd,tnp,seediv,eegnet,43,rpcf_at,pgd,0,10896.202129364014,1,128,32,64,128,completed,True,purified_data/exp031/exp031_full_20260729_174215/eval/seediv_eegnet_seed43_rpcf_at_pgd_rank25-30.pth
tnp_seediv_eegnet_seed43_rpcf_at_cw,tnp,seediv,eegnet,43,rpcf_at,cw,0,10913.383023023605,2,128,32,64,128,completed,True,purified_data/exp031/exp031_full_20260729_174215/eval/seediv_eegnet_seed43_rpcf_at_cw_rank25-30.pth
tnp_seediv_eegnet_seed44_madry_autoattack,tnp,seediv,eegnet,44,madry,autoattack,0,20765.375009059906,5,128,32,64,128,completed,True,purified_data/exp031/exp031_full_20260729_174215/eval/seediv_eegnet_seed44_madry_autoattack_rank25-30.pth
tnp_seediv_eegnet_seed44_madry_fgsm,tnp,seediv,eegnet,44,madry,fgsm,0,10842.725990056992,3,128,32,64,128,completed,True,purified_data/exp031/exp031_full_20260729_174215/eval/seediv_eegnet_seed44_madry_fgsm_rank25-30.pth
tnp_seediv_eegnet_seed44_madry_pgd,tnp,seediv,eegnet,44,madry,pgd,0,10823.950673818588,4,128,32,64,128,completed,True,purified_data/exp031/exp031_full_20260729_174215/eval/seediv_eegnet_seed44_madry_pgd_rank25-30.pth
tnp_seediv_eegnet_seed44_madry_cw,tnp,seediv,eegnet,44,madry,cw,0,10757.43920660019,5,128,32,64,128,completed,True,purified_data/exp031/exp031_full_20260729_174215/eval/seediv_eegnet_seed44_madry_cw_rank25-30.pth
tnp_seediv_eegnet_seed44_rpcf_at_autoattack,tnp,seediv,eegnet,44,rpcf_at,autoattack,0,12079.78954744339,6,128,32,64,128,completed,True,purified_data/exp031/exp031_full_20260729_174215/eval/seediv_eegnet_seed44_rpcf_at_autoattack_rank25-30.pth
tnp_seediv_eegnet_seed44_rpcf_at_fgsm,tnp,seediv,eegnet,44,rpcf_at,fgsm,0,10879.170842409134,1,128,32,64,128,completed,True,purified_data/exp031/exp031_full_20260729_174215/eval/seediv_eegnet_seed44_rpcf_at_fgsm_rank25-30.pth
tnp_seediv_eegnet_seed44_rpcf_at_pgd,tnp,seediv,eegnet,44,rpcf_at,pgd,0,10998.730480670929,2,128,32,64,128,completed,True,purified_data/exp031/exp031_full_20260729_174215/eval/seediv_eegnet_seed44_rpcf_at_pgd_rank25-30.pth
tnp_seediv_eegnet_seed44_rpcf_at_cw,tnp,seediv,eegnet,44,rpcf_at,cw,0,11175.762588977814,0,128,32,64,128,completed,True,purified_data/exp031/exp031_full_20260729_174215/eval/seediv_eegnet_seed44_rpcf_at_cw_rank25-30.pth
tnp_seediv_eegnet_seed45_madry_autoattack,tnp,seediv,eegnet,45,madry,autoattack,0,18874.331580400467,4,128,32,64,128,completed,True,purified_data/exp031/exp031_full_20260729_174215/eval/seediv_eegnet_seed45_madry_autoattack_rank25-30.pth
tnp_seediv_eegnet_seed45_madry_fgsm,tnp,seediv,eegnet,45,madry,fgsm,0,10953.749367713928,4,128,32,64,128,completed,True,purified_data/exp031/exp031_full_20260729_174215/eval/seediv_eegnet_seed45_madry_fgsm_rank25-30.pth
tnp_seediv_eegnet_seed45_madry_pgd,tnp,seediv,eegnet,45,madry,pgd,0,11173.197005748749,3,128,32,64,128,completed,True,purified_data/exp031/exp031_full_20260729_174215/eval/seediv_eegnet_seed45_madry_pgd_rank25-30.pth
tnp_seediv_eegnet_seed45_madry_cw,tnp,seediv,eegnet,45,madry,cw,0,11095.460627317429,5,128,32,64,128,completed,True,purified_data/exp031/exp031_full_20260729_174215/eval/seediv_eegnet_seed45_madry_cw_rank25-30.pth
tnp_seediv_eegnet_seed45_rpcf_at_autoattack,tnp,seediv,eegnet,45,rpcf_at,autoattack,0,11599.948048353195,5,128,32,64,128,completed,True,purified_data/exp031/exp031_full_20260729_174215/eval/seediv_eegnet_seed45_rpcf_at_autoattack_rank25-30.pth
tnp_seediv_eegnet_seed45_rpcf_at_fgsm,tnp,seediv,eegnet,45,rpcf_at,fgsm,0,11329.34308218956,4,128,32,64,128,completed,True,purified_data/exp031/exp031_full_20260729_174215/eval/seediv_eegnet_seed45_rpcf_at_fgsm_rank25-30.pth
tnp_seediv_eegnet_seed45_rpcf_at_pgd,tnp,seediv,eegnet,45,rpcf_at,pgd,0,11273.197371721268,3,128,32,64,128,completed,True,purified_data/exp031/exp031_full_20260729_174215/eval/seediv_eegnet_seed45_rpcf_at_pgd_rank25-30.pth
tnp_seediv_eegnet_seed45_rpcf_at_cw,tnp,seediv,eegnet,45,rpcf_at,cw,0,11148.727482795715,1,128,32,64,128,completed,True,purified_data/exp031/exp031_full_20260729_174215/eval/seediv_eegnet_seed45_rpcf_at_cw_rank25-30.pth
tnp_seediv_eegnet_seed46_madry_autoattack,tnp,seediv,eegnet,46,madry,autoattack,0,18521.72268295288,3,128,32,64,128,completed,True,purified_data/exp031/exp031_full_20260729_174215/eval/seediv_eegnet_seed46_madry_autoattack_rank25-30.pth
tnp_seediv_eegnet_seed46_madry_fgsm,tnp,seediv,eegnet,46,madry,fgsm,0,11354.792970895767,0,128,32,64,128,completed,True,purified_data/exp031/exp031_full_20260729_174215/eval/seediv_eegnet_seed46_madry_fgsm_rank25-30.pth
tnp_seediv_eegnet_seed46_madry_pgd,tnp,seediv,eegnet,46,madry,pgd,0,11375.688462972641,2,128,32,64,128,completed,True,purified_data/exp031/exp031_full_20260729_174215/eval/seediv_eegnet_seed46_madry_pgd_rank25-30.pth
tnp_seediv_eegnet_seed46_madry_cw,tnp,seediv,eegnet,46,madry,cw,0,12426.177483558655,6,128,32,64,128,completed,True,purified_data/exp031/exp031_full_20260729_174215/eval/seediv_eegnet_seed46_madry_cw_rank25-30.pth
tnp_seediv_eegnet_seed46_rpcf_at_autoattack,tnp,seediv,eegnet,46,rpcf_at,autoattack,0,12497.885571718216,6,128,32,64,128,completed,True,purified_data/exp031/exp031_full_20260729_174215/eval/seediv_eegnet_seed46_rpcf_at_autoattack_rank25-30.pth
tnp_seediv_eegnet_seed46_rpcf_at_fgsm,tnp,seediv,eegnet,46,rpcf_at,fgsm,0,12908.81861782074,1,128,32,64,128,completed,True,purified_data/exp031/exp031_full_20260729_174215/eval/seediv_eegnet_seed46_rpcf_at_fgsm_rank25-30.pth
tnp_seediv_eegnet_seed46_rpcf_at_pgd,tnp,seediv,eegnet,46,rpcf_at,pgd,0,13967.505447149277,2,128,32,64,128,completed,True,purified_data/exp031/exp031_full_20260729_174215/eval/seediv_eegnet_seed46_rpcf_at_pgd_rank25-30.pth
tnp_seediv_eegnet_seed46_rpcf_at_cw,tnp,seediv,eegnet,46,rpcf_at,cw,0,14172.431650876999,0,128,32,64,128,completed,True,purified_data/exp031/exp031_full_20260729_174215/eval/seediv_eegnet_seed46_rpcf_at_cw_rank25-30.pth
tnp_seediv_deepconvnet_seed42_madry_autoattack,tnp,seediv,deepconvnet,42,madry,autoattack,0,14324.29169178009,4,128,32,64,128,completed,True,purified_data/exp031/exp031_full_20260729_174215/eval/seediv_deepconvnet_seed42_madry_autoattack_rank25-30.pth
tnp_seediv_deepconvnet_seed42_madry_fgsm,tnp,seediv,deepconvnet,42,madry,fgsm,0,14324.939414978027,3,128,32,64,128,completed,True,purified_data/exp031/exp031_full_20260729_174215/eval/seediv_deepconvnet_seed42_madry_fgsm_rank25-30.pth
tnp_seediv_deepconvnet_seed42_madry_pgd,tnp,seediv,deepconvnet,42,madry,pgd,0,14713.97540640831,5,128,32,64,128,completed,True,purified_data/exp031/exp031_full_20260729_174215/eval/seediv_deepconvnet_seed42_madry_pgd_rank25-30.pth
tnp_seediv_deepconvnet_seed42_madry_cw,tnp,seediv,deepconvnet,42,madry,cw,0,14239.880434513092,1,128,32,64,128,completed,True,purified_data/exp031/exp031_full_20260729_174215/eval/seediv_deepconvnet_seed42_madry_cw_rank25-30.pth
tnp_seediv_deepconvnet_seed42_rpcf_at_autoattack,tnp,seediv,deepconvnet,42,rpcf_at,autoattack,0,14249.990922927856,3,128,32,64,128,completed,True,purified_data/exp031/exp031_full_20260729_174215/eval/seediv_deepconvnet_seed42_rpcf_at_autoattack_rank25-30.pth
tnp_seediv_deepconvnet_seed42_rpcf_at_fgsm,tnp,seediv,deepconvnet,42,rpcf_at,fgsm,0,14195.28359746933,4,128,32,64,128,completed,True,purified_data/exp031/exp031_full_20260729_174215/eval/seediv_deepconvnet_seed42_rpcf_at_fgsm_rank25-30.pth
tnp_seediv_deepconvnet_seed42_rpcf_at_pgd,tnp,seediv,deepconvnet,42,rpcf_at,pgd,0,13979.623717308044,0,128,32,64,128,completed,True,purified_data/exp031/exp031_full_20260729_174215/eval/seediv_deepconvnet_seed42_rpcf_at_pgd_rank25-30.pth
tnp_seediv_deepconvnet_seed42_rpcf_at_cw,tnp,seediv,deepconvnet,42,rpcf_at,cw,0,14132.746446847916,2,128,32,64,128,completed,True,purified_data/exp031/exp031_full_20260729_174215/eval/seediv_deepconvnet_seed42_rpcf_at_cw_rank25-30.pth
tnp_seediv_deepconvnet_seed43_madry_autoattack,tnp,seediv,deepconvnet,43,madry,autoattack,0,14588.062565803528,5,128,32,64,128,completed,True,purified_data/exp031/exp031_full_20260729_174215/eval/seediv_deepconvnet_seed43_madry_autoattack_rank25-30.pth
tnp_seediv_deepconvnet_seed43_madry_fgsm,tnp,seediv,deepconvnet,43,madry,fgsm,0,14919.361255645752,6,128,32,64,128,completed,True,purified_data/exp031/exp031_full_20260729_174215/eval/seediv_deepconvnet_seed43_madry_fgsm_rank25-30.pth
tnp_seediv_deepconvnet_seed43_madry_pgd,tnp,seediv,deepconvnet,43,madry,pgd,0,14903.857193470001,6,128,32,64,128,completed,True,purified_data/exp031/exp031_full_20260729_174215/eval/seediv_deepconvnet_seed43_madry_pgd_rank25-30.pth
tnp_seediv_deepconvnet_seed43_madry_cw,tnp,seediv,deepconvnet,43,madry,cw,0,12933.626418113708,1,128,32,64,128,completed,True,purified_data/exp031/exp031_full_20260729_174215/eval/seediv_deepconvnet_seed43_madry_cw_rank25-30.pth
tnp_seediv_deepconvnet_seed43_rpcf_at_autoattack,tnp,seediv,deepconvnet,43,rpcf_at,autoattack,0,11816.854679107666,2,128,32,64,128,completed,True,purified_data/exp031/exp031_full_20260729_174215/eval/seediv_deepconvnet_seed43_rpcf_at_autoattack_rank25-30.pth
tnp_seediv_deepconvnet_seed43_rpcf_at_fgsm,tnp,seediv,deepconvnet,43,rpcf_at,fgsm,0,11348.750849485397,0,128,32,64,128,completed,True,purified_data/exp031/exp031_full_20260729_174215/eval/seediv_deepconvnet_seed43_rpcf_at_fgsm_rank25-30.pth
tnp_seediv_deepconvnet_seed43_rpcf_at_pgd,tnp,seediv,deepconvnet,43,rpcf_at,pgd,0,11214.522911071777,4,128,32,64,128,completed,True,purified_data/exp031/exp031_full_20260729_174215/eval/seediv_deepconvnet_seed43_rpcf_at_pgd_rank25-30.pth
tnp_seediv_deepconvnet_seed43_rpcf_at_cw,tnp,seediv,deepconvnet,43,rpcf_at,cw,0,11311.329953670502,3,128,32,64,128,completed,True,purified_data/exp031/exp031_full_20260729_174215/eval/seediv_deepconvnet_seed43_rpcf_at_cw_rank25-30.pth
tnp_seediv_deepconvnet_seed44_madry_autoattack,tnp,seediv,deepconvnet,44,madry,autoattack,0,11740.429747104645,5,128,32,64,128,completed,True,purified_data/exp031/exp031_full_20260729_174215/eval/seediv_deepconvnet_seed44_madry_autoattack_rank25-30.pth
tnp_seediv_deepconvnet_seed44_madry_fgsm,tnp,seediv,deepconvnet,44,madry,fgsm,0,11230.295360565186,0,128,32,64,128,completed,True,purified_data/exp031/exp031_full_20260729_174215/eval/seediv_deepconvnet_seed44_madry_fgsm_rank25-30.pth
tnp_seediv_deepconvnet_seed44_madry_pgd,tnp,seediv,deepconvnet,44,madry,pgd,0,11131.012871026993,1,128,32,64,128,completed,True,purified_data/exp031/exp031_full_20260729_174215/eval/seediv_deepconvnet_seed44_madry_pgd_rank25-30.pth
tnp_seediv_deepconvnet_seed44_madry_cw,tnp,seediv,deepconvnet,44,madry,cw,0,11050.475246191025,4,128,32,64,128,completed,True,purified_data/exp031/exp031_full_20260729_174215/eval/seediv_deepconvnet_seed44_madry_cw_rank25-30.pth
tnp_seediv_deepconvnet_seed44_rpcf_at_autoattack,tnp,seediv,deepconvnet,44,rpcf_at,autoattack,0,11052.339797496796,3,128,32,64,128,completed,True,purified_data/exp031/exp031_full_20260729_174215/eval/seediv_deepconvnet_seed44_rpcf_at_autoattack_rank25-30.pth
tnp_seediv_deepconvnet_seed44_rpcf_at_fgsm,tnp,seediv,deepconvnet,44,rpcf_at,fgsm,0,11095.613646030426,2,128,32,64,128,completed,True,purified_data/exp031/exp031_full_20260729_174215/eval/seediv_deepconvnet_seed44_rpcf_at_fgsm_rank25-30.pth
tnp_seediv_deepconvnet_seed44_rpcf_at_pgd,tnp,seediv,deepconvnet,44,rpcf_at,pgd,0,11526.608610153198,5,128,32,64,128,completed,True,purified_data/exp031/exp031_full_20260729_174215/eval/seediv_deepconvnet_seed44_rpcf_at_pgd_rank25-30.pth
tnp_seediv_deepconvnet_seed44_rpcf_at_cw,tnp,seediv,deepconvnet,44,rpcf_at,cw,0,11786.963479995728,6,128,32,64,128,completed,True,purified_data/exp031/exp031_full_20260729_174215/eval/seediv_deepconvnet_seed44_rpcf_at_cw_rank25-30.pth
tnp_seediv_deepconvnet_seed45_madry_autoattack,tnp,seediv,deepconvnet,45,madry,autoattack,0,11820.685748577118,6,128,32,64,128,completed,True,purified_data/exp031/exp031_full_20260729_174215/eval/seediv_deepconvnet_seed45_madry_autoattack_rank25-30.pth
tnp_seediv_deepconvnet_seed45_madry_fgsm,tnp,seediv,deepconvnet,45,madry,fgsm,0,10754.457795858383,1,128,32,64,128,completed,True,purified_data/exp031/exp031_full_20260729_174215/eval/seediv_deepconvnet_seed45_madry_fgsm_rank25-30.pth
tnp_seediv_deepconvnet_seed45_madry_pgd,tnp,seediv,deepconvnet,45,madry,pgd,0,10633.091572761536,2,128,32,64,128,completed,True,purified_data/exp031/exp031_full_20260729_174215/eval/seediv_deepconvnet_seed45_madry_pgd_rank25-30.pth
tnp_seediv_deepconvnet_seed45_madry_cw,tnp,seediv,deepconvnet,45,madry,cw,0,10612.494931697845,0,128,32,64,128,completed,True,purified_data/exp031/exp031_full_20260729_174215/eval/seediv_deepconvnet_seed45_madry_cw_rank25-30.pth
tnp_seediv_deepconvnet_seed45_rpcf_at_autoattack,tnp,seediv,deepconvnet,45,rpcf_at,autoattack,0,10562.974883794785,4,128,32,64,128,completed,True,purified_data/exp031/exp031_full_20260729_174215/eval/seediv_deepconvnet_seed45_rpcf_at_autoattack_rank25-30.pth
tnp_seediv_deepconvnet_seed45_rpcf_at_fgsm,tnp,seediv,deepconvnet,45,rpcf_at,fgsm,0,10644.373521089554,3,128,32,64,128,completed,True,purified_data/exp031/exp031_full_20260729_174215/eval/seediv_deepconvnet_seed45_rpcf_at_fgsm_rank25-30.pth
tnp_seediv_deepconvnet_seed45_rpcf_at_pgd,tnp,seediv,deepconvnet,45,rpcf_at,pgd,0,10652.284701108932,5,128,32,64,128,completed,True,purified_data/exp031/exp031_full_20260729_174215/eval/seediv_deepconvnet_seed45_rpcf_at_pgd_rank25-30.pth
tnp_seediv_deepconvnet_seed45_rpcf_at_cw,tnp,seediv,deepconvnet,45,rpcf_at,cw,0,10624.36504650116,4,128,32,64,128,completed,True,purified_data/exp031/exp031_full_20260729_174215/eval/seediv_deepconvnet_seed45_rpcf_at_cw_rank25-30.pth
tnp_seediv_deepconvnet_seed46_madry_autoattack,tnp,seediv,deepconvnet,46,madry,autoattack,0,10587.304944992065,1,128,32,64,128,completed,True,purified_data/exp031/exp031_full_20260729_174215/eval/seediv_deepconvnet_seed46_madry_autoattack_rank25-30.pth
tnp_seediv_deepconvnet_seed46_madry_fgsm,tnp,seediv,deepconvnet,46,madry,fgsm,0,10638.7781021595,3,128,32,64,128,completed,True,purified_data/exp031/exp031_full_20260729_174215/eval/seediv_deepconvnet_seed46_madry_fgsm_rank25-30.pth
tnp_seediv_deepconvnet_seed46_madry_pgd,tnp,seediv,deepconvnet,46,madry,pgd,0,10716.809105157852,0,128,32,64,128,completed,True,purified_data/exp031/exp031_full_20260729_174215/eval/seediv_deepconvnet_seed46_madry_pgd_rank25-30.pth
tnp_seediv_deepconvnet_seed46_madry_cw,tnp,seediv,deepconvnet,46,madry,cw,0,10716.918437242508,2,128,32,64,128,completed,True,purified_data/exp031/exp031_full_20260729_174215/eval/seediv_deepconvnet_seed46_madry_cw_rank25-30.pth
tnp_seediv_deepconvnet_seed46_rpcf_at_autoattack,tnp,seediv,deepconvnet,46,rpcf_at,autoattack,0,10658.110721826553,5,128,32,64,128,completed,True,purified_data/exp031/exp031_full_20260729_174215/eval/seediv_deepconvnet_seed46_rpcf_at_autoattack_rank25-30.pth
tnp_seediv_deepconvnet_seed46_rpcf_at_fgsm,tnp,seediv,deepconvnet,46,rpcf_at,fgsm,0,11580.008766412735,6,128,32,64,128,completed,True,purified_data/exp031/exp031_full_20260729_174215/eval/seediv_deepconvnet_seed46_rpcf_at_fgsm_rank25-30.pth
tnp_seediv_deepconvnet_seed46_rpcf_at_pgd,tnp,seediv,deepconvnet,46,rpcf_at,pgd,0,11519.24545621872,6,128,32,64,128,completed,True,purified_data/exp031/exp031_full_20260729_174215/eval/seediv_deepconvnet_seed46_rpcf_at_pgd_rank25-30.pth
tnp_seediv_deepconvnet_seed46_rpcf_at_cw,tnp,seediv,deepconvnet,46,rpcf_at,cw,0,10652.026190757751,1,128,32,64,128,completed,True,purified_data/exp031/exp031_full_20260729_174215/eval/seediv_deepconvnet_seed46_rpcf_at_cw_rank25-30.pth
tnp_seediv_tsception_seed42_madry_autoattack,tnp,seediv,tsception,42,madry,autoattack,0,10617.489049196243,2,128,32,16,32,completed,True,purified_data/exp031/exp031_full_20260729_174215/eval/seediv_tsception_seed42_madry_autoattack_rank25-30.pth
tnp_seediv_tsception_seed42_madry_fgsm,tnp,seediv,tsception,42,madry,fgsm,0,10581.426946401596,0,128,32,16,32,completed,True,purified_data/exp031/exp031_full_20260729_174215/eval/seediv_tsception_seed42_madry_fgsm_rank25-30.pth
tnp_seediv_tsception_seed42_madry_pgd,tnp,seediv,tsception,42,madry,pgd,0,10622.379064559937,4,128,32,16,32,completed,True,purified_data/exp031/exp031_full_20260729_174215/eval/seediv_tsception_seed42_madry_pgd_rank25-30.pth
tnp_seediv_tsception_seed42_madry_cw,tnp,seediv,tsception,42,madry,cw,0,10579.463176727295,3,128,32,16,32,completed,True,purified_data/exp031/exp031_full_20260729_174215/eval/seediv_tsception_seed42_madry_cw_rank25-30.pth
tnp_seediv_tsception_seed42_rpcf_at_autoattack,tnp,seediv,tsception,42,rpcf_at,autoattack,0,10508.1468064785,5,128,32,16,32,completed,True,purified_data/exp031/exp031_full_20260729_174215/eval/seediv_tsception_seed42_rpcf_at_autoattack_rank25-30.pth
tnp_seediv_tsception_seed42_rpcf_at_fgsm,tnp,seediv,tsception,42,rpcf_at,fgsm,0,10596.109797477722,1,128,32,16,32,completed,True,purified_data/exp031/exp031_full_20260729_174215/eval/seediv_tsception_seed42_rpcf_at_fgsm_rank25-30.pth
tnp_seediv_tsception_seed42_rpcf_at_pgd,tnp,seediv,tsception,42,rpcf_at,pgd,0,10676.372876167297,4,128,32,16,32,completed,True,purified_data/exp031/exp031_full_20260729_174215/eval/seediv_tsception_seed42_rpcf_at_pgd_rank25-30.pth
tnp_seediv_tsception_seed42_rpcf_at_cw,tnp,seediv,tsception,42,rpcf_at,cw,0,10709.752477645874,3,128,32,16,32,completed,True,purified_data/exp031/exp031_full_20260729_174215/eval/seediv_tsception_seed42_rpcf_at_cw_rank25-30.pth
tnp_seediv_tsception_seed43_madry_autoattack,tnp,seediv,tsception,43,madry,autoattack,0,10577.895357847214,0,128,32,16,32,completed,True,purified_data/exp031/exp031_full_20260729_174215/eval/seediv_tsception_seed43_madry_autoattack_rank25-30.pth
tnp_seediv_tsception_seed43_madry_fgsm,tnp,seediv,tsception,43,madry,fgsm,0,10567.47098660469,2,128,32,16,32,completed,True,purified_data/exp031/exp031_full_20260729_174215/eval/seediv_tsception_seed43_madry_fgsm_rank25-30.pth
tnp_seediv_tsception_seed43_madry_pgd,tnp,seediv,tsception,43,madry,pgd,0,10609.527338027954,5,128,32,16,32,completed,True,purified_data/exp031/exp031_full_20260729_174215/eval/seediv_tsception_seed43_madry_pgd_rank25-30.pth
tnp_seediv_tsception_seed43_madry_cw,tnp,seediv,tsception,43,madry,cw,0,11638.971845149994,6,128,32,16,32,completed,True,purified_data/exp031/exp031_full_20260729_174215/eval/seediv_tsception_seed43_madry_cw_rank25-30.pth
tnp_seediv_tsception_seed43_rpcf_at_autoattack,tnp,seediv,tsception,43,rpcf_at,autoattack,0,11708.768490076065,6,128,32,16,32,completed,True,purified_data/exp031/exp031_full_20260729_174215/eval/seediv_tsception_seed43_rpcf_at_autoattack_rank25-30.pth
tnp_seediv_tsception_seed43_rpcf_at_fgsm,tnp,seediv,tsception,43,rpcf_at,fgsm,0,10610.640499353409,1,128,32,16,32,completed,True,purified_data/exp031/exp031_full_20260729_174215/eval/seediv_tsception_seed43_rpcf_at_fgsm_rank25-30.pth
tnp_seediv_tsception_seed43_rpcf_at_pgd,tnp,seediv,tsception,43,rpcf_at,pgd,0,10550.54564499855,2,128,32,16,32,completed,True,purified_data/exp031/exp031_full_20260729_174215/eval/seediv_tsception_seed43_rpcf_at_pgd_rank25-30.pth
tnp_seediv_tsception_seed43_rpcf_at_cw,tnp,seediv,tsception,43,rpcf_at,cw,0,10644.812002182007,0,128,32,16,32,completed,True,purified_data/exp031/exp031_full_20260729_174215/eval/seediv_tsception_seed43_rpcf_at_cw_rank25-30.pth
tnp_seediv_tsception_seed44_madry_autoattack,tnp,seediv,tsception,44,madry,autoattack,0,10603.696378707886,4,128,32,16,32,completed,True,purified_data/exp031/exp031_full_20260729_174215/eval/seediv_tsception_seed44_madry_autoattack_rank25-30.pth
tnp_seediv_tsception_seed44_madry_fgsm,tnp,seediv,tsception,44,madry,fgsm,0,10551.79986000061,3,128,32,16,32,completed,True,purified_data/exp031/exp031_full_20260729_174215/eval/seediv_tsception_seed44_madry_fgsm_rank25-30.pth
tnp_seediv_tsception_seed44_madry_pgd,tnp,seediv,tsception,44,madry,pgd,0,10071.898376703262,5,128,32,16,32,completed,True,purified_data/exp031/exp031_full_20260729_174215/eval/seediv_tsception_seed44_madry_pgd_rank25-30.pth
tnp_seediv_tsception_seed44_madry_cw,tnp,seediv,tsception,44,madry,cw,0,10661.076343774796,5,128,32,16,32,completed,True,purified_data/exp031/exp031_full_20260729_174215/eval/seediv_tsception_seed44_madry_cw_rank25-30.pth
tnp_seediv_tsception_seed44_rpcf_at_autoattack,tnp,seediv,tsception,44,rpcf_at,autoattack,0,10740.251378774643,1,128,32,16,32,completed,True,purified_data/exp031/exp031_full_20260729_174215/eval/seediv_tsception_seed44_rpcf_at_autoattack_rank25-30.pth
tnp_seediv_tsception_seed44_rpcf_at_fgsm,tnp,seediv,tsception,44,rpcf_at,fgsm,0,10780.448160886765,4,128,32,16,32,completed,True,purified_data/exp031/exp031_full_20260729_174215/eval/seediv_tsception_seed44_rpcf_at_fgsm_rank25-30.pth
tnp_seediv_tsception_seed44_rpcf_at_pgd,tnp,seediv,tsception,44,rpcf_at,pgd,0,10524.48805141449,3,128,32,16,32,completed,True,purified_data/exp031/exp031_full_20260729_174215/eval/seediv_tsception_seed44_rpcf_at_pgd_rank25-30.pth
tnp_seediv_tsception_seed44_rpcf_at_cw,tnp,seediv,tsception,44,rpcf_at,cw,0,10709.93495798111,0,128,32,16,32,completed,True,purified_data/exp031/exp031_full_20260729_174215/eval/seediv_tsception_seed44_rpcf_at_cw_rank25-30.pth
tnp_seediv_tsception_seed45_madry_autoattack,tnp,seediv,tsception,45,madry,autoattack,0,10672.530401945114,2,128,32,16,32,completed,True,purified_data/exp031/exp031_full_20260729_174215/eval/seediv_tsception_seed45_madry_autoattack_rank25-30.pth
tnp_seediv_tsception_seed45_madry_fgsm,tnp,seediv,tsception,45,madry,fgsm,0,10804.457587957382,5,128,32,16,32,completed,True,purified_data/exp031/exp031_full_20260729_174215/eval/seediv_tsception_seed45_madry_fgsm_rank25-30.pth
tnp_seediv_tsception_seed45_madry_pgd,tnp,seediv,tsception,45,madry,pgd,0,10771.063517570496,1,128,32,16,32,completed,True,purified_data/exp031/exp031_full_20260729_174215/eval/seediv_tsception_seed45_madry_pgd_rank25-30.pth
tnp_seediv_tsception_seed45_madry_cw,tnp,seediv,tsception,45,madry,cw,0,11894.767046689987,6,128,32,16,32,completed,True,purified_data/exp031/exp031_full_20260729_174215/eval/seediv_tsception_seed45_madry_cw_rank25-30.pth
tnp_seediv_tsception_seed45_rpcf_at_autoattack,tnp,seediv,tsception,45,rpcf_at,autoattack,0,11698.542318582535,6,128,32,16,32,completed,True,purified_data/exp031/exp031_full_20260729_174215/eval/seediv_tsception_seed45_rpcf_at_autoattack_rank25-30.pth
tnp_seediv_tsception_seed45_rpcf_at_fgsm,tnp,seediv,tsception,45,rpcf_at,fgsm,0,10924.930173397064,2,128,32,16,32,completed,True,purified_data/exp031/exp031_full_20260729_174215/eval/seediv_tsception_seed45_rpcf_at_fgsm_rank25-30.pth
tnp_seediv_tsception_seed45_rpcf_at_pgd,tnp,seediv,tsception,45,rpcf_at,pgd,0,11030.716579437256,0,128,32,16,32,completed,True,purified_data/exp031/exp031_full_20260729_174215/eval/seediv_tsception_seed45_rpcf_at_pgd_rank25-30.pth
tnp_seediv_tsception_seed45_rpcf_at_cw,tnp,seediv,tsception,45,rpcf_at,cw,0,10966.975019931793,4,128,32,16,32,completed,True,purified_data/exp031/exp031_full_20260729_174215/eval/seediv_tsception_seed45_rpcf_at_cw_rank25-30.pth
tnp_seediv_tsception_seed46_madry_autoattack,tnp,seediv,tsception,46,madry,autoattack,0,10752.83441734314,3,128,32,16,32,completed,True,purified_data/exp031/exp031_full_20260729_174215/eval/seediv_tsception_seed46_madry_autoattack_rank25-30.pth
tnp_seediv_tsception_seed46_madry_fgsm,tnp,seediv,tsception,46,madry,fgsm,0,11755.839117527008,5,128,32,16,32,completed,True,purified_data/exp031/exp031_full_20260729_174215/eval/seediv_tsception_seed46_madry_fgsm_rank25-30.pth
tnp_seediv_tsception_seed46_madry_pgd,tnp,seediv,tsception,46,madry,pgd,0,10964.112673997879,3,128,32,16,32,completed,True,purified_data/exp031/exp031_full_20260729_174215/eval/seediv_tsception_seed46_madry_pgd_rank25-30.pth
tnp_seediv_tsception_seed46_madry_cw,tnp,seediv,tsception,46,madry,cw,0,10989.484707593918,1,128,32,16,32,completed,True,purified_data/exp031/exp031_full_20260729_174215/eval/seediv_tsception_seed46_madry_cw_rank25-30.pth
tnp_seediv_tsception_seed46_rpcf_at_autoattack,tnp,seediv,tsception,46,rpcf_at,autoattack,0,11000.538839578629,2,128,32,16,32,completed,True,purified_data/exp031/exp031_full_20260729_174215/eval/seediv_tsception_seed46_rpcf_at_autoattack_rank25-30.pth
tnp_seediv_tsception_seed46_rpcf_at_fgsm,tnp,seediv,tsception,46,rpcf_at,fgsm,0,10885.384000301361,0,128,32,16,32,completed,True,purified_data/exp031/exp031_full_20260729_174215/eval/seediv_tsception_seed46_rpcf_at_fgsm_rank25-30.pth
tnp_seediv_tsception_seed46_rpcf_at_pgd,tnp,seediv,tsception,46,rpcf_at,pgd,0,10887.442509889603,4,128,32,16,32,completed,True,purified_data/exp031/exp031_full_20260729_174215/eval/seediv_tsception_seed46_rpcf_at_pgd_rank25-30.pth
tnp_seediv_tsception_seed46_rpcf_at_cw,tnp,seediv,tsception,46,rpcf_at,cw,0,11823.937873125076,5,128,32,16,32,completed,True,purified_data/exp031/exp031_full_20260729_174215/eval/seediv_tsception_seed46_rpcf_at_cw_rank25-30.pth
tnp_seediv_atcnet_seed42_madry_autoattack,tnp,seediv,atcnet,42,madry,autoattack,0,11062.677256584167,1,128,32,64,128,completed,True,purified_data/exp031/exp031_full_20260729_174215/eval/seediv_atcnet_seed42_madry_autoattack_rank25-30.pth
tnp_seediv_atcnet_seed42_madry_fgsm,tnp,seediv,atcnet,42,madry,fgsm,0,11713.84979891777,6,128,32,64,128,completed,True,purified_data/exp031/exp031_full_20260729_174215/eval/seediv_atcnet_seed42_madry_fgsm_rank25-30.pth
tnp_seediv_atcnet_seed42_madry_pgd,tnp,seediv,atcnet,42,madry,pgd,0,11742.112138271332,6,128,32,64,128,completed,True,purified_data/exp031/exp031_full_20260729_174215/eval/seediv_atcnet_seed42_madry_pgd_rank25-30.pth
tnp_seediv_atcnet_seed42_madry_cw,tnp,seediv,atcnet,42,madry,cw,0,10983.454273223877,2,128,32,64,128,completed,True,purified_data/exp031/exp031_full_20260729_174215/eval/seediv_atcnet_seed42_madry_cw_rank25-30.pth
tnp_seediv_atcnet_seed42_rpcf_at_autoattack,tnp,seediv,atcnet,42,rpcf_at,autoattack,0,10976.609204769135,0,128,32,64,128,completed,True,purified_data/exp031/exp031_full_20260729_174215/eval/seediv_atcnet_seed42_rpcf_at_autoattack_rank25-30.pth
tnp_seediv_atcnet_seed42_rpcf_at_fgsm,tnp,seediv,atcnet,42,rpcf_at,fgsm,0,10990.77868938446,4,128,32,64,128,completed,True,purified_data/exp031/exp031_full_20260729_174215/eval/seediv_atcnet_seed42_rpcf_at_fgsm_rank25-30.pth
tnp_seediv_atcnet_seed42_rpcf_at_pgd,tnp,seediv,atcnet,42,rpcf_at,pgd,0,10942.878789186478,3,128,32,64,128,completed,True,purified_data/exp031/exp031_full_20260729_174215/eval/seediv_atcnet_seed42_rpcf_at_pgd_rank25-30.pth
tnp_seediv_atcnet_seed42_rpcf_at_cw,tnp,seediv,atcnet,42,rpcf_at,cw,0,10992.117495536804,3,128,32,64,128,completed,True,purified_data/exp031/exp031_full_20260729_174215/eval/seediv_atcnet_seed42_rpcf_at_cw_rank25-30.pth
tnp_seediv_atcnet_seed43_madry_autoattack,tnp,seediv,atcnet,43,madry,autoattack,0,10928.43566441536,1,128,32,64,128,completed,True,purified_data/exp031/exp031_full_20260729_174215/eval/seediv_atcnet_seed43_madry_autoattack_rank25-30.pth
tnp_seediv_atcnet_seed43_madry_fgsm,tnp,seediv,atcnet,43,madry,fgsm,0,10887.39792919159,0,128,32,64,128,completed,True,purified_data/exp031/exp031_full_20260729_174215/eval/seediv_atcnet_seed43_madry_fgsm_rank25-30.pth
tnp_seediv_atcnet_seed43_madry_pgd,tnp,seediv,atcnet,43,madry,pgd,0,11034.77523612976,4,128,32,64,128,completed,True,purified_data/exp031/exp031_full_20260729_174215/eval/seediv_atcnet_seed43_madry_pgd_rank25-30.pth
tnp_seediv_atcnet_seed43_madry_cw,tnp,seediv,atcnet,43,madry,cw,0,11188.229999303818,5,128,32,64,128,completed,True,purified_data/exp031/exp031_full_20260729_174215/eval/seediv_atcnet_seed43_madry_cw_rank25-30.pth
tnp_seediv_atcnet_seed43_rpcf_at_autoattack,tnp,seediv,atcnet,43,rpcf_at,autoattack,0,10921.707978963852,2,128,32,64,128,completed,True,purified_data/exp031/exp031_full_20260729_174215/eval/seediv_atcnet_seed43_rpcf_at_autoattack_rank25-30.pth
tnp_seediv_atcnet_seed43_rpcf_at_fgsm,tnp,seediv,atcnet,43,rpcf_at,fgsm,0,11177.929515600204,5,128,32,64,128,completed,True,purified_data/exp031/exp031_full_20260729_174215/eval/seediv_atcnet_seed43_rpcf_at_fgsm_rank25-30.pth
tnp_seediv_atcnet_seed43_rpcf_at_pgd,tnp,seediv,atcnet,43,rpcf_at,pgd,0,10671.179787158966,1,128,32,64,128,completed,True,purified_data/exp031/exp031_full_20260729_174215/eval/seediv_atcnet_seed43_rpcf_at_pgd_rank25-30.pth
tnp_seediv_atcnet_seed43_rpcf_at_cw,tnp,seediv,atcnet,43,rpcf_at,cw,,,,,,,,pending,False,purified_data/exp031/exp031_full_20260729_174215/eval/seediv_atcnet_seed43_rpcf_at_cw_rank25-30.pth
tnp_seediv_atcnet_seed44_madry_autoattack,tnp,seediv,atcnet,44,madry,autoattack,,,,,,,,pending,False,purified_data/exp031/exp031_full_20260729_174215/eval/seediv_atcnet_seed44_madry_autoattack_rank25-30.pth
tnp_seediv_atcnet_seed44_madry_fgsm,tnp,seediv,atcnet,44,madry,fgsm,,,,,,,,pending,False,purified_data/exp031/exp031_full_20260729_174215/eval/seediv_atcnet_seed44_madry_fgsm_rank25-30.pth
tnp_seediv_atcnet_seed44_madry_pgd,tnp,seediv,atcnet,44,madry,pgd,,,,,,,,pending,False,purified_data/exp031/exp031_full_20260729_174215/eval/seediv_atcnet_seed44_madry_pgd_rank25-30.pth
tnp_seediv_atcnet_seed44_madry_cw,tnp,seediv,atcnet,44,madry,cw,,,,,,,,pending,False,purified_data/exp031/exp031_full_20260729_174215/eval/seediv_atcnet_seed44_madry_cw_rank25-30.pth
tnp_seediv_atcnet_seed44_rpcf_at_autoattack,tnp,seediv,atcnet,44,rpcf_at,autoattack,,,,,,,,pending,False,purified_data/exp031/exp031_full_20260729_174215/eval/seediv_atcnet_seed44_rpcf_at_autoattack_rank25-30.pth
tnp_seediv_atcnet_seed44_rpcf_at_fgsm,tnp,seediv,atcnet,44,rpcf_at,fgsm,,,,,,,,pending,False,purified_data/exp031/exp031_full_20260729_174215/eval/seediv_atcnet_seed44_rpcf_at_fgsm_rank25-30.pth
tnp_seediv_atcnet_seed44_rpcf_at_pgd,tnp,seediv,atcnet,44,rpcf_at,pgd,,,,,,,,pending,False,purified_data/exp031/exp031_full_20260729_174215/eval/seediv_atcnet_seed44_rpcf_at_pgd_rank25-30.pth
tnp_seediv_atcnet_seed44_rpcf_at_cw,tnp,seediv,atcnet,44,rpcf_at,cw,,,,,,,,pending,False,purified_data/exp031/exp031_full_20260729_174215/eval/seediv_atcnet_seed44_rpcf_at_cw_rank25-30.pth
tnp_seediv_atcnet_seed45_madry_autoattack,tnp,seediv,atcnet,45,madry,autoattack,,,,,,,,pending,False,purified_data/exp031/exp031_full_20260729_174215/eval/seediv_atcnet_seed45_madry_autoattack_rank25-30.pth
tnp_seediv_atcnet_seed45_madry_fgsm,tnp,seediv,atcnet,45,madry,fgsm,,,,,,,,pending,False,purified_data/exp031/exp031_full_20260729_174215/eval/seediv_atcnet_seed45_madry_fgsm_rank25-30.pth
tnp_seediv_atcnet_seed45_madry_pgd,tnp,seediv,atcnet,45,madry,pgd,,,,,,,,pending,False,purified_data/exp031/exp031_full_20260729_174215/eval/seediv_atcnet_seed45_madry_pgd_rank25-30.pth
tnp_seediv_atcnet_seed45_madry_cw,tnp,seediv,atcnet,45,madry,cw,,,,,,,,pending,False,purified_data/exp031/exp031_full_20260729_174215/eval/seediv_atcnet_seed45_madry_cw_rank25-30.pth
tnp_seediv_atcnet_seed45_rpcf_at_autoattack,tnp,seediv,atcnet,45,rpcf_at,autoattack,,,,,,,,pending,False,purified_data/exp031/exp031_full_20260729_174215/eval/seediv_atcnet_seed45_rpcf_at_autoattack_rank25-30.pth
tnp_seediv_atcnet_seed45_rpcf_at_fgsm,tnp,seediv,atcnet,45,rpcf_at,fgsm,,,,,,,,pending,False,purified_data/exp031/exp031_full_20260729_174215/eval/seediv_atcnet_seed45_rpcf_at_fgsm_rank25-30.pth
tnp_seediv_atcnet_seed45_rpcf_at_pgd,tnp,seediv,atcnet,45,rpcf_at,pgd,,,,,,,,pending,False,purified_data/exp031/exp031_full_20260729_174215/eval/seediv_atcnet_seed45_rpcf_at_pgd_rank25-30.pth
tnp_seediv_atcnet_seed45_rpcf_at_cw,tnp,seediv,atcnet,45,rpcf_at,cw,,,,,,,,pending,False,purified_data/exp031/exp031_full_20260729_174215/eval/seediv_atcnet_seed45_rpcf_at_cw_rank25-30.pth
tnp_seediv_atcnet_seed46_madry_autoattack,tnp,seediv,atcnet,46,madry,autoattack,,,,,,,,pending,False,purified_data/exp031/exp031_full_20260729_174215/eval/seediv_atcnet_seed46_madry_autoattack_rank25-30.pth
tnp_seediv_atcnet_seed46_madry_fgsm,tnp,seediv,atcnet,46,madry,fgsm,,,,,,,,pending,False,purified_data/exp031/exp031_full_20260729_174215/eval/seediv_atcnet_seed46_madry_fgsm_rank25-30.pth
tnp_seediv_atcnet_seed46_madry_pgd,tnp,seediv,atcnet,46,madry,pgd,,,,,,,,pending,False,purified_data/exp031/exp031_full_20260729_174215/eval/seediv_atcnet_seed46_madry_pgd_rank25-30.pth
tnp_seediv_atcnet_seed46_madry_cw,tnp,seediv,atcnet,46,madry,cw,,,,,,,,pending,False,purified_data/exp031/exp031_full_20260729_174215/eval/seediv_atcnet_seed46_madry_cw_rank25-30.pth
tnp_seediv_atcnet_seed46_rpcf_at_autoattack,tnp,seediv,atcnet,46,rpcf_at,autoattack,,,,,,,,pending,False,purified_data/exp031/exp031_full_20260729_174215/eval/seediv_atcnet_seed46_rpcf_at_autoattack_rank25-30.pth
tnp_seediv_atcnet_seed46_rpcf_at_fgsm,tnp,seediv,atcnet,46,rpcf_at,fgsm,,,,,,,,pending,False,purified_data/exp031/exp031_full_20260729_174215/eval/seediv_atcnet_seed46_rpcf_at_fgsm_rank25-30.pth
tnp_seediv_atcnet_seed46_rpcf_at_pgd,tnp,seediv,atcnet,46,rpcf_at,pgd,,,,,,,,pending,False,purified_data/exp031/exp031_full_20260729_174215/eval/seediv_atcnet_seed46_rpcf_at_pgd_rank25-30.pth
tnp_seediv_atcnet_seed46_rpcf_at_cw,tnp,seediv,atcnet,46,rpcf_at,cw,,,,,,,,pending,False,purified_data/exp031/exp031_full_20260729_174215/eval/seediv_atcnet_seed46_rpcf_at_cw_rank25-30.pth
tnp_seediv_conformer_seed42_madry_autoattack,tnp,seediv,conformer,42,madry,autoattack,,,,,,,,pending,False,purified_data/exp031/exp031_full_20260729_174215/eval/seediv_conformer_seed42_madry_autoattack_rank25-30.pth
tnp_seediv_conformer_seed42_madry_fgsm,tnp,seediv,conformer,42,madry,fgsm,,,,,,,,pending,False,purified_data/exp031/exp031_full_20260729_174215/eval/seediv_conformer_seed42_madry_fgsm_rank25-30.pth
tnp_seediv_conformer_seed42_madry_pgd,tnp,seediv,conformer,42,madry,pgd,,,,,,,,pending,False,purified_data/exp031/exp031_full_20260729_174215/eval/seediv_conformer_seed42_madry_pgd_rank25-30.pth
tnp_seediv_conformer_seed42_madry_cw,tnp,seediv,conformer,42,madry,cw,,,,,,,,pending,False,purified_data/exp031/exp031_full_20260729_174215/eval/seediv_conformer_seed42_madry_cw_rank25-30.pth
tnp_seediv_conformer_seed42_rpcf_at_autoattack,tnp,seediv,conformer,42,rpcf_at,autoattack,,,,,,,,pending,False,purified_data/exp031/exp031_full_20260729_174215/eval/seediv_conformer_seed42_rpcf_at_autoattack_rank25-30.pth
tnp_seediv_conformer_seed42_rpcf_at_fgsm,tnp,seediv,conformer,42,rpcf_at,fgsm,,,,,,,,pending,False,purified_data/exp031/exp031_full_20260729_174215/eval/seediv_conformer_seed42_rpcf_at_fgsm_rank25-30.pth
tnp_seediv_conformer_seed42_rpcf_at_pgd,tnp,seediv,conformer,42,rpcf_at,pgd,,,,,,,,pending,False,purified_data/exp031/exp031_full_20260729_174215/eval/seediv_conformer_seed42_rpcf_at_pgd_rank25-30.pth
tnp_seediv_conformer_seed42_rpcf_at_cw,tnp,seediv,conformer,42,rpcf_at,cw,,,,,,,,pending,False,purified_data/exp031/exp031_full_20260729_174215/eval/seediv_conformer_seed42_rpcf_at_cw_rank25-30.pth
tnp_seediv_conformer_seed43_madry_autoattack,tnp,seediv,conformer,43,madry,autoattack,,,,,,,,pending,False,purified_data/exp031/exp031_full_20260729_174215/eval/seediv_conformer_seed43_madry_autoattack_rank25-30.pth
tnp_seediv_conformer_seed43_madry_fgsm,tnp,seediv,conformer,43,madry,fgsm,,,,,,,,pending,False,purified_data/exp031/exp031_full_20260729_174215/eval/seediv_conformer_seed43_madry_fgsm_rank25-30.pth
tnp_seediv_conformer_seed43_madry_pgd,tnp,seediv,conformer,43,madry,pgd,,,,,,,,pending,False,purified_data/exp031/exp031_full_20260729_174215/eval/seediv_conformer_seed43_madry_pgd_rank25-30.pth
tnp_seediv_conformer_seed43_madry_cw,tnp,seediv,conformer,43,madry,cw,,,,,,,,pending,False,purified_data/exp031/exp031_full_20260729_174215/eval/seediv_conformer_seed43_madry_cw_rank25-30.pth
tnp_seediv_conformer_seed43_rpcf_at_autoattack,tnp,seediv,conformer,43,rpcf_at,autoattack,,,,,,,,pending,False,purified_data/exp031/exp031_full_20260729_174215/eval/seediv_conformer_seed43_rpcf_at_autoattack_rank25-30.pth
tnp_seediv_conformer_seed43_rpcf_at_fgsm,tnp,seediv,conformer,43,rpcf_at,fgsm,,,,,,,,pending,False,purified_data/exp031/exp031_full_20260729_174215/eval/seediv_conformer_seed43_rpcf_at_fgsm_rank25-30.pth
tnp_seediv_conformer_seed43_rpcf_at_pgd,tnp,seediv,conformer,43,rpcf_at,pgd,,,,,,,,pending,False,purified_data/exp031/exp031_full_20260729_174215/eval/seediv_conformer_seed43_rpcf_at_pgd_rank25-30.pth
tnp_seediv_conformer_seed43_rpcf_at_cw,tnp,seediv,conformer,43,rpcf_at,cw,,,,,,,,pending,False,purified_data/exp031/exp031_full_20260729_174215/eval/seediv_conformer_seed43_rpcf_at_cw_rank25-30.pth
tnp_seediv_conformer_seed44_madry_autoattack,tnp,seediv,conformer,44,madry,autoattack,,,,,,,,pending,False,purified_data/exp031/exp031_full_20260729_174215/eval/seediv_conformer_seed44_madry_autoattack_rank25-30.pth
tnp_seediv_conformer_seed44_madry_fgsm,tnp,seediv,conformer,44,madry,fgsm,,,,,,,,pending,False,purified_data/exp031/exp031_full_20260729_174215/eval/seediv_conformer_seed44_madry_fgsm_rank25-30.pth
tnp_seediv_conformer_seed44_madry_pgd,tnp,seediv,conformer,44,madry,pgd,,,,,,,,pending,False,purified_data/exp031/exp031_full_20260729_174215/eval/seediv_conformer_seed44_madry_pgd_rank25-30.pth
tnp_seediv_conformer_seed44_madry_cw,tnp,seediv,conformer,44,madry,cw,,,,,,,,pending,False,purified_data/exp031/exp031_full_20260729_174215/eval/seediv_conformer_seed44_madry_cw_rank25-30.pth
tnp_seediv_conformer_seed44_rpcf_at_autoattack,tnp,seediv,conformer,44,rpcf_at,autoattack,,,,,,,,pending,False,purified_data/exp031/exp031_full_20260729_174215/eval/seediv_conformer_seed44_rpcf_at_autoattack_rank25-30.pth
tnp_seediv_conformer_seed44_rpcf_at_fgsm,tnp,seediv,conformer,44,rpcf_at,fgsm,,,,,,,,pending,False,purified_data/exp031/exp031_full_20260729_174215/eval/seediv_conformer_seed44_rpcf_at_fgsm_rank25-30.pth
tnp_seediv_conformer_seed44_rpcf_at_pgd,tnp,seediv,conformer,44,rpcf_at,pgd,,,,,,,,pending,False,purified_data/exp031/exp031_full_20260729_174215/eval/seediv_conformer_seed44_rpcf_at_pgd_rank25-30.pth
tnp_seediv_conformer_seed44_rpcf_at_cw,tnp,seediv,conformer,44,rpcf_at,cw,,,,,,,,pending,False,purified_data/exp031/exp031_full_20260729_174215/eval/seediv_conformer_seed44_rpcf_at_cw_rank25-30.pth
tnp_seediv_conformer_seed45_madry_autoattack,tnp,seediv,conformer,45,madry,autoattack,,,,,,,,pending,False,purified_data/exp031/exp031_full_20260729_174215/eval/seediv_conformer_seed45_madry_autoattack_rank25-30.pth
tnp_seediv_conformer_seed45_madry_fgsm,tnp,seediv,conformer,45,madry,fgsm,,,,,,,,pending,False,purified_data/exp031/exp031_full_20260729_174215/eval/seediv_conformer_seed45_madry_fgsm_rank25-30.pth
tnp_seediv_conformer_seed45_madry_pgd,tnp,seediv,conformer,45,madry,pgd,,,,,,,,pending,False,purified_data/exp031/exp031_full_20260729_174215/eval/seediv_conformer_seed45_madry_pgd_rank25-30.pth
tnp_seediv_conformer_seed45_madry_cw,tnp,seediv,conformer,45,madry,cw,,,,,,,,pending,False,purified_data/exp031/exp031_full_20260729_174215/eval/seediv_conformer_seed45_madry_cw_rank25-30.pth
tnp_seediv_conformer_seed45_rpcf_at_autoattack,tnp,seediv,conformer,45,rpcf_at,autoattack,,,,,,,,pending,False,purified_data/exp031/exp031_full_20260729_174215/eval/seediv_conformer_seed45_rpcf_at_autoattack_rank25-30.pth
tnp_seediv_conformer_seed45_rpcf_at_fgsm,tnp,seediv,conformer,45,rpcf_at,fgsm,,,,,,,,pending,False,purified_data/exp031/exp031_full_20260729_174215/eval/seediv_conformer_seed45_rpcf_at_fgsm_rank25-30.pth
tnp_seediv_conformer_seed45_rpcf_at_pgd,tnp,seediv,conformer,45,rpcf_at,pgd,,,,,,,,pending,False,purified_data/exp031/exp031_full_20260729_174215/eval/seediv_conformer_seed45_rpcf_at_pgd_rank25-30.pth
tnp_seediv_conformer_seed45_rpcf_at_cw,tnp,seediv,conformer,45,rpcf_at,cw,,,,,,,,pending,False,purified_data/exp031/exp031_full_20260729_174215/eval/seediv_conformer_seed45_rpcf_at_cw_rank25-30.pth
tnp_seediv_conformer_seed46_madry_autoattack,tnp,seediv,conformer,46,madry,autoattack,,,,,,,,pending,False,purified_data/exp031/exp031_full_20260729_174215/eval/seediv_conformer_seed46_madry_autoattack_rank25-30.pth
tnp_seediv_conformer_seed46_madry_fgsm,tnp,seediv,conformer,46,madry,fgsm,,,,,,,,pending,False,purified_data/exp031/exp031_full_20260729_174215/eval/seediv_conformer_seed46_madry_fgsm_rank25-30.pth
tnp_seediv_conformer_seed46_madry_pgd,tnp,seediv,conformer,46,madry,pgd,,,,,,,,pending,False,purified_data/exp031/exp031_full_20260729_174215/eval/seediv_conformer_seed46_madry_pgd_rank25-30.pth
tnp_seediv_conformer_seed46_madry_cw,tnp,seediv,conformer,46,madry,cw,,,,,,,,pending,False,purified_data/exp031/exp031_full_20260729_174215/eval/seediv_conformer_seed46_madry_cw_rank25-30.pth
tnp_seediv_conformer_seed46_rpcf_at_autoattack,tnp,seediv,conformer,46,rpcf_at,autoattack,,,,,,,,pending,False,purified_data/exp031/exp031_full_20260729_174215/eval/seediv_conformer_seed46_rpcf_at_autoattack_rank25-30.pth
tnp_seediv_conformer_seed46_rpcf_at_fgsm,tnp,seediv,conformer,46,rpcf_at,fgsm,,,,,,,,pending,False,purified_data/exp031/exp031_full_20260729_174215/eval/seediv_conformer_seed46_rpcf_at_fgsm_rank25-30.pth
tnp_seediv_conformer_seed46_rpcf_at_pgd,tnp,seediv,conformer,46,rpcf_at,pgd,,,,,,,,pending,False,purified_data/exp031/exp031_full_20260729_174215/eval/seediv_conformer_seed46_rpcf_at_pgd_rank25-30.pth
tnp_seediv_conformer_seed46_rpcf_at_cw,tnp,seediv,conformer,46,rpcf_at,cw,,,,,,,,pending,False,purified_data/exp031/exp031_full_20260729_174215/eval/seediv_conformer_seed46_rpcf_at_cw_rank25-30.pth
tnp_seediv_tcnet_seed42_madry_autoattack,tnp,seediv,tcnet,42,madry,autoattack,,,,,,,,pending,False,purified_data/exp031/exp031_full_20260729_174215/eval/seediv_tcnet_seed42_madry_autoattack_rank25-30.pth
tnp_seediv_tcnet_seed42_madry_fgsm,tnp,seediv,tcnet,42,madry,fgsm,,,,,,,,pending,False,purified_data/exp031/exp031_full_20260729_174215/eval/seediv_tcnet_seed42_madry_fgsm_rank25-30.pth
tnp_seediv_tcnet_seed42_madry_pgd,tnp,seediv,tcnet,42,madry,pgd,,,,,,,,pending,False,purified_data/exp031/exp031_full_20260729_174215/eval/seediv_tcnet_seed42_madry_pgd_rank25-30.pth
tnp_seediv_tcnet_seed42_madry_cw,tnp,seediv,tcnet,42,madry,cw,,,,,,,,pending,False,purified_data/exp031/exp031_full_20260729_174215/eval/seediv_tcnet_seed42_madry_cw_rank25-30.pth
tnp_seediv_tcnet_seed42_rpcf_at_autoattack,tnp,seediv,tcnet,42,rpcf_at,autoattack,,,,,,,,pending,False,purified_data/exp031/exp031_full_20260729_174215/eval/seediv_tcnet_seed42_rpcf_at_autoattack_rank25-30.pth
tnp_seediv_tcnet_seed42_rpcf_at_fgsm,tnp,seediv,tcnet,42,rpcf_at,fgsm,,,,,,,,pending,False,purified_data/exp031/exp031_full_20260729_174215/eval/seediv_tcnet_seed42_rpcf_at_fgsm_rank25-30.pth
tnp_seediv_tcnet_seed42_rpcf_at_pgd,tnp,seediv,tcnet,42,rpcf_at,pgd,,,,,,,,pending,False,purified_data/exp031/exp031_full_20260729_174215/eval/seediv_tcnet_seed42_rpcf_at_pgd_rank25-30.pth
tnp_seediv_tcnet_seed42_rpcf_at_cw,tnp,seediv,tcnet,42,rpcf_at,cw,,,,,,,,pending,False,purified_data/exp031/exp031_full_20260729_174215/eval/seediv_tcnet_seed42_rpcf_at_cw_rank25-30.pth
tnp_seediv_tcnet_seed43_madry_autoattack,tnp,seediv,tcnet,43,madry,autoattack,,,,,,,,pending,False,purified_data/exp031/exp031_full_20260729_174215/eval/seediv_tcnet_seed43_madry_autoattack_rank25-30.pth
tnp_seediv_tcnet_seed43_madry_fgsm,tnp,seediv,tcnet,43,madry,fgsm,,,,,,,,pending,False,purified_data/exp031/exp031_full_20260729_174215/eval/seediv_tcnet_seed43_madry_fgsm_rank25-30.pth
tnp_seediv_tcnet_seed43_madry_pgd,tnp,seediv,tcnet,43,madry,pgd,,,,,,,,pending,False,purified_data/exp031/exp031_full_20260729_174215/eval/seediv_tcnet_seed43_madry_pgd_rank25-30.pth
tnp_seediv_tcnet_seed43_madry_cw,tnp,seediv,tcnet,43,madry,cw,,,,,,,,pending,False,purified_data/exp031/exp031_full_20260729_174215/eval/seediv_tcnet_seed43_madry_cw_rank25-30.pth
tnp_seediv_tcnet_seed43_rpcf_at_autoattack,tnp,seediv,tcnet,43,rpcf_at,autoattack,,,,,,,,pending,False,purified_data/exp031/exp031_full_20260729_174215/eval/seediv_tcnet_seed43_rpcf_at_autoattack_rank25-30.pth
tnp_seediv_tcnet_seed43_rpcf_at_fgsm,tnp,seediv,tcnet,43,rpcf_at,fgsm,,,,,,,,pending,False,purified_data/exp031/exp031_full_20260729_174215/eval/seediv_tcnet_seed43_rpcf_at_fgsm_rank25-30.pth
tnp_seediv_tcnet_seed43_rpcf_at_pgd,tnp,seediv,tcnet,43,rpcf_at,pgd,,,,,,,,pending,False,purified_data/exp031/exp031_full_20260729_174215/eval/seediv_tcnet_seed43_rpcf_at_pgd_rank25-30.pth
tnp_seediv_tcnet_seed43_rpcf_at_cw,tnp,seediv,tcnet,43,rpcf_at,cw,,,,,,,,pending,False,purified_data/exp031/exp031_full_20260729_174215/eval/seediv_tcnet_seed43_rpcf_at_cw_rank25-30.pth
tnp_seediv_tcnet_seed44_madry_autoattack,tnp,seediv,tcnet,44,madry,autoattack,,,,,,,,pending,False,purified_data/exp031/exp031_full_20260729_174215/eval/seediv_tcnet_seed44_madry_autoattack_rank25-30.pth
tnp_seediv_tcnet_seed44_madry_fgsm,tnp,seediv,tcnet,44,madry,fgsm,,,,,,,,pending,False,purified_data/exp031/exp031_full_20260729_174215/eval/seediv_tcnet_seed44_madry_fgsm_rank25-30.pth
tnp_seediv_tcnet_seed44_madry_pgd,tnp,seediv,tcnet,44,madry,pgd,,,,,,,,pending,False,purified_data/exp031/exp031_full_20260729_174215/eval/seediv_tcnet_seed44_madry_pgd_rank25-30.pth
tnp_seediv_tcnet_seed44_madry_cw,tnp,seediv,tcnet,44,madry,cw,,,,,,,,pending,False,purified_data/exp031/exp031_full_20260729_174215/eval/seediv_tcnet_seed44_madry_cw_rank25-30.pth
tnp_seediv_tcnet_seed44_rpcf_at_autoattack,tnp,seediv,tcnet,44,rpcf_at,autoattack,,,,,,,,pending,False,purified_data/exp031/exp031_full_20260729_174215/eval/seediv_tcnet_seed44_rpcf_at_autoattack_rank25-30.pth
tnp_seediv_tcnet_seed44_rpcf_at_fgsm,tnp,seediv,tcnet,44,rpcf_at,fgsm,,,,,,,,pending,False,purified_data/exp031/exp031_full_20260729_174215/eval/seediv_tcnet_seed44_rpcf_at_fgsm_rank25-30.pth
tnp_seediv_tcnet_seed44_rpcf_at_pgd,tnp,seediv,tcnet,44,rpcf_at,pgd,,,,,,,,pending,False,purified_data/exp031/exp031_full_20260729_174215/eval/seediv_tcnet_seed44_rpcf_at_pgd_rank25-30.pth
tnp_seediv_tcnet_seed44_rpcf_at_cw,tnp,seediv,tcnet,44,rpcf_at,cw,,,,,,,,pending,False,purified_data/exp031/exp031_full_20260729_174215/eval/seediv_tcnet_seed44_rpcf_at_cw_rank25-30.pth
tnp_seediv_tcnet_seed45_madry_autoattack,tnp,seediv,tcnet,45,madry,autoattack,,,,,,,,pending,False,purified_data/exp031/exp031_full_20260729_174215/eval/seediv_tcnet_seed45_madry_autoattack_rank25-30.pth
tnp_seediv_tcnet_seed45_madry_fgsm,tnp,seediv,tcnet,45,madry,fgsm,,,,,,,,pending,False,purified_data/exp031/exp031_full_20260729_174215/eval/seediv_tcnet_seed45_madry_fgsm_rank25-30.pth
tnp_seediv_tcnet_seed45_madry_pgd,tnp,seediv,tcnet,45,madry,pgd,,,,,,,,pending,False,purified_data/exp031/exp031_full_20260729_174215/eval/seediv_tcnet_seed45_madry_pgd_rank25-30.pth
tnp_seediv_tcnet_seed45_madry_cw,tnp,seediv,tcnet,45,madry,cw,,,,,,,,pending,False,purified_data/exp031/exp031_full_20260729_174215/eval/seediv_tcnet_seed45_madry_cw_rank25-30.pth
tnp_seediv_tcnet_seed45_rpcf_at_autoattack,tnp,seediv,tcnet,45,rpcf_at,autoattack,,,,,,,,pending,False,purified_data/exp031/exp031_full_20260729_174215/eval/seediv_tcnet_seed45_rpcf_at_autoattack_rank25-30.pth
tnp_seediv_tcnet_seed45_rpcf_at_fgsm,tnp,seediv,tcnet,45,rpcf_at,fgsm,,,,,,,,pending,False,purified_data/exp031/exp031_full_20260729_174215/eval/seediv_tcnet_seed45_rpcf_at_fgsm_rank25-30.pth
tnp_seediv_tcnet_seed45_rpcf_at_pgd,tnp,seediv,tcnet,45,rpcf_at,pgd,,,,,,,,pending,False,purified_data/exp031/exp031_full_20260729_174215/eval/seediv_tcnet_seed45_rpcf_at_pgd_rank25-30.pth
tnp_seediv_tcnet_seed45_rpcf_at_cw,tnp,seediv,tcnet,45,rpcf_at,cw,,,,,,,,pending,False,purified_data/exp031/exp031_full_20260729_174215/eval/seediv_tcnet_seed45_rpcf_at_cw_rank25-30.pth
tnp_seediv_tcnet_seed46_madry_autoattack,tnp,seediv,tcnet,46,madry,autoattack,,,,,,,,pending,False,purified_data/exp031/exp031_full_20260729_174215/eval/seediv_tcnet_seed46_madry_autoattack_rank25-30.pth
tnp_seediv_tcnet_seed46_madry_fgsm,tnp,seediv,tcnet,46,madry,fgsm,,,,,,,,pending,False,purified_data/exp031/exp031_full_20260729_174215/eval/seediv_tcnet_seed46_madry_fgsm_rank25-30.pth
tnp_seediv_tcnet_seed46_madry_pgd,tnp,seediv,tcnet,46,madry,pgd,,,,,,,,pending,False,purified_data/exp031/exp031_full_20260729_174215/eval/seediv_tcnet_seed46_madry_pgd_rank25-30.pth
tnp_seediv_tcnet_seed46_madry_cw,tnp,seediv,tcnet,46,madry,cw,,,,,,,,pending,False,purified_data/exp031/exp031_full_20260729_174215/eval/seediv_tcnet_seed46_madry_cw_rank25-30.pth
tnp_seediv_tcnet_seed46_rpcf_at_autoattack,tnp,seediv,tcnet,46,rpcf_at,autoattack,,,,,,,,pending,False,purified_data/exp031/exp031_full_20260729_174215/eval/seediv_tcnet_seed46_rpcf_at_autoattack_rank25-30.pth
tnp_seediv_tcnet_seed46_rpcf_at_fgsm,tnp,seediv,tcnet,46,rpcf_at,fgsm,,,,,,,,pending,False,purified_data/exp031/exp031_full_20260729_174215/eval/seediv_tcnet_seed46_rpcf_at_fgsm_rank25-30.pth
tnp_seediv_tcnet_seed46_rpcf_at_pgd,tnp,seediv,tcnet,46,rpcf_at,pgd,,,,,,,,pending,False,purified_data/exp031/exp031_full_20260729_174215/eval/seediv_tcnet_seed46_rpcf_at_pgd_rank25-30.pth
tnp_seediv_tcnet_seed46_rpcf_at_cw,tnp,seediv,tcnet,46,rpcf_at,cw,,,,,,,,pending,False,purified_data/exp031/exp031_full_20260729_174215/eval/seediv_tcnet_seed46_rpcf_at_cw_rank25-30.pth
tnp_bciciv2a_eegnet_seed42_madry_autoattack,tnp,bciciv2a,eegnet,42,madry,autoattack,0,19260.413193941116,2,128,32,64,128,completed,True,purified_data/exp031/exp031_full_20260729_174215/eval/bciciv2a_eegnet_seed42_madry_autoattack_rank25-30.pth
tnp_bciciv2a_eegnet_seed42_madry_fgsm,tnp,bciciv2a,eegnet,42,madry,fgsm,,,,,,,,pending,False,purified_data/exp031/exp031_full_20260729_174215/eval/bciciv2a_eegnet_seed42_madry_fgsm_rank25-30.pth
tnp_bciciv2a_eegnet_seed42_madry_pgd,tnp,bciciv2a,eegnet,42,madry,pgd,,,,,,,,pending,False,purified_data/exp031/exp031_full_20260729_174215/eval/bciciv2a_eegnet_seed42_madry_pgd_rank25-30.pth
tnp_bciciv2a_eegnet_seed42_madry_cw,tnp,bciciv2a,eegnet,42,madry,cw,,,,,,,,pending,False,purified_data/exp031/exp031_full_20260729_174215/eval/bciciv2a_eegnet_seed42_madry_cw_rank25-30.pth
tnp_bciciv2a_eegnet_seed42_rpcf_at_autoattack,tnp,bciciv2a,eegnet,42,rpcf_at,autoattack,,,,,,,,pending,False,purified_data/exp031/exp031_full_20260729_174215/eval/bciciv2a_eegnet_seed42_rpcf_at_autoattack_rank25-30.pth
tnp_bciciv2a_eegnet_seed42_rpcf_at_fgsm,tnp,bciciv2a,eegnet,42,rpcf_at,fgsm,,,,,,,,pending,False,purified_data/exp031/exp031_full_20260729_174215/eval/bciciv2a_eegnet_seed42_rpcf_at_fgsm_rank25-30.pth
tnp_bciciv2a_eegnet_seed42_rpcf_at_pgd,tnp,bciciv2a,eegnet,42,rpcf_at,pgd,,,,,,,,pending,False,purified_data/exp031/exp031_full_20260729_174215/eval/bciciv2a_eegnet_seed42_rpcf_at_pgd_rank25-30.pth
tnp_bciciv2a_eegnet_seed42_rpcf_at_cw,tnp,bciciv2a,eegnet,42,rpcf_at,cw,,,,,,,,pending,False,purified_data/exp031/exp031_full_20260729_174215/eval/bciciv2a_eegnet_seed42_rpcf_at_cw_rank25-30.pth
tnp_bciciv2a_eegnet_seed43_madry_autoattack,tnp,bciciv2a,eegnet,43,madry,autoattack,0,21624.34251832962,6,128,32,64,128,completed,True,purified_data/exp031/exp031_full_20260729_174215/eval/bciciv2a_eegnet_seed43_madry_autoattack_rank25-30.pth
tnp_bciciv2a_eegnet_seed43_madry_fgsm,tnp,bciciv2a,eegnet,43,madry,fgsm,,,,,,,,pending,False,purified_data/exp031/exp031_full_20260729_174215/eval/bciciv2a_eegnet_seed43_madry_fgsm_rank25-30.pth
tnp_bciciv2a_eegnet_seed43_madry_pgd,tnp,bciciv2a,eegnet,43,madry,pgd,,,,,,,,pending,False,purified_data/exp031/exp031_full_20260729_174215/eval/bciciv2a_eegnet_seed43_madry_pgd_rank25-30.pth
tnp_bciciv2a_eegnet_seed43_madry_cw,tnp,bciciv2a,eegnet,43,madry,cw,,,,,,,,pending,False,purified_data/exp031/exp031_full_20260729_174215/eval/bciciv2a_eegnet_seed43_madry_cw_rank25-30.pth
tnp_bciciv2a_eegnet_seed43_rpcf_at_autoattack,tnp,bciciv2a,eegnet,43,rpcf_at,autoattack,,,,,,,,pending,False,purified_data/exp031/exp031_full_20260729_174215/eval/bciciv2a_eegnet_seed43_rpcf_at_autoattack_rank25-30.pth
tnp_bciciv2a_eegnet_seed43_rpcf_at_fgsm,tnp,bciciv2a,eegnet,43,rpcf_at,fgsm,,,,,,,,pending,False,purified_data/exp031/exp031_full_20260729_174215/eval/bciciv2a_eegnet_seed43_rpcf_at_fgsm_rank25-30.pth
tnp_bciciv2a_eegnet_seed43_rpcf_at_pgd,tnp,bciciv2a,eegnet,43,rpcf_at,pgd,,,,,,,,pending,False,purified_data/exp031/exp031_full_20260729_174215/eval/bciciv2a_eegnet_seed43_rpcf_at_pgd_rank25-30.pth
tnp_bciciv2a_eegnet_seed43_rpcf_at_cw,tnp,bciciv2a,eegnet,43,rpcf_at,cw,,,,,,,,pending,False,purified_data/exp031/exp031_full_20260729_174215/eval/bciciv2a_eegnet_seed43_rpcf_at_cw_rank25-30.pth
tnp_bciciv2a_eegnet_seed44_madry_autoattack,tnp,bciciv2a,eegnet,44,madry,autoattack,,,,,,,,pending,False,purified_data/exp031/exp031_full_20260729_174215/eval/bciciv2a_eegnet_seed44_madry_autoattack_rank25-30.pth
tnp_bciciv2a_eegnet_seed44_madry_fgsm,tnp,bciciv2a,eegnet,44,madry,fgsm,,,,,,,,pending,False,purified_data/exp031/exp031_full_20260729_174215/eval/bciciv2a_eegnet_seed44_madry_fgsm_rank25-30.pth
tnp_bciciv2a_eegnet_seed44_madry_pgd,tnp,bciciv2a,eegnet,44,madry,pgd,,,,,,,,pending,False,purified_data/exp031/exp031_full_20260729_174215/eval/bciciv2a_eegnet_seed44_madry_pgd_rank25-30.pth
tnp_bciciv2a_eegnet_seed44_madry_cw,tnp,bciciv2a,eegnet,44,madry,cw,,,,,,,,pending,False,purified_data/exp031/exp031_full_20260729_174215/eval/bciciv2a_eegnet_seed44_madry_cw_rank25-30.pth
tnp_bciciv2a_eegnet_seed44_rpcf_at_autoattack,tnp,bciciv2a,eegnet,44,rpcf_at,autoattack,,,,,,,,pending,False,purified_data/exp031/exp031_full_20260729_174215/eval/bciciv2a_eegnet_seed44_rpcf_at_autoattack_rank25-30.pth
tnp_bciciv2a_eegnet_seed44_rpcf_at_fgsm,tnp,bciciv2a,eegnet,44,rpcf_at,fgsm,,,,,,,,pending,False,purified_data/exp031/exp031_full_20260729_174215/eval/bciciv2a_eegnet_seed44_rpcf_at_fgsm_rank25-30.pth
tnp_bciciv2a_eegnet_seed44_rpcf_at_pgd,tnp,bciciv2a,eegnet,44,rpcf_at,pgd,,,,,,,,pending,False,purified_data/exp031/exp031_full_20260729_174215/eval/bciciv2a_eegnet_seed44_rpcf_at_pgd_rank25-30.pth
tnp_bciciv2a_eegnet_seed44_rpcf_at_cw,tnp,bciciv2a,eegnet,44,rpcf_at,cw,,,,,,,,pending,False,purified_data/exp031/exp031_full_20260729_174215/eval/bciciv2a_eegnet_seed44_rpcf_at_cw_rank25-30.pth
tnp_bciciv2a_eegnet_seed45_madry_autoattack,tnp,bciciv2a,eegnet,45,madry,autoattack,,,,,,,,pending,False,purified_data/exp031/exp031_full_20260729_174215/eval/bciciv2a_eegnet_seed45_madry_autoattack_rank25-30.pth
tnp_bciciv2a_eegnet_seed45_madry_fgsm,tnp,bciciv2a,eegnet,45,madry,fgsm,,,,,,,,pending,False,purified_data/exp031/exp031_full_20260729_174215/eval/bciciv2a_eegnet_seed45_madry_fgsm_rank25-30.pth
tnp_bciciv2a_eegnet_seed45_madry_pgd,tnp,bciciv2a,eegnet,45,madry,pgd,,,,,,,,pending,False,purified_data/exp031/exp031_full_20260729_174215/eval/bciciv2a_eegnet_seed45_madry_pgd_rank25-30.pth
tnp_bciciv2a_eegnet_seed45_madry_cw,tnp,bciciv2a,eegnet,45,madry,cw,,,,,,,,pending,False,purified_data/exp031/exp031_full_20260729_174215/eval/bciciv2a_eegnet_seed45_madry_cw_rank25-30.pth
tnp_bciciv2a_eegnet_seed45_rpcf_at_autoattack,tnp,bciciv2a,eegnet,45,rpcf_at,autoattack,,,,,,,,pending,False,purified_data/exp031/exp031_full_20260729_174215/eval/bciciv2a_eegnet_seed45_rpcf_at_autoattack_rank25-30.pth
tnp_bciciv2a_eegnet_seed45_rpcf_at_fgsm,tnp,bciciv2a,eegnet,45,rpcf_at,fgsm,,,,,,,,pending,False,purified_data/exp031/exp031_full_20260729_174215/eval/bciciv2a_eegnet_seed45_rpcf_at_fgsm_rank25-30.pth
tnp_bciciv2a_eegnet_seed45_rpcf_at_pgd,tnp,bciciv2a,eegnet,45,rpcf_at,pgd,,,,,,,,pending,False,purified_data/exp031/exp031_full_20260729_174215/eval/bciciv2a_eegnet_seed45_rpcf_at_pgd_rank25-30.pth
tnp_bciciv2a_eegnet_seed45_rpcf_at_cw,tnp,bciciv2a,eegnet,45,rpcf_at,cw,,,,,,,,pending,False,purified_data/exp031/exp031_full_20260729_174215/eval/bciciv2a_eegnet_seed45_rpcf_at_cw_rank25-30.pth
tnp_bciciv2a_eegnet_seed46_madry_autoattack,tnp,bciciv2a,eegnet,46,madry,autoattack,,,,,,,,pending,False,purified_data/exp031/exp031_full_20260729_174215/eval/bciciv2a_eegnet_seed46_madry_autoattack_rank25-30.pth
tnp_bciciv2a_eegnet_seed46_madry_fgsm,tnp,bciciv2a,eegnet,46,madry,fgsm,,,,,,,,pending,False,purified_data/exp031/exp031_full_20260729_174215/eval/bciciv2a_eegnet_seed46_madry_fgsm_rank25-30.pth
tnp_bciciv2a_eegnet_seed46_madry_pgd,tnp,bciciv2a,eegnet,46,madry,pgd,,,,,,,,pending,False,purified_data/exp031/exp031_full_20260729_174215/eval/bciciv2a_eegnet_seed46_madry_pgd_rank25-30.pth
tnp_bciciv2a_eegnet_seed46_madry_cw,tnp,bciciv2a,eegnet,46,madry,cw,,,,,,,,pending,False,purified_data/exp031/exp031_full_20260729_174215/eval/bciciv2a_eegnet_seed46_madry_cw_rank25-30.pth
tnp_bciciv2a_eegnet_seed46_rpcf_at_autoattack,tnp,bciciv2a,eegnet,46,rpcf_at,autoattack,,,,,,,,pending,False,purified_data/exp031/exp031_full_20260729_174215/eval/bciciv2a_eegnet_seed46_rpcf_at_autoattack_rank25-30.pth
tnp_bciciv2a_eegnet_seed46_rpcf_at_fgsm,tnp,bciciv2a,eegnet,46,rpcf_at,fgsm,,,,,,,,pending,False,purified_data/exp031/exp031_full_20260729_174215/eval/bciciv2a_eegnet_seed46_rpcf_at_fgsm_rank25-30.pth
tnp_bciciv2a_eegnet_seed46_rpcf_at_pgd,tnp,bciciv2a,eegnet,46,rpcf_at,pgd,,,,,,,,pending,False,purified_data/exp031/exp031_full_20260729_174215/eval/bciciv2a_eegnet_seed46_rpcf_at_pgd_rank25-30.pth
tnp_bciciv2a_eegnet_seed46_rpcf_at_cw,tnp,bciciv2a,eegnet,46,rpcf_at,cw,,,,,,,,pending,False,purified_data/exp031/exp031_full_20260729_174215/eval/bciciv2a_eegnet_seed46_rpcf_at_cw_rank25-30.pth
tnp_bciciv2a_deepconvnet_seed42_madry_autoattack,tnp,bciciv2a,deepconvnet,42,madry,autoattack,,,,,,,,pending,False,purified_data/exp031/exp031_full_20260729_174215/eval/bciciv2a_deepconvnet_seed42_madry_autoattack_rank25-30.pth
tnp_bciciv2a_deepconvnet_seed42_madry_fgsm,tnp,bciciv2a,deepconvnet,42,madry,fgsm,,,,,,,,pending,False,purified_data/exp031/exp031_full_20260729_174215/eval/bciciv2a_deepconvnet_seed42_madry_fgsm_rank25-30.pth
tnp_bciciv2a_deepconvnet_seed42_madry_pgd,tnp,bciciv2a,deepconvnet,42,madry,pgd,,,,,,,,pending,False,purified_data/exp031/exp031_full_20260729_174215/eval/bciciv2a_deepconvnet_seed42_madry_pgd_rank25-30.pth
tnp_bciciv2a_deepconvnet_seed42_madry_cw,tnp,bciciv2a,deepconvnet,42,madry,cw,,,,,,,,pending,False,purified_data/exp031/exp031_full_20260729_174215/eval/bciciv2a_deepconvnet_seed42_madry_cw_rank25-30.pth
tnp_bciciv2a_deepconvnet_seed42_rpcf_at_autoattack,tnp,bciciv2a,deepconvnet,42,rpcf_at,autoattack,,,,,,,,pending,False,purified_data/exp031/exp031_full_20260729_174215/eval/bciciv2a_deepconvnet_seed42_rpcf_at_autoattack_rank25-30.pth
tnp_bciciv2a_deepconvnet_seed42_rpcf_at_fgsm,tnp,bciciv2a,deepconvnet,42,rpcf_at,fgsm,,,,,,,,pending,False,purified_data/exp031/exp031_full_20260729_174215/eval/bciciv2a_deepconvnet_seed42_rpcf_at_fgsm_rank25-30.pth
tnp_bciciv2a_deepconvnet_seed42_rpcf_at_pgd,tnp,bciciv2a,deepconvnet,42,rpcf_at,pgd,,,,,,,,pending,False,purified_data/exp031/exp031_full_20260729_174215/eval/bciciv2a_deepconvnet_seed42_rpcf_at_pgd_rank25-30.pth
tnp_bciciv2a_deepconvnet_seed42_rpcf_at_cw,tnp,bciciv2a,deepconvnet,42,rpcf_at,cw,,,,,,,,pending,False,purified_data/exp031/exp031_full_20260729_174215/eval/bciciv2a_deepconvnet_seed42_rpcf_at_cw_rank25-30.pth
tnp_bciciv2a_deepconvnet_seed43_madry_autoattack,tnp,bciciv2a,deepconvnet,43,madry,autoattack,,,,,,,,pending,False,purified_data/exp031/exp031_full_20260729_174215/eval/bciciv2a_deepconvnet_seed43_madry_autoattack_rank25-30.pth
tnp_bciciv2a_deepconvnet_seed43_madry_fgsm,tnp,bciciv2a,deepconvnet,43,madry,fgsm,,,,,,,,pending,False,purified_data/exp031/exp031_full_20260729_174215/eval/bciciv2a_deepconvnet_seed43_madry_fgsm_rank25-30.pth
tnp_bciciv2a_deepconvnet_seed43_madry_pgd,tnp,bciciv2a,deepconvnet,43,madry,pgd,,,,,,,,pending,False,purified_data/exp031/exp031_full_20260729_174215/eval/bciciv2a_deepconvnet_seed43_madry_pgd_rank25-30.pth
tnp_bciciv2a_deepconvnet_seed43_madry_cw,tnp,bciciv2a,deepconvnet,43,madry,cw,,,,,,,,pending,False,purified_data/exp031/exp031_full_20260729_174215/eval/bciciv2a_deepconvnet_seed43_madry_cw_rank25-30.pth
tnp_bciciv2a_deepconvnet_seed43_rpcf_at_autoattack,tnp,bciciv2a,deepconvnet,43,rpcf_at,autoattack,,,,,,,,pending,False,purified_data/exp031/exp031_full_20260729_174215/eval/bciciv2a_deepconvnet_seed43_rpcf_at_autoattack_rank25-30.pth
tnp_bciciv2a_deepconvnet_seed43_rpcf_at_fgsm,tnp,bciciv2a,deepconvnet,43,rpcf_at,fgsm,,,,,,,,pending,False,purified_data/exp031/exp031_full_20260729_174215/eval/bciciv2a_deepconvnet_seed43_rpcf_at_fgsm_rank25-30.pth
tnp_bciciv2a_deepconvnet_seed43_rpcf_at_pgd,tnp,bciciv2a,deepconvnet,43,rpcf_at,pgd,,,,,,,,pending,False,purified_data/exp031/exp031_full_20260729_174215/eval/bciciv2a_deepconvnet_seed43_rpcf_at_pgd_rank25-30.pth
tnp_bciciv2a_deepconvnet_seed43_rpcf_at_cw,tnp,bciciv2a,deepconvnet,43,rpcf_at,cw,,,,,,,,pending,False,purified_data/exp031/exp031_full_20260729_174215/eval/bciciv2a_deepconvnet_seed43_rpcf_at_cw_rank25-30.pth
tnp_bciciv2a_deepconvnet_seed44_madry_autoattack,tnp,bciciv2a,deepconvnet,44,madry,autoattack,,,,,,,,pending,False,purified_data/exp031/exp031_full_20260729_174215/eval/bciciv2a_deepconvnet_seed44_madry_autoattack_rank25-30.pth
tnp_bciciv2a_deepconvnet_seed44_madry_fgsm,tnp,bciciv2a,deepconvnet,44,madry,fgsm,,,,,,,,pending,False,purified_data/exp031/exp031_full_20260729_174215/eval/bciciv2a_deepconvnet_seed44_madry_fgsm_rank25-30.pth
tnp_bciciv2a_deepconvnet_seed44_madry_pgd,tnp,bciciv2a,deepconvnet,44,madry,pgd,,,,,,,,pending,False,purified_data/exp031/exp031_full_20260729_174215/eval/bciciv2a_deepconvnet_seed44_madry_pgd_rank25-30.pth
tnp_bciciv2a_deepconvnet_seed44_madry_cw,tnp,bciciv2a,deepconvnet,44,madry,cw,,,,,,,,pending,False,purified_data/exp031/exp031_full_20260729_174215/eval/bciciv2a_deepconvnet_seed44_madry_cw_rank25-30.pth
tnp_bciciv2a_deepconvnet_seed44_rpcf_at_autoattack,tnp,bciciv2a,deepconvnet,44,rpcf_at,autoattack,,,,,,,,pending,False,purified_data/exp031/exp031_full_20260729_174215/eval/bciciv2a_deepconvnet_seed44_rpcf_at_autoattack_rank25-30.pth
tnp_bciciv2a_deepconvnet_seed44_rpcf_at_fgsm,tnp,bciciv2a,deepconvnet,44,rpcf_at,fgsm,,,,,,,,pending,False,purified_data/exp031/exp031_full_20260729_174215/eval/bciciv2a_deepconvnet_seed44_rpcf_at_fgsm_rank25-30.pth
tnp_bciciv2a_deepconvnet_seed44_rpcf_at_pgd,tnp,bciciv2a,deepconvnet,44,rpcf_at,pgd,,,,,,,,pending,False,purified_data/exp031/exp031_full_20260729_174215/eval/bciciv2a_deepconvnet_seed44_rpcf_at_pgd_rank25-30.pth
tnp_bciciv2a_deepconvnet_seed44_rpcf_at_cw,tnp,bciciv2a,deepconvnet,44,rpcf_at,cw,,,,,,,,pending,False,purified_data/exp031/exp031_full_20260729_174215/eval/bciciv2a_deepconvnet_seed44_rpcf_at_cw_rank25-30.pth
tnp_bciciv2a_deepconvnet_seed45_madry_autoattack,tnp,bciciv2a,deepconvnet,45,madry,autoattack,,,,,,,,pending,False,purified_data/exp031/exp031_full_20260729_174215/eval/bciciv2a_deepconvnet_seed45_madry_autoattack_rank25-30.pth
tnp_bciciv2a_deepconvnet_seed45_madry_fgsm,tnp,bciciv2a,deepconvnet,45,madry,fgsm,,,,,,,,pending,False,purified_data/exp031/exp031_full_20260729_174215/eval/bciciv2a_deepconvnet_seed45_madry_fgsm_rank25-30.pth
tnp_bciciv2a_deepconvnet_seed45_madry_pgd,tnp,bciciv2a,deepconvnet,45,madry,pgd,,,,,,,,pending,False,purified_data/exp031/exp031_full_20260729_174215/eval/bciciv2a_deepconvnet_seed45_madry_pgd_rank25-30.pth
tnp_bciciv2a_deepconvnet_seed45_madry_cw,tnp,bciciv2a,deepconvnet,45,madry,cw,,,,,,,,pending,False,purified_data/exp031/exp031_full_20260729_174215/eval/bciciv2a_deepconvnet_seed45_madry_cw_rank25-30.pth
tnp_bciciv2a_deepconvnet_seed45_rpcf_at_autoattack,tnp,bciciv2a,deepconvnet,45,rpcf_at,autoattack,,,,,,,,pending,False,purified_data/exp031/exp031_full_20260729_174215/eval/bciciv2a_deepconvnet_seed45_rpcf_at_autoattack_rank25-30.pth
tnp_bciciv2a_deepconvnet_seed45_rpcf_at_fgsm,tnp,bciciv2a,deepconvnet,45,rpcf_at,fgsm,,,,,,,,pending,False,purified_data/exp031/exp031_full_20260729_174215/eval/bciciv2a_deepconvnet_seed45_rpcf_at_fgsm_rank25-30.pth
tnp_bciciv2a_deepconvnet_seed45_rpcf_at_pgd,tnp,bciciv2a,deepconvnet,45,rpcf_at,pgd,,,,,,,,pending,False,purified_data/exp031/exp031_full_20260729_174215/eval/bciciv2a_deepconvnet_seed45_rpcf_at_pgd_rank25-30.pth
tnp_bciciv2a_deepconvnet_seed45_rpcf_at_cw,tnp,bciciv2a,deepconvnet,45,rpcf_at,cw,,,,,,,,pending,False,purified_data/exp031/exp031_full_20260729_174215/eval/bciciv2a_deepconvnet_seed45_rpcf_at_cw_rank25-30.pth
tnp_bciciv2a_deepconvnet_seed46_madry_autoattack,tnp,bciciv2a,deepconvnet,46,madry,autoattack,,,,,,,,pending,False,purified_data/exp031/exp031_full_20260729_174215/eval/bciciv2a_deepconvnet_seed46_madry_autoattack_rank25-30.pth
tnp_bciciv2a_deepconvnet_seed46_madry_fgsm,tnp,bciciv2a,deepconvnet,46,madry,fgsm,,,,,,,,pending,False,purified_data/exp031/exp031_full_20260729_174215/eval/bciciv2a_deepconvnet_seed46_madry_fgsm_rank25-30.pth
tnp_bciciv2a_deepconvnet_seed46_madry_pgd,tnp,bciciv2a,deepconvnet,46,madry,pgd,,,,,,,,pending,False,purified_data/exp031/exp031_full_20260729_174215/eval/bciciv2a_deepconvnet_seed46_madry_pgd_rank25-30.pth
tnp_bciciv2a_deepconvnet_seed46_madry_cw,tnp,bciciv2a,deepconvnet,46,madry,cw,,,,,,,,pending,False,purified_data/exp031/exp031_full_20260729_174215/eval/bciciv2a_deepconvnet_seed46_madry_cw_rank25-30.pth
tnp_bciciv2a_deepconvnet_seed46_rpcf_at_autoattack,tnp,bciciv2a,deepconvnet,46,rpcf_at,autoattack,,,,,,,,pending,False,purified_data/exp031/exp031_full_20260729_174215/eval/bciciv2a_deepconvnet_seed46_rpcf_at_autoattack_rank25-30.pth
tnp_bciciv2a_deepconvnet_seed46_rpcf_at_fgsm,tnp,bciciv2a,deepconvnet,46,rpcf_at,fgsm,,,,,,,,pending,False,purified_data/exp031/exp031_full_20260729_174215/eval/bciciv2a_deepconvnet_seed46_rpcf_at_fgsm_rank25-30.pth
tnp_bciciv2a_deepconvnet_seed46_rpcf_at_pgd,tnp,bciciv2a,deepconvnet,46,rpcf_at,pgd,,,,,,,,pending,False,purified_data/exp031/exp031_full_20260729_174215/eval/bciciv2a_deepconvnet_seed46_rpcf_at_pgd_rank25-30.pth
tnp_bciciv2a_deepconvnet_seed46_rpcf_at_cw,tnp,bciciv2a,deepconvnet,46,rpcf_at,cw,,,,,,,,pending,False,purified_data/exp031/exp031_full_20260729_174215/eval/bciciv2a_deepconvnet_seed46_rpcf_at_cw_rank25-30.pth
tnp_bciciv2a_tsception_seed42_madry_autoattack,tnp,bciciv2a,tsception,42,madry,autoattack,,,,,,,,pending,False,purified_data/exp031/exp031_full_20260729_174215/eval/bciciv2a_tsception_seed42_madry_autoattack_rank25-30.pth
tnp_bciciv2a_tsception_seed42_madry_fgsm,tnp,bciciv2a,tsception,42,madry,fgsm,,,,,,,,pending,False,purified_data/exp031/exp031_full_20260729_174215/eval/bciciv2a_tsception_seed42_madry_fgsm_rank25-30.pth
tnp_bciciv2a_tsception_seed42_madry_pgd,tnp,bciciv2a,tsception,42,madry,pgd,,,,,,,,pending,False,purified_data/exp031/exp031_full_20260729_174215/eval/bciciv2a_tsception_seed42_madry_pgd_rank25-30.pth
tnp_bciciv2a_tsception_seed42_madry_cw,tnp,bciciv2a,tsception,42,madry,cw,,,,,,,,pending,False,purified_data/exp031/exp031_full_20260729_174215/eval/bciciv2a_tsception_seed42_madry_cw_rank25-30.pth
tnp_bciciv2a_tsception_seed42_rpcf_at_autoattack,tnp,bciciv2a,tsception,42,rpcf_at,autoattack,,,,,,,,pending,False,purified_data/exp031/exp031_full_20260729_174215/eval/bciciv2a_tsception_seed42_rpcf_at_autoattack_rank25-30.pth
tnp_bciciv2a_tsception_seed42_rpcf_at_fgsm,tnp,bciciv2a,tsception,42,rpcf_at,fgsm,,,,,,,,pending,False,purified_data/exp031/exp031_full_20260729_174215/eval/bciciv2a_tsception_seed42_rpcf_at_fgsm_rank25-30.pth
tnp_bciciv2a_tsception_seed42_rpcf_at_pgd,tnp,bciciv2a,tsception,42,rpcf_at,pgd,,,,,,,,pending,False,purified_data/exp031/exp031_full_20260729_174215/eval/bciciv2a_tsception_seed42_rpcf_at_pgd_rank25-30.pth
tnp_bciciv2a_tsception_seed42_rpcf_at_cw,tnp,bciciv2a,tsception,42,rpcf_at,cw,,,,,,,,pending,False,purified_data/exp031/exp031_full_20260729_174215/eval/bciciv2a_tsception_seed42_rpcf_at_cw_rank25-30.pth
tnp_bciciv2a_tsception_seed43_madry_autoattack,tnp,bciciv2a,tsception,43,madry,autoattack,,,,,,,,pending,False,purified_data/exp031/exp031_full_20260729_174215/eval/bciciv2a_tsception_seed43_madry_autoattack_rank25-30.pth
tnp_bciciv2a_tsception_seed43_madry_fgsm,tnp,bciciv2a,tsception,43,madry,fgsm,,,,,,,,pending,False,purified_data/exp031/exp031_full_20260729_174215/eval/bciciv2a_tsception_seed43_madry_fgsm_rank25-30.pth
tnp_bciciv2a_tsception_seed43_madry_pgd,tnp,bciciv2a,tsception,43,madry,pgd,,,,,,,,pending,False,purified_data/exp031/exp031_full_20260729_174215/eval/bciciv2a_tsception_seed43_madry_pgd_rank25-30.pth
tnp_bciciv2a_tsception_seed43_madry_cw,tnp,bciciv2a,tsception,43,madry,cw,,,,,,,,pending,False,purified_data/exp031/exp031_full_20260729_174215/eval/bciciv2a_tsception_seed43_madry_cw_rank25-30.pth
tnp_bciciv2a_tsception_seed43_rpcf_at_autoattack,tnp,bciciv2a,tsception,43,rpcf_at,autoattack,,,,,,,,pending,False,purified_data/exp031/exp031_full_20260729_174215/eval/bciciv2a_tsception_seed43_rpcf_at_autoattack_rank25-30.pth
tnp_bciciv2a_tsception_seed43_rpcf_at_fgsm,tnp,bciciv2a,tsception,43,rpcf_at,fgsm,,,,,,,,pending,False,purified_data/exp031/exp031_full_20260729_174215/eval/bciciv2a_tsception_seed43_rpcf_at_fgsm_rank25-30.pth
tnp_bciciv2a_tsception_seed43_rpcf_at_pgd,tnp,bciciv2a,tsception,43,rpcf_at,pgd,,,,,,,,pending,False,purified_data/exp031/exp031_full_20260729_174215/eval/bciciv2a_tsception_seed43_rpcf_at_pgd_rank25-30.pth
tnp_bciciv2a_tsception_seed43_rpcf_at_cw,tnp,bciciv2a,tsception,43,rpcf_at,cw,,,,,,,,pending,False,purified_data/exp031/exp031_full_20260729_174215/eval/bciciv2a_tsception_seed43_rpcf_at_cw_rank25-30.pth
tnp_bciciv2a_tsception_seed44_madry_autoattack,tnp,bciciv2a,tsception,44,madry,autoattack,,,,,,,,pending,False,purified_data/exp031/exp031_full_20260729_174215/eval/bciciv2a_tsception_seed44_madry_autoattack_rank25-30.pth
tnp_bciciv2a_tsception_seed44_madry_fgsm,tnp,bciciv2a,tsception,44,madry,fgsm,,,,,,,,pending,False,purified_data/exp031/exp031_full_20260729_174215/eval/bciciv2a_tsception_seed44_madry_fgsm_rank25-30.pth
tnp_bciciv2a_tsception_seed44_madry_pgd,tnp,bciciv2a,tsception,44,madry,pgd,,,,,,,,pending,False,purified_data/exp031/exp031_full_20260729_174215/eval/bciciv2a_tsception_seed44_madry_pgd_rank25-30.pth
tnp_bciciv2a_tsception_seed44_madry_cw,tnp,bciciv2a,tsception,44,madry,cw,,,,,,,,pending,False,purified_data/exp031/exp031_full_20260729_174215/eval/bciciv2a_tsception_seed44_madry_cw_rank25-30.pth
tnp_bciciv2a_tsception_seed44_rpcf_at_autoattack,tnp,bciciv2a,tsception,44,rpcf_at,autoattack,,,,,,,,pending,False,purified_data/exp031/exp031_full_20260729_174215/eval/bciciv2a_tsception_seed44_rpcf_at_autoattack_rank25-30.pth
tnp_bciciv2a_tsception_seed44_rpcf_at_fgsm,tnp,bciciv2a,tsception,44,rpcf_at,fgsm,,,,,,,,pending,False,purified_data/exp031/exp031_full_20260729_174215/eval/bciciv2a_tsception_seed44_rpcf_at_fgsm_rank25-30.pth
tnp_bciciv2a_tsception_seed44_rpcf_at_pgd,tnp,bciciv2a,tsception,44,rpcf_at,pgd,,,,,,,,pending,False,purified_data/exp031/exp031_full_20260729_174215/eval/bciciv2a_tsception_seed44_rpcf_at_pgd_rank25-30.pth
tnp_bciciv2a_tsception_seed44_rpcf_at_cw,tnp,bciciv2a,tsception,44,rpcf_at,cw,,,,,,,,pending,False,purified_data/exp031/exp031_full_20260729_174215/eval/bciciv2a_tsception_seed44_rpcf_at_cw_rank25-30.pth
tnp_bciciv2a_tsception_seed45_madry_autoattack,tnp,bciciv2a,tsception,45,madry,autoattack,,,,,,,,pending,False,purified_data/exp031/exp031_full_20260729_174215/eval/bciciv2a_tsception_seed45_madry_autoattack_rank25-30.pth
tnp_bciciv2a_tsception_seed45_madry_fgsm,tnp,bciciv2a,tsception,45,madry,fgsm,,,,,,,,pending,False,purified_data/exp031/exp031_full_20260729_174215/eval/bciciv2a_tsception_seed45_madry_fgsm_rank25-30.pth
tnp_bciciv2a_tsception_seed45_madry_pgd,tnp,bciciv2a,tsception,45,madry,pgd,,,,,,,,pending,False,purified_data/exp031/exp031_full_20260729_174215/eval/bciciv2a_tsception_seed45_madry_pgd_rank25-30.pth
tnp_bciciv2a_tsception_seed45_madry_cw,tnp,bciciv2a,tsception,45,madry,cw,,,,,,,,pending,False,purified_data/exp031/exp031_full_20260729_174215/eval/bciciv2a_tsception_seed45_madry_cw_rank25-30.pth
tnp_bciciv2a_tsception_seed45_rpcf_at_autoattack,tnp,bciciv2a,tsception,45,rpcf_at,autoattack,,,,,,,,pending,False,purified_data/exp031/exp031_full_20260729_174215/eval/bciciv2a_tsception_seed45_rpcf_at_autoattack_rank25-30.pth
tnp_bciciv2a_tsception_seed45_rpcf_at_fgsm,tnp,bciciv2a,tsception,45,rpcf_at,fgsm,,,,,,,,pending,False,purified_data/exp031/exp031_full_20260729_174215/eval/bciciv2a_tsception_seed45_rpcf_at_fgsm_rank25-30.pth
tnp_bciciv2a_tsception_seed45_rpcf_at_pgd,tnp,bciciv2a,tsception,45,rpcf_at,pgd,,,,,,,,pending,False,purified_data/exp031/exp031_full_20260729_174215/eval/bciciv2a_tsception_seed45_rpcf_at_pgd_rank25-30.pth
tnp_bciciv2a_tsception_seed45_rpcf_at_cw,tnp,bciciv2a,tsception,45,rpcf_at,cw,,,,,,,,pending,False,purified_data/exp031/exp031_full_20260729_174215/eval/bciciv2a_tsception_seed45_rpcf_at_cw_rank25-30.pth
tnp_bciciv2a_tsception_seed46_madry_autoattack,tnp,bciciv2a,tsception,46,madry,autoattack,,,,,,,,pending,False,purified_data/exp031/exp031_full_20260729_174215/eval/bciciv2a_tsception_seed46_madry_autoattack_rank25-30.pth
tnp_bciciv2a_tsception_seed46_madry_fgsm,tnp,bciciv2a,tsception,46,madry,fgsm,,,,,,,,pending,False,purified_data/exp031/exp031_full_20260729_174215/eval/bciciv2a_tsception_seed46_madry_fgsm_rank25-30.pth
tnp_bciciv2a_tsception_seed46_madry_pgd,tnp,bciciv2a,tsception,46,madry,pgd,,,,,,,,pending,False,purified_data/exp031/exp031_full_20260729_174215/eval/bciciv2a_tsception_seed46_madry_pgd_rank25-30.pth
tnp_bciciv2a_tsception_seed46_madry_cw,tnp,bciciv2a,tsception,46,madry,cw,,,,,,,,pending,False,purified_data/exp031/exp031_full_20260729_174215/eval/bciciv2a_tsception_seed46_madry_cw_rank25-30.pth
tnp_bciciv2a_tsception_seed46_rpcf_at_autoattack,tnp,bciciv2a,tsception,46,rpcf_at,autoattack,,,,,,,,pending,False,purified_data/exp031/exp031_full_20260729_174215/eval/bciciv2a_tsception_seed46_rpcf_at_autoattack_rank25-30.pth
tnp_bciciv2a_tsception_seed46_rpcf_at_fgsm,tnp,bciciv2a,tsception,46,rpcf_at,fgsm,,,,,,,,pending,False,purified_data/exp031/exp031_full_20260729_174215/eval/bciciv2a_tsception_seed46_rpcf_at_fgsm_rank25-30.pth
tnp_bciciv2a_tsception_seed46_rpcf_at_pgd,tnp,bciciv2a,tsception,46,rpcf_at,pgd,,,,,,,,pending,False,purified_data/exp031/exp031_full_20260729_174215/eval/bciciv2a_tsception_seed46_rpcf_at_pgd_rank25-30.pth
tnp_bciciv2a_tsception_seed46_rpcf_at_cw,tnp,bciciv2a,tsception,46,rpcf_at,cw,,,,,,,,pending,False,purified_data/exp031/exp031_full_20260729_174215/eval/bciciv2a_tsception_seed46_rpcf_at_cw_rank25-30.pth
tnp_bciciv2a_atcnet_seed42_madry_autoattack,tnp,bciciv2a,atcnet,42,madry,autoattack,,,,,,,,pending,False,purified_data/exp031/exp031_full_20260729_174215/eval/bciciv2a_atcnet_seed42_madry_autoattack_rank25-30.pth
tnp_bciciv2a_atcnet_seed42_madry_fgsm,tnp,bciciv2a,atcnet,42,madry,fgsm,,,,,,,,pending,False,purified_data/exp031/exp031_full_20260729_174215/eval/bciciv2a_atcnet_seed42_madry_fgsm_rank25-30.pth
tnp_bciciv2a_atcnet_seed42_madry_pgd,tnp,bciciv2a,atcnet,42,madry,pgd,,,,,,,,pending,False,purified_data/exp031/exp031_full_20260729_174215/eval/bciciv2a_atcnet_seed42_madry_pgd_rank25-30.pth
tnp_bciciv2a_atcnet_seed42_madry_cw,tnp,bciciv2a,atcnet,42,madry,cw,,,,,,,,pending,False,purified_data/exp031/exp031_full_20260729_174215/eval/bciciv2a_atcnet_seed42_madry_cw_rank25-30.pth
tnp_bciciv2a_atcnet_seed42_rpcf_at_autoattack,tnp,bciciv2a,atcnet,42,rpcf_at,autoattack,,,,,,,,pending,False,purified_data/exp031/exp031_full_20260729_174215/eval/bciciv2a_atcnet_seed42_rpcf_at_autoattack_rank25-30.pth
tnp_bciciv2a_atcnet_seed42_rpcf_at_fgsm,tnp,bciciv2a,atcnet,42,rpcf_at,fgsm,,,,,,,,pending,False,purified_data/exp031/exp031_full_20260729_174215/eval/bciciv2a_atcnet_seed42_rpcf_at_fgsm_rank25-30.pth
tnp_bciciv2a_atcnet_seed42_rpcf_at_pgd,tnp,bciciv2a,atcnet,42,rpcf_at,pgd,,,,,,,,pending,False,purified_data/exp031/exp031_full_20260729_174215/eval/bciciv2a_atcnet_seed42_rpcf_at_pgd_rank25-30.pth
tnp_bciciv2a_atcnet_seed42_rpcf_at_cw,tnp,bciciv2a,atcnet,42,rpcf_at,cw,,,,,,,,pending,False,purified_data/exp031/exp031_full_20260729_174215/eval/bciciv2a_atcnet_seed42_rpcf_at_cw_rank25-30.pth
tnp_bciciv2a_atcnet_seed43_madry_autoattack,tnp,bciciv2a,atcnet,43,madry,autoattack,,,,,,,,pending,False,purified_data/exp031/exp031_full_20260729_174215/eval/bciciv2a_atcnet_seed43_madry_autoattack_rank25-30.pth
tnp_bciciv2a_atcnet_seed43_madry_fgsm,tnp,bciciv2a,atcnet,43,madry,fgsm,,,,,,,,pending,False,purified_data/exp031/exp031_full_20260729_174215/eval/bciciv2a_atcnet_seed43_madry_fgsm_rank25-30.pth
tnp_bciciv2a_atcnet_seed43_madry_pgd,tnp,bciciv2a,atcnet,43,madry,pgd,,,,,,,,pending,False,purified_data/exp031/exp031_full_20260729_174215/eval/bciciv2a_atcnet_seed43_madry_pgd_rank25-30.pth
tnp_bciciv2a_atcnet_seed43_madry_cw,tnp,bciciv2a,atcnet,43,madry,cw,,,,,,,,pending,False,purified_data/exp031/exp031_full_20260729_174215/eval/bciciv2a_atcnet_seed43_madry_cw_rank25-30.pth
tnp_bciciv2a_atcnet_seed43_rpcf_at_autoattack,tnp,bciciv2a,atcnet,43,rpcf_at,autoattack,,,,,,,,pending,False,purified_data/exp031/exp031_full_20260729_174215/eval/bciciv2a_atcnet_seed43_rpcf_at_autoattack_rank25-30.pth
tnp_bciciv2a_atcnet_seed43_rpcf_at_fgsm,tnp,bciciv2a,atcnet,43,rpcf_at,fgsm,,,,,,,,pending,False,purified_data/exp031/exp031_full_20260729_174215/eval/bciciv2a_atcnet_seed43_rpcf_at_fgsm_rank25-30.pth
tnp_bciciv2a_atcnet_seed43_rpcf_at_pgd,tnp,bciciv2a,atcnet,43,rpcf_at,pgd,,,,,,,,pending,False,purified_data/exp031/exp031_full_20260729_174215/eval/bciciv2a_atcnet_seed43_rpcf_at_pgd_rank25-30.pth
tnp_bciciv2a_atcnet_seed43_rpcf_at_cw,tnp,bciciv2a,atcnet,43,rpcf_at,cw,,,,,,,,pending,False,purified_data/exp031/exp031_full_20260729_174215/eval/bciciv2a_atcnet_seed43_rpcf_at_cw_rank25-30.pth
tnp_bciciv2a_atcnet_seed44_madry_autoattack,tnp,bciciv2a,atcnet,44,madry,autoattack,,,,,,,,pending,False,purified_data/exp031/exp031_full_20260729_174215/eval/bciciv2a_atcnet_seed44_madry_autoattack_rank25-30.pth
tnp_bciciv2a_atcnet_seed44_madry_fgsm,tnp,bciciv2a,atcnet,44,madry,fgsm,,,,,,,,pending,False,purified_data/exp031/exp031_full_20260729_174215/eval/bciciv2a_atcnet_seed44_madry_fgsm_rank25-30.pth
tnp_bciciv2a_atcnet_seed44_madry_pgd,tnp,bciciv2a,atcnet,44,madry,pgd,,,,,,,,pending,False,purified_data/exp031/exp031_full_20260729_174215/eval/bciciv2a_atcnet_seed44_madry_pgd_rank25-30.pth
tnp_bciciv2a_atcnet_seed44_madry_cw,tnp,bciciv2a,atcnet,44,madry,cw,,,,,,,,pending,False,purified_data/exp031/exp031_full_20260729_174215/eval/bciciv2a_atcnet_seed44_madry_cw_rank25-30.pth
tnp_bciciv2a_atcnet_seed44_rpcf_at_autoattack,tnp,bciciv2a,atcnet,44,rpcf_at,autoattack,,,,,,,,pending,False,purified_data/exp031/exp031_full_20260729_174215/eval/bciciv2a_atcnet_seed44_rpcf_at_autoattack_rank25-30.pth
tnp_bciciv2a_atcnet_seed44_rpcf_at_fgsm,tnp,bciciv2a,atcnet,44,rpcf_at,fgsm,,,,,,,,pending,False,purified_data/exp031/exp031_full_20260729_174215/eval/bciciv2a_atcnet_seed44_rpcf_at_fgsm_rank25-30.pth
tnp_bciciv2a_atcnet_seed44_rpcf_at_pgd,tnp,bciciv2a,atcnet,44,rpcf_at,pgd,,,,,,,,pending,False,purified_data/exp031/exp031_full_20260729_174215/eval/bciciv2a_atcnet_seed44_rpcf_at_pgd_rank25-30.pth
tnp_bciciv2a_atcnet_seed44_rpcf_at_cw,tnp,bciciv2a,atcnet,44,rpcf_at,cw,,,,,,,,pending,False,purified_data/exp031/exp031_full_20260729_174215/eval/bciciv2a_atcnet_seed44_rpcf_at_cw_rank25-30.pth
tnp_bciciv2a_atcnet_seed45_madry_autoattack,tnp,bciciv2a,atcnet,45,madry,autoattack,,,,,,,,pending,False,purified_data/exp031/exp031_full_20260729_174215/eval/bciciv2a_atcnet_seed45_madry_autoattack_rank25-30.pth
tnp_bciciv2a_atcnet_seed45_madry_fgsm,tnp,bciciv2a,atcnet,45,madry,fgsm,,,,,,,,pending,False,purified_data/exp031/exp031_full_20260729_174215/eval/bciciv2a_atcnet_seed45_madry_fgsm_rank25-30.pth
tnp_bciciv2a_atcnet_seed45_madry_pgd,tnp,bciciv2a,atcnet,45,madry,pgd,,,,,,,,pending,False,purified_data/exp031/exp031_full_20260729_174215/eval/bciciv2a_atcnet_seed45_madry_pgd_rank25-30.pth
tnp_bciciv2a_atcnet_seed45_madry_cw,tnp,bciciv2a,atcnet,45,madry,cw,,,,,,,,pending,False,purified_data/exp031/exp031_full_20260729_174215/eval/bciciv2a_atcnet_seed45_madry_cw_rank25-30.pth
tnp_bciciv2a_atcnet_seed45_rpcf_at_autoattack,tnp,bciciv2a,atcnet,45,rpcf_at,autoattack,,,,,,,,pending,False,purified_data/exp031/exp031_full_20260729_174215/eval/bciciv2a_atcnet_seed45_rpcf_at_autoattack_rank25-30.pth
tnp_bciciv2a_atcnet_seed45_rpcf_at_fgsm,tnp,bciciv2a,atcnet,45,rpcf_at,fgsm,,,,,,,,pending,False,purified_data/exp031/exp031_full_20260729_174215/eval/bciciv2a_atcnet_seed45_rpcf_at_fgsm_rank25-30.pth
tnp_bciciv2a_atcnet_seed45_rpcf_at_pgd,tnp,bciciv2a,atcnet,45,rpcf_at,pgd,,,,,,,,pending,False,purified_data/exp031/exp031_full_20260729_174215/eval/bciciv2a_atcnet_seed45_rpcf_at_pgd_rank25-30.pth
tnp_bciciv2a_atcnet_seed45_rpcf_at_cw,tnp,bciciv2a,atcnet,45,rpcf_at,cw,,,,,,,,pending,False,purified_data/exp031/exp031_full_20260729_174215/eval/bciciv2a_atcnet_seed45_rpcf_at_cw_rank25-30.pth
tnp_bciciv2a_atcnet_seed46_madry_autoattack,tnp,bciciv2a,atcnet,46,madry,autoattack,,,,,,,,pending,False,purified_data/exp031/exp031_full_20260729_174215/eval/bciciv2a_atcnet_seed46_madry_autoattack_rank25-30.pth
tnp_bciciv2a_atcnet_seed46_madry_fgsm,tnp,bciciv2a,atcnet,46,madry,fgsm,,,,,,,,pending,False,purified_data/exp031/exp031_full_20260729_174215/eval/bciciv2a_atcnet_seed46_madry_fgsm_rank25-30.pth
tnp_bciciv2a_atcnet_seed46_madry_pgd,tnp,bciciv2a,atcnet,46,madry,pgd,,,,,,,,pending,False,purified_data/exp031/exp031_full_20260729_174215/eval/bciciv2a_atcnet_seed46_madry_pgd_rank25-30.pth
tnp_bciciv2a_atcnet_seed46_madry_cw,tnp,bciciv2a,atcnet,46,madry,cw,,,,,,,,pending,False,purified_data/exp031/exp031_full_20260729_174215/eval/bciciv2a_atcnet_seed46_madry_cw_rank25-30.pth
tnp_bciciv2a_atcnet_seed46_rpcf_at_autoattack,tnp,bciciv2a,atcnet,46,rpcf_at,autoattack,,,,,,,,pending,False,purified_data/exp031/exp031_full_20260729_174215/eval/bciciv2a_atcnet_seed46_rpcf_at_autoattack_rank25-30.pth
tnp_bciciv2a_atcnet_seed46_rpcf_at_fgsm,tnp,bciciv2a,atcnet,46,rpcf_at,fgsm,,,,,,,,pending,False,purified_data/exp031/exp031_full_20260729_174215/eval/bciciv2a_atcnet_seed46_rpcf_at_fgsm_rank25-30.pth
tnp_bciciv2a_atcnet_seed46_rpcf_at_pgd,tnp,bciciv2a,atcnet,46,rpcf_at,pgd,,,,,,,,pending,False,purified_data/exp031/exp031_full_20260729_174215/eval/bciciv2a_atcnet_seed46_rpcf_at_pgd_rank25-30.pth
tnp_bciciv2a_atcnet_seed46_rpcf_at_cw,tnp,bciciv2a,atcnet,46,rpcf_at,cw,,,,,,,,pending,False,purified_data/exp031/exp031_full_20260729_174215/eval/bciciv2a_atcnet_seed46_rpcf_at_cw_rank25-30.pth
tnp_bciciv2a_conformer_seed42_madry_autoattack,tnp,bciciv2a,conformer,42,madry,autoattack,,,,,,,,pending,False,purified_data/exp031/exp031_full_20260729_174215/eval/bciciv2a_conformer_seed42_madry_autoattack_rank25-30.pth
tnp_bciciv2a_conformer_seed42_madry_fgsm,tnp,bciciv2a,conformer,42,madry,fgsm,,,,,,,,pending,False,purified_data/exp031/exp031_full_20260729_174215/eval/bciciv2a_conformer_seed42_madry_fgsm_rank25-30.pth
tnp_bciciv2a_conformer_seed42_madry_pgd,tnp,bciciv2a,conformer,42,madry,pgd,,,,,,,,pending,False,purified_data/exp031/exp031_full_20260729_174215/eval/bciciv2a_conformer_seed42_madry_pgd_rank25-30.pth
tnp_bciciv2a_conformer_seed42_madry_cw,tnp,bciciv2a,conformer,42,madry,cw,,,,,,,,pending,False,purified_data/exp031/exp031_full_20260729_174215/eval/bciciv2a_conformer_seed42_madry_cw_rank25-30.pth
tnp_bciciv2a_conformer_seed42_rpcf_at_autoattack,tnp,bciciv2a,conformer,42,rpcf_at,autoattack,,,,,,,,pending,False,purified_data/exp031/exp031_full_20260729_174215/eval/bciciv2a_conformer_seed42_rpcf_at_autoattack_rank25-30.pth
tnp_bciciv2a_conformer_seed42_rpcf_at_fgsm,tnp,bciciv2a,conformer,42,rpcf_at,fgsm,,,,,,,,pending,False,purified_data/exp031/exp031_full_20260729_174215/eval/bciciv2a_conformer_seed42_rpcf_at_fgsm_rank25-30.pth
tnp_bciciv2a_conformer_seed42_rpcf_at_pgd,tnp,bciciv2a,conformer,42,rpcf_at,pgd,,,,,,,,pending,False,purified_data/exp031/exp031_full_20260729_174215/eval/bciciv2a_conformer_seed42_rpcf_at_pgd_rank25-30.pth
tnp_bciciv2a_conformer_seed42_rpcf_at_cw,tnp,bciciv2a,conformer,42,rpcf_at,cw,,,,,,,,pending,False,purified_data/exp031/exp031_full_20260729_174215/eval/bciciv2a_conformer_seed42_rpcf_at_cw_rank25-30.pth
tnp_bciciv2a_conformer_seed43_madry_autoattack,tnp,bciciv2a,conformer,43,madry,autoattack,,,,,,,,pending,False,purified_data/exp031/exp031_full_20260729_174215/eval/bciciv2a_conformer_seed43_madry_autoattack_rank25-30.pth
tnp_bciciv2a_conformer_seed43_madry_fgsm,tnp,bciciv2a,conformer,43,madry,fgsm,,,,,,,,pending,False,purified_data/exp031/exp031_full_20260729_174215/eval/bciciv2a_conformer_seed43_madry_fgsm_rank25-30.pth
tnp_bciciv2a_conformer_seed43_madry_pgd,tnp,bciciv2a,conformer,43,madry,pgd,,,,,,,,pending,False,purified_data/exp031/exp031_full_20260729_174215/eval/bciciv2a_conformer_seed43_madry_pgd_rank25-30.pth
tnp_bciciv2a_conformer_seed43_madry_cw,tnp,bciciv2a,conformer,43,madry,cw,,,,,,,,pending,False,purified_data/exp031/exp031_full_20260729_174215/eval/bciciv2a_conformer_seed43_madry_cw_rank25-30.pth
tnp_bciciv2a_conformer_seed43_rpcf_at_autoattack,tnp,bciciv2a,conformer,43,rpcf_at,autoattack,,,,,,,,pending,False,purified_data/exp031/exp031_full_20260729_174215/eval/bciciv2a_conformer_seed43_rpcf_at_autoattack_rank25-30.pth
tnp_bciciv2a_conformer_seed43_rpcf_at_fgsm,tnp,bciciv2a,conformer,43,rpcf_at,fgsm,,,,,,,,pending,False,purified_data/exp031/exp031_full_20260729_174215/eval/bciciv2a_conformer_seed43_rpcf_at_fgsm_rank25-30.pth
tnp_bciciv2a_conformer_seed43_rpcf_at_pgd,tnp,bciciv2a,conformer,43,rpcf_at,pgd,,,,,,,,pending,False,purified_data/exp031/exp031_full_20260729_174215/eval/bciciv2a_conformer_seed43_rpcf_at_pgd_rank25-30.pth
tnp_bciciv2a_conformer_seed43_rpcf_at_cw,tnp,bciciv2a,conformer,43,rpcf_at,cw,,,,,,,,pending,False,purified_data/exp031/exp031_full_20260729_174215/eval/bciciv2a_conformer_seed43_rpcf_at_cw_rank25-30.pth
tnp_bciciv2a_conformer_seed44_madry_autoattack,tnp,bciciv2a,conformer,44,madry,autoattack,,,,,,,,pending,False,purified_data/exp031/exp031_full_20260729_174215/eval/bciciv2a_conformer_seed44_madry_autoattack_rank25-30.pth
tnp_bciciv2a_conformer_seed44_madry_fgsm,tnp,bciciv2a,conformer,44,madry,fgsm,,,,,,,,pending,False,purified_data/exp031/exp031_full_20260729_174215/eval/bciciv2a_conformer_seed44_madry_fgsm_rank25-30.pth
tnp_bciciv2a_conformer_seed44_madry_pgd,tnp,bciciv2a,conformer,44,madry,pgd,,,,,,,,pending,False,purified_data/exp031/exp031_full_20260729_174215/eval/bciciv2a_conformer_seed44_madry_pgd_rank25-30.pth
tnp_bciciv2a_conformer_seed44_madry_cw,tnp,bciciv2a,conformer,44,madry,cw,,,,,,,,pending,False,purified_data/exp031/exp031_full_20260729_174215/eval/bciciv2a_conformer_seed44_madry_cw_rank25-30.pth
tnp_bciciv2a_conformer_seed44_rpcf_at_autoattack,tnp,bciciv2a,conformer,44,rpcf_at,autoattack,,,,,,,,pending,False,purified_data/exp031/exp031_full_20260729_174215/eval/bciciv2a_conformer_seed44_rpcf_at_autoattack_rank25-30.pth
tnp_bciciv2a_conformer_seed44_rpcf_at_fgsm,tnp,bciciv2a,conformer,44,rpcf_at,fgsm,,,,,,,,pending,False,purified_data/exp031/exp031_full_20260729_174215/eval/bciciv2a_conformer_seed44_rpcf_at_fgsm_rank25-30.pth
tnp_bciciv2a_conformer_seed44_rpcf_at_pgd,tnp,bciciv2a,conformer,44,rpcf_at,pgd,,,,,,,,pending,False,purified_data/exp031/exp031_full_20260729_174215/eval/bciciv2a_conformer_seed44_rpcf_at_pgd_rank25-30.pth
tnp_bciciv2a_conformer_seed44_rpcf_at_cw,tnp,bciciv2a,conformer,44,rpcf_at,cw,,,,,,,,pending,False,purified_data/exp031/exp031_full_20260729_174215/eval/bciciv2a_conformer_seed44_rpcf_at_cw_rank25-30.pth
tnp_bciciv2a_conformer_seed45_madry_autoattack,tnp,bciciv2a,conformer,45,madry,autoattack,,,,,,,,pending,False,purified_data/exp031/exp031_full_20260729_174215/eval/bciciv2a_conformer_seed45_madry_autoattack_rank25-30.pth
tnp_bciciv2a_conformer_seed45_madry_fgsm,tnp,bciciv2a,conformer,45,madry,fgsm,,,,,,,,pending,False,purified_data/exp031/exp031_full_20260729_174215/eval/bciciv2a_conformer_seed45_madry_fgsm_rank25-30.pth
tnp_bciciv2a_conformer_seed45_madry_pgd,tnp,bciciv2a,conformer,45,madry,pgd,,,,,,,,pending,False,purified_data/exp031/exp031_full_20260729_174215/eval/bciciv2a_conformer_seed45_madry_pgd_rank25-30.pth
tnp_bciciv2a_conformer_seed45_madry_cw,tnp,bciciv2a,conformer,45,madry,cw,,,,,,,,pending,False,purified_data/exp031/exp031_full_20260729_174215/eval/bciciv2a_conformer_seed45_madry_cw_rank25-30.pth
tnp_bciciv2a_conformer_seed45_rpcf_at_autoattack,tnp,bciciv2a,conformer,45,rpcf_at,autoattack,,,,,,,,pending,False,purified_data/exp031/exp031_full_20260729_174215/eval/bciciv2a_conformer_seed45_rpcf_at_autoattack_rank25-30.pth
tnp_bciciv2a_conformer_seed45_rpcf_at_fgsm,tnp,bciciv2a,conformer,45,rpcf_at,fgsm,,,,,,,,pending,False,purified_data/exp031/exp031_full_20260729_174215/eval/bciciv2a_conformer_seed45_rpcf_at_fgsm_rank25-30.pth
tnp_bciciv2a_conformer_seed45_rpcf_at_pgd,tnp,bciciv2a,conformer,45,rpcf_at,pgd,,,,,,,,pending,False,purified_data/exp031/exp031_full_20260729_174215/eval/bciciv2a_conformer_seed45_rpcf_at_pgd_rank25-30.pth
tnp_bciciv2a_conformer_seed45_rpcf_at_cw,tnp,bciciv2a,conformer,45,rpcf_at,cw,,,,,,,,pending,False,purified_data/exp031/exp031_full_20260729_174215/eval/bciciv2a_conformer_seed45_rpcf_at_cw_rank25-30.pth
tnp_bciciv2a_conformer_seed46_madry_autoattack,tnp,bciciv2a,conformer,46,madry,autoattack,,,,,,,,pending,False,purified_data/exp031/exp031_full_20260729_174215/eval/bciciv2a_conformer_seed46_madry_autoattack_rank25-30.pth
tnp_bciciv2a_conformer_seed46_madry_fgsm,tnp,bciciv2a,conformer,46,madry,fgsm,,,,,,,,pending,False,purified_data/exp031/exp031_full_20260729_174215/eval/bciciv2a_conformer_seed46_madry_fgsm_rank25-30.pth
tnp_bciciv2a_conformer_seed46_madry_pgd,tnp,bciciv2a,conformer,46,madry,pgd,,,,,,,,pending,False,purified_data/exp031/exp031_full_20260729_174215/eval/bciciv2a_conformer_seed46_madry_pgd_rank25-30.pth
tnp_bciciv2a_conformer_seed46_madry_cw,tnp,bciciv2a,conformer,46,madry,cw,,,,,,,,pending,False,purified_data/exp031/exp031_full_20260729_174215/eval/bciciv2a_conformer_seed46_madry_cw_rank25-30.pth
tnp_bciciv2a_conformer_seed46_rpcf_at_autoattack,tnp,bciciv2a,conformer,46,rpcf_at,autoattack,,,,,,,,pending,False,purified_data/exp031/exp031_full_20260729_174215/eval/bciciv2a_conformer_seed46_rpcf_at_autoattack_rank25-30.pth
tnp_bciciv2a_conformer_seed46_rpcf_at_fgsm,tnp,bciciv2a,conformer,46,rpcf_at,fgsm,,,,,,,,pending,False,purified_data/exp031/exp031_full_20260729_174215/eval/bciciv2a_conformer_seed46_rpcf_at_fgsm_rank25-30.pth
tnp_bciciv2a_conformer_seed46_rpcf_at_pgd,tnp,bciciv2a,conformer,46,rpcf_at,pgd,,,,,,,,pending,False,purified_data/exp031/exp031_full_20260729_174215/eval/bciciv2a_conformer_seed46_rpcf_at_pgd_rank25-30.pth
tnp_bciciv2a_conformer_seed46_rpcf_at_cw,tnp,bciciv2a,conformer,46,rpcf_at,cw,,,,,,,,pending,False,purified_data/exp031/exp031_full_20260729_174215/eval/bciciv2a_conformer_seed46_rpcf_at_cw_rank25-30.pth
tnp_bciciv2a_tcnet_seed42_madry_autoattack,tnp,bciciv2a,tcnet,42,madry,autoattack,,,,,,,,pending,False,purified_data/exp031/exp031_full_20260729_174215/eval/bciciv2a_tcnet_seed42_madry_autoattack_rank25-30.pth
tnp_bciciv2a_tcnet_seed42_madry_fgsm,tnp,bciciv2a,tcnet,42,madry,fgsm,,,,,,,,pending,False,purified_data/exp031/exp031_full_20260729_174215/eval/bciciv2a_tcnet_seed42_madry_fgsm_rank25-30.pth
tnp_bciciv2a_tcnet_seed42_madry_pgd,tnp,bciciv2a,tcnet,42,madry,pgd,,,,,,,,pending,False,purified_data/exp031/exp031_full_20260729_174215/eval/bciciv2a_tcnet_seed42_madry_pgd_rank25-30.pth
tnp_bciciv2a_tcnet_seed42_madry_cw,tnp,bciciv2a,tcnet,42,madry,cw,,,,,,,,pending,False,purified_data/exp031/exp031_full_20260729_174215/eval/bciciv2a_tcnet_seed42_madry_cw_rank25-30.pth
tnp_bciciv2a_tcnet_seed42_rpcf_at_autoattack,tnp,bciciv2a,tcnet,42,rpcf_at,autoattack,,,,,,,,pending,False,purified_data/exp031/exp031_full_20260729_174215/eval/bciciv2a_tcnet_seed42_rpcf_at_autoattack_rank25-30.pth
tnp_bciciv2a_tcnet_seed42_rpcf_at_fgsm,tnp,bciciv2a,tcnet,42,rpcf_at,fgsm,,,,,,,,pending,False,purified_data/exp031/exp031_full_20260729_174215/eval/bciciv2a_tcnet_seed42_rpcf_at_fgsm_rank25-30.pth
tnp_bciciv2a_tcnet_seed42_rpcf_at_pgd,tnp,bciciv2a,tcnet,42,rpcf_at,pgd,,,,,,,,pending,False,purified_data/exp031/exp031_full_20260729_174215/eval/bciciv2a_tcnet_seed42_rpcf_at_pgd_rank25-30.pth
tnp_bciciv2a_tcnet_seed42_rpcf_at_cw,tnp,bciciv2a,tcnet,42,rpcf_at,cw,,,,,,,,pending,False,purified_data/exp031/exp031_full_20260729_174215/eval/bciciv2a_tcnet_seed42_rpcf_at_cw_rank25-30.pth
tnp_bciciv2a_tcnet_seed43_madry_autoattack,tnp,bciciv2a,tcnet,43,madry,autoattack,0,12150.664863586426,6,128,32,64,128,completed,True,purified_data/exp031/exp031_full_20260729_174215/eval/bciciv2a_tcnet_seed43_madry_autoattack_rank25-30.pth
tnp_bciciv2a_tcnet_seed43_madry_fgsm,tnp,bciciv2a,tcnet,43,madry,fgsm,,,,,,,,pending,False,purified_data/exp031/exp031_full_20260729_174215/eval/bciciv2a_tcnet_seed43_madry_fgsm_rank25-30.pth
tnp_bciciv2a_tcnet_seed43_madry_pgd,tnp,bciciv2a,tcnet,43,madry,pgd,,,,,,,,pending,False,purified_data/exp031/exp031_full_20260729_174215/eval/bciciv2a_tcnet_seed43_madry_pgd_rank25-30.pth
tnp_bciciv2a_tcnet_seed43_madry_cw,tnp,bciciv2a,tcnet,43,madry,cw,,,,,,,,pending,False,purified_data/exp031/exp031_full_20260729_174215/eval/bciciv2a_tcnet_seed43_madry_cw_rank25-30.pth
tnp_bciciv2a_tcnet_seed43_rpcf_at_autoattack,tnp,bciciv2a,tcnet,43,rpcf_at,autoattack,,,,,,,,pending,False,purified_data/exp031/exp031_full_20260729_174215/eval/bciciv2a_tcnet_seed43_rpcf_at_autoattack_rank25-30.pth
tnp_bciciv2a_tcnet_seed43_rpcf_at_fgsm,tnp,bciciv2a,tcnet,43,rpcf_at,fgsm,,,,,,,,pending,False,purified_data/exp031/exp031_full_20260729_174215/eval/bciciv2a_tcnet_seed43_rpcf_at_fgsm_rank25-30.pth
tnp_bciciv2a_tcnet_seed43_rpcf_at_pgd,tnp,bciciv2a,tcnet,43,rpcf_at,pgd,,,,,,,,pending,False,purified_data/exp031/exp031_full_20260729_174215/eval/bciciv2a_tcnet_seed43_rpcf_at_pgd_rank25-30.pth
tnp_bciciv2a_tcnet_seed43_rpcf_at_cw,tnp,bciciv2a,tcnet,43,rpcf_at,cw,,,,,,,,pending,False,purified_data/exp031/exp031_full_20260729_174215/eval/bciciv2a_tcnet_seed43_rpcf_at_cw_rank25-30.pth
tnp_bciciv2a_tcnet_seed44_madry_autoattack,tnp,bciciv2a,tcnet,44,madry,autoattack,,,,,,,,pending,False,purified_data/exp031/exp031_full_20260729_174215/eval/bciciv2a_tcnet_seed44_madry_autoattack_rank25-30.pth
tnp_bciciv2a_tcnet_seed44_madry_fgsm,tnp,bciciv2a,tcnet,44,madry,fgsm,,,,,,,,pending,False,purified_data/exp031/exp031_full_20260729_174215/eval/bciciv2a_tcnet_seed44_madry_fgsm_rank25-30.pth
tnp_bciciv2a_tcnet_seed44_madry_pgd,tnp,bciciv2a,tcnet,44,madry,pgd,,,,,,,,pending,False,purified_data/exp031/exp031_full_20260729_174215/eval/bciciv2a_tcnet_seed44_madry_pgd_rank25-30.pth
tnp_bciciv2a_tcnet_seed44_madry_cw,tnp,bciciv2a,tcnet,44,madry,cw,,,,,,,,pending,False,purified_data/exp031/exp031_full_20260729_174215/eval/bciciv2a_tcnet_seed44_madry_cw_rank25-30.pth
tnp_bciciv2a_tcnet_seed44_rpcf_at_autoattack,tnp,bciciv2a,tcnet,44,rpcf_at,autoattack,,,,,,,,pending,False,purified_data/exp031/exp031_full_20260729_174215/eval/bciciv2a_tcnet_seed44_rpcf_at_autoattack_rank25-30.pth
tnp_bciciv2a_tcnet_seed44_rpcf_at_fgsm,tnp,bciciv2a,tcnet,44,rpcf_at,fgsm,,,,,,,,pending,False,purified_data/exp031/exp031_full_20260729_174215/eval/bciciv2a_tcnet_seed44_rpcf_at_fgsm_rank25-30.pth
tnp_bciciv2a_tcnet_seed44_rpcf_at_pgd,tnp,bciciv2a,tcnet,44,rpcf_at,pgd,,,,,,,,pending,False,purified_data/exp031/exp031_full_20260729_174215/eval/bciciv2a_tcnet_seed44_rpcf_at_pgd_rank25-30.pth
tnp_bciciv2a_tcnet_seed44_rpcf_at_cw,tnp,bciciv2a,tcnet,44,rpcf_at,cw,,,,,,,,pending,False,purified_data/exp031/exp031_full_20260729_174215/eval/bciciv2a_tcnet_seed44_rpcf_at_cw_rank25-30.pth
tnp_bciciv2a_tcnet_seed45_madry_autoattack,tnp,bciciv2a,tcnet,45,madry,autoattack,,,,,,,,pending,False,purified_data/exp031/exp031_full_20260729_174215/eval/bciciv2a_tcnet_seed45_madry_autoattack_rank25-30.pth
tnp_bciciv2a_tcnet_seed45_madry_fgsm,tnp,bciciv2a,tcnet,45,madry,fgsm,,,,,,,,pending,False,purified_data/exp031/exp031_full_20260729_174215/eval/bciciv2a_tcnet_seed45_madry_fgsm_rank25-30.pth
tnp_bciciv2a_tcnet_seed45_madry_pgd,tnp,bciciv2a,tcnet,45,madry,pgd,,,,,,,,pending,False,purified_data/exp031/exp031_full_20260729_174215/eval/bciciv2a_tcnet_seed45_madry_pgd_rank25-30.pth
tnp_bciciv2a_tcnet_seed45_madry_cw,tnp,bciciv2a,tcnet,45,madry,cw,,,,,,,,pending,False,purified_data/exp031/exp031_full_20260729_174215/eval/bciciv2a_tcnet_seed45_madry_cw_rank25-30.pth
tnp_bciciv2a_tcnet_seed45_rpcf_at_autoattack,tnp,bciciv2a,tcnet,45,rpcf_at,autoattack,,,,,,,,pending,False,purified_data/exp031/exp031_full_20260729_174215/eval/bciciv2a_tcnet_seed45_rpcf_at_autoattack_rank25-30.pth
tnp_bciciv2a_tcnet_seed45_rpcf_at_fgsm,tnp,bciciv2a,tcnet,45,rpcf_at,fgsm,,,,,,,,pending,False,purified_data/exp031/exp031_full_20260729_174215/eval/bciciv2a_tcnet_seed45_rpcf_at_fgsm_rank25-30.pth
tnp_bciciv2a_tcnet_seed45_rpcf_at_pgd,tnp,bciciv2a,tcnet,45,rpcf_at,pgd,,,,,,,,pending,False,purified_data/exp031/exp031_full_20260729_174215/eval/bciciv2a_tcnet_seed45_rpcf_at_pgd_rank25-30.pth
tnp_bciciv2a_tcnet_seed45_rpcf_at_cw,tnp,bciciv2a,tcnet,45,rpcf_at,cw,,,,,,,,pending,False,purified_data/exp031/exp031_full_20260729_174215/eval/bciciv2a_tcnet_seed45_rpcf_at_cw_rank25-30.pth
tnp_bciciv2a_tcnet_seed46_madry_autoattack,tnp,bciciv2a,tcnet,46,madry,autoattack,,,,,,,,pending,False,purified_data/exp031/exp031_full_20260729_174215/eval/bciciv2a_tcnet_seed46_madry_autoattack_rank25-30.pth
tnp_bciciv2a_tcnet_seed46_madry_fgsm,tnp,bciciv2a,tcnet,46,madry,fgsm,,,,,,,,pending,False,purified_data/exp031/exp031_full_20260729_174215/eval/bciciv2a_tcnet_seed46_madry_fgsm_rank25-30.pth
tnp_bciciv2a_tcnet_seed46_madry_pgd,tnp,bciciv2a,tcnet,46,madry,pgd,,,,,,,,pending,False,purified_data/exp031/exp031_full_20260729_174215/eval/bciciv2a_tcnet_seed46_madry_pgd_rank25-30.pth
tnp_bciciv2a_tcnet_seed46_madry_cw,tnp,bciciv2a,tcnet,46,madry,cw,,,,,,,,pending,False,purified_data/exp031/exp031_full_20260729_174215/eval/bciciv2a_tcnet_seed46_madry_cw_rank25-30.pth
tnp_bciciv2a_tcnet_seed46_rpcf_at_autoattack,tnp,bciciv2a,tcnet,46,rpcf_at,autoattack,,,,,,,,pending,False,purified_data/exp031/exp031_full_20260729_174215/eval/bciciv2a_tcnet_seed46_rpcf_at_autoattack_rank25-30.pth
tnp_bciciv2a_tcnet_seed46_rpcf_at_fgsm,tnp,bciciv2a,tcnet,46,rpcf_at,fgsm,,,,,,,,pending,False,purified_data/exp031/exp031_full_20260729_174215/eval/bciciv2a_tcnet_seed46_rpcf_at_fgsm_rank25-30.pth
tnp_bciciv2a_tcnet_seed46_rpcf_at_pgd,tnp,bciciv2a,tcnet,46,rpcf_at,pgd,,,,,,,,pending,False,purified_data/exp031/exp031_full_20260729_174215/eval/bciciv2a_tcnet_seed46_rpcf_at_pgd_rank25-30.pth
tnp_bciciv2a_tcnet_seed46_rpcf_at_cw,tnp,bciciv2a,tcnet,46,rpcf_at,cw,,,,,,,,pending,False,purified_data/exp031/exp031_full_20260729_174215/eval/bciciv2a_tcnet_seed46_rpcf_at_cw_rank25-30.pth
bpda_thubenchmark_eegnet_seed42_rpcf_at_bpda_pgd_rank25,bpda,thubenchmark,eegnet,42,rpcf_at,bpda_pgd,0,61784.78902029991,0,128,16,64,128,completed,True,purified_data/exp031/exp031_full_20260729_174215/bpda/thubenchmark_eegnet_seed42_rank25.pth
bpda_thubenchmark_eegnet_seed42_rpcf_at_bpda_pgd_rank30,bpda,thubenchmark,eegnet,42,rpcf_at,bpda_pgd,0,61541.23736643791,3,128,16,64,128,completed,True,purified_data/exp031/exp031_full_20260729_174215/bpda/thubenchmark_eegnet_seed42_rank30.pth
bpda_thubenchmark_eegnet_seed43_rpcf_at_bpda_pgd_rank25,bpda,thubenchmark,eegnet,43,rpcf_at,bpda_pgd,0,61258.34171128273,2,128,16,64,128,completed,True,purified_data/exp031/exp031_full_20260729_174215/bpda/thubenchmark_eegnet_seed43_rank25.pth
bpda_thubenchmark_eegnet_seed43_rpcf_at_bpda_pgd_rank30,bpda,thubenchmark,eegnet,43,rpcf_at,bpda_pgd,0,58465.297392606735,2,128,16,64,128,completed,True,purified_data/exp031/exp031_full_20260729_174215/bpda/thubenchmark_eegnet_seed43_rank30.pth
bpda_thubenchmark_eegnet_seed44_rpcf_at_bpda_pgd_rank25,bpda,thubenchmark,eegnet,44,rpcf_at,bpda_pgd,0,58618.967589855194,1,128,16,64,128,completed,True,purified_data/exp031/exp031_full_20260729_174215/bpda/thubenchmark_eegnet_seed44_rank25.pth
bpda_thubenchmark_eegnet_seed44_rpcf_at_bpda_pgd_rank30,bpda,thubenchmark,eegnet,44,rpcf_at,bpda_pgd,0,58888.62638568878,6,128,16,64,128,completed,True,purified_data/exp031/exp031_full_20260729_174215/bpda/thubenchmark_eegnet_seed44_rank30.pth
bpda_thubenchmark_eegnet_seed45_rpcf_at_bpda_pgd_rank25,bpda,thubenchmark,eegnet,45,rpcf_at,bpda_pgd,0,58214.503591537476,4,128,16,64,128,completed,True,purified_data/exp031/exp031_full_20260729_174215/bpda/thubenchmark_eegnet_seed45_rank25.pth
bpda_thubenchmark_eegnet_seed45_rpcf_at_bpda_pgd_rank30,bpda,thubenchmark,eegnet,45,rpcf_at,bpda_pgd,0,58603.28568196297,5,128,16,64,128,completed,True,purified_data/exp031/exp031_full_20260729_174215/bpda/thubenchmark_eegnet_seed45_rank30.pth
bpda_thubenchmark_eegnet_seed46_rpcf_at_bpda_pgd_rank25,bpda,thubenchmark,eegnet,46,rpcf_at,bpda_pgd,0,58789.58928990364,3,128,16,64,128,completed,True,purified_data/exp031/exp031_full_20260729_174215/bpda/thubenchmark_eegnet_seed46_rank25.pth
bpda_thubenchmark_eegnet_seed46_rpcf_at_bpda_pgd_rank30,bpda,thubenchmark,eegnet,46,rpcf_at,bpda_pgd,0,58037.46004462242,0,128,16,64,128,completed,True,purified_data/exp031/exp031_full_20260729_174215/bpda/thubenchmark_eegnet_seed46_rank30.pth
