condition,mean_abs_cv,mean_abs_max_min_ratio,rms_cv,rms_max_min_ratio,mean_p2p_cv,mean_p2p_max_min_ratio
raw_mat,0.4253481313367818,14.93510218460258,0.46066504824792387,19.697842347716758,0.5915163916034012,23.175177153880018
raw_mat_ea,0.036906590741720785,1.1442066052391007,1.4059055414513306e-13,1.0000000000007276,0.1151544821256084,1.4758322584374348
cached_no_ea,0.010546437763825155,1.060382324671442,0.0,1.0,0.06786558551810645,1.3637169063563326
cached_subject_ea,0.014806349664531593,1.0644356987990118,6.950234877519693e-15,1.0000000000000375,0.06902400407520695,1.3010992595161754
